customer_id,customer_unique_id,customer_zip_code_prefix,customer_city,customer_state
00012a2ce6f8dcda20d059ce98491703,248ffe10d632bebe4f7267f1f44844c9,6273,osasco,SP
000161a058600d5901f007fab4c27140,b0015e09bb4b6e47c52844fab5fb6638,35550,itapecerica,MG
0001fd6190edaaf884bcaf3d49edf079,94b11d37cd61cb2994a194d11f89682b,29830,nova venecia,ES
0002414f95344307404f0ace7a26f1d5,4893ad4ea28b2c5b3ddf4e82e79db9e6,39664,mendonca,MG
000379cdec625522490c315e70c7a9fb,0b83f73b19c2019e182fd552c048a22c,4841,sao paulo,SP
0004164d20a9e969af783496f3408652,104bdb7e6a6cdceaa88c3ea5fa6b2b93,13272,valinhos,SP
000419c5494106c306a97b5635748086,14843983d4a159080f6afe4b7f346e7c,24220,niteroi,RJ
00046a560d407e99b969756e0b10f282,0b5295fc9819d831f68eb0e9a3e13ab7,20540,rio de janeiro,RJ
00050bf6e01e69d5c0fd612f1bcfb69c,e3cf594a99e810f58af53ed4820f25e5,98700,ijui,RS
000598caf2ef4117407665ac33275130,7e0516b486e92ed3f3afdd6d1276cfbd,35540,oliveira,MG
0005aefbb696d34b3424dccd0a0e9fd0,616309b2eeb7bd9c05b0fdfbab28e6c6,3052,sao paulo,SP
00062b33cb9f6fe976afdcff967ea74d,f90f55ee274a4ae21510b386134b09cd,2306,sao paulo,SP
00066ccbe787a588c52bd5ff404590e3,15090f48004f3b0fc18a167ef82af4db,93525,novo hamburgo,RS
00072d033fe2e59061ae5c3aff1a2be5,b7c13491fd2aecd9308c75bb4de979d8,45026,vitoria da conquista,BA
0009a69b72033b2d0ec8c69fc70ef768,fa30145b07cad8e972bea351a65216f4,13106,campinas,SP
000bf8121c3412d3057d32371c5d3395,1bc9b2dad6aefbfbc011508e34c8adfc,12335,jacarei,SP
000e943451fc2788ca6ac98a682f2f49,d73c3cf4a0922ece1176bd40eb76ac50,99460,colorado,RS
000f17e290c26b28549908a04cfe36c1,74541fbb7526dabecd0fc96b1192b9a7,98400,frederico westphalen,RS
000fd45d6fedae68fc6676036610f879,cee6fa72fb403ef9554b41581108084b,12970,piracaia,SP
0010068a73b7c56da5758c3f9e5c7375,03dabd77cb0ed7a26fafe19e36b67742,63680,parambu,CE
001028b78fd413e19704b3867c369d3a,e57a935f49ffd73b93c18eaaa04efa84,5387,sao paulo,SP
00104a47c29da701ce41ee52077587d9,655f4f1277487bf6c86c673de5e576a1,38400,uberlandia,MG
001051abfcfdbed9f87b4266213a5df1,4ea5df5937187bd3176aee08d4782104,2251,sao paulo,SP
00114026c1b7b52ab1773f317ef4880b,f4dc0a81a11d3d270ccf5a9c4b5b187b,22470,rio de janeiro,RJ
001226b2341ef620415ce7bbafcfac28,e7897290aea0805ab175017e3f60c3e7,90470,porto alegre,RS
0012a5c13793cf51e253f096a7e740dd,48efc7def11f9a644e1993a3d97361d2,20011,rio de janeiro,RJ
0013280441d86a4f7a8006efdaf1b0fe,06caeba6db23a17bf9bcb3846b768387,5409,sao paulo,SP
0013cd8e350a7cc76873441e431dd5ee,334fed5abcee3aa96c13f1432703e1fd,3585,sao paulo,SP
001450ebb4a77efb3d68be5f7887cb1e,61f5df1a634167ff48d76d79d21226de,18150,ibiuna,SP
00146ad30454993879adaa91c518f68c,5616f75d22507069b5383854a1d8c414,31060,belo horizonte,MG
00155f0530cc7b2bf73cc3f81cb01c52,533b3a42bf5005c302539e093b445d3d,13042,campinas,SP
001574cd5824c0b1ea90dd4f4ba6d5b8,8141dd1e051afe7d72079570fe72d5f1,8248,sao paulo,SP
0015bc9fd2d5395446143e8b215d7c75,490c854539b21598cfbbac518ca25788,12233,sao jose dos campos,SP
0015f7887e2fde13ddaa7b8e385af919,866c923cde750dfc8cfbcf9d5ced0ee4,25903,mage,RJ
0017a0b4c1f1bdb9c395fa0ac517109c,e36a621e869b643b15983fa8085eb541,81510,curitiba,PR
0018c09f333634ca9c80d9ff46e43e9c,688bb6776d5f885e4b46d4c4bac240c2,9190,santo andre,SP
0018f7fde63ca77254dbc47f4ea358b2,392c8818b71b14227a7c701e7d54a3a1,13635,pirassununga,SP
0019c9aaad15b043c48f0a1180f22ce8,4662682dade3cc1bfa04996c5225a849,4141,sao paulo,SP
001a57041f56400917a187dd74e6cbc1,163b27a06a32c2fa565927170b59b5d4,2512,sao paulo,SP
001b4e9b73aa98a6276b241bfd496822,b6d2145b6b5de5dcc494c151af5fdce9,11436,guaruja,SP
001c7f05398c45b42eee0d5a77783bca,ba7ae7b528a2b8359ff63e3014da964c,6719,cotia,SP
001df1ee5c36767aa607001ab1a13a06,46b44ab325f78e5bb3dc0bbef1082082,1030,sao paulo,SP
001f150aebb5d897f2059b0460c38449,0f88eb431888ffb9d726252b7ac8cefe,79031,campo grande,MS
001f35d9f262c558fd065346fbf5801d,ed5340f0e2a52fffa065298aeb875e60,21011,rio de janeiro,RJ
001f6f1a5e902ad14e1f709a7215de11,c6b7dcd3718d1ad87f069d32a8566ce2,12460,campos do jordao,SP
00205ad9ba1ef4340cef86583294cf82,28a4a9aa9bd3640e1f9a9cf542cb25fd,58090,joao pessoa,PB
002236c4f333bc8df6a5939749eb7869,dbedaa0402e0dfa8b90fb9557424c5fc,12330,jacarei,SP
002348c1099e3229276c8ad7d4ddc702,934c19eeef04da89928f995df85cf3f8,13295,itupeva,SP
002408f390f729598bbac1ef9421c6ae,589621a1ce8b9302b75d6920dfd7dd01,89188,agronomica,SC
002450e9ea44cb90b8a07ba0b197e149,5e718c3c3061694c7b7e31d183f88a45,35145,sobralia,MG
002554bdf9eb99618d8189c3a89fdd52,8b57ae2e81c35f05e114c1461ae84b6c,89804,chapeco,SC
0026955706fd4e2fa997f3f4c18d485a,47b6bc410befb9fa30a4c029dba944e5,2926,sao paulo,SP
0026d252429f669d454d726e5e956aa1,6cd042e0832c40d2eebf82b2521a8487,13860,aguai,SP
002834b4d901534f48d9e9a72047b288,4c41d73f1d29f1cd1e725ec445a82f23,8940,biritiba-mirim,SP
0028ff36263a86bf679df7c863a0a0ba,0659763dba9821af49728668716e1084,28895,rio das ostras,RJ
002905287304e28c0218389269b4759b,8bc183d9b9efac18f96f680940191c45,37578,bueno brandao,MG
002937abdae13680e17dccd3868b4825,b6a3c8559ca50f11853e81dcc7674f2f,45530,itacare,BA
0029cdf064769cabdf3186b54d068c99,74c286ab8cc161142213780711964b06,3183,sao paulo,SP
002a10e899b62a460b0116e0b68697ad,660e4e077b40d477e2ffdb2da6349b79,18650,sao manuel,SP
002b24cb2cd0c3e575040dbd278885e3,f422964d43fc7ecdc3e51443af0705f9,79117,campo grande,MS
002b5342c72978cf0aba6aae1f5d5293,76e5f3bca2b1f5c510c41563c2ea31a4,22775,rio de janeiro,RJ
002c625393dfa194828b462a6ef8cb0b,46a19a5b29624c9be39b41ab02b12b39,58102,cabedelo,PB
002ce108ccf0356ef5c8b1dce3c0ae29,e6ad2d9078cb28e4ac6ecef8432e74c7,2728,sao paulo,SP
002d358e2462f87678443706cbf2eb21,5a77d3e9231351d3a4ea54c3fe824e79,5171,sao paulo,SP
002d597546b2cf44428232c9f237f873,539b6ae3b5f2999db7e44c8d4dc2069f,13208,jundiai,SP
002ebb669a34b9e79c88efc755e95322,97258e1c1f77f32358eccd1c9ee5954d,28895,rio das ostras,RJ
002ef7e55600d44ead53f7c1644e5222,6e9b8e9f9c3fad22d6f81b2628750018,36016,juiz de fora,MG
002f067b028a3643ad3a0969c7a0f3dc,de94076bba3c66ffaaa867d14a663cbe,81880,curitiba,PR
002f90a6eb386bc43bc9ba200db31a89,bd3001c423ef9a9092b0a5158f1ccdf6,4929,sao paulo,SP
002fb8fc5ce64f8422fa2fe79986c783,c209709f857255c80d07a0be8c630b0d,9781,sao bernardo do campo,SP
002ff70a5285669011090c077ef929af,9bca65d60b3dffad98eafa3c50101fad,80730,curitiba,PR
00302a0b99783c3d1d1e81c616e321e8,1b9872e035e88fc720548cc74a815a46,22210,rio de janeiro,RJ
0030aded3a67b29946a128ee8468388e,a961e198a1d400e99c02e8f4520f763c,8450,sao paulo,SP
0030fbb95fbe7e61f798a80edb01a8e9,cd3f977fbad60553fce0f193593802bb,14071,ribeirao preto,SP
00314f95a054231742e3c5396b333b88,aaf46bd4e1ad43275a5a20bd485e7661,11440,guaruja,SP
003177b3eeca50af17750f53802c9a09,20681391edaed7eccd918d4a74f8a570,58052,joao pessoa,PB
0031abfb953b66e998f67b09e7b11375,431af5c5638973ed6e431618f318a0a2,84040,ponta grossa,PR
0031c1062edf836ef7a7a7ea758b137b,c087e490266509059177cb1ec7d802ba,24808,itaborai,RJ
00330644cccc5db0276fa836976306fe,385ec0e1c5bcf488115ca06b26ec9f8b,20021,rio de janeiro,RJ
00331de1659c7f4fb660c8810e6de3f5,e1d387b30e693029c1e3d9ffe5df61e0,93800,sapiranga,RS
0033823ee55671ac5317d423291333c2,95a3ac562ffc17755618fb67ce57ef9a,95041,caxias do sul,RS
0034f7933de3ead6bd9ba49afe95f119,5b540c6a8886384d1772215e6a189804,79621,tres lagoas,MS
003536ce5e18f1d12b9bf76932f8a6b1,bacd3fc37792ceefcb45e0e90c9ffe42,3040,sao paulo,SP
0035b30e58c620fa2bd30275ddd4f7ef,422ce018570adf9fa031a7838717be81,24342,niteroi,RJ
0036875772a8eeb391b8cd7226283fdd,a73c5464692d3bc09d64e3edefae9015,9270,santo andre,SP
0037d14e53af1d555a582504a4058f4c,442bdd695caba6183fc44d6cfdd4f094,5857,sao paulo,SP
00380c010de38d578d02117f6d0b88e7,32ea836b21bcefba824d2b279bc42e53,85420,corbelia,PR
0039b3e41ac6615814a0b44a8992bff5,e2c44993145bac31c5c48b620e3f40f0,26562,mesquita,RJ
003a75d228dc67cb2918e40c2aacc4bf,2c66c0b1075c04c7f6e113de9e3a89d9,84035,ponta grossa,PR
003b595c764773e20e0949b6fba7b1dc,6d55b4560e6c8ec28f8ba8099b442400,18305,capao bonito,SP
003bc8d06ebed9d146eb9f100d0a89ae,b53bb01fd133da16d7c7d9b602a3aac7,60175,fortaleza,CE
003bdf7fd8312f9d14a4b979f3747334,12d1cda209613cd60b9d242181be7077,3813,sao paulo,SP
003c7cadba4f182b9f22d7d5ea7a5003,6279364f420b1e08eb33a498db5fa6bc,3981,sao paulo,SP
003cb2c7ce25d8af8556fb456f903546,00e872ca2fc94e59982286e69f186e0e,41200,salvador,BA
003cbe6a43560a8b6fd2c07531257c2d,f9d4a283e4f19a47b64f95a3235d0a5c,88200,tijucas,SC
003e45472805afa1ee701d83284fa22b,28e2041c0f17e12da80a0146305c9259,90670,porto alegre,RS
003eab528664e1bd677218ef4be086ac,6f8b40e5fdbd4a4b4dbaadc56f4bf681,21041,rio de janeiro,RJ
003ec17a1389fa302f3a0423dddd8650,1b6e96ed99cb8d135efe220d761bbd67,13190,monte mor,SP
003f7d92ac63c512bb6584219806f8df,0125fb08af5c9dd55731090aafc63ac8,4310,sao paulo,SP
0040a8417928d0d5abd5169cd7877181,96e147852028a3ce1d25c86f03032023,12288,cacapava,SP
0040b00970e2139e8c43b647c0da5305,8dfb9fff0eac6a63f34ed7707068e988,12942,atibaia,SP
00411811e3b661e746a6e1ce1f0878ab,6dade60d28a0f5b8ae7e8d67321b4141,31260,belo horizonte,MG
0041d7b768cb115092fa0f5d55638d06,a2acf58dde7a492ea0fa65b16c530a78,32604,betim,MG
00426311a53f3c052943c88b692a3be2,aed838b04abeb2fb94566d0a073bd718,4551,sao paulo,SP
0042d04ee8231b36dcb29aac213f5db4,9e5f9798a71d8f5ec3020a5500d70430,84130,palmeira,PR
0043b0afd67fb3af74360d2893b9a530,8f20ece0099d6e5c22c1fd0c24a1e681,23085,rio de janeiro,RJ
004440537b68545ca3c341d7279bc4c0,9dfcc502727549f99c9f73dbd28b35e9,3059,sao paulo,SP
00447b6bd39c4a0f6366b05948f9e2e3,3c9e98b59c61b1ccdba1108eca8c61d4,87710,paranavai,PR
00459c4eb23e40414ca067d06fa303d4,96d0aa18ee946b81f6b78e07830194a2,78008,cuiaba,MT
0045ac1c0957bc92e109f71e4941fa49,7ad12bd39f33737cb4f634c8c44af118,5027,sao paulo,SP
00474d2582fd72663036795b7ab8cfc1,7bf845014243c08bdcea071d6981303e,87600,nova esperanca,PR
004937d0f9d6ce15c2830c00c2f482e5,a590fdd68e210fa5f42764a2493f6223,14870,jaboticabal,SP
00498d14e21c58ed2feb5d5feb4cd706,0a9854e7028c74302d0963fa56e77a18,38730,guimarania,MG
0049e8442c2a3e4a8d1ff5a9549abd53,df1710893e1797d2c3d83b8840ddb0e4,11250,bertioga,SP
004a2b3e8b026284407c620f4f01f686,e90a1b194724309bbaa6228c398d1748,78795,pedra preta,MT
004d41e9bf012c669db1a257888d85a2,5e35d686648f9f99fd1f90161d3db93c,66087,belem,PA
004df18653e9438571e9d294776a5c5c,33e824e5fde35ad626278feba806c772,4623,sao paulo,SP
004ee20df425002ed78553e1f50caa3e,b6f424d6007b27912d37816a7d74ffaf,19560,indiana,SP
004f39eb181d53fa796fe82ce7a0cbd5,aa5824451a9437648ed4dcdac530566d,8775,mogi das cruzes,SP
00502500a53243e07961383bf1a6fa82,bace01b0aa7c98f2a7fce9db19555eb9,5894,sao paulo,SP
005092c23e81812fbbe11fc6cf7e5316,38827a4b81c4d81cffaec1accef6572c,8223,sao paulo,SP
0050b4dd994efa94b2cd3210e4cecf32,e5ab9d9cc98f8d5befc51f952a44c87b,37026,varginha,MG
0050ee32fbb93383fb0d9e3d8ee89a07,0301e2b22f44b5a060987ecf49f8ada8,78400,diamantino,MT
0051337a96842850e1ec728dd158f4b3,d31233132950973bd0df88d4523ed465,89540,santa cecilia,SC
005196c65bab2861e397cc85bc7664bf,fd03997c82649affc061d275ddf1f3d9,29162,serra,ES
00520034b873d2cdfe098fd0a634d03d,f02249d034341b86c6bf3dd4ccc2bd2c,9370,maua,SP
0054556ea954a76ad6f9c4ba79d34a98,3cc8e80baa86a7befe2b24568cd0faf0,95680,canela,RS
005460bea0518c7354f01adf10012184,6aaa688f88ee9cc7f9b90d5f7cca7d84,2066,sao paulo,SP
0054f2f885ca69abcf4935c9506d7851,4f25ec76e8c86ded17aa0c58f236df0f,4863,sao paulo,SP
005596395ca3acd0433fe7d6f95a028e,dff41d762e4e7b68b73af7203a429072,4564,sao paulo,SP
0055e9b290953716739bd94a256a4144,8f6564e0a606d34b05edf1206e3b8bd7,45870,mascote,BA
0056a2580b5c68cfa6b43c6ef6adbc03,bfb0780e4148d65b5490d6195da4bcb0,40285,salvador,BA
00573ea7a2ac9dff51ac3d177cd6eaea,2a86852b89b186bb8aed750efd95ce73,1222,sao paulo,SP
0057f8b7c332d630b992d6a8ca79748c,36fbd29c230b156ac9b04a382bb20842,5416,sao paulo,SP
0058153a752ee674162564afb1191d25,da6c70612a3d7484427e8442ff96056c,13214,jundiai,SP
00581d55862aecc8cbc7d701a27bc285,f794c59a46dc4872d97d173c1b51525a,45818,trancoso,BA
0058ebe2dc136d918dd001968cfa5903,9e8993ba2665307b71bd1641c2e1cb3d,39495,montalvania,MG
005b65c9a6485aa1b7ac382dd87b018f,c836c92436fdcd6e5475ef442481385c,98130,julio de castilhos,RS
005c36bfaa8710aaf61e4b1712ccd658,851f75e1a1ffe3612cde92428a7e9701,7401,aruja,SP
005c611fb96be942e75d22129c370268,4619eedf5b092b15ebc4d916f8c99646,59610,mossoro,RN
005e2fff255d3d69e6cfc8c4928d33a9,b33573ec19214ad9a1bc30a97938e450,20521,rio de janeiro,RJ
00618f4116647066768ca73893989605,b2c9b1bf57d5e980f6ec3975c65e40ed,4157,sao paulo,SP
0061937e85c708a41f5d5b24405d0f50,449cc26294cc2d6e2e88a82cea3e42c0,2315,sao paulo,SP
00620f738107803e6c0f6818a7a3b7e3,d40aaaf342e2e82da754042ef4f0dcca,31130,belo horizonte,MG
00624707c8556199de70cac1593e7088,c9aa56428d8b5bba23a9c7a435b09645,30666,belo horizonte,MG
0062859a8f89e25c6b0e8dc905ccc59d,5cc1fbd02e6b7cd1113dd836fbbbcc13,64073,teresina,PI
0063913c2f1878cc471de963dc0571c4,3c4abb94aa82c0be6a86af95be2ca5bf,13178,sumare,SP
0063bdf3bf91260f76973a4af6f9199e,aaea7e9a2d2432c24a03eb74cc430c8a,81210,curitiba,PR
006431d77c665533ac99b501d8a6ab06,2666a61d9b5755651665549f80bb3450,12230,sao jose dos campos,SP
006496598c918064dc19eef95e5e47f8,5705e410d27f391e55c6a495b06d1618,95095,caxias do sul,RS
00650b839d32a071b1025af8ca26dd13,c573caf2e2c12c731885273e03dc5471,66055,belem,PA
00652f7a6e012d58f58fefd69d1a1ea4,e81d67dee583b417c53676f8926bd9cf,87010,maringa,PR
0065c96aca557c0919dd5cdee546f8b1,3bccb476c538a32e63766769dcc37f03,13040,campinas,SP
00660e817a39486a37c26b071d0741f8,587547bf360f33a6466aac68caecdde3,8010,sao paulo,SP
0066d0530824a5e8044c71af62dea8d5,1bd843b2bc9b09595f3ed35d4f031506,71882,brasilia,DF
00674fe0f6a6f190bd022dbca99795dc,e6fe68d7c7867dac3659cb4a8e06880c,5791,sao paulo,SP
006866a6f9ef10d3a85292859c4deae1,73b62c771f1f1e0760f88376d4a2b150,30626,belo horizonte,MG
0068a2209e2c7631566539fef4331bf8,43f7616a8f37a874ee893f0dea3ba593,38550,coromandel,MG
0068b31b2dd799c334e7b6283333f84a,d7104510a89e6fb895b8104650173787,28610,nova friburgo,RJ
00694a1bf2da47e37b2bd3193eeae839,be062ffc58427d6c959180b68a67471d,12241,sao jose dos campos,SP
0069f43bfc018147f03b7a0f64fa00bd,7e7c1cf8c1a7ae4149f5a2fc2b1b65b4,95880,estrela,RS
006a5d6b5f648f3811fd4fa94d93a67c,52b088042a61c6a03ba2027a6dd929cc,14051,ribeirao preto,SP
006b5498d9494c061f8c2f80a6c2f343,6b1070bfaad94d225e6cab57b47e2326,91360,porto alegre,RS
006ba1709128094a7047a4fa349f9bc8,44a575d55982c95a7f09b62c7702bddc,18600,botucatu,SP
006d300ffcb82917c9866dd5a507dbe6,2ed2d94955614ec3262ce7575ef997f9,1552,sao paulo,SP
006d7cf1f4f5fb1c805d2d7cacc8049d,1cdf413d3539b5e8c100bea1ec5a881f,13060,campinas,SP
006e0e7aa73b77bfcc0c4b2a3f3ab0cc,8f7822e4f4fb685c89d972cba79a8b9e,1209,sao paulo,SP
006e35001c6c8c65ad4b20a8925d2b9f,77e0a2e2281e2a533eb62268371a4bc6,83420,quatro barras,PR
006f0d8cda092921f2cd9159db212237,2cac9c1a43808ace14f1598744f4a28a,88802,criciuma,SC
006fffc5b0accd275de3e3a4b6d0832d,19cb50ca8ff9afe19ce39c5d9562f3bd,68371,altamira,PA
00701ade29704fc9aa33a8766b082cb6,bbdf651cbace0c9efc7fd3184235aa74,99010,passo fundo,RS
0070e3e36dad141bed98c6dd5b3d1216,77d6cd89498a8cd9762daa48e8e8b797,85640,ampere,PR
007182cdc3e8e2d3d4ce0b00b9004630,0c4f8b6f80f0dbddbdce3882d2242be9,1251,sao paulo,SP
0072357d0a3394d268c6abb9e30aaafe,07af1aef7bf4d17ec7f0f166e9025fc9,14815,ibate,SP
0074a15febc9459ab2f999ea0e22c8d6,526807e2a25ea0db271efcc9fc646db1,29072,vitoria,ES
0075589b789b6bce7b058adab7e9a6f5,ab26376d360f4caa7f34418cff3c9971,90470,porto alegre,RS
007612fef51262f4762d32add5d128cc,2f53681bf01c5cff02bada5809fe302e,3611,sao paulo,SP
00765aebd8e20a9a8aa8c28d0099a938,ec99f30f38afadbfbae32d5883734ded,13212,jundiai,SP
007732425b3cfb147a3ca928ce907cc1,fcad3faa5c09b2baf9164b8fd20098b5,3041,sao paulo,SP
00785e4d6fd1ab53e7de20c730c070f1,717bebcdcbf23f37f3fba2a88f397678,88301,itajai,SC
0078867a1043bd408c6134cf5ca1bbf5,0be419a69453900fff1337bc4c3e0f0f,3022,sao paulo,SP
00788705370da606e9f8390258b9e977,11a58793327e4f480717491484f4372a,29060,vitoria,ES
0078c6b33ae4a3f03de57a8ad36648e1,31d436bafbad927dc79b130826dc3404,38412,uberlandia,MG
00791d8bb3acb245dc0b865656e18fff,56b6eede1b10925212f054a7ba614796,37410,tres coracoes,MG
0079368290cd7f161d62e7df9377d8ce,a6da63180c0d5fdbf5834fb3d3a8dc72,21230,rio de janeiro,RJ
00796be07bfc87dad2e31ef15490a718,570eb70ff97166b85ea96be3bfb65fef,31130,belo horizonte,MG
007a444502902587d7aa72af38cbd1de,8d2cc82dae0f2b1bb8667a2eedcd8c71,88070,florianopolis,SC
007a6cde976f335c04a22d7043dd23f0,0a3f32fce9d5056b96a9fe604715982b,17026,bauru,SP
007b18ac9b8a627f259ea78aed981315,a06d94b5d758fbc36c8f679d98ae1fc5,3951,sao paulo,SP
007b7f04a35e02745c23ea706492ca20,46dd28b3f7e33b789acf42d3093b7773,35950,alvinopolis,MG
007c76c2ab6101f00798548775dfdbaf,5476fc5a4a6fd7f746b9e0461a585ec8,13145,paulinia,SP
007d1c8a4fe2a7d4233d5ad3ea74a29b,68652e69a77dec3f573ef0135541f6b5,30260,belo horizonte,MG
007da0ded5420c2ac9cdcdc758841cde,fb258014c67a0f16e4da53fa45e90db5,28080,campos dos goytacazes,RJ
007dca6150a323ecb560d11f2a3615a2,f807403776737da279aba36583afa4df,84060,ponta grossa,PR
007dd470bdcf9dc8ffcd44beb79dc18c,f4118facd33f966e80b9fabbf0ca2547,8665,suzano,SP
007e99fec9d53dfa4e5d8be9c2b36ca7,6acc5385a15c441abe050fc7abda50bf,40255,salvador,BA
007ff1d42a6a44f0e16e18d2d7d5f72e,d7dca5075c207d22e930c7ab977c80e5,37750,machado,MG
0080e98d82eceee143dc006defe00687,38a8b05798967480ac1ca6ce6c5cbd6a,17511,marilia,SP
00838729460c2110a0bd330a4bb9b332,d3857f98166ef23ca95d44cbe9b1828c,74063,goiania,GO
0083d9cca92e71d03d298721b572a77b,45aba165580af1596b291956b7b7849c,22733,rio de janeiro,RJ
008598a4ca17eba904c5fed695cb13be,a6d8302831afb228546eccf6cb3b3b48,96450,dom pedrito,RS
008657b86f500495539ffa6d275351b7,10b960a4f2cfecc03e6c89b4b02ebab6,12120,tremembe,SP
0086b541a59fa554e7953e2d3c285285,57f06135a2656bfab535243f705fc8f6,40440,salvador,BA
0088393a302a84e57cc69c9d365f5efa,e8085241eb1297eaa9bfa9453ea0b1ca,25880,sapucaia,RJ
0088395699ea0fcd459bfbef084997db,ffe254cc039740e17dd15a5305035928,37640,extrema,MG
008871f261eb4390ca7a1ded607ea417,56a9c159fffe93bdef88ffbf6e729712,6226,osasco,SP
008943f202ed451804dfc1c23248eeb0,3c4d7fdb25ab947c7ac866ba940f9c32,54580,cabo de santo agostinho,PE
0089c34393989276de67746531e0df21,320388520e5f7afe7c97489ea2732796,6397,carapicuiba,SP
008d16b47540f172f75b765d5ea1eed0,35757a3cfd70b9aeab443c4dc1d8ad30,2804,sao paulo,SP
008d7d751e72ae684c0d31bc988b36fb,f3795e38cc5b655e26e94d1cc21263fa,64078,teresina,PI
008def95c3ec7f58d2cc8f2b1d2c3feb,23af7ed42b446329e95c7645ba337f86,76934,seringueiras,RO
008e1bbc8f278134d10d8788a3ca0b7c,7d373e92dd3086b4c37e9868fc8999c1,17024,bauru,SP
008e75e0f20ba6d6cc41923596b83693,197572fc8f1878d0a94195ac840dd947,8772,mogi das cruzes,SP
008f931f2de5414536a04cdd033bea60,3ee932c2f695c34affbbeb9a299c8166,50020,recife,PE
009043346db59e970bcad7e5a6e590ca,7af8bc059cb4c4c55038a142b99da13b,37570,ouro fino,MG
0090571a7077aaa71825c98f660695df,72ce629a45d8ae96d22c2946aaf876f2,71050,brasilia,DF
00914220fb44a373f667e19ed450e8df,a1605a83a0e36258d7eb2da55bb5ff4c,22290,rio de janeiro,RJ
0092770b2a1471643d88b60d6b804464,6b2ef099439c81743bd02edd480829d5,65260,cedral,MA
0092ebfee8043dae610fab832e61acff,d74dfc7a1504f45d7880c12e7f8fe142,13330,indaiatuba,SP
00931b6a1ae01ead1f98d4e1d1547106,9f19c80b64945cd7abd1fb91ff5157a7,88316,itajai,SC
00931eabd5b24b4a2d97ec779d739631,15b3549f16e0f7bdc1afcbad647eb8a6,27700,vassouras,RJ
0093a68265f18be3adbbe054dc4c9295,4e0e24ed6b791dca50eacced49d5e2d1,3578,sao paulo,SP
0093eadfb5536c158311672bdf418044,693343dbec3bbc6b1641ee705715a12f,75804,jatai,GO
00949af96107ff1f55bc0f09e913686d,3cc4acd6cfe6acb5f129a560961f2ef6,5335,sao paulo,SP
00951234ffc26898cb0f62b8c0e89f88,754fd85b66cc83bb73ffb06a4bc729f8,32604,betim,MG
0095298db7c70d082c2584d4eb496654,18ae61c98401cffe6c25c525f8ecc7bd,35628,morada nova de minas,MG
00953228b409090c774d955f2ab881e5,34502bdbecbd6a3b1dd162fe201556dd,13035,campinas,SP
009556b29007b7233895402fac956591,9fc40e07c540ae6cb1cc7cf10019ab3b,25651,petropolis,RJ
0095d34ddb16f0d0776fc9f2a341dfcd,217ffba1efeab7f634bde4c18d312bd8,18520,cerquilho,SP
0096dd625383caa8afe2c028018bf4ce,8d78819a02ccaa0243dbdb0888c7ba8b,23013,rio de janeiro,RJ
0097c5abeb126a90646370f4a1cf3d93,4c1cacfc081ddc8593a27c9d3c88be49,97700,santiago,RS
0098400373e087d3c231fb5d37834fde,b66ebea9fad19535d1134154668d4129,73900,posse,GO
0098c4d01b3588b0b61ac012e5e4b228,ed5f2cdb43c9166062c0baffd3973f14,89224,joinville,SC
00993c1bdbff4f24ca6b8124b4cf5a1f,10d5890ed5e7ec78a7db23b5ac579b17,93025,sao leopoldo,RS
0099a73bb9e6010fad1106f3dbadfc1d,8bf1dc98223704657288b7653abab62b,13290,louveira,SP
0099bfdae84652b1df38e27c0fc216e3,8186340945b0be4093153f9e51966e42,85810,cascavel,PR
009aac1d726cf431e9cff8be1f7d9ca5,6cc9821bbb49f3a6159c6bca3542f795,65110,sao jose de ribamar,MA
009ac0aeacb7e5c368452976385b7903,2d6f0bccd75dcbf570a1afe61eeb03a1,6730,vargem grande paulista,SP
009bd844996868ab5166ade7dd9ab471,63df52c362d4b7183bb6a463452a8183,13076,campinas,SP
009c825b4f96c0c03731ac38b6e1c6ea,16adfb3d3d55b81af6248041ba561882,97590,rosario do sul,RS
009c99241ad4ac86427982c474c18771,ed3540836eb82093f5647ec31a037f42,44700,jacobina,BA
009c9d2be03f80df9ef29fade7f998f3,459c24ec5bb599541f309cb00cd2cf60,8780,mogi das cruzes,SP
009e30667771830117017cf8581b98a5,6a1250106d0de8395377553e4dd2b5fc,30880,belo horizonte,MG
00a02bdfd1741b999de5e2ccfdb8cfc8,df0c259fcd231dc0a72eceb0bec4102f,6365,carapicuiba,SP
00a16acd591b4bb112f2e94c7d2f9936,873e5a11673ea73e58db17af95546fc5,28941,sao pedro da aldeia,RJ
00a1edfeac0ce7adf9357b89c9659eb2,0fa9d11d5ad31c53125b31b3f9fa5398,75533,itumbiara,GO
00a2277d94755da60c916bab098b9b49,9a4874151836dd0388acb83657ab7367,11035,santos,SP
00a39528c677a55852f57235f988b837,9f67d6145893e41e7ada2e646b84f658,18112,votorantim,SP
00a40841820d0d2a51c5fc110eba37ed,86b2db4420103d9e32f7ceaa9133fc85,20530,rio de janeiro,RJ
00a49178247b91322bdca02625e81f7a,feaa8891b941fef98112c26ef7c19cee,49530,ribeiropolis,SE
00a572d0c25a9ea5e283ea2da267ba8d,a5d931bbaafdee2e1fd7353cf0c31f05,19860,cruzalia,SP
00a5ee1a809dde5ccdb5b8c58531c343,456351381464fe44c74f85a122d86839,3758,sao paulo,SP
00a6e2753fc2652cb87386ffbf5792b2,3abdf4f27efce96f8573a88343a4084e,4944,sao paulo,SP
00a7f6b5d305216d76ab1accbfe123b9,75a3b07e6c337d98fcf56aefb228b11b,4011,sao paulo,SP
00a7f9b60493b4b11601b42e5f31eac9,adf61ad8994414035684cea95e70549e,3435,sao paulo,SP
00a860aeb15fb205efdb0c689d8f9c6a,ca7e51a36f9ace4d07d6548599785bab,9821,sao bernardo do campo,SP
00aa3aa0438ac8a9e8a9378171ccd055,6a798e7cd7c78b8893eec42fc5bdeff9,37500,itajuba,MG
00ab90b4fd9fa3d490ab687f992763d6,18057955f3a6909f6fc6cf564179b6cf,8490,sao paulo,SP
00abf30c1a93c7c8b509cb80a22e4dd8,d43e7cbf7354f1f46a7a1b30701017b3,6226,osasco,SP
00acc750f0c2bda99b95c4043ff1e662,308eed157c50c58cd2d795eb5f1e096a,36061,juiz de fora,MG
00aee581138f207eb71f58811aae25d1,7cdad7ad32a8ed3d160ca312e16d29f1,9750,sao bernardo do campo,SP
00af1761df71da362764c51bb96f5118,b66facc84d03ec2aabda4c102d9ecb53,71015,brasilia,DF
00af928c0a307dfdb37122943a1e6902,fd45ef982d27eb5aaa153990b7c8140b,18275,tatui,SP
00b14856ef33f09ac83df50620ce60b1,d5a1c9ee66337a40a8b95be64166da60,11055,santos,SP
00b16eaf1e6b6bd4eeb54f97fc31f172,6c09a1b2276ad843fe5649cb2f92660c,22241,rio de janeiro,RJ
00b196cc59531c4dbba23e94fff01d6c,b958f2e238f8179614d3cb86ad79c9a1,60347,fortaleza,CE
00b2b9682f5c2a1f7cf1312ce6a0ea9d,949b75abf6fdda78201547bf5f4c07f5,12236,sao jose dos campos,SP
00b2fdba41164ba7de5052652fb86231,02bc079a58dfe937bdc5d97c8bac00ac,6362,carapicuiba,SP
00b366712a38454d2e62c9d2509d0623,271850b8783a2378c477328f60413b47,3476,sao paulo,SP
00b4054d851ec464f6fb745fab627439,82c199ce18d8d976f3029a4310e8ac5c,76825,porto velho,RO
00b4a445a17922526d9b64e567ac2865,e97f8593167749c6900418a170670da8,88210,porto belo,SC
00b5072ef1192bc4d02e1d6264317bb0,86e5bace0b99ae394e73ee02a28fa10e,14883,jaboticabal,SP
00b6731ea206414be73f8c73bec1951e,72061fff095d8325b311ea24e2f4a2b5,37150,carmo do rio claro,MG
00b694184c8c2f2a565e4def5a00b8ee,c225695275be1f228cece399a0093593,69033,manaus,AM
00b78d0d0484fc9f3e1138e1ab752db6,6d9c0dc8d49cf9b9ff824bf1b0f79b4a,15990,matao,SP
00b7c3578d5231b0b60a62414118652b,befb041460ac63f542e98b664f5d4d68,64235,cocal,PI
00b7c3aa68e7f0e83117105ee4964a49,24807abbbdb040003fa4c1f72b686431,72115,brasilia,DF
00b7dcb6e32230f09195eb0e9aa1a94b,f42ed5286ed2c811df0db5d230eb8383,3572,sao paulo,SP
00b96a156e6827442e5ec7c620a39d24,41b75ed52acfa208903915c459a5e3fd,31010,belo horizonte,MG
00b9f074bf913ebcb8e7b9d7f8398782,5608c8ba4ec9e036b755a199c5fd51ef,21860,rio de janeiro,RJ
00ba24d5e8869fd25950fd26c098ee20,fb7321c807106363b749c783f41de4fc,2860,sao paulo,SP
00ba72dac5dae2776b5bfcf799a956b2,40b5e9eed4db7f956359145971056f5d,4835,sao paulo,SP
00ba767af52461bf567696d2a6d2909f,4dfa53e424b44b9dcb3965683078712d,39400,montes claros,MG
00ba7e4052ff6531f4e8aa0b0054318b,e46d6bcd22d95a9d167d807372d08add,13097,campinas,SP
00bad631eaa8723983a6c7e2f910dfca,a672e4e4af506e713c1b4373e038cabb,9230,santo andre,SP
00bae1a0d3566c3af0c3c67fd2204935,66d201c13937598dd4e036788a10a203,38465,arapora,MG
00bb27539e10159490e73842a90b173e,9190d6ac7534e99da5edfd3aa43b29a6,12243,sao jose dos campos,SP
00bb2dd15521a8a428bb530b4cabb403,0cbd5dfde4c06bbe2960d2c0c95e5e7d,14055,ribeirao preto,SP
00bd25230af840df218e6902df6ac894,c55681552ac6922a276fb013d773881b,99700,erechim,RS
00bd2f03a3aeb727b9c7bf7c2a1c094b,07187f9425311d0bd2a5451169bb8c3c,21745,rio de janeiro,RJ
00be672c9d26099d6fd918cf76a4ef67,6dfec7f36b7045b17ff80348337f75dc,73350,brasilia,DF
00bf0246fe43d0dac8842035f21f8a76,29869c1422b9c068973f8e44575f73d6,18550,boituva,SP
00bf225ae2b2d6a141e31acf971c4a03,c60c5563690f2a27a76f4d8ba53c2a85,1440,sao paulo,SP
00bf77539bad79ed21c55cdea4375985,6e066424e17b2da4b735194531fb99a6,88070,florianopolis,SC
00c042af846ab3125854b4abc3bf25a6,af13324b5f4c0a838fe662c52a44b959,26022,nova iguacu,RJ
00c120d7afbe4803d4771a8f3696ec85,859a9b67726d9c9306eb28b8938c59a0,1507,sao paulo,SP
00c1cef22f54b3d3935e1c145b0c6ec6,d6ed810cf6ad03d565b645f0eb0d12a7,39848,sao jose do divino,MG
00c23397b535962f65c89900d6a9ab22,be31ab006786747df81854035a1960f4,13505,rio claro,SP
00c2781c163b9f057924ed8c45c724d4,e3170caa179176b49f1265ffde5c27fc,32071,contagem,MG
00c32f58ea39ae8132d9b1a32b81b167,0181f57a87c6a2f0e0fe2807f67aef0e,33600,pedro leopoldo,MG
00c36dc4ec485e2500e9a669d6ea63d6,1973beff39565594011f9a0ef66f923e,78455,lucas do rio verde,MT
00c38945ab09a0f226419274da4675e4,507c2846cc2991d0765fbf880e1d219c,20511,rio de janeiro,RJ
00c3e2f6fe2448015cbd44f4b7814273,84ca742f08b69a3cff5b18ffe90551d3,11680,ubatuba,SP
00c5a25662a028f00093f247b945f959,5ea1aab4828e8220e3eb682763743013,90670,porto alegre,RS
00c5b008c1465e327578fdacf185ccfa,ccd9fc8fd74bc87817d864a5dfc1bf1d,24901,marica,RJ
00c634fb2feeb4e2767a916c2375c9b8,63ebabf91afda8d43e0f6412fcfe6bf1,22793,rio de janeiro,RJ
00c6436d2afd5923cba3f19f9542b140,3d07310ffa7a51e9f8249ad383e3e425,46580,tanque novo,BA
00c7c6f2aaf86b1a5a386b103b67b218,3edc2805e049db7e556130362bb517fc,13141,paulinia,SP
00c7e84c0c77753093b456d787638eed,d691abbc71f38f91d187deedeb200290,84172,castro,PR
00c82b169fb6a103c5274dc731295a98,cb8fde758b25902db18315240ebd9b07,4011,sao paulo,SP
00c86cc609174f994caee1818b788e05,0c13ce784ebdf9b7ac9dc35dac2f10fc,53700,itapissuma,PE
00c9ed767059efd304546d437c9d171d,2a63862c48140ff3de7e30f323eedec6,5347,sao paulo,SP
00ca4dec2a491c4c1a9081a3c5a1e8b1,a296cb7b16ea56f1ffe6c09fa429ede2,72920,aguas lindas de goias,GO
00ca6e4277e535d41bda84d371310be2,9a7b819bc0d6d9e9ce14fc7bb3925ff8,33115,santa luzia,MG
00cca8735b2e7b89dc267f378e5c9e8d,c118a3dba2fb79861a948df731adc128,12570,aparecida,SP
00ccce5462294b682e2a5b34bc37c3d5,820af62eb6a1ce037f5837079a794ea1,65072,sao luis,MA
00cd48b2051a1518d6d33ffd01dbfcb6,2f683d2b8640f8988ad9ca6295c03a50,2130,sao paulo,SP
00cd55d78c1db8aa5f78e95d363373e4,3899fc7fcad23e796f29ac0f2ec6c231,83410,colombo,PR
00cebf30eafc51ca426a54082d26ddf3,788f3cfa99a83011f637d9c8b24e4e7d,84400,prudentopolis,PR
00cef6d9683eaa39aaf401e3b02bdbca,90a8e532133d8d1bb8a49c3ea08aaff6,74140,goiania,GO
00cf7bb323cf933b841728576c4de744,9595c4a04247bc9a1930529085323033,89237,joinville,SC
00d1bd043022c327bc464ded6b731f4a,73ddc612bdfdbc01e6d7e37c05c38ea6,7841,franco da rocha,SP
00d4a861a9e1ec05df44712a80bfd55d,2bc59d87dc030d00c63357f6c135d70e,31340,belo horizonte,MG
00d4c7cec24152e73f88312fdbf09ffa,e2fe0b1f9429fdd3215b47c2c115511d,9351,maua,SP
00d59ed5b36bbeac2deb4e7256a39fb4,e85c47169878ba316206d340b2ba2e22,89216,joinville,SC
00d7e038b53f4b3ed3036d2d016e51c4,61c5df1c0ba751e67109d3a9448ba372,7713,caieiras,SP
00d88dff8797c35f7db7739109ba8cb3,6ff1fffdc0177147be8352ef9c3d56ea,6815,embu das artes,SP
00d8b72b2807894a9e5c690179132819,f87567b082c73dd2c953001b14ddd739,8588,itaquaquecetuba,SP
00d9314fb3f147133d0dae548abab307,b20f3ab024ac7114796526eb0c59bd6a,29315,cachoeiro de itapemirim,ES
00d97ddbc2cafa83bc2412d11da98d88,10e640a7ba92ae8164a1f2adba8bf44c,13650,santa cruz das palmeiras,SP
00da45766aa7d360508cf25434334a8d,63606d6ecee30138790da5be23cac8e4,24020,niteroi,RJ
00da48d824214ffba48ab43f5b1d29a0,1500da334da019c68fda219f942ba38a,95040,caxias do sul,RS
00daf19c19d0fa15a86284fa7293b5ac,5f9d0a2d1cbdc542a46b46a8b3511701,12243,sao jose dos campos,SP
00dcc20224e6a230aa9f7ff8fb6f29f8,7a91ff7dd6e77ba0f5ce7698cd7ba73b,4857,sao paulo,SP
00de350c10e898eb927e6a5440a30191,73e879f10191d104c98f767f967b1e63,23052,rio de janeiro,RJ
00e0a2be19aca747d3051ed15e18b77a,249749451a0cae7e2de98adce5811f02,22720,rio de janeiro,RJ
00e13fc0014cb95fde8d8eb1d3d84195,6e8180fd61b4280c3d74dc2056256940,2130,sao paulo,SP
00e144a7e8e11d93c3c4f12558735f03,b228692e71b74a9931496bf59debce23,95985,nova alvorada,RS
00e200fe66bc8553bd83681887d6176f,fc5e5fe0a1c88aebef8f551bc84abd9c,69020,manaus,AM
00e20d0af2000bc5415d945981b3bd31,75f5549d76d4a3f24e15e81d76ae78f5,36520,visconde do rio branco,MG
00e3fdbce18ef97f5b13e1cc27e9dc98,aabcd181e8b68df20212829acc386a2f,28680,cachoeiras de macacu,RJ
00e4dd8d5ecaa00de8c6671679b58045,b7cee8738797d3056f09669a12a4bea6,35010,governador valadares,MG
00e5b2926b61c618f32e26a8683d84c7,75e750a6279d55f7137bb9e9bb8662cf,80430,curitiba,PR
00e6cc9509687bc594c4cbe302bd2115,af575381e1a9712ced599c185ac3efb7,90470,porto alegre,RS
00e6ef8a68edd7a3d2221bcf18656b7e,9294c7088c7a37baed4923945669de99,99145,coxilha,RS
00e731383e6ee1e27962b8707c82d8cc,d1148fec8f6a5b13848a1234bb80960c,29900,linhares,ES
00e7c7983371f6e0c6ce890040d431db,a1a9bf49d51890f5f5db649034c7b59f,5409,sao paulo,SP
00e7c822a5cd0647e9251fc711276ea7,7c438259d88d8eefb977be5432d761c1,35500,divinopolis,MG
00e8bdabd8d9dec7728bf9a885f7cff9,3fcda7fdc267ed83fb83433cce147c18,36420,ouro branco,MG
00eb2bf26ade27447b6532561c6a402d,cc320e08bc9bc1b0a30e551d1de1e26d,5037,sao paulo,SP
00eb46a6c173fdad0c058d8650deefd9,70c23e6d130c68a56e991f959da2b3b9,5717,sao paulo,SP
00ec3ab027d83e9b77d525b2e6b823e7,0d36922553ab8b00e3d5acd0d1ea0abb,5323,sao paulo,SP
00ed8dde25f27c50ed32e0c4f1f8e76e,0326cb53e00b3f47e00db8263b66b32c,86010,londrina,PR
00ee00c99d468f838abf1d6d7044b2aa,6287730d8268264d1ac736b64304c632,6709,cotia,SP
00ee08bd4046a080a8ec38c5e0937372,5efe3bb2ff056a6a0f2370818502daed,25935,mage,RJ
00eeecca2b37c96ce302d0428ee46ccf,71f24e11231b2fe3eb018fbfdaf381df,4534,sao paulo,SP
00efae0d386ce3132b63e35b3aa79ec6,28f000c72e013f25af51a91469b4665c,20730,rio de janeiro,RJ
00efb24cd00f8eda8e85e3c3e0f2eb66,927e342e5416289ef96f6097d6494235,13212,jundiai,SP
00efd0bb67f3af4d73269668a6cc8b49,b63a0410273c4fbd9c54a639ce8bfdf8,12227,sao jose dos campos,SP
00f31970034cf8ebd290529f7a97beb9,868e05a0868d46ae2b094037b66ae95d,22430,rio de janeiro,RJ
00f394e6fc446865ac4097b6db69ef4a,ab1d731d10eee8bf32306f5452eb770f,26574,mesquita,RJ
00f3b3a7cd0b6566435090c7fbda03a2,c2b845a86c16b519c0c1d9598576f276,37940,alpinopolis,MG
00f4202fec304d8f984a33eddc630e0f,5f5c63b8be5d8accfec392c0c9e071eb,60824,fortaleza,CE
00f5111aa1572c08c765f48e20edf87b,757b9b4481d4508d3d019c2b5f9e3e15,15070,sao jose do rio preto,SP
00f5116a953fdf1b86dd0deb055c0e12,9f268d26a5ab9839702b621fbcda4f5f,26325,queimados,RJ
00f539ee95c97870a2a4f261a2d96ba4,ca17449b50589db8a44f96a187133bcf,35360,sao pedro dos ferros,MG
00f58ffb9b2f2764032aca4e22330725,b1cf8d49a04154f58aa89edd28a8bca2,3570,sao paulo,SP
00f6217307f712298d8e47215f0bf2ad,8be158f05b793cd72d5fde01365b5d2c,13224,varzea paulista,SP
00f625f67cffbda090bb7bd168821482,a2e0f605a77015b28a90b06c31404e99,9351,maua,SP
00f6b2176ddb649359d064053de50c2e,76d6d5c43b1fc7066b46e93c1288ee2c,39401,montes claros,MG
00f73459a4d3be97ff307dc869da0aa9,f0e721656838e4d20a956242308007c7,4571,sao paulo,SP
00f782305075b457bfe7fb38cf6562a5,78d7324240ce5b1c52e410a385319973,79090,campo grande,MS
00f83de98e791c2a4b779f7e61a4cf28,78acd50d033f80538ef65fb5c5bb07ce,45570,ipiau,BA
00f8a4bbb515bfe8f84f9cfa45621250,b2bb87ebda9c0aad99e72716de580b63,98025,cruz alta,RS
00f8ac751ae484a82adb20b42ad1aca7,cf9546de2a77aa119bba565138bf5d34,85801,cascavel,PR
00fb3db8be6fffc03c156297ff70c1b9,98d9a0f7e940e0750fbf72f9aaab1210,6186,osasco,SP
00fb49c2869c0797c3bf65f269f1510b,96963c600a1dca3a9df3a9cfa26301d0,55400,catende,PE
00fb765118b6d3b18dfc763dc3729a5b,eb74a8dca9e7d695ab789aea1686b6cb,6170,osasco,SP
00fd2c64e6e3f94a81541196fc536f4f,bd1e7855a39adab1461658e3185a3e1a,89160,rio do sul,SC
00fd7dfb540f22f5fa85fe9ecfb82fd3,14d161c41de103d191d4978a153b04a9,78573,tapurah,MT
00fd9131670312e3292287415ee2e498,51fed7c5898cdadba813f39d26ee8979,3116,sao paulo,SP
00ffaeed5dc4a18cf44151b40f81a96f,608916ce8652b2692255dad852f13b32,26321,queimados,RJ
00ffbb23812bc76062322afd86d8cbf7,3ebb2a0fd558dba46f61dbaa6ecbda79,6145,osasco,SP
010099752e4ca60e61c8a4a669ea9fe5,032cfb33364e07ebcafb4b8a92d7eec4,11702,praia grande,SP
01016b17e79a0a428384c6916b426aed,e47c583b91537b2dabc8c565a807b618,24445,sao goncalo,RJ
0101e1c05e39f58731e21081f3ea410a,c773ba7864061bda66e16cb2aeb7d8ac,26277,nova iguacu,RJ
010583f85dd55d32a6db1068f58ca6f1,bd077a2aa972e28fd6c205b1a22a2c11,57035,maceio,AL
0105f165f3be4b229fcca1cba2349186,fb8fa768aa555a031e83ca4cad6cebb6,6236,osasco,SP
010714eb89c36dd92fee08385cc1dd6b,f96903a2c83e6f2cf099643977f61ed2,37262,santo antonio do amparo,MG
01077b7579fd4c86971c6598bd550ee5,1a0d8ab950a7d9632115973d98b648e2,14401,franca,SP
0107c38d1ad737e7508cc65067b25d10,ddec07b2176f23c3e4a17570e0f2eb3d,74610,goiania,GO
0107d0717619fc7e17ba5fdd7c9aad36,9224cb2cd931f94531d064137e8a25c6,97502,uruguaiana,RS
0107ed88ec010416e20cacf67d2c905c,84720447172b234e7504da52ee639435,81050,curitiba,PR
0108bac6b3f1f9f0fb88a1f0c0763919,ef186057977211d72b3d6b2e35096d48,38184,araxa,MG
01095519ab759274152540845a1d2004,de94babd284639522797831b81b3d239,13334,indaiatuba,SP
010ac941a52f7717d87471a7da831cd0,ed1e4450166afd6ca7af55f4c5019412,32670,betim,MG
010be179fab38706ae5cf77170b038e3,5e7e0be1ac6b95219cd8a74b42881f19,28613,nova friburgo,RJ
010c5ccfc9a9135b8c89e2d66f5fb8f5,df9c264a06689dd14d8bb9da773b56a9,26277,nova iguacu,RJ
010c697e9133c540d8acf1535533f7db,408d1227fdad76c0cc0c03f202f4a6eb,77015,palmas,TO
010d1bac7f6ca46ef1c6fd0c4034cffc,825dd8ade1078c7e3fae513616a574f3,11442,guaruja,SP
010dad3dab8189cba58ae1ca11b8cc09,e74fc8f58aa86705361306701351d1c4,4561,sao paulo,SP
010e2bfece4b4e44fb7a6aa9c2b2b9d0,9a34b2d328419c7f3be3670caea7147c,13485,limeira,SP
010ebb5ce5da9367a59959153f083968,5b7743d8f930a9dd5cfdb503aa8e31dc,12215,sao jose dos campos,SP
010f3c6e21051748f72f762b9a7cb85d,52d40ed525892e7b31fc34aa750419c9,7054,guarulhos,SP
010ff86be8e9b1a1ae1868dc64b05f21,f9a7da36a22b5ede9d2e39b5fc0458e5,59015,natal,RN
0111774394b7b2cd9651eedc6c791bd2,6ea23f0d3d79f7b1f6d168021b4f0987,88870,orleans,SC
0111b8c89dbd979f8d35037954eb6a39,bb14be31dd2eee0178a0d592e8cc1b5f,26330,queimados,RJ
01122215dd21ac872ae567ec4e351e01,4d285c90d3a4161d1bba6feed1072244,4506,sao paulo,SP
011263a2375678dc8d8fcda1c3e11cd9,c6781a2c32fe1084d3aaa4eaba5f11e0,36500,uba,MG
01156d307fdee5870c27d63afb938bd9,e54bf1537a0fd448ebb99c14ab6d52bf,16204,birigui,SP
0115fdf642d451174def967bd1d55350,99463c65dc4f7d011709ce9966da32f4,37800,guaxupe,MG
011671897080a38fa57f3c190a310d49,2abd0f22de522dbcc7adc9ba8982e406,7176,guarulhos,SP
0116b6f7b023ad7b078ead9dc8f68897,c0bd980ed45dcbc2aa102ce56a1bddf0,35054,governador valadares,MG
0117fc26c948641502349399aa649dc0,599fa5854f3bff7c41dab552068d04bc,75701,catalao,GO
0117fcfe90f5c0df487c5eb4ae067aff,547815ef9a8d4503278645b8d39c2a87,68040,santarem,PA
0118758814dbb115d346a1e8efa705e9,7b0ee136df77a05cdd20574b3c22dfdb,8715,mogi das cruzes,SP
01187871d33eda6ba14aea590bb50d0e,f59d6f7e4802cda1fa84bfc825223167,78200,caceres,MT
01190354aed7ae9e31b5f523699cf01b,2fb4b104618b33a1ea39ec7c993eb743,88025,florianopolis,SC
011a899e735ec86f00f26089cdae09cf,f0d1cc425dc6608c2b319b981a025cbc,4890,sao paulo,SP
011aa301cac8da4d01db88c3180a4058,e44110c2ff342e5bbda6c2224d94bbe6,1202,sao paulo,SP
011aa728cdc4c57b506c6c40ac2a7712,eaefab7076bee4c6fc967887e97e6047,1230,sao paulo,SP
011b97b83f521e755f03173c96baf57b,c4ba7e07879b1e3547efb4ec43c20b0d,11040,santos,SP
011caa1d64812e93260454d6e311f330,c5799e9491cef7d6fb8ba352e09f0f37,31650,belo horizonte,MG
011d2f8468c1be17b9c493a916e31a56,ebdbd2fe116eaf3f128c7bdc3c1317e1,24360,niteroi,RJ
011ec289931a2dddb4a0e40191748b3c,5ea08622fea6aab9f58925930cfa7edf,1221,sao paulo,SP
011f5f2d716eb919dd944494c0db328b,f2c529076a2edc67ad5da913050fd526,95185,carlos barbosa,RS
011fc4ea8b9a1e857358c71da7dcf852,8c8014185acf983b2beedb0048cf2eff,20091,rio de janeiro,RJ
01206a881130146c337962e714f06d66,40594794ab94ef383504b759584bcb0a,9450,rio grande da serra,SP
012087f1c663428b54e53b0f69e700db,dccde35aac11d5e4c5e88479cda1284b,13510,santa gertrudes,SP
01208d73b8f2d0e10347aae1242a12fa,ad5db7237bf82b05272008e7ff2ce225,70355,brasilia,DF
0120f40c1cfb22b538c7f78c8b5265dd,b30f58f68baf0fa247393795de45169d,13455,santa barbara d'oeste,SP
0120ff9de7b5aba7cd8676c093f189de,3005e572ba8546283336ed219f88660d,12400,pindamonhangaba,SP
01214c5f31d06b6da030e5825b431446,9cd889bbd0b3e67db9d57ff266c44d53,4739,sao paulo,SP
0122f471f8b583b4b8262a9ba5870e0e,b8e48b22c967fa2ab9a6a4146329af11,58780,itaporanga,PB
01231f8b1b36a9da85f695b48c2f18b2,5ef8bd6f12f2d06de7b39c5b913876da,76200,ipora,GO
0123eb191c6ac1d113dd16c4638cba8a,918e31f72426c3202b507286882b7e6a,35560,santo antonio do monte,MG
012413f25e1a3f143b2001198e916594,99251d77284980383662133057fe855b,13880,vargem grande do sul,SP
0124a56e33d9d3da6b8340d2153f60a5,a055c63f6e34861892f05da20782859e,38031,uberaba,MG
0125bee4b30f40607261d06f47b0f38d,a4bfe05c0977b521c31704c8aa540c39,1525,sao paulo,SP
0125ed303758dc1d7e4d99b000f88768,725e7189b1c60964a244d43ef0b83d29,15060,sao jose do rio preto,SP
0125fdf9e257f064725f85d1d63085b4,b8af560ea969399b77e9b0e6644558fe,86050,londrina,PR
012614499e669f2afb78750ab13273c9,d9af8c35cbab1d9dc745f3500a9db311,4902,sao paulo,SP
01268a9cd062a41dbaebe24bd8b07cbf,3a75fe04b67f463a4cbb5cd665321cc6,5574,sao paulo,SP
0126adf5308223f7cba2e84f97ac0d9b,d2bdde0a0acca76c25b5501424289355,28625,nova friburgo,RJ
0126c89d5a7c2b7b2bda098668c7526d,56727e990cb63b930b63d8bcbfa08ffe,28200,sao joao da barra,RJ
0126e712caf48d6cf32ffbdce563d2c3,87c1421512334fbce198a15504d64523,6406,barueri,SP
01271eb2284947f2e2abbe53fa15730a,0934600022d7017b02d95ef574d80d02,13690,descalvado,SP
0127d98d4a7e205081ddac271d6b8e52,c0f2dff1f913fe4237f13f4c98ecdd5a,3644,sao paulo,SP
01287ad2456ffbd365f2e955dbbcebc7,27d873fe972585d1c6feb87449bf91bc,22011,rio de janeiro,RJ
01288d72df4b2a4fb61182da4113ceab,5b93d204e1d3130dd6ede5da588c0bcb,50050,recife,PE
012890b678dffa039b23707633b2eff3,0a967bd086132c6daa8eadaa364c91a1,31160,belo horizonte,MG
012938ae26ceaa758b735826636366f8,b9b7a03c01ed2bd7b09072f575faaad1,8490,sao paulo,SP
01295bcfd2311c7b510c4c697f82b6be,081db5695359e3bcd5b781ff97dd60b4,22733,rio de janeiro,RJ
0129ed0b91663e92e982965f3a6245f6,74ec77145a467b1a96152aac1c3ab137,22461,rio de janeiro,RJ
012b69962ffef2be728865fe6a90359c,86b0aa3acd7e8f7427c8915780f5cd27,66615,belem,PA
012c207234cf4e33fd21cc9bbcb2d1a3,597d4977a08cb545d03b78f118ef0a08,3303,sao paulo,SP
012ca3bed937a20fa19642e8e53d831c,f5344c7feb209d1e8a9de5d60ed79331,19360,santo anastacio,SP
012e0c27bbc549e7c249ee9042d58f7b,7fb58ee27f8074e833967c1d607d4452,41750,salvador,BA
0130b37ed963c4a595792582025bdcb0,e47adb6f53a1fa2b49599b756eaf4265,7841,franco da rocha,SP
0130ec6b73b4f7fb58e4a4a78774b47b,2050d9b9721b1e61a6110666d2b2a2a8,23050,rio de janeiro,RJ
0131193f8b1b149f85f1326ac337effb,3052fa07cdb3c836b158402ea4ee6fb8,8151,sao paulo,SP
01311c3c93d566f9b8991cd06a0d33ee,50f604697bed2e78f1fef7eeac8362b8,4002,sao paulo,SP
01311fef2cb7553344ac33c95e196db1,d49e0879143741c88dcef7eaee470554,28010,campos dos goytacazes,RJ
0134ab2fb213ed322c3ae3b0e051582f,910edb03fe69cbf4c909fb359d9e9564,4360,sao paulo,SP
0135196a168da02f97f00b7300af0baa,16d9c38e02ee1242cf1d9080e453fe9d,4842,sao paulo,SP
0137aedb5fd652186dbf05e49d78db59,ccab3a81489119980484135893a540fd,31560,belo horizonte,MG
0137af0a69be6d96a77314fa91324ff5,8f5cbeb89396d69fa2bad804222a6576,21051,rio de janeiro,RJ
0137bbd3e8c493cfa735b98ef18bd1c6,9403933633aca7e3c413927cbf0ccfd5,30140,belo horizonte,MG
0137f0a46fd3e941f09ead2566bd6408,f8935f608ed11f06cec5ab977057511a,88526,lages,SC
0138300525351148ae5c0bfe11efe43c,6eb8e2b6fcf8074c670ebdac39ba6442,80440,curitiba,PR
01389f4d25fdacc049ce7dfe96c259e3,2e0c25db86332e0bc2f391c885747c3c,27963,macae,RJ
0138bea323fc76e6968c0fa28a35d9e8,513d16da25fe4a05a17d556b9a62e2ae,9195,santo andre,SP
01391e5f325943c1d9dee9e6202aa7e5,99aba93205c163f13fda5babda17e6c5,38320,santa vitoria,MG
0139721501e0a6fe8f79253f6794ab2d,1925cc188b54d035fcdcf391546a675f,6463,barueri,SP
013b46f9a2576623a655fd9469b7c583,7ee7b51e84d754f7a627c51c473d670c,17800,adamantina,SP
013bdb994a9c8f09fde3f5f543e698ad,ba425b1bf6cab11cc601255a30cd3bdd,69950,manoel urbano,AC
013c39ad671a385ad47e7d108dc6517b,9e72470a3139f0c9b6ea5d48a0007423,25961,teresopolis,RJ
013e49bb711629177d848e409b7566c5,a4ec2e3d635afbd7f5e420bda0b15861,4578,sao paulo,SP
013e4fc1800b9973a92b450d18c4f658,e20250548f286289e38b1fb5e04a859f,2161,sao paulo,SP
013e5c6a0f2d8fef75ebb90f05b0ca59,58920cd5aa8f69847b28e7442950b490,8725,mogi das cruzes,SP
013f6eb268d33338ee175ffe2ed24204,10a1ad3ff5f9d18ae0ee0f0a2d6d74b1,23066,rio de janeiro,RJ
0140bb3a2e24b8dd7a341eaf707b440e,ac61539bd1e37ef9fc8b951720d90bdb,18707,avare,SP
01414201d70bd508e1eee33ff67d2453,51006dd5d7be37e9f51110da07c3e7bc,12243,sao jose dos campos,SP
01415cfeb907d8ce0e17075b4c097fe9,c2154b6ca788852f644e6f56dc7abbe9,5409,sao paulo,SP
0142101e44b97fe8041e8bacfff65ef2,3c9ee8e3d67eb535effa8ee1852e8af4,36900,manhuacu,MG
0142bd3182ef8b08ecc4182dfd4ef811,6308a12ac077366a81ce871c6b5c7f78,65750,esperantinopolis,MA
0143daf7466a5e7886eb9d1738d293b6,51e1a99e6888fce6fe3a58ef48cc8fe1,44550,sao felipe,BA
0145c94f89448a156864199db4c3b826,021f9b70becbc032905f24f7e6c2d7d7,27313,barra mansa,RJ
0145ffd2fcca22ddeebbcd95f7ad890e,c8fb284ae00d32a177121df1a57d88fa,3322,sao paulo,SP
014693f265c4f52b8c1aa9eb8cd197d5,6b8c64a9320a51ad29012e5fbb9628ab,1424,sao paulo,SP
0146c236b4c942e0ed107444e8a90463,564feb90710b4f84399f931fa97ea704,88130,palhoca,SC
014734aef2673760779034c8f95ca598,41a8eb13e0e31ada950291a25019d3a7,13087,campinas,SP
0147fbc5c91112d914a4f4a480a0f09e,0c2018c190ac0a6c5a02c0bcbfaf2129,22060,rio de janeiro,RJ
0148732a691a6f017cca48bbffdb172f,ff85a253905887f4e7bb9123cf1ef4f8,20220,rio de janeiro,RJ
0148eb6c4d23d56432bc3431ee6a5bee,4b87a5d6550afe5245114fa21bfa4d74,9530,sao caetano do sul,SP
0148f71e97a15ed3cf071ea28250eb87,7a58b4b37ece4d202545b0bf98a18efd,98960,santo cristo,RS
014945a1b791b4b3585bc9d2e8a85d82,f9440ee3262032e0f0ea6ab93edad013,5346,sao paulo,SP
014a61237c010a8f59e966e34101520f,39851e747ed812dd9ce65dc9b3d6a00f,29309,cachoeiro de itapemirim,ES
014a9fe1063cfc79c804affbe855a70f,a31135408270af483420121a53765a94,13054,campinas,SP
014b7917072f3fe8c9ca37d4043c31d1,a50349ca8cb5bddb3a60eb56e4cf9f07,7160,guarulhos,SP
014cb897286d70935bfa3c8eac776b76,e1967ba1b15b23a95519bf8cf882530a,37552,pouso alegre,MG
014e22ebe12fcc0f03d5f3ed1d15f86f,cd315f6bf86d704bf9f8d60147c8c8aa,58036,joao pessoa,PB
014ea662e1cd7ed36b3c44a9539bb34a,9973fd5d5b3f112fd146bd9c640e7690,22081,rio de janeiro,RJ
014f2d069b53eec84aed9b8c1d5ef270,0d88b12063c0388a66ba0b8761c3ffa2,6329,carapicuiba,SP
014f3e3c0e2ca31a15e844bdf3a25cfb,eb1c13ad2fe7d3fbfacb2343a5351b5f,28055,campos dos goytacazes,RJ
014f4ea4b3ed7aaf2db2f8acb6d96e75,5220aec10c2ca305aba8f9c3d7e8b5a3,9950,diadema,SP
014fb09b34197c57ae3c77a43d18475e,6b2766da6482d51ff4604a31659ccabf,30575,belo horizonte,MG
01503d0b64036165c2f202b538de9308,24b7abbf33bbdc59f1a7bc607e71e119,4135,sao paulo,SP
015041e1136a20f44f9cf4bbf29df823,9294c25a3c8bf64d665f706aa33a675f,85460,quedas do iguacu,PR
01509d555b8b6775f5847912d8c52d46,cb296f03ccd21cfcb3ba0778c4f3b7d9,12942,atibaia,SP
01514a0b29d64250fc301b3413aa0ba3,af329b8b816bc8de251c365f45c848af,86088,londrina,PR
01531516bcefc94ae2fdde494db9fa3b,34975d20364a131ad6c6339c4f5c786f,1307,sao paulo,SP
0153b54842840a90cf35a8cd645c6732,339f58f9d7a6a777891869a46af5be25,86036,londrina,PR
01541240e24ed7cc26a5e0dd60c57c30,0488f8e76b2ddeff4d52caa56df477ff,23060,rio de janeiro,RJ
0154fa29866c388925f1cb6a76f41368,6ce74b4f138091ed0725662a2a5a49ab,41701,salvador,BA
01551ab70b4a96a82ff74e3fdf027837,24309b7b0b9526c167f5b54c302dde7a,95185,carlos barbosa,RS
0155478730861c69019d0a41d9bc98f6,d12bace10e873f0f8c045c9f1b2ebffb,89050,blumenau,SC
0156badea44f4ffcaab3ad7572b69e28,afe73cfac99dbc1c8e67cf99091d61a6,84900,ibaiti,PR
01570eff130cb5aeca5e6ddc6c14a6ae,bdf598132b2804c8fa2d548155059d0a,30315,belo horizonte,MG
01571872abf22fe5f1be95d63d768575,a78c6edd8ba14885a70e81135fa5fa2d,38057,uberaba,MG
0157cb863b4453c43468f3825dccdf9d,7dc30b655870459930b7c7960205d283,90030,porto alegre,RS
0157d2d9039fc91ade6a389d733d8a16,8055d0ad30e60e69056c7b8174f89aae,2403,sao paulo,SP
015895fd0bf723100a64b0ead7c69cd6,ebbe2f9f5abdaaaaad1d0999207e9362,13454,santa barbara d'oeste,SP
01592d05fdd8a6deb7716ed80a0d18a1,ba0c4da87f8b5170876eb429fde7613d,11533,cubatao,SP
015aa1d1ff5524c58b9f0d06f60375a8,7e7382610d6c06ffe9f8fc3ff566a21c,13417,piracicaba,SP
015b2612205bc9e481b7443591eb08fb,df136c686804f763b62d6b3bee85ba70,33913,ribeirao das neves,MG
015bbed5b941c909ebf091ead5eb2a05,b854fe698a5384ebcadcdabe7ceebbb4,86300,cornelio procopio,PR
015bf7d488097b3b632e5b19f1c7621a,a4c52e5db22de71bff4d45444508f3f5,11453,guaruja,SP
015c3378ca571c1468e2be925e4dd502,bb38036d665e6ced7fe3cd7192f89b6b,39795,sao sebastiao do maranhao,MG
015c5e6d8c584992072dd7b69f2fad3e,baad97a77fafd04f72a7f874dd67b37e,3589,sao paulo,SP
015c9c9ba7524dcb69a8a6d2f383db8c,51855c3f2ea880a51f27afc4b49f660a,13360,capivari,SP
015d0c1d91a5b8042fdc425b5e8c8259,3b9e4c58ddb5c57082fbfbffef158847,96020,pelotas,RS
015d22bc2ece484d2ec7a18dca4bfd66,33e70bd20cd3b69d8291b372cf022ea2,72592,brasilia,DF
015e106d9f62b30e48b97bac868b48e6,1cd312fe8d75e3b57e0a9c58eff50090,6710,cotia,SP
015f98a7155c15075a5f77a37a8205ed,d2e995b81ab48e84663e3d04383cb3f1,74645,goiania,GO
015faf9ec36eccd957c0f2782aab09a4,dce323533e45e74d215e0fe7fb114118,24710,sao goncalo,RJ
016025d2b068f90498479376f9bfcca1,c5365631fcd0f5ae1802e798e1b7d692,81935,curitiba,PR
016112a43e0319656ab0b25e1d904171,66eeaaa6c61aee3fe0329bb54017a3bb,6786,taboao da serra,SP
016187b76ffe3a8b7709732077de2fc2,49a46a9ac7e72f7ce9e2a6007f4d33e4,31330,belo horizonte,MG
016199ad9f839e5d3e578fbdeb6f227b,f52326b181b36e2a37b8a0419b4d7f54,21011,rio de janeiro,RJ
01621ab81b760e6e48e8eb3a300c77bf,7cc783df9242724b3978ad4c65051413,4296,sao paulo,SP
0162379b4069e08e04a6631bc3e9f4e7,61e89797032f79e1fee1c00caf924fd3,32280,contagem,MG
01627a580ab45fa2f81561f3a7bb1d93,e0b2ba129cb12758796556b90d86cb21,37110,eloi mendes,MG
016287d04d40c3c1c9625588b9fe4602,08fa6e593b2779c2d3a8de886efc5d9b,6330,carapicuiba,SP
0163303a840691e9f9378d1e41f4849a,2db30afa2e791f20edcaf11c2522572d,60744,fortaleza,CE
0163a9517d96e283b1a883de0e71c826,243bf34f2f9c8c7b941e3ad4783a4b10,13070,campinas,SP
0165051ac7514aff1b132007d915622f,ebfd11f20986b88de98c61d9609c569f,42840,abrantes,BA
0165da25e09d5c73a6d3ba6443d202f3,f01ac5999f4a605533a8648ddf717b7f,35054,governador valadares,MG
0166c4ebd26a021fe864a0b91761f50f,c3e6117687010fa03915fb7f58a03648,15130,mirassol,SP
016784346c1119828280815c2c6dda98,db6dba0ae8da3602079c244f669fdab2,14200,sao simao,SP
01678728396c1d107b1da8e70cd63423,8db2896e35e735bdc1b49059eb94f606,24435,sao goncalo,RJ
01681beb55e1150f18db54277a5508e3,ebf82681b73717d19634513f5475db9b,28630,nova friburgo,RJ
016890b20bac6cd8155fb02cd3ec3e44,618753607eae5ce77280f5a82a2a730a,37550,pouso alegre,MG
01690063395d386d320ea8f5a60cdece,a9fbcde432c048fe5741d2c14006640d,65930,acailandia,MA
016965c9f3a690af0314cdc8389c28e5,bf59acdae64e9900fd93e4847baa1978,8080,sao paulo,SP
016976e1a8808cdefd68c7080e3899fe,78d728237c4821f25508b773d2dc1dfb,4176,sao paulo,SP
016a3b5b3185854fc7d9ac763c825494,0f6c3f9062923296b68c21ff8bdf6b59,13808,mogi mirim,SP
016b15d60fe523cbfb8bda340e0cd769,6565bec16e94ea6cf4486738d50c99a0,4564,sao paulo,SP
016b9c55722fc080b0cbf76d663449af,4185a980aa805f27e1191f57e53bf2d5,72015,brasilia,DF
016c54a71587052826a1ce53c8c6b1d5,d06b22dca368b029778978fe80ffec43,11330,sao vicente,SP
016c5c3fb572754f302fdac24aa9cfa4,c6bb2e116c8ccaf3738a685ba174b675,50721,recife,PE
016c933a6a74ad49e6e1858462a7ae4d,c0e225d0df8cb735da2039aa8a6f4cd5,13468,americana,SP
016e3f83ffd18b9394a289a5897ba461,141d57aadf94984e72de1bd1cc87c8ab,3578,sao paulo,SP
016fb9a9ab3b0b9f1d9e7438236b3fba,a7740806da4b66c8c4f1c8521c29399d,30690,belo horizonte,MG
01709d66652d26124875777dda46cfac,fbad078fcfca26a3127967e603b94bfe,3407,sao paulo,SP
0171707ab8e7ded84018d1172aa33c51,1648c72f7e1465cb7e79420fc9e91fc0,20775,rio de janeiro,RJ
0171c99239a82a0794fe3e4016a0e629,c27c0dc7daf5a28528dbde632b120c11,13573,sao carlos,SP
017245b7b19b3dc589ca95daf778253f,dc8ffddddb55f31312cd73bdc6e29f16,83880,rio negro,PR
01726eb77399165550482a7037fb6a1d,f8bf0d2eba6b6a3ddf735928f70922d6,20521,rio de janeiro,RJ
0172748409ef8a6fcba0660cda36f38c,f561632522774ab728bb93f8f3ab5e61,88058,florianopolis,SC
017395cf7b4c0be4fa72650f0a8184ed,10e49a12540465d3141f898aeee0a6b4,75800,jatai,GO
01752e42e854180a9dac35cd803f4e33,88b3be89ab356e8203963d19312d5660,42708,lauro de freitas,BA
01755c16c986d88fa552ba8d7da81876,6ddc1326692756ab6c0ab86345bf37e0,65500,chapadinha,MA
0176d6c1606400bd49c88871e15839bb,e359c198636cbca8537e6c073d2d9551,24421,sao goncalo,RJ
0176dd91cb1143804dd30b2f4968b23a,a3fb9034662b9eaa79ed63a94b03a48b,30672,belo horizonte,MG
0176ec1982f9f3aa628de3a506191769,cb97135458c20106bf438738fcc09f08,20241,rio de janeiro,RJ
0178cbf093400335e3d8fd88851e6bf1,a52fecbb34bbba7fb780daa728e83204,35585,pimenta,MG
0179f2f4c32e0b0c2a4cb0d57e7d5a26,064fb6f70338688d1372235d95d92ff7,22723,rio de janeiro,RJ
017af68734338e58b5925665038650ed,523e25fb475e982925556f0a363e7891,22260,rio de janeiro,RJ
017b60010b64f28dcc98161205bbf51e,fa1dd6178e738a81cffa3efea1cfe827,6411,barueri,SP
017bd021539ebd414e15ef9aa11301ec,face788a13897cabb1be5fd1fbb2f468,69042,manaus,AM
017c416d7047f02aea089e0ce017e7bb,9f8644a89f967bee539feb9fc64a43c2,9450,rio grande da serra,SP
017dd3798ef0f401392abdbc129d78a0,cfd8e25e492965efb735946dba2f2daf,4844,sao paulo,SP
017f022018ad01373771ddfd46eb5dc6,96b46ca1bd600ba39582390674b568db,50020,recife,PE
017ffa5794b42a3527159bc0aff69a62,7cb652b87791e9b3d5f7385fef432b63,83085,sao jose dos pinhais,PR
01813ee9f6884594643a63fc9eaf76a1,d4598f80bbe611f529f578021c1f7a07,14802,araraquara,SP
018150959151a39894d01128bc358aed,97e42e3e7b1f76dd3c04a0aac41e3173,16130,santo antonio do aracangua,SP
018184ac5f52a821bb00f3ef21d75799,54fc4ff419d5e05db5fe42906bc3da98,63430,ico,CE
018346fb20f70801a88a7b8c6dbc2e31,ead836024f59595707c0fb51d9c3463b,48800,monte santo,BA
018445b488e6156c2fbdf926808d7228,61baa5b648de033dc4fb874199efc3a3,1523,sao paulo,SP
018447394d87c7921d8ee1fb40d91d90,c38af0f4805b67b05b7f6687846d139d,95088,caxias do sul,RS
0184a596785fae3af62eb04f7c4221f4,7cf6ad5293836d05e22afaa6accf18bc,30140,belo horizonte,MG
018546fb1415356fd93cbd77a4338124,eb1dab35f5ba80585bfcd98655da9bbc,52070,recife,PE
01861d47cc473c84cecc3781619f6924,97e7943c5301d311f4a317db77a54dec,71015,brasilia,DF
01866d949d55c81c28d255114948b72b,7ce5c1a457d7d23a2fca222d8f3d37e3,4911,sao paulo,SP
01870df5434a15efdf52f02d895d3931,9aa566e69c1e42fa9a801abcd8a2993e,63250,milagres,CE
01874b138de5f4447517558ca0d1a3b9,7eb97a6a454479b6ca97f6928368d236,13060,campinas,SP
0187f8ae367bdb9efa1bb10c65145b61,fdef3417d316c5b0a55584ce06e96448,28030,campos dos goytacazes,RJ
01885ec83523a343957047b0c6fa830a,fbc80b4ae95e3dcd2cbb507ac84c1b99,24110,niteroi,RJ
0189d5af848e550cb6e4e03419e13e15,e67bf61480d4ac433bacf42a874f74cf,65609,caxias,MA
018a1c3096d2b2bf4a869cc213c03345,f21b311edf78359967c818edc33d83b1,9751,sao bernardo do campo,SP
018b4fd25720e7fb0de00600f3aa0947,8c5a8945bec366bd1feed207d19e9730,14802,araraquara,SP
018bd804612e66267d4dc4ac8f8b98c1,7790c5e57083e41620d71f9824c64eca,2436,sao paulo,SP
018bda31a2c6bf06aaa67fc91f63942d,2b5ffb4c42d26e466ad575ecce365aa2,22790,rio de janeiro,RJ
018c66db66454034193517ab79423f70,afcf95b63cc76b26655dd5caaba3f2b4,18078,sorocaba,SP
018c9981e6704cf8fff79db3332a12f7,ff01a1330fa29f94b4d69e4259f6f3e2,24934,marica,RJ
018d3918d60c2e821b654b8eb4cfde55,2d76a299ed106e5d6c3ad726c1397376,25070,duque de caxias,RJ
018d655fe703cb7b56ee34f117429789,1dfbe9b49e39fd37c822347870ad76c9,11040,santos,SP
018dd62c0671714cdcb377ee17e2110b,50d2c24c89002a405af197bbc03852a8,9850,sao bernardo do campo,SP
018e70256a4328c4450b52947144f50b,1cbb5b03889e8ebc10c044b0be3b1c03,4118,sao paulo,SP
018ffb868962388b3ac93b203a8dcbe0,a00921a9052e43763c4a7f1a7dbd7f18,88385,penha,SC
019017e9f8b2c0e399f1f00e6e87f306,9abae9882c1fe2471da597f874c3e09d,4709,sao paulo,SP
0191e09197e54ad2690c3abd44723c7c,1c9c388b08a7e68a20cff3c7b7f2afe4,4783,sao paulo,SP
019200fa574c9eda0fbc82c71fcc8fbe,7530369a1ddf13882910895b0559423d,3951,sao paulo,SP
0192827582be43c2180aee98a48933fa,031cc9f0c34aac1349d8a7fca3814d70,20050,rio de janeiro,RJ
0192b93a11b1f588d6f19888b82d02bf,13784315377079cd446a18c98dd70591,28035,campos dos goytacazes,RJ
0193c07a4b8a38ee92bdd6535de468d5,54732c804725f94304b9f2d1107a3d6e,88020,florianopolis,SC
0193e732775076a20ff2fa6fed46513e,f3de50f48e26b4ae2b1ae6d0e27e1629,96170,sao lourenco do sul,RS
01945b2f58c2f472fb2a5a582f8042c0,2d3a722643ff7f24e3e70952238d0746,97753,capao do cipo,RS
01950e4d4d0f0f8561e721ad5c8b0f9a,9de756cc22c1ff1352e519c5e8ea206e,36013,juiz de fora,MG
01952039ba4abb6c459e7b6d62a69d7a,7f8bac457c1d938d234436386853ed53,78890,sorriso,MT
0195699b3388a65b55eab3dd04f48d1a,09ecbbc6902ae2add46294a42e3a59f1,18611,botucatu,SP
01961d1b276640f460e6061e7f28873f,60dce986762313a6e0b5d1ff0ecde379,2936,sao paulo,SP
019681cd120e7fe89ebdd06172639f58,32b55e3ff7aff85f38bd91db0e006b30,78600,barra do garcas,MT
019689350fe9ec51d6d9fcd76119e2fa,ea17179ea9cc9d0c8e4294504b6339ea,9861,sao bernardo do campo,SP
01970508b13705f57b760db5f8f63217,61ce0c821dcbe4af94bb523ee77f72ff,72460,brasilia,DF
01973489089879f533dd627cad53e7e2,c9ad7084604c389cbcb85ba60d8a157c,18510,maristela,SP
0197368f9bed3b6ac07506404f78a155,905c02d92e9093133b1147786ac65926,3057,sao paulo,SP
0197df52c22d6ef0aa52ffb63ac80404,ae3b415f236744102ea56e54097f16f5,21750,rio de janeiro,RJ
01980baf1c23e7437caf43ce20455d0d,05dc31852040e5e6837f220db434be1c,22780,rio de janeiro,RJ
0198441fd94fedf81ba98683f6449a1e,757748a61826463bff1c7a8279ff6b1d,13940,aguas de lindoia,SP
019874e4746e94aecaaa9494661b9f26,6b90870791b88e4300c3e15816b18660,35701,sete lagoas,MG
0199164bec886c94218205248559d7b6,90b1c133c701d73bea3f50a1d78730ec,13333,indaiatuba,SP
01993877990b2565abd4e3d741c45b79,9e6890852705a77f9e1ad72395131f27,30441,belo horizonte,MG
01998a22ca4b0c83aa13f2e8bec67c81,1d077f9fca72599b35fd98c617d458c6,94818,alvorada,RS
019a09b9518cccb899cde6033ca0af68,6ecbce93c4d87e35407f2ae34725e341,29175,serra,ES
019b7076acf0ef17a372c02e8b170cb4,1077150be9a3addfe85f0b44a1497c89,14403,franca,SP
019b7b400189d67c8b75754edd1919f7,b25a21b56a2d74da49e04cadbc9e0dd8,41705,salvador,BA
019dc2cd7ae165a706dd249829e0e1f1,5e8a254b9d665ce56e2d404678560ae7,89112,gaspar,SC
019f5bb93ed18dd059051c3f81abe394,e374cc2cc1cb40c3dd3bc070a13665f0,9896,sao bernardo do campo,SP
019f698e086a468627af26baa7babf16,0fa57eed3983b8be7986bb7c3c2c8987,1240,sao paulo,SP
01a0d45a369a4356ac4652584652109a,611110d26326c28456ebe437516be00e,14806,araraquara,SP
01a14c29b06fa1ecdcfdc1b0afae799c,ecc6e5e96fe666e11c6a983d667121b3,29090,vitoria,ES
01a1579cd07b292799675eeef1e9561c,8d6097a076567b93aead8d628a814b2f,35440,dom silverio,MG
01a29eb8e6d484de55f3d2a9d6b7bcbe,f79825029e2a25c3196ee34f87068317,99560,sarandi,RS
01a2c54f25845c02bff35dbbb7d32c77,1f4336c3226edc8d2c691509a44ac5d4,24130,niteroi,RJ
01a353696002ba824955de7bfac767b3,35203809e988e444407e13fcc4789970,14820,americo brasiliense,SP
01a4594fa7dbf53d2569e57173df6895,8d4e7986a8ba9809d1cafdc9e879dc6c,18025,sorocaba,SP
01a4d2902d92369350f7ea71bd0da273,7cc17dba063e1c6361e5d87b78b619d0,78030,cuiaba,MT
01a51dab2737347e9b62bd2616a16d22,b326e628704a6e2662dc4471885fe112,97513,uruguaiana,RS
01a52718e4ca43d2cc1da7c9209a6325,dbceb1472a69b0b7b0a56d0b9c9893f7,11520,cubatao,SP
01a56495d1c8bcf831311f5ad7f126a1,5733152cb1f37713b8dbe91142bcf91b,13905,amparo,SP
01a61e75bd333a349351fba370520597,51498d611c600d2fbc05374a3928cfb2,2475,sao paulo,SP
01a62912967c457c51f60e42eba81aab,5b2c769a6c6475aaa3a8c17d0a2109c6,25975,teresopolis,RJ
01a666b8081772ddb748b5aaf9dc8bea,8fe6dfa23d20bc3fffcb67004c992d72,14808,araraquara,SP
01a672f8689f3c466770ff1883deabe5,6e2fa574b5d96d05551f67cff12f7a54,4821,sao paulo,SP
01a7b4df1b55e01c05863134a5e587be,ebb8eccdc37e9f5778467582ad9a78c9,4523,sao paulo,SP
01a9cf1ab208a3ce5a4cbf6d5877bf49,c7472ec1990469475b1461047092f5e5,6725,cotia,SP
01a9e6a66ed15bb3c5b3d9abc2e046a4,2fd8de3e5ca34f5108d291d666c1ba58,88307,itajai,SC
01ab41094bdf6a489a201d86c7578f3f,790ed9aeafa0852151e9bf544cceb8f3,96212,rio grande,RS
01abb8df2f71f7d6e087c28c6c0a8f39,d2607f7f7e7ccba8843abeaa3e5dbee8,57030,maceio,AL
01addb430c2559dbef0010ca1d4b0989,0ff9dbc9ac3b7763d79c2c5943145dc5,3077,sao paulo,SP
01aed44f9b372a8b9a40201cf7c155a3,023626329895d11d199a1bf57dcbc546,82320,curitiba,PR
01aef689891025af290bbdc4788d87da,1f8b38300bb7bf1d1e94ce980a02b550,9270,santo andre,SP
01aefa3a069cf73167ddbe7725755c2c,8d6edc318022d1d2b7dad49d0053f295,19700,paraguacu paulista,SP
01af5e81cb5ee5e0864941d3aa58fb0c,3aff962425ee4ca6274c99ed69730320,4313,sao paulo,SP
01afc06d7738a5a4b90959f387073912,e75282eb4f2eeae963ada3334817307f,2611,sao paulo,SP
01b0099d07c9a887f45ad0e29342cced,ea45b2b884b7d5ffc685d0aed6e9a11d,88132,palhoca,SC
01b29f87009aab9f829369f51478168e,33985e3a0d3a60bb7202e818fc6cadb7,83609,campo largo,PR
01b2ab1c903b4ecd0442a3ce48d89caa,b20060de6cb6e49f4fbcf32a9effb25b,7272,guarulhos,SP
01b365dec7627509427c5503e029464f,29bb913f8dc41dfc1da7a18e7bace3a5,4845,sao paulo,SP
01b44b1e958a6a9d32db09ea5a1e77b0,12d8a9a629f690057612d933db48b895,94853,alvorada,RS
01b4d8edfd68874d23092c8fcb6a4edb,2cacd7fae2b96034c23ea93b5996cb17,21862,rio de janeiro,RJ
01b6593aa123cea222a7b4c18c3e6961,e9063e00898d88b25add862974ee6e20,64280,campo maior,PI
01b783aa8c0944d07d43b8e2039867e5,69adede4ae3342d2f37dce509635c95c,59300,caico,RN
01b7e319fb16f60c28e387d29cd80c38,c029b1b7cd441ce9c808ccf6897fcff0,4006,sao paulo,SP
01b8c0cf86a1a5e8653ccfddcf906862,55b73a9973efbb5b662d96896b06f82c,91787,porto alegre,RS
01bb4e5dc779fa3f09a2c2cdf9561f7a,17154f5ffcd58c8389049f763e2c01c9,23535,rio de janeiro,RJ
01bc42b3e58ab446f0227867f665b127,5ec88e298986ab10dce912388675740a,81560,curitiba,PR
01bd3cc201383c0055f6b128fd089f1a,e031118eb65330b4c180522f2743cf51,98590,santo augusto,RS
01be2c0c2d55c597b5ec011e26e4b0d1,0b3dc7efaafb0cf78a4796d42fa8d74c,22410,rio de janeiro,RJ
01bea2d6055eaa52f2df647590eb85e1,a71c9b34d70e8c6bae2151f4881f5253,13084,campinas,SP
01bf509b5a9125bb075e4ec58580265e,ee268d2ade52c10708989d0bc2a9c277,13045,campinas,SP
01c013b2259ff571bb7481d62fd96e67,d2727a1a6f02df0ed8cf0255234b4ada,74650,goiania,GO
01c21b9e3aaa1a629149d34fe682ce0f,dd9b5ff85c3d0ac8b89852b04ce43306,4080,sao paulo,SP
01c2a51e4844df386c8bbd058978052c,d36b724da4955220c092763d397fe528,88348,camboriu,SC
01c3c12496a8c26348d92873da95448b,1bd079614e3083a1b77785498c216420,83025,sao jose dos pinhais,PR
01c3dbf3c719c3788a4d7db4bd8ac0d0,5b75f782d337212affeaede9f07b8556,41600,salvador,BA
01c41ead4383471f6ef23bcf19aeb5c5,2454703ec6ed0fc0ec8d9b65c2b4186a,50820,recife,PE
01c45d896d5f6343ae095f6acfc2df4a,c13b742feed8c13ff9a71ba90c847820,13484,limeira,SP
01c5a393f22ed7149432cd8984aa7791,16fd891bc74e8cbc91ba0b6c4d470630,4432,sao paulo,SP
01c622ea29f8ca6980b1ff07eadff0f0,bb8b45af552ac1d5252391f7c1fc8d33,29113,vila velha,ES
01c77b0f81a1e64cc8de4f736226f7a1,4e11a713ef5224c1b4e2409ed9a05e15,9111,santo andre,SP
01c79a7d3c3d25b655514206df838701,c87a62e76b9ddba752d818984e8ed12f,15990,matao,SP
01c79f3ab2bd70b64e01c67a91843303,fe4d5c2905fb936e27cf35ec0ade8403,4116,sao paulo,SP
01c843a2c0600def0b7693dba47af460,f3d176999f9c1273045f770712608944,8810,mogi das cruzes,SP
01c9d951957a4e8c098d7ba50e8a3f9c,38019b1f69a4650e3a47d014d3e7ef12,2082,sao paulo,SP
01ca0c5af5349f53a4087605008e9134,a6613158ea14aa56bfa17e0d5181a735,13206,jundiai,SP
01cc68904d33964bd2e7bd52d10efe18,1d15c4b479b85b74daf5f6742dd3d05d,1405,sao paulo,SP
01cc7e6d45686f8424b65459f6fb8caf,081da3a79ed883f702a083f1e963900c,6172,osasco,SP
01cc8550598fb6140923843e6c06326e,372c5519d40e30b96734fec213649f25,38170,perdizes,MG
01cca8f48e415e8612b70b1c5ee759af,ee226c6ced4b9ec3a0beebbd59942d69,49048,aracaju,SE
01cd1ba7ed9bb74360ae8d7b03575b2d,3ae3020ba7a772196e5f1368d175a65d,66610,belem,PA
01cd4f08b8b1bcba4125cff64d2ebc94,74f1d1f487534183c6b5f8abc0aff7b1,72669,brasilia,DF
01cd5f54498033a3b4820866458145e4,3f67fef59c17078c2143f42c7978bdac,12010,taubate,SP
01ce9c8d021371142c40a9523f58bcef,4023f2039151d32536b10b3e5c0442db,81510,curitiba,PR
01cf93cabf578892dc3217e6601b0cef,36131d4506c2e4393ce19a946cd68239,1548,sao paulo,SP
01cfa5a92a4710ae73e1c622ef11a7f2,51ef6e7aafeef0f6fc9fed3fdb768404,57520,maravilha,AL
01d086a800f69d84ec98c276bd44dcc6,e18182c0ce568de398acb620835e9710,9210,santo andre,SP
01d190d14b00073f76e0a5ec46166352,2e5dcf79b225e8d1673671db21933168,2925,sao paulo,SP
01d22419c452ad55702fa5a9a81a4423,1572056796a130cff3aac889df5e2939,18604,botucatu,SP
01d238a78a68c0b02c73167a63f05f9e,5bb37d32974345ca14be2984fe1d5b7b,74565,goiania,GO
01d259010afdcc421652fd14d9ea6d6c,e24fdc72d520d237279a174651401f64,24120,niteroi,RJ
01d33ef4c346ccf41a296c1292922cb8,64e0a2c0c237ffa49416d01334384f7b,31710,belo horizonte,MG
01d37fd98e7840efad07c60bea966fca,9ec871029fc7ab7e5085f70ab3209a0e,39750,sabinopolis,MG
01d3b76b3d6604372075f8f2437b551f,f226f3d81fac042a2880b9d8253c7887,11070,santos,SP
01d443a484536e8a8c520f79dd9f6ad4,c7a71f7c54e8e3cad9f4fedeb13f45af,89820,xanxere,SC
01d444480a8e7ed180b6c5cb5993a273,7ee80de1a077e0aeae1783715ec36476,6900,embu-guacu,SP
01d46d05097a25fb0d755e86ab3a6fb3,cc0a20a60b9f024e1dfc45b4e0ffd444,3086,sao paulo,SP
01d53422b075158678043b0c49b83d66,2e24305305928054deeffaa38d2ea563,27276,volta redonda,RJ
01d581c1d75cd6e7a5315b20589b9944,b5bf139e95255dcdc5eba1fa8e4ff98e,3324,sao paulo,SP
01d5f4b8ad0b26863ed1d231a7e067e9,2905d3311b2a67382390f97d14e9d7b1,79041,campo grande,MS
01d5f7506a41927955ef41a530329c30,ef13abbd47a1708370f8df7899582a16,38440,araguari,MG
01d7603b563bc426e2eda5e0677e714b,ddfc56800fa6a7ebf02088a3bde471c8,6050,osasco,SP
01d7e86d9cc4c847baf866cf8f0d0536,749c9ab52d7808c6cd6ea8a6dd960f55,56302,petrolina,PE
01d87bd7900fc721cf5122c47b1d3a71,42649711a50f087d98d6128339e65899,84500,irati,PR
01d95b948587656bd900ca5e00983957,731a127666e5bc79810ebdc48eeff385,5531,sao paulo,SP
01daed34d823dc01dde342ce1bf38fa3,4923da242e567feb7c946681a3b3b051,2441,sao paulo,SP
01de8fdab9ccb256665253dab73c1509,6af4044a36cafc05bb7c43494a3fd874,23056,rio de janeiro,RJ
01dea2b11c15fd0f99bfc256d288410f,9e111e7c220010fb2693d4821c01a325,78690,nova xavantina,MT
01deaf187077254cacc4e7b4d9d7bf87,a27b2dae72cdb40af6acf3b3389a9c2b,14955,borborema,SP
01e0d4fb731e6ee47df3f3f179cc0a0b,9a47f3ac5c51599a24bb848c16ece5f4,5633,sao paulo,SP
01e16f5204e8741494af3d5b4c355128,5923c024981ce1b639350a147f4efcf1,13040,campinas,SP
01e2dee0a2e7464a701d0c480225501c,36def45e1f60582815cbf52cf3c33b1f,13098,campinas,SP
01e3b59f83722a3b5c209feddd2a0b84,2fb691b537417b45297b69ac3bb59fe5,80530,curitiba,PR
01e44a7a40e6456dfdcab17b65106fe4,fd8449e3a94b6acf9a684acd1b2aded5,88090,florianopolis,SC
01e466f5fd2937b4ea4a18eb9963f9ea,7a59e6b746e01c279424d73675d3fe8b,14500,ituverava,SP
01e5b020d9c4f26539154b00f632e3ae,e208c1565f7dafbab63310a957a68174,22461,rio de janeiro,RJ
01e5e7553c95f21eda0aaf0da6e0e4d1,02da4d32a2cf298f82d850d77481da0c,8710,mogi das cruzes,SP
01e77dc6abe6f9991bbf5232b5c22d2c,9db3d2eedefa53d6ad2e79cf069ae021,7951,francisco morato,SP
01e8d5326e968623bf4f1b620709c1c4,6888ba03f09a0db7f9511eb287ed410e,15025,sao jose do rio preto,SP
01e92a3b160b9a3751ffc7cf52dbed77,7ca927e2dc1febee7484b42dfac3c9d3,11925,ilha comprida,SP
01ea4160e63a7ce5101967e07ddf4c18,be33ce67f6c02b468b94afa895a955fe,34800,caete,MG
01ea69b195809e2a8a932de44d8c0f73,f8225ebff85ec458f5ccaf4adc3d2dbe,11628,sao sebastiao,SP
01eb5d87b91efdf894ea8fd03ca2a188,faa7e7f203cbf27e147b9c293b51872e,13820,jaguariuna,SP
01eb75533d0297e3a47f6d40e866455c,a9cb618eeb277ea66ffb0681cca2a504,90020,porto alegre,RS
01ebd22baace52e484a1c52ff136ebe1,903db28e56c4f89d0909f6e8ff7c6050,11703,praia grande,SP
01ebd7292a8ec3c547e0876d1aa4b3db,004f84d065096f3cedd26cf0adc80b9d,13040,campinas,SP
01ec27f833d99e889b944c5112addff9,dc316d7b72678f31955bd54ee0b4f58b,11065,santos,SP
01edba0c1380aa0c91437bee4b7193a5,321606e7fd388f26b3a6ab005fa494f8,14403,franca,SP
01ee3674cbbee7421ea03a3549f0c74d,6b7d9529319d329dfa074692573fb187,58040,joao pessoa,PB
01ef9a979bab9ba62386d5abfb646cfc,59e9dd50f3e078818c2faf3de321c6e0,90520,porto alegre,RS
01f122c4617c17afeba8f9bf49babfbc,9e7dda935aae28fb55d7170f335e9826,86046,londrina,PR
01f19842d7bf8b1a9af62d553807e88f,0a400ccd12c23c9589eec8082be5261b,15370,pereira barreto,SP
01f1b8e88d206e16909ed8c49f480e9c,97b656952c141330986da2cdc4d55b7d,86900,jandaia do sul,PR
01f1dc6000f77f9b0807f01ebde9ec12,5cb2131024e4db17c368c812dc4b2fa3,22743,rio de janeiro,RJ
01f2ee4cddbacc178ecf73bded88abab,ecf2beb50aa1735749335ce3a3bd6806,57313,arapiraca,AL
01f4581bf20e14d770c5de782d7ee783,2a07bb527e9136109981057d48af3924,13564,sao carlos,SP
01f57b226a3850a260e40698c2bd2fd6,35795927d35685ef7d5bb2af5c66f1b9,75113,anapolis,GO
01f5c92b138f7260aeed5a7aea4d0af4,2ef37525237ec4c3dcac01a5b940a0bc,98930,tucunduva,RS
01f619b964e6c75d7a6e529951848001,11306fd95d7609c636b6e375f81baeb4,35600,bom despacho,MG
01f7155995c6d4cda4fab4d36293d80a,a74057eb042b356fed179ed2a6d2311d,83326,pinhais,PR
01f73b778c4f92ec0b55fa90e306d82b,5905f06037102e84040dd9b40e286d7a,79051,campo grande,MS
01f7a6194359c08da2d2c27e1b52101d,244a120d690cd6525b6ada0973d9b07f,5541,sao paulo,SP
01f7aa57edc08e2285a8564127cf61f5,6ed628057a5c2de01ff0ae9d58899352,58071,joao pessoa,PB
01f7b7a4e25cda9ce48c0f7263f7452d,e55fbf4f9ca883b98aeaa2b149987027,29400,mimoso do sul,ES
01f7f5d4ffa43c8b8d2ae6c7628b0aba,f906de91f4e609f51713929edadb8fff,97060,santa maria,RS
01f831a3745969dca7b974014c4d4344,36fd23d5c40986f79525271e5e980310,30170,belo horizonte,MG
01f841d4c59e8b7634174ef72a75f81a,bdc98a892c4d5a526373afd38afa53ac,4138,sao paulo,SP
01f96fafaa1d1e365ad47f54fba4c106,5788b89c1d6ae5994dd642df916ef589,47640,santa maria da vitoria,BA
01f9be48b48de8870e94f9744bd6ed7b,fbb7bc2cb19342a739f67026540ebc53,78068,cuiaba,MT
01fa00e0304cfe9ec92334b323841744,618ea9a8cb3ce57899efbd62532ba6e7,36201,barbacena,MG
01fa120273bf003fb142073c53b27e86,d6239720d4707e301f1ff0c3e0533483,41207,salvador,BA
01fa32b1d1151078cb954b286256df42,dccd1a4751f4983ea37c63167df47a34,17512,marilia,SP
01fa535b377b96fe00287149f6f01441,95a21b7f1fe129295660f6d6159eb1c7,28680,cachoeiras de macacu,RJ
01fa97994accc8a76cd66d477a124ec7,582183483d33018384b309d31c45f353,19360,santo anastacio,SP
01fb2aa709b6a7a424268503d97fc753,08bdc46497e4aacf80a1ea0aaf9b3dfe,23870,vila muriqui,RJ
01fb8712cdee539fb967502da4217019,5209149e0cf2c52fb59b187ddb43416f,22451,rio de janeiro,RJ
01fb955db98cde5399bd9d21e88caa9b,f653353094455f08debb51d45bb3cdc2,89600,joacaba,SC
01fb9c979f94a851f92484ae6d6bc41d,2ce5ab213c50be66dd4b323e0cdd09ef,15780,santa rita d'oeste,SP
01fba1cb73bbc4533bde8318035fa9e7,4080c1ebb0a347ae1cdc497e54b2e886,20081,rio de janeiro,RJ
01fbee52c3fc5a8c9df089a6b48ec60e,01cf555dad51551a56a1bdc9fbf2acd6,25510,sao joao de meriti,RJ
01fc05160cf790b9ed54ec795ff07688,225e63e9d240db566203b1ed918a809c,20760,rio de janeiro,RJ
01ff2b68ecb885ebd063584cbde546e8,d4536235847d763178239515620ca074,13602,araras,SP
0201bb51c671f43f4e581e5c3fd5eb55,6a834ffa571a333c7e753a72967c3456,27943,macae,RJ
02033fca76b4af0eda65418e673b5a57,81db097ffce4bd958cfffeca7c41e301,5061,sao paulo,SP
02035a6c43039fa299e0492df023bad2,e81e9d35d842afb8fc184b1ba90a7a74,6526,santana de parnaiba,SP
02036d14d9326c01a123bd83626d48c0,59d8d1ea35c02a6a070ee29944b0ea86,22773,rio de janeiro,RJ
0203e70e371d45dbb6db12bdc49cd70c,330692f22ca30749f72e552e1d3e003f,3322,sao paulo,SP
02044ee0862ebaf88a067ba1f74342f7,60628ba652c6c0312d4306f8fb66cacd,27340,barra mansa,RJ
0204531aef74d85df77159315dba211d,1113b3249a1c76053f606ca1ab1a65b6,9271,santo andre,SP
0204a63d458a2d9495e82ab5ea7fe40f,817a088c8362cb5814377a31882ec667,14030,ribeirao preto,SP
0205014bc84053ecae74d11d89f35f3c,15c55096f55b5bfe2ac3a08ab95b807d,37137,alfenas,MG
02051904557f3bb3741f7b233dfc5ae2,094d93181d7666535298031625418b08,9831,sao bernardo do campo,SP
0205715514ce31607e0438aa7421f189,1844b7d5e904e6b39fd4518e9c4da815,36507,uba,MG
02060b47874e560f104dad93ae22e6f1,2a6f1c54c079bb319508a8278df9febc,54250,jaboatao dos guararapes,PE
0206228d8670e47531b5d33d7b79b82d,1471f54e4f49d70892a2706f71293e5e,55641,gravata,PE
02077904459251edd6b421b05fae711c,bf729deccdd7983078c35607bab21a40,22231,rio de janeiro,RJ
020781297fe6482b10c41bd7a105d508,d999f31460508136a293f6d71c87e5f5,13347,indaiatuba,SP
0207ca7dd6d2be6e08d8467651759bdd,26fe58cca8d12c853839d4e777a1844b,51111,recife,PE
0207cb4b78c07d93bd1a82443c2dbaea,56c6c0d4f530ead7bf112a82eb588b62,11680,ubatuba,SP
0208fd622f545ae73dd1fc6a1a500ba0,5e60ffd01d4c0c241e7492d62a6b19ce,96010,pelotas,RS
020a406d49fb26441c5cab66fb8309bb,ee62d5fbe74028c95e30c8b3ba740c62,12950,atibaia,SP
020b0645ceac44c1ae2de1ed2bc02b54,2efee2f8716aa601b9b98fc5839e8f7c,36660,alem paraiba,MG
020b5927efefde521078d6db7ef0317e,d20c006baf398a938c2b1fbbf9aa9c54,23060,rio de janeiro,RJ
020bc050aac2baa5e0d1b4ad091ef35a,95320623262e139f44350f1610a7b77c,98804,santo angelo,RS
020bf372f50fd24092ba34679cdfbc9f,2d013009ddef21774b99911e4093a8de,14805,araraquara,SP
020c3bb8476e9193550d4c308c1e45de,ebd5a8b2f2a2cad0a82ed02c86d3ac59,88131,palhoca,SC
020c87503e1eeb262f17c9e7c0b556b5,541605c030a175016e7f070836946584,3660,sao paulo,SP
020d4e12b05970e098dff43d6589d7e2,b7127bf565643c3a29b42c1e2d309a99,30240,belo horizonte,MG
020e0c200a053638412950ba455d5b37,2a291a6dc988237ea0cb11e183bd267d,90470,porto alegre,RS
020edf80d85585b9ccf1c48396ec32aa,df27c250c1f69adb0cf75d0342814ca1,29306,cachoeiro de itapemirim,ES
020f4af7eeabf986e31eb7ac4c6597cb,55efe0d41e47d41465ea4fb5f8badee0,17032,bauru,SP
020fff139f1af3a6dff28456f386fe2d,00705dcbc0b9cad67abd658612770905,1151,sao paulo,SP
02112377ff79f99b7c925ff46dbc2040,9663857b4cdfd97ede841aa5622ec017,13485,limeira,SP
0211481bc6a8abb8fb636b2309bb9931,586ed45ee165fde92d19ce4a4310cd1b,98910,tres de maio,RS
021212b1c2f127ec287d99fa9f6346e6,1b86bd501d916b3c67a5dbfe7f49af47,5410,sao paulo,SP
02147933803d610875878623ed98c7d1,024cf57b6da1f225b8b130dcd9093af9,9181,santo andre,SP
0214d81e1cb90cf47f40f5345a1a6c08,3eb2432c10c27f0444e15779fb248c88,11055,santos,SP
0215ccbc95aee7344ac14c2bacf19d12,9113bbc10bbcdc498c65fcc1b81350a1,88306,itajai,SC
021633f35ba9c0e00fce2f9a31281c71,8ec18e34153ffe06d30dc77f0f5e06fb,21810,rio de janeiro,RJ
02179f1b13ecf4531f0e73e24e0211ad,3e1e36d456548cb715d71cfffdc2dca2,12233,sao jose dos campos,SP
0217db9efc54141e264d17de315874d1,60e125fe877f1e33730083a32f4f113c,6435,barueri,SP
02181664d4e1d58da55ec4e8e1185eda,ac36fa41f71433d69a00408d53bdf950,5844,sao paulo,SP
021833e9737a1145b5a6e3053f0f4329,18af4524eed79155034a9374880c5078,3211,sao paulo,SP
0218c9f09de820db4903ff5ef7d27b86,1bbfd085cce379ae5cfa2d47e53501a8,67140,ananindeua,PA
0218cebf93e71536419e31f4938f1774,447323c765a8a12f50babea794075c09,46550,rio do pires,BA
0218de8038240591323aa1f89630a1e8,77001b080dd723bc9a22e538e5e06e41,6463,barueri,SP
02193de2a9880973fdeb02923eb5fffd,dd6ca4bccbd21803d32139af5b908fd7,71916,brasilia,DF
021987f5dabdb8e550dc74b02d6e2371,6d21443a02f0993b8262cf0da414929b,60055,fortaleza,CE
0219be9d41699276f5d2010b4e758d51,51d91326ffc0688da14a001de38c264b,75712,catalao,GO
0219c0ad1f15c9d6d7fac84ccd3ec235,3778fa7624b704c8630498a2787cfbc5,65903,imperatriz,MA
0219e8c875d04bfff5a49b0555a08e89,8ed5c9e86c5523080c5ca26609825599,23042,rio de janeiro,RJ
021ccba47cb1118dfba3213180ffb44d,a8bdc0d9ea28636ee0ada5b9ccb430c9,5877,sao paulo,SP
021d6c6614e8f9ad30985e8594bffe06,726c6fbe626251ddd65b587cc8b57aa5,81870,curitiba,PR
021e1ff95f894f02e2d22bf2b7c96ccc,04914a70baae65c7368c83af08b17c81,8451,sao paulo,SP
021e3ddcc0581de5bf087b1d87e4b136,3fb1672507c668998549f7c91cbe932b,27155,vargem alegre,RJ
021e84751ba0ead75b6d314a6ead88d9,9a58c55c10b4eb6c69fb0874d8beb466,23025,rio de janeiro,RJ
021ed85d23b734289c4dd0c827a3559e,2d6e75f5a4a33d3a936f1ea68ac9bf01,59090,natal,RN
021f73e75c9f89e051b514ddf1dba5b2,81d2a8a1c5bf51b0655b68e07f15e08b,28909,cabo frio,RJ
0221ef5387bbb856f1b319d942fd15bc,264d1439db36d0bffbe6f70e72e256d4,9571,sao caetano do sul,SP
02221ce26353d5226d768b03c5425cab,219e4c4635caabe8eed51f35cd8998b9,36400,conselheiro lafaiete,MG
0222766ad058124916f73176998b8df3,026e135c007282454338db204e44381f,4614,sao paulo,SP
02228cce72fcd2eb6622b074bc27fe94,966a06d7b193003998f1e41f525d4c83,22020,rio de janeiro,RJ
0222b08d0816bba0acbcc31ba1d6cc1a,00cdb0d59698da325d0e6830120363bf,18560,ipero,SP
0223b85b1e7ae199e2336d4f8da036b1,7a47a31f913102dcad2ef5b5a2f762e1,29161,serra,ES
0223eb5be9da5ae975225c094452c472,1a0f743333e14aae6b0b8a37bb31ef78,22631,rio de janeiro,RJ
022422df869df5d9e924456635d9b091,f02d645581f44f57678461d0e42f68ef,11015,santos,SP
022436c15d537fc7a1dd70e6000cbf66,cdaee53ab8f7c1d14ded5eb32714a4a6,73015,brasilia,DF
0224e997c339d3b6edb3ac3fbff60da7,2d5a624ec4d4d1d540d85339c18dcd73,86063,londrina,PR
0225ea6650051752e6352a65f4316c49,7fb1599a88a6b7d15f100b29908d25bd,9790,sao bernardo do campo,SP
0226546cc4bbdda9dea563ff7138700e,b5d391e8447d5ae0f8b852be83249e07,18120,mairinque,SP
022656ca3adc7e49311ec71751bddf16,52d7d83346b6487aa266df078fb6aed8,81110,curitiba,PR
0227176d396f5394907470617d777fed,38a7a4163d2e36c949153bb5d91f47f2,30170,belo horizonte,MG
02277211c9842fee492b8e37a17cf0ff,d0b3390ea758fc3db8a00af6c26e5478,81590,curitiba,PR
02286830664a352f63ecd02e620fa897,a88316db56228d4cec6935b97df4e487,65076,sao luis,MA
0228874050786ca37c963d514a71684d,f475dc24f1a2e37576b20e8c23970543,11623,sao sebastiao,SP
02288a47f696f3054b9ef1d5f8e73973,eb28e67c4c0b83846050ddfb8a35d051,15775,santa fe do sul,SP
02292531f73bf941ef5b09341e195e37,f301770fef415a61a88855ab733174e5,70675,brasilia,DF
0229d7450ba7ceb9aee1e3fcc74f7dee,b9128514e102f40787b83ba482a44fae,14801,araraquara,SP
022aad8457b9fe76c22eaa3cbaf5b6e5,7f27ed07f4f3806ca9ae65b97f1e9ef2,22250,rio de janeiro,RJ
022b1e47fbf658d8e3865c8753bf361f,0623c2d27abb37e8ad0ac4c8328ea5ad,92310,canoas,RS
022bc7ff7c20f7f9343a9fd58bcb3870,2ef9e79cf6bf3c0dac3b48c8dd46259e,4015,sao paulo,SP
022bdd440f8a37e8ba62d67287135a75,3411eba8bec9143a5c999f80226aaa5e,25214,duque de caxias,RJ
022c68d559d62cee79d2a5a4bd567feb,c9f05e63d6f7be87c57ae3cbacd727bf,52090,recife,PE
022ce4a398ead1391e33c9899e3e3d44,dc2e4c590a48a3c318d9b126f43b4076,29216,guarapari,ES
022d21be26ea1508038afaa271aacd08,fed8418e3e633e39d474419dc6932698,30492,belo horizonte,MG
022d2a2e532b92556bf7cd39107fd780,813a625a578851760225edaedaac92be,31140,belo horizonte,MG
022d8582868c8ee0a200885b357c4208,99d3330ae1fc9b7c7e8218c1b6304904,68503,maraba,PA
022d8f488c8a3f6e686848f2b2cfc54d,ef1cd1e79ddaac16dea245f28550ddc1,48606,paulo afonso,BA
022de985df50a701851d137f5baea251,30f73ad216db6d159099e1022c2981bb,29118,vila velha,ES
022e192ec0af0a000a69f29bf633ffe4,92f5fadb37b942ea07696a7355b8d6a1,6454,barueri,SP
022f2413b018b7e5837a20b045c3d119,1dcd131b74251e2fa0aa088ecc7a1d49,54517,cabo de santo agostinho,PE
022f451efd6098c908265c022c1e06ac,7b11c5009a9bbdf32d5c863946104743,35700,sete lagoas,MG
022f4d871399246624c353f06712cb75,5666d6c780d86bdc41dbbd57783d0f49,18134,sao roque,SP
023042a5cd5724a563a100acb1cf89c9,a6aa1df65dedcad75c34bbc175e5a068,85902,toledo,PR
02307143f7dce7b43056056566b8e987,b83249f64d1c5d719ce04e1bc5775547,12032,taubate,SP
0230afeb8b53c8833e1cfc3a17ee2016,f5f85eba34e75daf147590d223838ced,1421,sao paulo,SP
02328f102511a876aa72a31e2a80ec3d,084eda32e5a95a9a5977273dab99ca9f,21230,rio de janeiro,RJ
023340b4cc63d20a56d1afa725970627,2abcf8fae9a4d0c9be9efde977e2358e,35770,caetanopolis,MG
0234b5cac2c4d895fdb1ef8d2956c84d,4459c3a9f4ffd945ee9778a7aeec0378,95760,sao sebastiao do cai,RS
0235a81a0447bcf8bbe8a59e960de5fc,9fb1d9a8bc1e3c025d1761dbfe63da36,60325,fortaleza,CE
0235c7c04d758c26265c6cbcd5f7c369,7e7f782f6d6a81ef26b8948bc4af7945,4631,sao paulo,SP
0236c91e3098446e2983cbbee1ad96a2,b5500c1da3cc46058821b511d702e146,30330,belo horizonte,MG
0237d2fa2b48e6fe5e53c09fc74a5cda,ddc3194f4dbd1455cc8722aeefcc8224,31660,belo horizonte,MG
0238124998cd8eddd5b3ea04d4c1e658,4fefe0e53334d2252f3b920db8df4776,9416,ribeirao pires,SP
02385ca219b24812b4c7c65818e3b06a,367fc3b6dc2568f3a73ec808beae99a0,8750,mogi das cruzes,SP
023a2dda10505c5b757b7f9887f5c41f,7cab13ac15c283902976af92cc304a08,68665,garrafao do norte,PA
023a4933b90ba7307557b24adbe6f49a,29d480bdfb659a36a30c6443ae80a443,15503,votuporanga,SP
023cd48849ba0870ecf5157ad5039ef2,9124f443beec74e545798a0f3977d1df,8440,sao paulo,SP
023cf83ac35d703a6f3c1b31bcf844d5,5a494c648fde2d1ec4eb614274ea7159,44900,irece,BA
023d1d56f9187c91230a4e8b50ab6fb3,d87cc9520e3fd47ef88f7098e51afe8a,45051,vitoria da conquista,BA
023f52d000d35a9fa8f4dad675c5e080,d04cf8840eb709397012d6f257450ae7,12947,atibaia,SP
023fafd700dff9fcc64d28e2defe98b9,06c18dc9dc7a01e3322f4e9245dac0ed,4576,sao paulo,SP
02405cd33ab625b311b3aabe5402dcf1,9696892d2f285e3e3d2c4a34370f2aa0,30140,belo horizonte,MG
0240a546849fb56346f3f602aac8e04c,7dae1baa2a566d6edf4b5ef4429bea1e,4013,sao paulo,SP
0241277be857dc59ae544ccac12b3e19,93586b2bc7001c6e37136d73e328b5b3,17516,marilia,SP
02416483450940231fab1109b3bdb0b3,5cca182b7ce6fe22733d3b2f5bbedf3a,20520,rio de janeiro,RJ
02419e623129afb04b8cc41e737d2702,7de4996fa8526928dbac71c4df1e8727,31742,belo horizonte,MG
0241bf6728f2c70f948e9a51484d1435,cdf2b2b8c6e87bf77c870a059435a835,3972,sao paulo,SP
02424d17085bd31f9856f083bb3aaa42,33eaaa609cbb04eea9220db94b1c4b15,14530,miguelopolis,SP
024269ae81ed73c17c4c53d91ba2cc93,d7bef5d7b7ad10603256deacec829d33,45823,eunapolis,BA
0244095ded2a29ca6b15d7942ef3ec93,3b64873f649476a8eb4c3e1b41457391,80410,curitiba,PR
02447d437f30e908a881b92fdca09e41,615922c430abddd368735199c38e735d,27936,macae,RJ
0244fcc0d060a5943dd7d4d5f87de9c8,fb9760235a090e1747caef67cc951f6c,88704,tubarao,SC
024528dfafe67bb6421ef6e6da9adc9e,eecd7a13b230f1cceae63dcefe543249,65058,sao luis,MA
024679569f0c2c3aac239e0d2ab50b7b,f3804928119930c453551cc4bc29f52e,14800,araraquara,SP
02469bb79cf0096970abae40244a4c6f,235e44672edfd9e6c77f2c69f4bb8427,68514,morada nova,PA
02470f4de93d257745873d383dbca7b0,bc96df765d670233381b6a7714dd843e,89203,joinville,SC
0247131a2905884928321f763083ac11,9897ab2a9829ddb06832ba1edafd028b,88311,itajai,SC
0247d5ee8ce6628e9cde9ceafd6271ba,f11246878d993752915001976eef86cb,89900,sao miguel do oeste,SC
02494bca3ed33bad80e43ba0fde023d8,bec53458d5c4015a972c2cebaab5586d,80050,curitiba,PR
024a05bd7b940e8cf5827498ed1e039d,1fd2a9687047f9b9644852f25dc8aa65,13049,campinas,SP
024ae08edb07b933f90cf66233749218,81c5508443d1757da23b2b3d5f69fad5,71615,brasilia,DF
024aee4bf3ee8fc406d58b5c47e18578,c91f28d2897be83bf943056ef4cf252e,99260,casca,RS
024c5e8dc02a1cd8856a7f257bd98844,de25b230e97531bd3c3890ed4f01a607,88131,palhoca,SC
024d9375532751f84d5bb83ac936b3f8,c9d749b8bec5051db8a1d50a7a9f261e,81730,curitiba,PR
024dad8e71332c433bc9a494565b9c49,312ca503ca7b19889f1db32cd18cb120,58415,campina grande,PB
024f63965c192d99e1da51a1c3516239,f52f0e2afa2ce6c39854bd1ac2a355f6,11443,guaruja,SP
024fb58b51f34a34fad7a533363f0c93,0c755a283d5e37c2f0509c7964c4278d,38184,araxa,MG
02502a29041f75b4982896ed8ca6e736,319df3f4e38c4bcf9e3bccd1bb504bdc,61760,eusebio,CE
025247dee36960e70666880b8073e582,05d1983f756f88c02430157372fc1402,21775,rio de janeiro,RJ
0253a59a3f1b966f4ef92ee44336e585,6f070c196a22f70ff35e9a2fb5f94b47,91430,porto alegre,RS
0253cea0ff18bf585307f88ea4fbd5ab,161a24b37c2040a1a6cba28e417684b0,15720,palmeira d'oeste,SP
02548f54167adc674352fe5b7825ffcf,93541741ba99116c5cf5773312eff953,78080,cuiaba,MT
0254fef29444edf8ad023adf1baac1bd,08e5b38d7948d37fbb2a59fc5e175ab1,58043,joao pessoa,PB
02554a34cc5ba2d5e8908cb7468aec7c,28935e1d8a60128ac5940dbaecacbece,11750,peruibe,SP
0255d676d127593a7c65526306a29c36,5f707d7609ed9d2779f15602fed42557,13635,pirassununga,SP
02565e515373d4e26cf406ab3fa5ed0b,728a6d33a49056c796fc4fc0481bf871,13347,indaiatuba,SP
025868b2a0b2c0cad5e68c7762074892,9bd9da79f0355157190afe3d551274dc,14790,guaira,SP
0258af3a8301a7331edc8ba02da35b7c,38fb5f8b5cffb733ba60c32cbb6e80f3,60811,fortaleza,CE
0258b86016655dffa67ff624a6f76130,2e48db33cae072a2306535cb04780dfc,28990,saquarema,RJ
0259f74450d401ec64f87ad25aeab874,c62fa0930905139e2a2f0f8f34fdc302,17047,bauru,SP
025a13782125f9ee98dd321dc97e23ee,dee58c6a92fc6faac93d98a786f683e7,7750,cajamar,SP
025aacb42b2bf1b72a848fa69a0a6a96,ba8bced49158b78f0a5df3edab1d4668,12242,sao jose dos campos,SP
025c2b263a9a9247f855c0c777aabe33,a59a677187d1abced1c2c926364c76c4,75834,mineiros,GO
025c7748c7e2160365a967df3933447e,da2c992332b995581ced04ecfa3af199,98400,frederico westphalen,RS
025ce7b097bd128c2d494aeac94d62ea,8485723ea4c23f245f2bad68833199ae,13157,cosmopolis,SP
025d5d5b392ca0924d3f47a286fe474f,1322f4f08ee126888c52044389540e3a,16900,andradina,SP
025dc05e57480935ecde93b27e3c283d,95638fd4dc72dcc7800e9303a073c38d,8615,suzano,SP
025e01e99753ddcfbac7a2921ac8d3fc,f3e2da737b0d196bb8de56b4b0ace06b,61760,eusebio,CE
025ede66ec5d6ac9bbb393875dd71fa5,17999c371b226d98242c95e006c22e3d,47520,ibotirama,BA
0260bd7b3bf780786cc7ad501287d9d3,eb3095983a1fd67f85ebea5f5db3a52c,94110,gravatai,RS
02611d7a9e40004ce72c2006dca2d7a9,d5033f43697620e234c3f34f3ab66872,14403,franca,SP
026134c333097d60a052ab271aa99159,0398b8575daf8b69af233f7b7c39fb02,28200,sao joao da barra,RJ
02625456293ab29f0b11a84835a8c0ab,570eb70ff97166b85ea96be3bfb65fef,31930,belo horizonte,MG
02628c7e9eed8af6043c70257a7a87c1,39cf8faf26661df0e27872cb60f9bb50,89086,indaial,SC
026378e6d9977bf974a1ebe64f92cfee,2392a29dadcfcc7ce192ebadaa11a27e,8050,sao paulo,SP
0263aeaed91e6e4375aa412acecf9c79,71cb999c1d32266779aeffeb851ef99f,2349,sao paulo,SP
026460d9e7ce66ec77d827eaef2bb898,d339e8958b62f51b4c9e5995879829b9,65071,sao luis,MA
0264bbda6bd6492c79a5843f7c2e1eb4,7dea8532b362518e0bf338eafdab0131,1024,sao paulo,SP
0264f4e581481a3f01d4f341d38a46ed,44f4209da2cfe8bdaa9072ac8a80858a,90470,porto alegre,RS
0266506e68e7eac1c7f726da057c28a9,3341514b8049f4a268e4188fb0211d34,3127,sao paulo,SP
0267014fb8a135227a57b7eb87cdbc99,325e1a16d6f6a7182db58f1e7e7e36a0,89068,blumenau,SC
0267501c086535d9c9babc4a39cc63cd,6210dedb542a2b9b7b15eee10ef1ac14,59124,natal,RN
0268654157b95bbfcb8cc3622adc9c8a,767f1a70a46e047081b60f94134d7d7a,88034,florianopolis,SC
026953f1072329fc12fa80eb8930848a,eca1ebae41af684518cd750c2129a2b2,99072,passo fundo,RS
026adcb56c849c792db0ca91cf43a236,cf1a6c25251efa363ecba381487d054b,4043,sao paulo,SP
026ae2477af95b832998d23578eb4336,972a82354438a79c4b859515df4148ae,24210,niteroi,RJ
026b1c08479645291d284443a15d8c93,f1c08d13b8520a6efa197627fada3a56,95995,arvorezinha,RS
026bfde40abfbefc0a23ce6856a9b3f3,94694711948ad597542ec300073f7239,7124,guarulhos,SP
026ca919d538ee454a6d43fc8bd01de0,018b5a7502c30eb5f230f1b4eb23a156,74936,aparecida de goiania,GO
026cbd2abdef48032f42084a8ec122fe,1e179463eb899c3b6f768d4934865c5f,70762,brasilia,DF
026eefd00c7aeffb5427f54dd51b6894,97baac352df09695ba2b2b56632ea149,1243,sao paulo,SP
027021c1f6351f20d4e78a9dc829459d,e86c0a922a824087343f6b62fe97f673,36130,rio preto,MG
0270aff4097536e634627aba39320083,0eb8bd13314de6064ddf446b816612c2,35060,governador valadares,MG
027173ae64ea4eb32139b3205e7e02c0,147e1d1ed0aea7d16d7be3e2ed88cf4b,4863,sao paulo,SP
0272a0e26ecc9271a51cd41921623e92,16af9e34606212a873516601252d28eb,28891,rio das ostras,RJ
02731f7e9105dec7fc7fa715ccd821b3,6517822823bf509a5dd294d5cd69a829,29055,vitoria,ES
0273345e320539cc7bf1f6469b2fa34d,32abc7be8597ca79733508abb1db86c9,15046,sao jose do rio preto,SP
02735ed0fa102eb7d85ff54982e7905a,a094910c1933dcb019f14b2cbd8e89b5,78005,cuiaba,MT
027366c552ba033496aceb34187f01d6,f9e6cc68a7ec921e4c357710d6f19a57,22470,rio de janeiro,RJ
0273ad500c7050a14ee1d5a79d558605,0b7bb644290878dd22d99f756a5f9eb3,14406,franca,SP
02741679e7e1336202c883c695beea16,0d7599cdcbd5417a51a18fd6e244bedf,13050,campinas,SP
02745d8d4ad97eb190c4939c5df1c3c5,a8333c0243253bb6d89193af79807384,38402,uberlandia,MG
0275161cf1fc69fd8f5412ba423a3004,a3ec147258387f5e0fa36bcc438dc265,2802,sao paulo,SP
02752ad42b3d725c49a1194731564a0a,a9d11922783fc20e62740e6126b47c26,28995,saquarema,RJ
02754b1e0a87a51622b4a49cdac7cadf,d3fc34ba9517a510bc470a95c0207cbc,51190,recife,PE
027590bb7df3dde4fa756d6e9e65bbed,ce3454a057ec309895256cb2ab5cf7b3,39960,jequitinhonha,MG
027711a554ce14c4bebd4af3bb803101,cb283dda3f78ae86c68270c57737334d,25820,tres rios,RJ
0277bd798b42071cb092b1795dbae947,6f3f49fc855f386bf0f737c9d84995dc,21557,rio de janeiro,RJ
0277e884f6fcd7d9610836744bc7e8a5,70f9736b687cf33ed2b9d8942eacb498,81220,curitiba,PR
0278a505d18fa47752b1eab567f3427d,b9c0e247b0c00a60e53caaed79e7bba9,38282,alexandrita,MG
027976d448887bd81535c3328efc075c,54378d078a93d05ccc63f1969c9b0deb,75250,senador canedo,GO
027a044faafdafcaf3956c9e2cfbe69b,3669d77f53c5334085b4582649737f08,3584,sao paulo,SP
027a90872a3f917170f2e2b912363e88,c499f46cfaa21b18442da5fd70b6115f,13049,campinas,SP
027add44cacfb209b0018c5aefbbcf02,d8b54eedf839e36b673eab3cc82d2598,13835,conchal,SP
027ae9ecc616da8c33d137a1d7e40f0a,136a29b51ffc988d91796134413911d7,31515,belo horizonte,MG
027b997d6d188683680b85d8395c6a9a,146d150a30a6b676706908054a09a17f,24435,sao goncalo,RJ
027c4c1a7778f45a3c7837db8144b65c,c73b45592359a5b6a1a116d26c1c4e68,14065,ribeirao preto,SP
027e8c3fbdb7694e9b0824865a13388f,151f3b0207ea2247b72617be036ba291,38400,uberlandia,MG
027ece8189c0d8b1d3b543676aa81a9c,82d328834d8318d50237978464defb0e,38407,uberlandia,MG
027efc2251512b9150aceb9a5e5b7f53,9e8876439507a7c603809927dd6ef09d,88303,itajai,SC
027f4567829d2f2249e5adeb315bdda4,8e590b80243c5491146a525d04eb40d9,89217,joinville,SC
027f4c7bfb93550c488b03e3eb14e5da,57086e0cbfd1043970a067d8affe54f6,2951,sao paulo,SP
027f4d228b15f41c385c367b137f425e,495f005aabbf7f43683c66610fdb8c1e,9370,maua,SP
0280e2736a179aa87a59447236a797fa,1c61833a5bbe555d71990cf46c3ccd2b,13313,itu,SP
0280ead6134bfe639866306f1f0258ab,8f97b730f3d6799a318cc4a245075144,1248,sao paulo,SP
0281f03348b06722b7e0f92455daafd4,926c047356935ed05cb3fbee9ebcac0b,88330,balneario camboriu,SC
02822ed21b96d3da2f2b7acad6b0d9e0,efaa0b80003d61de4b33e5e69689ab3b,38745,patrocinio,MG
0282e1d60197412167fbb0b111fd55e2,1911cdb7309ecc55ef3348e749588a6f,9051,santo andre,SP
02841fd8efadbaf1b2e99e29822ed8e2,2eff60ffbc74b60b6b0c73f9c2f21a0f,30532,belo horizonte,MG
028514f8be6e8c2adb9d0b4647ef3a39,be4d46b2c26abc0280f42d8325aa54a0,35200,aimores,MG
02852e252d0c1cd7bd7e2a33558963c6,9a1d3ed366221e01cb6bc9252fee220b,5797,sao paulo,SP
028605cdb42f4bb9653d81ce3116f2ae,b2e75c0edc785fd8cb4c5b264fc7793c,9784,sao bernardo do campo,SP
02860b05257510a255778043ce042794,da1e7179b9c5a1494d78528cbcf05aa0,89812,chapeco,SC
0288ac534f6ba035350df2527703ed47,237beb4b0ae00c80268b9b894ed3f65a,86975,mandaguari,PR
028b0af58d2752a889011dc9c496a054,429a0e40b8961addf6a4a8c1717d35e6,11025,santos,SP
028b14fcf4455f6be9930c762c27389d,94e5e0769581c41adcbdafb419e6f72c,79021,campo grande,MS
028c802f8a68efdad4e27931e37e859b,d9b8aebd2d5cd4d5338b1e6dc480aef8,39804,teofilo otoni,MG
028c9129dd37494e17a3bf2adb34746d,5719f174d975c4f7b6a06e7c0a50401d,92110,canoas,RS
028d32c15ebdd9b9516b7ef159a84f73,583b12b8cc4cdaa757b8b0dbf8a8b32a,38411,uberlandia,MG
028d8c05f2fa9d1b4923352586e800ba,1543abf070395977b2de5362138306a8,13142,paulinia,SP
028d9c8cb891f2860106890cbc40834f,73cb5bd8850865a23fc9c1593c17ce6c,13845,mogi-guacu,SP
028e29b651eae6076b5b70613201c493,c7370b9a29768f59d1cd6c3aef0ba9c8,68005,santarem,PA
028ec50772515edd2a7c7e6f212cc27f,58386f30fd7958103a4a30bb0f2217cd,29800,barra de sao francisco,ES
028ef41231e80887d8be309e5a28aaf2,e481334d0c868076c77de19c4b23cb5b,7192,guarulhos,SP
028f1d106a98669a1c0caaf5866f31ec,df73591a78407ad9b5bf4668ae075aed,86010,londrina,PR
028f2ba19d9bc8715701a3b939a501d3,68489d556c2be403e9a2d36f50d99bdb,7162,guarulhos,SP
02924d523effc179caf33962172bd6b8,ca8b6262028839e91e523adb8a3ab4fa,29930,sao mateus,ES
0293c0d1c4c6c83fd6eff23e4cd1ca31,15c604d9414247f54e8d3f28a7ba9fcf,38026,uberaba,MG
0293f0ef4b3402822f7e5304469f34ff,285e92182b75afe3123897ecaf02f253,6447,barueri,SP
0294d91f6bcc29bc9c30fae5872430d0,63dba940a39a61871dfdb9b529c1582d,8574,itaquaquecetuba,SP
0295853908b4ba8c84a8e8b550eef3a1,71bc312e28f745e3f1fd70f15c5b194a,5612,sao paulo,SP
02973b8aeee94890bbf4607d739eb695,db1fdca924e7debb3a05ae065f76af9b,98700,ijui,RS
0297b96a2290b2d419ac0b0cea83b5eb,9d0d761f119fc063198cc754fdd8eaf1,24426,sao goncalo,RJ
0297d4246fd48c7ed31b81c7f99776eb,7bf8aae1f297a6cf8573f9da5286435d,55700,limoeiro,PE
02989a5bf256c6a23900bb011fa0f919,04f30274974f9c19df99c06dd9ab1815,22430,rio de janeiro,RJ
0298eec43baa253837fca6e98da66903,fc648355528e6e9bdd813a261820ff48,29057,vitoria,ES
02990abeb531c8e237ac2b13141f188d,0cc0d48ecdf8b52951235da145fd4cfd,30672,belo horizonte,MG
02994cfcf9430e156fff3d862bdb2721,24b9c4a58f427e05fdfa987e3ed4f6d1,20520,rio de janeiro,RJ
0299a3ec7aac3a18ea88cfa6cf8a74f5,abe351201e61437f658332cdce4c3c52,12260,paraibuna,SP
0299b0be36d3c28852cf81ec24496a9f,8cfef84e2f4a8165cd749543ebfb0fab,35044,governador valadares,MG
029a95a46e81be7eb7b4f875e160528d,2dfa6bc8c7ffb458e399e69233352dbc,11705,praia grande,SP
029bbe8fe01cef398cb57f8994dc7fc7,2658a19f7aad299279da193e9bed3776,5016,sao paulo,SP
029be5fce165c111d15eb737d28d44b8,4d1373a0fca0b8c03c994eb0aecabc60,3360,sao paulo,SP
029c1bebebe4314d00b4ebc26fb09225,4a31f6df66321ed422bfd800a032c5aa,85890,missal,PR
029c22b31758dbd1588d75557e73d920,b94783c71788124eb4f2d4e1fcae6ab9,68555,xinguara,PA
029c2a6b7e94cc671a465f36c5898831,f30aca5c2b78d7b1e98ab7e62ef2fe08,1403,sao paulo,SP
029c5f9144457c97ecaa33bc4ac7f0a9,8291d4aab64066a39623b1ddaa2a6472,13300,itu,SP
029ca19aa34f9311941ab931975cff1b,95363f351776a3f8a43145c79a046053,86806,apucarana,PR
029e575b0cdb8a5696a502ed2f9391e3,a44d4c445532c860c7dc1701a0aba6b1,88047,florianopolis,SC
029f546fde4adb1892e8800cb49b694b,e9aea07c357910650d00d683d374a8ba,41720,salvador,BA
02a0087b3657817949973dc48134dece,bb40e4b6e1062e6280c6a272fccf0567,27265,volta redonda,RJ
02a0108a7d89916840cb3edb1585480e,862a31a206dd93be6ed95a70cd8b4b2d,34300,rio acima,MG
02a0454551d656a33ab2526c52216dc5,99d4af8bf7acfee2e4ab6b8c48d652b1,4551,sao paulo,SP
02a0567ef769f63b6e340fcb6eb6b618,f64ec6d8dd29940264cd0bbb5ecade8a,25665,petropolis,RJ
02a2e57774aff37b1888526dd39717fe,d0145502f422d4a9387f75186674f29a,37590,jacutinga,MG
02a307e718d16f6dd85c4d15c935c11d,3715e402c05e156df3108939aaa73900,68560,santana do araguaia,PA
02a66fc781a395cc79f54a7e2f4237ae,e2f72932e6fd4e03d885ff1931c8bec3,79990,amambai,MS
02a6ba585a45671c8f2d4c6732d8a6d5,d2ec24d0e1be6d7c7f354a81b55e5d94,11250,bertioga,SP
02a7a75320e787aa980907d0f647e508,7c020cb518b4fdcf5c50fa717d0fdca8,89260,jaragua do sul,SC
02a9194295f0ec290cebf3a0e66c98a4,60ed768b344374346f06d81195642455,64079,teresina,PI
02a9c98d09a951f9ae61e2f677922b1a,388282491a7e1d15cb402d8fc820bb14,69099,manaus,AM
02a9ffdc4269af810deeb20a32c8aade,f7d319c00224031393f1ba82343db3d6,2535,sao paulo,SP
02aba7ae34101544b479f4487f53fb28,ed08dce6ea329e23c1a6049542082b60,19027,presidente prudente,SP
02acb1d49edb6c09b61d2f496afc61b5,bfe14bfa136397036c4fd0cade75c68c,29142,cariacica,ES
02acb517fba465aad1f1332faaf4b1b4,f98c5a62dd300cc4e7a96b7b7ccb4451,18150,ibiuna,SP
02adbe89ad145c99f20d1f715635c7bc,ee2e6bc257be86dc7ddd9e85736cc5ec,37260,perdoes,MG
02ae654741ad895368bd9ffc371893e5,507f6af076decee5860e7b57d23ca4aa,4547,sao paulo,SP
02ae7918f75386935260f02cbf60d7f7,02f299c978d29bb1d1b47c5a231f7d02,79112,campo grande,MS
02aecf671e2e14f201bd51873575098a,a5b599f7e1de50cf80ed962d8304eff4,32315,contagem,MG
02af4338e00cfed3af1a15854865879c,7ace56ef3973c58860b3ebba3df52710,57036,maceio,AL
02af9983dee3e98a57adc7b02f17de3a,c750cfd386791c7a665caa28e05d6f33,1448,sao paulo,SP
02afc864fbc233378368b0c0980f576c,7c2f052b624ffd95256127dd8236903e,5468,sao paulo,SP
02b168b03c95daba8c837ac1d2f85670,d5ea50c98aa40018a98b94aa503c815a,22260,rio de janeiro,RJ
02b20345e0df036b3078abd5b381b241,382ad79426068e4ba6ed73491d4441cb,13310,itu,SP
02b2b9ae976e3d979e488606fdac435e,73f15d83843384b72bbc47a7f85f69ab,47802,barreiras,BA
02b3a4bc391b7e1d2c99c46f9dbc4db9,78d38fb2a4246018a3ec3334f2f8eb5d,89206,joinville,SC
02b48dad02306b5e9cb7b6b73fb71a76,7bd3327b4fe3369809162bb9cffed9e6,4537,sao paulo,SP
02b5dad4111669d799b6697ddbbfcf3b,a61c0dd1c6585331dddfa81976d59cb7,63620,solonopole,CE
02b5dc176731821cbf299ba7ac64053c,ef44afa41550ba9f5764f8570a28d420,41810,salvador,BA
02b6b76e1eddd6811b0285258fa7e31f,2e45c53852649a3a72125d3ec819ace2,25770,petropolis,RJ
02b7163ebab30c1560be4d0ead691b00,189b4604b8f7cdc22fb7291a6dd5a164,83560,itaperucu,PR
02b7bcd5dd0bbe4057aa6fb0c280a06b,82bbfd611198a89d2be66389d603e4ba,18271,tatui,SP
02b81e78d15d013c5de9a2e89ceddb0b,8634a89f409e95df150f37ba266ae9de,13036,campinas,SP
02b83a1a2a215c7f7629c8fe41a7cad5,8c90ebe331bd64b98d2e2a5ec902aa35,5724,sao paulo,SP
02b93f79beb6ad4bc9f83969200c1652,bf6230fcf1ad130d2bfadc1703c46e50,20550,rio de janeiro,RJ
02b9bbbd5bec26b61cfd9bd3944c2ffb,2ec7d93d9bffbbadcb5ac168bcd0963d,71015,brasilia,DF
02bb19e4d66682ddf2b4ec648db0cd48,6166aa4c9d5b8c7315782b6ba4be6bc8,84030,ponta grossa,PR
02bcb5c3c7be18d730eb163301b658d3,ff79fdd5f36879f082c750ee2bb5ae4c,36401,conselheiro lafaiete,MG
02bcc64ec51494bf78f5a83c1414a4eb,6be5c93f5181e7b8ad88678963bbbcea,11035,santos,SP
02bd740a9c42959b61e38d5a07d43522,0fbf73cb8a40e33ad3a0b46a6212cd44,12228,sao jose dos campos,SP
02be3c1e80d42583e71d6c2eb9cade45,434dde55bcf4bfdc3f70e979046c5412,81580,curitiba,PR
02be46fd7da5d6db853d074afda49477,2a3a390aeb36e5103bcc66d2b8537448,39400,montes claros,MG
02bf19efae533d95c21b5e1ccc633a88,85c9cc82766d61484d4014b8f1d62dd9,4272,sao paulo,SP
02bf3f33e6774c0aa0f9a8713f087162,b166ea3178b146edad444b5f18eab0d2,15105,potirendaba,SP
02bfa7864b9a06a122b976e47a743353,ca1e8f7cd3d61fe4da5887c3253095ac,87360,goioere,PR
02bfd28debf51f86e1d6ef72c84075bd,f953c5940b3599cc0485b891bb796f21,79311,corumba,MS
02bfeafb0e3047092c4191501c41d930,8718acf42b0898402b83ff569c9c04db,1525,sao paulo,SP
02c14c4a48266b1cbb810a491954e97d,f47b720b3b66ac8f72ef23b50fd31d03,2712,sao paulo,SP
02c1e8e3240934520c94905a9b6c004c,aae6800b03d5ef964b3130ff54c487ca,13348,indaiatuba,SP
02c2e2139222f456f8a73e0ef7d59a49,b34c2a272b4b2a4b20679c7e0cc1fd39,27288,volta redonda,RJ
02c3ef2028e6224433a0ed8c4aeb9ba5,d7ca1f3f3a0c3d354c7c13b3a414ead6,22735,rio de janeiro,RJ
02c485a8c59f6c74791e5498f5e7cfb9,d2f54fb3a1b7d45ce6ff62a7c19991b6,11013,santos,SP
02c61d2bc19f626c10dd080efe7ecfde,9ff09ff905778a260bafadfafa84bd1b,82220,curitiba,PR
02c63a27c1684a847772c7cbdd01642b,2977f36d8781690eb7c9fc7852afb423,3714,sao paulo,SP
02c6b472654adef5ac65870849c73444,0078108af1d2dc4b1601c744ca581b4f,13930,serra negra,SP
02c771f35f4c21a4197077611f4ecffa,4a696a2f8119d6c40751159a1a460d66,28470,santo antonio de padua,RJ
02c87e1d9044b3b13be82ed804a34a6c,fc5a94c2f4b684e5bc59c6860f3893d2,59151,parnamirim,RN
02c88401b4de00301504d6113cdb6cb7,b8329b2dd1bae9edf8e748f70dea3a14,2179,sao paulo,SP
02c96d7ba83b08b9c83b1e956f2e8605,9d7dd3da22e28d7941a5c82bc3ce25bd,96211,rio grande,RS
02c9c4785d6e1cb6a78e9ddf029aa51a,2a11133a459a6a5be581af7d2d098c26,12917,braganca paulista,SP
02ca27924660947952e555921dd4749e,c6bb34817267e10fd97c0b59aba74ac7,11461,guaruja,SP
02cb3a8ef6e13d37560379559e2f533d,d51c96d2f1d710b94744d6f7b88387d7,12245,sao jose dos campos,SP
02cb3b6962a2d852ff7beaf4e303c71e,8dfbc9064378d19ac99a21ac353072d7,24240,niteroi,RJ
02cb822eec8b6309e7ce715ccea3390d,88e435343ab7c7ef2f1d4a751a6c8a2b,4421,sao paulo,SP
02cbf3cd827bf941d7f07691f0d69199,c792033f9edd77a15119a8ad84bac11b,81730,curitiba,PR
02cc8a1662feefebbb66dfc0775c3e1a,f142edb181a3f781b4d91c5aa399f1db,89300,mafra,SC
02cd8ee24434a2bb2574b61ba5f659a8,afbb296a1b427a13ad961689550a56fa,42806,camacari,BA
02d12adf94e256f7ff0056d447557027,2396ed0f849c195da124f55b4c17ee35,4551,sao paulo,SP
02d16f10703b6d4ef180f921028032a5,7f6a667d1d03cffe2d0f084b9b4d824d,5054,sao paulo,SP
02d1b5b8831241174c6ef13efd35abbd,7c08375cd96553acf4ed275609fd22e7,45000,vitoria da conquista,BA
02d22b2dd08fd5b4bb3ebac28f73d68c,91238ac9b555af75bab81ecb4a24ccca,6950,juquitiba,SP
02d258ceacbfd544777a64c2ba0773eb,aad799bf2bc7edb119e151284544a904,6192,osasco,SP
02d274e6844e27614c6ecffbc7b8c7ab,675b17ac4da7e93fb1728c7b2bd5e1d7,96065,pelotas,RS
02d2c49ef9837fbf18d71940dd7cf97f,7f1b6966ec954a76bd752377eb61fd55,9572,sao caetano do sul,SP
02d34c287580a6f46ad7ffc395bbc208,0e346c191c1b50fb14c4c9f6764af797,1011,sao paulo,SP
02d3be823b4d408e3f5e80f5cb7cb0e9,0f3a227f3d3a4571ee21f797defcc40f,3407,sao paulo,SP
02d5496b9b45a41b93e234d3a92eea0e,a7c14e93bbe5b0fa949c03c3c1eecb26,15910,monte alto,SP
02d683623fe8a7afb049181a823afefa,651de09e1045c7dda126e0227f81e531,29157,cariacica,ES
02d6ca625564571402a933db8fe814f0,b4e9081fbe80a81ef8477723a6533591,29151,cariacica,ES
02d6d0f47ae7ef004d1106cd4743b553,5c5f8f357189e6a106da7aa882815a5a,8090,sao paulo,SP
02d6d55e8f7b1d7bb212ea9363d51569,a51c10e4ba5836dce272ad99d9f36283,24320,niteroi,RJ
02d7783e7f62f71b0209a3157ed29295,9e3d58be538ba20116dc9aaed51a38de,2960,sao paulo,SP
02d82f830047e8f02a1092bc7c6599ac,40b9153e9d1e084b64e305161a713aec,24130,niteroi,RJ
02d8426ded4654ed60b46ddd6d1a4f8c,c9d1abc0b230150138b5716c0f5720db,22021,rio de janeiro,RJ
02d90fa9d123cbc2535acd3871b10acb,79c3ef46b89f10777f5604a5e1ee22b5,22260,rio de janeiro,RJ
02d93c4e652308b5edeee1ab3e13eab5,b2377deab9b0f65aed08b2baf26467b8,59500,macau,RN
02d9a65b86f28f9bb487c30a493ad289,c76762dfb642ac154475239639f7f8f4,20541,rio de janeiro,RJ
02da7b02a5b13eaa8a12755d27593940,43bd836bbfc9fa973f3062d66984ddd3,9635,sao bernardo do campo,SP
02dc555ff9dbfd338f0206448408c8cf,2fb1dd4f2ed092c36907a880bc0c77ec,13031,campinas,SP
02dd0797daa7b1b91de2b24bd6dfbba3,39c879ea36a7f582456587ff828759be,14890,jaboticabal,SP
02dd94e5176a4d6b274f8cfc6666d184,10b7d6b1cf97cc6cba1bb7b7e2931cf7,36033,juiz de fora,MG
02ddfa173e4b48752e94d36f0a12872c,22110968b7f92cb18c28664efb35375b,20260,rio de janeiro,RJ
02de82179d94624708a8832cb0c97a1f,5a5fdc74741b68553a92d2272df59123,14540,igarapava,SP
02df47cd0b49a7f0be9b09411594328a,024c132534a98479e42a33027e3ad2e2,35162,ipatinga,MG
02dfd8931ac72171c45b5c8522cf4082,a8794bde6655593c9b71212e6dea7177,5727,sao paulo,SP
02e04e4adf1a4ec2e262f8f942b4b315,ef2b78e26635b6c15eee256b4eece7f0,13025,campinas,SP
02e0c77c1d6bd78e21d61a7c7b818af9,af0450a3075f107a38cd7daadc98f990,2035,sao paulo,SP
02e1dd9020188996a61734fe4b18a177,f29591db23bbfc6ef67feef2deecfb8b,31140,belo horizonte,MG
02e2ee466cf9f38e435864cc86796754,ee2b199b53d7ee5eacf96be19bbccc91,30535,belo horizonte,MG
02e3c16610531c771a70c55725f36cfc,85c57268150ebfe427de7685cb34a418,36300,sao joao del rei,MG
02e460a9db12a0de7f952f8facb66312,258212f72c68bfd7d05ca8b3e59b5157,80730,curitiba,PR
02e5947588097969bea7e00013dd7488,d14fbebe36c24a8161d7cca1f074ddd2,13904,amparo,SP
02e5982f021f1312a54f569c0f9e7625,5dc6a8992710c97d198e7534150c23c0,90650,porto alegre,RS
02e5b5ecce34b118017c55151accfbe5,bebdf6671ea49add6ee57ba489a0a143,55038,caruaru,PE
02e5c40ec97aefc28340fa9702651e21,4b45c236d7ff26dd4c92c934080970be,20040,rio de janeiro,RJ
02e5db654b2f6b734ed89d5a28cb200e,879262bd8707d8d98d6873312dce9fa5,4379,sao paulo,SP
02e5fd58c123b384bdbb86d5fec3ad12,44e4a44fc7441b07d1b026ba9d786e07,2805,sao paulo,SP
02e6202903c54e4ad1b6cd9d9bc61680,6968fc3480e60596b29c56b9f4a003cf,13900,amparo,SP
02e86093158ca5dc555cd7674b753274,0d4dc2bd48673ef0f233462e6b2bc276,36280,carandai,MG
02e863ab696665672ed67992fd04cf14,4fcf46adf3a479ececeed6b48508a1aa,2611,sao paulo,SP
02e8990f0804b2043a2c95f16605344c,fd0d0246bdbdb7deb69c0c4ada408a8f,4190,sao paulo,SP
02e9b79160de108ec112581e2e4eeed4,55e0e853d6dfa404a0d8b1f4d817e94b,24130,niteroi,RJ
02e9e4af4b3ac6cd523d656776e0580b,f4b7b5d448f7384df7f5f15e7791f082,35660,para de minas,MG
02eb2cb944f2c276dd99a325eb741cdd,111ef6f75d611570a0be3f092ec1378c,77006,palmas,TO
02ec1c4b32120c4399b8f52a36dd651c,f72a6b234ff877fd24f7944c3390502b,78508,nova guarita,MT
02ed2cff54eb047cdbe79dd0535945d4,757921c3d0047781031e9bcbaf2c393c,5119,sao paulo,SP
02edb3a95305c7b4e3d0e666744b1fb9,26ee6866e32b3a70b86545f99bcafe8f,22631,rio de janeiro,RJ
02ee17ed5705b0015ca334b76b8373e5,8b1962e2787ecd68e878db50de992905,75660,buriti alegre,GO
02eeb440c68d8e3bb1e25ef69130396b,40b76674f7b6e4c28afc00a30a8cb366,81460,curitiba,PR
02f0b823e1d7f9b63b25092db3208bdf,0ebdade922de78914026071bb11c001a,11704,praia grande,SP
02f0bc4b5ee293031637b7e8d75a5484,089967e5aa13d5ab166c175f555ab0d8,3543,sao paulo,SP
02f168d7655c9268a8a7aa7dbd515c11,9f9ef533996a8df927abc43baa27bb9b,3502,sao paulo,SP
02f29ee4753e69018942c30e71c04cfd,f86370dc13be4e8958cb036b628afbcc,25932,mage,RJ
02f2ea36613d01ae6561f97fd88d632a,75e750a6279d55f7137bb9e9bb8662cf,80060,curitiba,PR
02f374a88c3b91ae024e4a6966d71ce4,a85a25b2bd1193d70d8ff2b1562c8a72,12502,guaratingueta,SP
02f3bf54b6d382c1726e1c8f1b8f9a9a,97c6ed7adfd133a0331811f8ec165fea,15868,termas de ibira,SP
02f5837ff2d19277d066df76e27a8cca,8b4dfb33600fe0ac926b19b31aaeb8e8,12941,atibaia,SP
02f5bb96a7c684c31294d541b6723828,cf721437ee1130e5bf25d1ab37f01d85,36020,juiz de fora,MG
02f5e5dbe44491de10d095ac98567ad5,a5ed96c1f32643055492dd786e93418f,21930,rio de janeiro,RJ
02f615f19af07c54a0d4653308f6674b,661bcc412eb64f26a12a5c0c46cbb449,88058,florianopolis,SC
02f6d24b58d8286f9e56fe9edafe719b,b03155da610163a1626f1b99d4787774,43805,candeias,BA
02f818e19134685bb0b3114b4667868a,9216cf327ac5ec58e8248d7f6986b413,85805,cascavel,PR
02f8299d68b913a3584db28a189be007,a1f5ab76cdedbf0dac6bcb4206e113ce,65706,olho d'agua das cunhas,MA
02f84ba9cea5411cab9f0eab87bb9c5b,8c8bc67c372d5c409fbf1a340205ddca,22775,rio de janeiro,RJ
02f8be25cf5a4dff37f2b03f7fbb04aa,83a3886cb41ed582d01f35cefc123e5d,40050,salvador,BA
02f8e44a560ff53db97e57913234593b,c7e928c4346d37e393237d9f91139f24,79500,paranaiba,MS
02fa11df400d8458c3bfe07f7273c894,37f9711adee5be5ffdff5b728b8eb529,20530,rio de janeiro,RJ
02fa7cd4dbbaf1b6794f6f78b0918985,0d3bcb1f77dada007752678d338e47f6,7195,guarulhos,SP
02fa88c1b03de13858abb54758c93276,a042c287397bdcb93c0b1b5efcb7ed1f,1232,sao paulo,SP
02faaf661d80bd26b06ca44de75a20c5,ed88bc440d530e4a7cca8bb4f2c110d6,37900,passos,MG
02fcd25668a084094acb25e5e6211544,9f0fe68b9767ca4c4f2402bcdb084e51,38702,patos de minas,MG
02fcee476755e629f2a4113550450b24,38fb3a44470e308a1f68847d62cf00b7,6766,taboao da serra,SP
02fd0cffae342f16aefcc95f2cc8a77b,3d99c2d51c16a9c900b74ba30301ecdc,21930,rio de janeiro,RJ
02fe8d515ed6bdaba7035d433bdac524,e83ca85f8176c4497377cff2cc7d9b7a,84240,pirai do sul,PR
030004cafb2703766067d48c01a92c86,6152306533a889b0d5b9234324e259cc,93285,esteio,RS
0300ae7800b82af58b1f3526991cd98d,7da0ec7dd950226777c1931bbc002769,9770,sao bernardo do campo,SP
0300bfbf1ddf99a37c01bd52639e40d6,de82de596de00f1b35a21443dc496c23,35277,sao joao do manteninha,MG
030132d171907b3b3c813909fb0cac90,d387ea85dc301a91740e31360d355686,13877,sao joao da boa vista,SP
03021263578e74c1f2bd92697a37d93b,bdb40fdb1df62064c8ee38b845459e77,5006,sao paulo,SP
030257ba7c48ae61d88268f4c4abe59b,b32bcb59268e3494d9b1295b47bb8df2,88160,biguacu,SC
0303094ff491b62a9ea6d2d1924f4535,8d09435d115ebb9889d5f195866e1d25,31170,belo horizonte,MG
030332f7c4ebdf80070a190c2443df65,15f163196134f73aaedb6f89a4ffab79,13950,lindoia,SP
0303e5527d4342ac7939d2bfc0f9f9e2,7ea3dc64a652d699ace3048e904c561b,35590,lagoa da prata,MG
03058eb4c0764d7c06ca841cd71ba6f1,d2931dde96daf36474fb9258d8db337a,18077,sorocaba,SP
0305e46a6860811f637aec423f85927b,76f963ae5c714f31c2904d52c273098f,9854,sao bernardo do campo,SP
0306418261763252d46c47f9251e76e2,470adde7d91f2694e38b79cb314252fb,88351,brusque,SC
0306f447354ba6e1012ce4350cb1d8da,e52ae9727cc55d618b980d016a274cc7,35770,caetanopolis,MG
03071a983e944c48990031952443e211,d792207a143bca423ba1685b30e34557,95555,capao da canoa,RS
030770361597328c6dfeffc197915bcc,d44808933847889cc2267526e680bae6,41250,salvador,BA
0308c8188ffa174ae335cf15234bef98,d2a27e82643d13c96b770caa0510d2f2,35680,itauna,MG
0308cb020fb67d56a42bf1296f77dfce,31f587e5afb9ca5efad537ab69de67d6,11350,sao vicente,SP
0309690623536dfb91d1ba2154c69507,65add562a547172ae1df60bee8f0b0a8,8559,poa,SP
0309b2a47dddf69e60c888db00cb5858,5dd27319cab49c620f28cd6e4e378570,15600,fernandopolis,SP
0309c4c2a68262c8f4aa04bbfd9c630c,9912f49baede3c786db172a7251e93c2,19700,paraguacu paulista,SP
030a8fd680eb0fa004cc42fd460da993,a1296778f9146044596537f28a2f00b8,6694,itapevi,SP
030ae7b844c8db8738bb14019351ea55,291384255a1ee845c40f5b555a7d99ab,20550,rio de janeiro,RJ
030ba01b106f8389716d742c08254b99,f2c6d591dccc85b23fb70d7ad2886459,7190,guarulhos,SP
030bd1d7425888e0429cbe0b1db927c2,1f9756abd497b76eeccb492bfe91df35,64067,teresina,PI
030be3271231e6f5df0157331c60f0e9,96b9e8f4f6d0a7376c9ee9e954e40897,6050,osasco,SP
030c88df740faf58e3bbf38fe25c1743,940aac34d4cc9e76c04cb2df90d0a957,38412,uberlandia,MG
030ceea25c9a1b5f03e672712ec30e05,83fedaa94a3d2091af6271cab8e48f39,13456,santa barbara d'oeste,SP
030d0a2ec388dbfbc0ee3f52a0eba34c,a53b6dacbc44ee11f32e78638f2eedda,28922,cabo frio,RJ
030eadebe042e915dc4d1fd5abcfe620,b580ec11fa741f3835dc28a7ee995ed3,2856,sao paulo,SP
030eae1d849c53479e79ecf5429ac4b0,fca0e0155fa4f5bc05e89374e769b07f,1508,sao paulo,SP
030f3b54dff06714de54aae2962cd461,b02d3d11ad737fe1e6f82ddf15790072,1226,sao paulo,SP
030f5e1f842f24533ea4589b518dc34f,5e8f38a9a1c023f3db718edcf926a2db,44053,feira de santana,BA
030f8728859c2cfa3a4ec60388f43f16,28f469dc966470e4607b05183ef6aa92,78260,araputanga,MT
031004fe0f92b09190fc8462ad2b4688,b93460c02625610d2ea42a4e16be1f23,8720,mogi das cruzes,SP
03107396af0b320ed3c0f37f2159915f,aaeea88eac3beaecd932b0d4ef339566,40296,salvador,BA
0310b25c98b10f9c6d22b9009455df37,52fc446155bc2a278dbaa6695e3c06c6,56317,petrolina,PE
0310d00c34f22d5e4c71fbd87c98f16a,4c096e282cd51cae8c2f4e6dbe41cc87,78850,primavera do leste,MT
0310d1eb2978431efb158b535a3c0fd7,62cdedb6061865cae9e0f33f3ecd5d16,3409,sao paulo,SP
031124e0ea15f7bc530757fef9d35da5,76ec82705e56eacde61e1102fc6d2455,4222,sao paulo,SP
0311e8645872f2e940fcdbd0373e8ef3,7ba73215f8be9618e3460cc2d4f2423a,35955,fonseca,MG
0312590499e722678eeb292f4da77e77,fbcf3e6638b9bbcf521e8c12107077b0,12234,sao jose dos campos,SP
0312f2cc870e861cac88a34c9ca5f21f,5595fb3aa8c496ff254d154b263e80cd,99500,carazinho,RS
0315566ca17f35abbf61d58f3ea8b8bd,f64bd653c0a8d877bf294a9f41500dcc,20230,rio de janeiro,RJ
0315a87fba4dab4865f2071777b98e87,ea86add4caaaf87ef892d12ca1033012,18053,sorocaba,SP
0315fdb0599e98fc798d9b2951f121ff,24eb4e17651a037f45e8e4a5fe293048,31030,belo horizonte,MG
031833e77c963eb19e4a5c4bc2d368f8,3a8fc78fa9d58407b7ad6acd7aa0555c,5416,sao paulo,SP
031862760897c48f91efd54f6545e895,ad9f8bc2de0e4ac433b37dc94fcc9554,18085,sorocaba,SP
031a4751690cb362510c7b55428f7fff,7ca7d05c3739c2094a9e6d508877cd12,11700,praia grande,SP
031bfdd243a35f3b665ed9833e01629d,ec2e5aafb6e1a4832c297bfa2b9433aa,4138,sao paulo,SP
031c797ef7f555f09fdd23dc122cda8f,b0fa47b10368121c5f57a03a64414c0f,14021,ribeirao preto,SP
031c996d15d1e1b6bfe5abb0e4583e9b,7f6528e4fc39d32ad83a406d6334324c,22740,rio de janeiro,RJ
031cb9fac5344bf6def68aacea5eafec,f95407bbebadeb8eb236153ba339e998,5466,sao paulo,SP
031cc879a34f7c1f10a2b25a5d3e5b0a,b8558ab9ff3d5c53d362f731eb8c88e1,37270,campo belo,MG
031cd5f826be3d804771e3e3a1b21a1c,717aa48025662fcf27ddebbecc5f782b,41706,salvador,BA
031d6ed886ccf5805f9da926fbe0fba1,3eff47149425984172e11e18a974e80e,88045,florianopolis,SC
031da6839c179617f04c3d5256d264c5,9b791f541984503464d67d47758713be,1509,sao paulo,SP
031de3e0ed7da3e56d64bc3099f70342,24af54232efe5e03567b2458195f81ab,28085,campos dos goytacazes,RJ
031f08a1ebdcfb5e706831bf64de3860,4e23e1826902ec9f208e8cc61329b494,20550,rio de janeiro,RJ
03203e8daf33389fbd94c31ce3161d6a,0c8286526be3a0fc8f50b7267db95035,84020,ponta grossa,PR
03204f6fad6975a956d068ef0b8e3f5e,21156936f0115390c059738011d9c4f1,45140,itambe,BA
0320b57550ef2aea72c685cc12c09ecd,41995900207768dc89a07a2e3413c99b,13035,campinas,SP
03211613a76a509bd371fd677974d68e,1afc7562135a94acde58e6a7665ef4ac,29146,cariacica,ES
032151e5a9ba616acdac504023067484,fa626aab80218f17c7c89234114ed10c,85501,pato branco,PR
0322f341d1346fa8ce5c28ef835f2f67,578dd7ef7f97da2aa0a2dd73132005b4,37440,caxambu,MG
03239979fa7a96497a4524c1af699b47,bf32a4cdfab5cc31913c0ecea68ec7de,5544,sao paulo,SP
0323b1ce5e0352a4c843df59359a133e,fd370648aac84e9012f60469b6b32aff,70160,brasilia,DF
0323c00b72fc475ff52ece9884f47b42,b9cbbf60909f0c9cf6c6da8ba451b6bf,18740,taquarituba,SP
0324667bb97f2048e83f77d282a75fb4,3e2157f91502458bc58455fd798ed58a,55602,vitoria de santo antao,PE
0324eee00643cd63d11ec25cb930d53e,3d8b5f7499ecd5b1d995bb18d9ef69fe,21770,rio de janeiro,RJ
03261691b84979dde436e5752ebb28c7,19595c748b330b19286ae94092b6d900,35470,moeda,MG
03265354a307d917a63a8f486ac4f277,7279c4c46c5b3fe9b4ae34751011a6a4,38600,paracatu,MG
0326dd6a607188065ee1d69c0390395d,9dc44558922ff57d14d99f20d37f440f,18075,sorocaba,SP
032a4f800b7a9732de3c85e44f672d37,3049f49a33cdd60887e89c07dd4a1e7c,13860,aguai,SP
032a544bbe984490f6ff7450e3c8b0bc,eb240714223915add224beff2d844e53,19026,presidente prudente,SP
032a8a054066276df2c3df8e1be1611c,1d3e756d12649ccfe5a47a02628baec3,85139,colonia vitoria,PR
032ca2b9ba3cd98c0b7f814f2e156f2d,8881b4f658d50b6c099683fbe9ef52a9,35570,formiga,MG
032d6bd82e311f4161259e489edbc6c4,f5dd4480c44d03775bc73f63771d987d,8344,sao paulo,SP
032dc4140d9a51a0febc693a96a44489,2780a3f7a7aa899d219b980b1a0faad2,99060,passo fundo,RS
032dcdab0638781f8a5f9d8da7f9fc1c,f352478f20d78d19a023743c8625152e,98620,padre gonzales,RS
032de0bccdb5e48086f5a535a1f05744,10a6ac1b699a19da00874553e42e0d12,63595,catarina,CE
032dfaf8831a5caba16aad65f1b1402b,ccf02f942808f0dc5ff1be1bd5298318,22260,rio de janeiro,RJ
032ecf6afa4af219d338d03dd4f80f65,1cb26e6bfd718f7434d7be2433e96c73,13419,piracicaba,SP
032f25110f17bb0d65268257b10738bc,b931fdce2c9ab0c8475ac1bc83af0f04,75800,jatai,GO
032f3aa672886e0ba37ee901091d13b1,d7ecdd9d0157e03280d9ba2f2330d353,31742,belo horizonte,MG
032f5eb3f82038a0490fd6870bf131dd,35c7d0dd049493875b1051d21f03d846,97200,restinga seca,RS
03318882e195c7e5aace9314477cf957,fcb20d027028feb73a9e0ccd0ff5c357,22240,rio de janeiro,RJ
0331ff33cd51d777696c73c74f1e1190,50828dd76f21d44a6da80ee92b258312,75701,catalao,GO
033225f6250f5ebf765eb90c41cd9c35,07b9a37d717b53a556e7c27669dfab57,83702,araucaria,PR
033230cd77689ed3080a4d79b32132d3,842274dceb0b59c33217cc88a9210831,3363,sao paulo,SP
03326ac6bdb11c844b82c85df77525cb,0783cb00028b2271dca70a603e36a447,59575,extremoz,RN
0332ce61f5e3f6faa4e92fe7a9d55f8d,11639fd884f1d8a0faab901dc4375b90,70687,brasilia,DF
0332d4009fc4c2bf2cd0e1baf01d9765,ae981c3f2169be56a72188c98eacbf35,88058,florianopolis,SC
0332d8ec6d259a1caeda045188ffe70f,dfa6661f120b6fbf018d3f053bb26756,4686,sao paulo,SP
0332dcf396bf54bbc8e16e5e7c4c8d84,a3cb4d6aaa32872790f1199b217eaa3c,68928,santana,AP
03342982485f39b4f1bac62e70ab6ff7,a017de101a9c4fab4995c1bc81e737ea,5565,sao paulo,SP
03346340b055f4770567d2a28ca52d4e,b2c913a0723c7737e11067861e061913,25680,petropolis,RJ
0334f4a8d10b77fa20ecb172b9f3a50d,73601b1eec55943e90ce8d61253d5c09,31550,belo horizonte,MG
0335ba5113b08cc91e56660c92b370bd,859d3dc060821c02f4463fe53923cc9f,13160,artur nogueira,SP
0335d2d38f73c105f274b4cf306c2a32,5697e2a4b157e2c895ae2bd9f0aa406a,20270,rio de janeiro,RJ
033697e598cacbf5c293f06b632b1a1a,ff7bfe25f6e582f062fe91a506aef916,1312,sao paulo,SP
03376f61962efe4dccecd7ce47dcb511,e2a9ce5993c4e7bd7929e889da70a919,25060,duque de caxias,RJ
0337719c3caba8187a276942d35347fd,50c7adf7c25188cf27f66e1cfe278fad,96090,pelotas,RS
03377b1b4b82e780549eeea3cac8f25a,d5bec12f4115d7cc77dfc90b598becd1,36301,sao joao del rei,MG
033854c6af774f85df06de2c9399589d,ca6718ce3159ed378b0782f999bcd584,32450,sarzedo,MG
0338c6d579ef5642c7b1c9e565a6c812,00e707efa5ad9f0e6bcaeeb87910693b,37540,santa rita do sapucai,MG
0338cedf9fd370fe655047aaa0725078,1f98d2384ff7a372e6a2d3bb75cbcd54,36680,sao joao nepomuceno,MG
0338fb809c86eb60e7c6ad3b69a8a33b,3d8ea4321fc67d4386e0f40f26584a02,4134,sao paulo,SP
033b3d672236740c34b5444b2c95658c,b130c2c14ac7f7bbd9ef611697711d5b,70350,brasilia,DF
033be315f82e41697260be39939d3662,acfca8c3549ceceba9e125afc0349610,81530,curitiba,PR
033c00bd7a0ab85d4df111a754b5fd22,a0cc18e61455053ff02bb3dd4052c9d0,4616,sao paulo,SP
033c0ab40161f39cabba89a415feffaa,367f810d77e192e1440edd2afa6b07cd,68371,altamira,PA
033c981e2b34fee357d40d07c83a1cec,790fdbba24f0dbee6c7babb3402ed7c1,13564,sao carlos,SP
033ccdcc580c85fd79e294166214d562,7ac16e90bb1712cfa5845bda10c0359c,1514,sao paulo,SP
033d941a9b54660b52da29edf21075e4,f9ca24ac60dd57b28630410f8a1ac485,15015,sao jose do rio preto,SP
033f5ddbb536a477e81abd786f23f452,77990aebc36116f217b324ac96d6ad10,30360,belo horizonte,MG
033f6866f9435a8fe0bca6b54666f543,47a891a1662c1f27cd66c574ad2f4c95,6693,itapevi,SP
033fab69968b0d69099d64423831a236,fc0bcca3d8d90a812b707bb8e45069d6,29278,arace,ES
033fddf04734fc23644c3d6298562372,93e3c3a36bec70f3e91f41fa0efdb8c7,7022,guarulhos,SP
0340a58f4c5575ef03a6083a95c01166,1b7656b5b3c92c5e7d878ed08f5b130a,33125,santa luzia,MG
0340b2de09f18a986fea9f26cc7b2d9c,57668c60f87bc896997917dace48bcac,39730,virginopolis,MG
034114dc2bf3002b8d1bad87a64e0ade,e1fdb5606314f2f8741f94ea1f294612,40231,salvador,BA
03418d9b571e1f02f974011713dd2c38,e1c0467a9cb9d19bb9f716249f79bb2e,7194,guarulhos,SP
03429d54443e1269399f0e20eefd7512,4c48cb96cff2990ac4573f88d035a42c,13050,campinas,SP
0342d5b49f9d170b94f0beb69838ed2d,78a2557725c376115af55c3600215c08,14813,gaviao peixoto,SP
03432b33c8aeb8601e3ffbb38127ee2d,d7aba360e924fca1be9f96f56c85b0ba,75890,sao simao,GO
03440934dd266ec0b356eed6e0191612,2f4118eaf3d3df4bf8c3d57f8c2bb1a3,30140,belo horizonte,MG
034454b0d87f1dc91dace5306bde36af,fc1c735fd279ad7321e7b40a4f9d361f,37890,muzambinho,MG
0345751ae47b77dda48d7a9f6e5f5946,a00fa52ddea707d5e192b7f87852add8,11025,santos,SP
034662fc1c391b6a886dae99c70b3c0b,2d1f8906e5b14774bf8b2dce27b1a998,88840,urussanga,SC
0346ede17045f279840b35cecd360d14,2864a61fd48b467734363359fb9d513f,13348,indaiatuba,SP
03472ebe287f85dc536f9de2241243cd,ef9519a8a83c591e8355947250cf60fb,97541,alegrete,RS
03484d8666a3cecf775ab6eeca4576ec,563e700163aa2df323b1251adb24f789,36570,vicosa,MG
0348ea4d0b778a75707cb99aef17ac25,38a5663d9f47ad993d751656ddfdfc3f,72314,brasilia,DF
03490c0fe2173f4c187a6ba6d3cd5eb4,9d8b631affd3a9863f7cf6db1fde3864,2962,sao paulo,SP
03493176f2a79c72181b9f75f539c55b,101c4f3a8d05e210924b56609b8497af,3080,sao paulo,SP
0349b833ebc99262c2369a6e20732960,1068cc67ce615ce1bdc2636466448f14,94120,gravatai,RS
034a67c9a4d321daf61515903eb02063,bbb8c5b1f2649b6d5f1c37ebc9a1a41e,32041,contagem,MG
034b85c0cd0d7d391cd93e2857f773be,34cfa0a845877b3bf6657c9f098fb421,36970,manhumirim,MG
034b8eb08858f93308717bfab30b54ba,dc691fc6a36871dce71e9b32490a4362,13183,hortolandia,SP
034c3cb26461c58520139e4efb33ed90,b53c2691f8d9e0f58c1b548a4e68ec12,48030,alagoinhas,BA
034dbf527c403a97312d2d20abb0d0d3,3f3ce271b7f095df5029946f9f8edc13,6544,santana de parnaiba,SP
034dc20625271d7092e8228d1a80cac4,df1322661e034306910fdfe8d7b79065,8472,sao paulo,SP
034ec80100c45d578f08af297f2b84c9,dec8632530ce2c58e688e63cbc5105e6,28943,sao pedro da aldeia,RJ
034ecc550de79becac426a8ed79722f9,ce0640b5ebf6dd6badf3f245d2cd60d0,40140,salvador,BA
034fd942a2424b8665d157a4ef2e7fca,1bdfc06b52aa7ef39bf31acb3eda45e8,14065,ribeirao preto,SP
03500f262532234525663b2c3ac1ef57,944a97c55930ffabe9e4d166b4bc3248,88790,laguna,SC
03510abea6b35f3fd38e50b4e8f8287f,71df407626dad5f591620b980441e6b5,12704,cruzeiro,SP
03514f9ba6258fadc8aa2391eadee65b,3a4f5d794447ef719ca0e2f79613756d,75115,anapolis,GO
0351668263fb4722095bb1db517004f0,9bb8248ea4f097bd7420bbcce016840e,37704,pocos de caldas,MG
0351f415e46d182dbb19fe7c7717d52f,a2958412c124f154e9107c6a0efa13fe,35930,joao monlevade,MG
0352f19bde56346648596f642638c657,ec18492c03b697f38b02e5c6a73a48f4,78525,matupa,MT
0353311decd3615e5c4c03b4595e3e27,1569accb1446f5050a2ee04cb54aa9a6,26033,nova iguacu,RJ
0353600c1d2362be0bd0aae14133bd1a,8bcf4dc0342b8295df1d7bc9fa4d250d,23012,rio de janeiro,RJ
0353a6805a33d54bc0910b25653e9981,3bb10208b3ed9eeca8e7cfe769fd896e,4564,sao paulo,SP
03547afd789d986fa9de32e9b0b8f344,3c6484833ffda378fcfcdbd1a3f13ab1,4612,sao paulo,SP
0355544e5f4818d9553faa520fedf38b,c2eef4e8cfe88848c34e81a5cf62b4be,6630,jandira,SP
0355b0162c38169d5cf921cb9ba5ff19,0da12f504835aca6dd7ca0701c736219,12710,cruzeiro,SP
0355d9908ea1ed8e05ac5402d84e250d,df5cdc06dbe8e5dd15ba1ef1bf304032,6660,itapevi,SP
03561aef46e7dc993d752d9edf39d31c,effe219869e5a4e0869c3a27b75b56df,93042,sao leopoldo,RS
0356877f77d9b7556e70917d90bd59f1,b1a751cf325be76355d032d8e4cca557,9080,santo andre,SP
035702d60604fde0df3e3d975fcc3aa2,7f8112eefdcd5f49770d46f5b140445d,9831,sao bernardo do campo,SP
03584c130fc11548a1d7b9cf617b95f8,e5d666c254dc4f4d7f205213e00b0cff,54330,jaboatao dos guararapes,PE
0358a7592f838123fd781a9830917175,4b6f5e4f2317eb2c21fd2f9c0ecffeb9,11436,guaruja,SP
0359293832be85974700b436b3ddc6ef,68ee254c5cbc9c8f62f9a656c8fbf11b,72602,brasilia,DF
0359e57f5d0093284997d0cf36a75e7c,a7642c8471382f961b102650dd020294,2722,sao paulo,SP
035ac81f8d263612429021ec3c89e7ac,7fea4a45a89866c4724b55c562951862,1127,sao paulo,SP
035aed905c76a63603e6ed5d1d21ae65,e2025751a68d76ed85d7f8aa53738f46,35501,divinopolis,MG
035c08a68b237ef4afc82109e61a7380,e4469e5047c00b0188885853d357d2ab,4116,sao paulo,SP
035cbd7a946d33043056a4fb2d685fb4,ca994abc57b0bd7981d91d0061b3d8d6,90570,porto alegre,RS
035d022d08cfd373cd52040fc4485e78,abd50093c728a6d432856afe334725db,9121,santo andre,SP
035da1211e1f631ab58ceb5e614d3bd6,737d1b3cd48d4ac3574eab1120cd7191,29304,cachoeiro de itapemirim,ES
035ec305e97c979078a8d68778f25905,23f2604a958f938f365a1aa8add49b86,76590,sao miguel do araguaia,GO
035fdb541390672b9938ad46570dad75,7fc3cdf9b7da8a526fde4bf5368d73c6,41195,salvador,BA
036051a7caef0230a4ec9fbea54e06f6,d18e811d8ee3bd3b5c37dd1c542809e8,38410,uberlandia,MG
03607aa94cc886c288008326808df435,31c15d3e04d2edbb4b7d73578d305d32,7176,guarulhos,SP
0361232bf2b929e19323dfc2843ee554,5f5c98eeb7493cc2ba1a27b73207ea6b,80250,curitiba,PR
0362a48ef2ac84609a1495df670a0f88,03a4afe75c961114945607707b9f3b88,9182,santo andre,SP
036386bf476a9425bddf9639364e2907,bd62b323b8e70075724fb43aab7a5bdc,4176,sao paulo,SP
0363aafa9c54bf423dc9aace78f18f29,3d8f6eef546513dad3d018c20a994ff7,5410,sao paulo,SP
03648b0b80b0733591115d811b7420e3,80e342d5f93c2fefc0d1513604fc10c6,35179,santana do paraiso,MG
03651203127d40f0063e5cc08d464b64,c78ef6b627924a444c068ff23ea62660,99040,passo fundo,RS
0366081656b950085a27be941a5b28c0,b4224936e820cb80c7f012043936f6c3,37968,monte santo de minas,MG
036747722c993c40f22a72d23ebd5a45,9eeffd87f2e7056cd68c3896802919b5,13178,sumare,SP
0368541bf462ab4f227778b73f427c2d,ac2593adb817694bb87be3eb71ea1c74,2262,sao paulo,SP
036a059499bb4fda443ab493f192ebe1,37c108ce3abd1d35c9a3ce93f016657c,22775,rio de janeiro,RJ
036a1f0892cbf27e9f3768472ffe7c04,0b638578b967f50cd287cd9db00fbd2c,38475,monte alegre de minas,MG
036a2b2e7d16c12b97890ea51a2ef172,22e2a6909c8debb64e8560df49a25260,75712,catalao,GO
036a5ec4de2e7e95d1bac6ba6cf5b327,96bd810529ea2caa1615706fa6e201d3,78455,lucas do rio verde,MT
036a6fb17c53bf6788807347320e8bf1,20e0ac6b53ce949068aa86ddb08a50fc,65062,sao luis,MA
036aac46214f6843a9e8e0ca702e335e,1d7e8be24bca64576da891970638bfe3,35680,itauna,MG
036c04b97edba65881be384d9ef54ee4,550be95d95acf4e2d0de916442d1435a,88495,garopaba,SC
036c6fdc444676377a8190fa248c7563,81293696c91c32614522ee611bbaf9b9,39812,ponto do marambaia,MG
036de6bf856003f529c1fcd01ad2a357,44bf1e643e90656062d2f0bc5ec2e7a5,74960,aparecida de goiania,GO
036eed6f0650d445406ff23640b7911b,9336ed8ecc0d62a8da50590474e8bde1,88535,correia pinto,SC
036f3be5c1b9e3684b52ba2954ee35ce,a5dc96c5031bfb22bcbe3a4350c323b9,78075,cuiaba,MT
036f4b8b056789194b5f668eab64c84f,3f74f48c85c1c74cc34bf2e5c5a2e434,72800,luziania,GO
0370d1c87da5bce39a913db0c94c146f,1e789ecefed2a827fc7d5db1f20919f6,96810,santa cruz do sul,RS
03730c077a30dc8f5a02be8b1f5e3e7f,b7d0f56c45fe8bebe55ffbcf0d67581f,5351,sao paulo,SP
0373186c0d9c262cb4e09c6271e128b5,931a338cd92dd8c0e6e3c322db7083ab,83414,colombo,PR
037356d24e116561460bd349e0ef7f04,82420a84a2781a5afca48b917bd9c228,27340,barra mansa,RJ
0375082957a62e6c63866be3c7b72d62,12ae206cfdaec975d2fd73b24779f0c5,99010,passo fundo,RS
03763b8972b5dc67dd9adbafa0256e16,9b24b12d934da66967828f603b8a1654,33821,ribeirao das neves,MG
03787ef7555b94c1a63477e7e7441881,14a52433508dec56265579c5752de105,21825,rio de janeiro,RJ
0378c78abac293e3a4ed8c985e518181,3e12da33a3ef66333d11320efc7b9267,13401,piracicaba,SP
0378e1381c730d4504ebc07d23b5bda1,39fd40b7766d6d39bdcc6276541a26a2,49095,aracaju,SE
037a833a583b557bd93ce21c263c265c,e8ced922ab4b4885607e15b998805e98,13213,jundiai,SP
037b2d739103d197af970f23448d348e,4d43f4d6e457125f72eb14d92122f4c6,5012,sao paulo,SP
037b8a87b79ef80a342929651eeaa760,f40d7a2c65f23ef07d546aec2414d146,2979,sao paulo,SP
037bf020eead8d38386571748d79f2ed,67d5cb083d5fdbb9d50c7f7e1849c8d7,7142,guarulhos,SP
037f0855b92185d84c858adce4e714dd,5c2b5c09534917d37857557d37ed9205,36830,espera feliz,MG
037fefe4072b01df6c29d233b2196a23,677378f2b0b40f72c2d7dbc2df8d2bbd,24230,niteroi,RJ
038040c89822d9d8f9899972c5673ef1,14f5335a43420b92aa77e1f35ada3f42,11702,praia grande,SP
038043a62bca294b36eefac078e69729,27177c850559ea0ec7bc49e36d30a45c,84300,tibagi,PR
03811cba01cb0741c318e1545b04173b,3d6ed7232dcb0837e78ad6ff6123332f,18016,sorocaba,SP
0381ec58ea2fa26fb596e5d1af0e270d,168572ecfee20cf6f055775f96a119a5,4814,sao paulo,SP
038302481fecf4b95852065a483b8d95,9ed4f2771274a984af927b83258e68fe,90480,porto alegre,RS
0383cb4f0f80f571863a2542410f51e0,6a449edf2ca1d673c2f19ad18ff1f1b7,83420,quatro barras,PR
038561d63c7a2c5cd26f05914cb27be5,6986db56ecdf0b451083d7cb2fc66918,9210,santo andre,SP
038580298aa9911636f2c2ef00b72a8e,53aa8b765c8e7788639cc0003713c703,8440,sao paulo,SP
0385c03f2b10a0a50ee72d8e3649a4b3,b8c64934a84e5ac575aaf1c5d50f340e,19800,assis,SP
0385c8d2e645df58096ed14446b5374d,d692a6bff91d35ab9f35ff12a3cc3d10,28735,quissama,RJ
038677c6bb39caaf53d27c6d46fc13b3,bd731a72f769936aa508d75770626679,30170,belo horizonte,MG
03867a4d63736672b9276bef85ec277f,96ba990be9cd0b25de0e7b42e55376b2,78430,nortelandia,MT
03867c61ac5eae960b168b74ee252100,c9eb65d2fb911d6c024d919b2a11f932,40720,salvador,BA
0386dfdebdb359b0612a0563487cbb7f,f8a45ea781e72553d785afcdc0660c91,22270,rio de janeiro,RJ
038718a29c41e770aaeff44f49232eab,e8c901de2619a65c9271aa51c5df1b2d,4466,sao paulo,SP
0387bb320e7a692802687bad867e85e8,ad26cab0fa7b4cb226dd7d5180cbffaa,95180,farroupilha,RS
038928d37194ccb2082dc43c08bd9e0b,979c81db07ffda5f1bc76cbe35427d5c,22775,rio de janeiro,RJ
0389344fcfa1b39110fe6943f8abcfad,c2676cdedacba0e3aed5312e06b9bdda,95180,farroupilha,RS
038a7da8dbcc0fe71896af3e1865f5d5,24725c19b1dd55ca3d24642b77d0ad8d,44990,barra do mendes,BA
038aa59fda83ef09082edd0718cd97ff,815c04254741d959b31d232475606811,72876,valparaiso de goias,GO
038b507a69c24aa9b525196d7a295977,d37a3d536b73aaf6f4a526ac4032f460,37440,caxambu,MG
038c357f0618e32eadd4f356a6c1229a,c81afc75422aeebd4947bdfa4d120c7f,71060,brasilia,DF
038c6e4806a9d19fe170feae7825c2d6,048df8b25dc48e1554eccde119d6cecd,78455,lucas do rio verde,MT
038d099e202deff2c5ac1e89f86c6f46,934413f76823331fd8c6d6d9958f0631,4279,sao paulo,SP
038d3dd1371d364b6ae8ece9febc397b,18e3d276253780b44b5b7bf83f6785ec,11420,guaruja,SP
038db9153b201fb438201488dfdd1bd3,bce514ac2b2759eaf3c4486510ddd4b1,9950,diadema,SP
038eba7c093b00abd73987d7c22c6f06,931e929b771e34ff95bbce281c733e3d,11060,santos,SP
038f88979c9816294e2a236465e8096d,32203277565d5e9a28b9f0da4ed32698,44059,feira de santana,BA
0390e8a506d1b5c6b545913a8900231f,092f9a44ba4f3f80e3a0179845997bed,3603,sao paulo,SP
03915163a75b2905841984b17a5d949a,08cdced37283598622be561526da1cd4,89211,joinville,SC
0391a63da09585e6aa0b5903a30de108,74fc3837ddbf95ff3f27ce0b4f0cd98c,36400,conselheiro lafaiete,MG
03933bd8f668c8444d5307d9d5d171eb,9a0ee875afc94eecc7f41411782c13b0,13340,indaiatuba,SP
0394ecf7525d430f3caa7c6c625661f1,d53071364684fc8e947339e6f6526fc8,12041,taubate,SP
03952dd46963b39ab13db3f9ab54bfd0,721494552dea92421c7620c0eb0ea3b5,66025,belem,PA
03959f8a4aa2ffd6c471d797b3e95055,b9f8839c38cfc321ce5b3d3553787ff7,36500,uba,MG
0395ccc69bc49302782458b3d24cf3fc,948e88665a3e3eceb9262cf33e40b92d,2401,sao paulo,SP
0396cb45bf62655a5a16b9c8f306d12e,cd551cd35d670d82eba95de67c89b9aa,11030,santos,SP
0396f0569d196840d98d0337edb142f8,d8a479c34b62d02ef2cd5e16a46befc7,80620,curitiba,PR
03975ce1698b187029146eeefa04f5f2,4d337c98856b7ffd5018d7a5b3fbaf76,88353,brusque,SC
0397cc69d4f5d98b754925553a327d17,2c533ae4556bd5b836ca6edc1ea42cd7,48913,juazeiro,BA
0397d9be013c9cb50ce9669dbb322cd4,5d7bccd6e2372ae1b1a1cd753e1f7171,4313,sao paulo,SP
039a50ec3dc563eaf0bb3ecf176cdf99,3ef89bb0612ae0ceb434b6cf8335e35f,78065,cuiaba,MT
039afda3072825c183a2ec67468cf1b7,b30dc2706c2d00ef71ed80a75eb242f7,1241,sao paulo,SP
039b0a43d31bd90051298c4c41a277ea,f13d5dea2335435fe7c9b8a1901c1d1e,39630,virgem da lapa,MG
039bbed64cc5e2160b7ca4ac6b09449c,a40096fc0a3862e9e12bc55b5f8e6ab2,20561,rio de janeiro,RJ
039c5d6f330c73420f1658e63f67f0ff,5cac520e0d32fbde17b1eec2eed08f37,5398,sao paulo,SP
039e022bbbf82354bd7ea61f3d2d8339,48234b2beb62ad60e2aa0c27a7cdf267,36881,muriae,MG
039e247f51f48db99559485f01600562,6b206dda97662a85a6ed4c94a2906fad,18206,itapetininga,SP
039e439f9f8a9601b617aaf7168202fd,4e9f806edc28d18aa8faff97f3fc15c1,45055,vitoria da conquista,BA
039eebca4d46be9067692e9611a7207a,b1605f0b595c177f4f6c08f01525de34,25850,paraiba do sul,RJ
03a17587335e8de93ffc1cae3a515cab,6ae10b5b738375e37484b37f8039ed25,4209,sao paulo,SP
03a2a04722a38803d8c29c7339998d54,c2bffaf8747e77b4c0b4e38421e3bf29,88117,sao jose,SC
03a3b2d52dbe4375adc3dcba1e3f3ff2,1bf2c83e9b4d2faa2a8fba48797b832c,36037,juiz de fora,MG
03a3fed0e96dca44d3d9614a4c83103a,b8501ab406e9ba0faf8298eccd8a4f14,35198,ipaba,MG
03a418d38babc71339571a01488aac1f,35aaf89742d88485134770f27d419b60,8810,mogi das cruzes,SP
03a43f85610c32719e8526e1be97f6da,922c4924327ce4a0c12b413c30231974,11432,guaruja,SP
03a5dc88300acdc63c40c0fcb54799ec,899e389a3cbc0dce0d5df23b9b64679c,74911,aparecida de goiania,GO
03a62f764ee7e4701929561d653e4029,99f1bb5c77e0fd15dba3b99bf70042b2,5782,sao paulo,SP
03a6ba2837612c689cd65be392b84084,4ece0ab94505340f9f8c39f09d5c1280,30431,belo horizonte,MG
03a6f3a3935165f5d26f4797ba6039bb,94c1c602b16a9fdfbc154ef63cfa50f9,4012,sao paulo,SP
03a7750fc7a7bfbd7a84b2f4f26b92f1,ae7e471f70f6fb521a3dc8770cefa369,83430,campina grande do sul,PR
03a7ec15e921e602f51a834e5be50b4f,1d49289b3a906433e3ee62d969b5fd35,95185,carlos barbosa,RS
03a808b2b6c6da738ff0f3ca8ae8f9e2,67207354acc26987a2d1269c89487a98,13401,piracicaba,SP
03a81070a9a6e3bc2c4209e564764204,0e50810aa0fdb3784e55bda1bb0a5874,26130,belford roxo,RJ
03a94d235a422b784953fdbad346162e,e25df38472e1e2667661c6f3acd9dbc0,13506,rio claro,SP
03a9f8974cc93e00d318122ca6382bb2,067b6ceac6257706e337a8eca7565630,4561,sao paulo,SP
03ab2881558f2bf456eb10e4de32f380,68331f01178d0f907586051db642b677,38700,patos de minas,MG
03ae9ed4f94758b2d7b66356b797add4,4e51fe41912be91deba264ef9b453a34,38017,uberaba,MG
03b1280fd15563f3814e6b0812638ca1,0bdf3baf9efec12f859ee8135e153aa7,63635,milha,CE
03b188ca8a8eb2ac83073a9063a1f1af,4d4da2fe14a93b8d8e6bc59c81939a4b,3168,sao paulo,SP
03b243d7ac6a467982044dd9dddb4d68,ae7bbda26aa34d0eeab6e5e2f19fe122,97060,santa maria,RS
03b244a1b54133315bbb99ed870d07c3,048018b271de8a57850a736e1decab48,38050,uberaba,MG
03b3813a78be4cf5205e70977ad78d29,8941047a0d54f59366a66ba79806ae9b,86600,rolandia,PR
03b400e08714b00279dfdc1356f6f03f,ff03923ad1eb9e32304deb7f9b2a45c9,18703,avare,SP
03b436ea506015a721669b80835907c6,4ff03022ad97615c6387aa546a541eb4,34012,nova lima,MG
03b4899033e1fd024b660308eefe79f3,5ebd2c3c300970d885d058c5d7e88f16,36016,juiz de fora,MG
03b55ad524882ea886665ce748ad0c0f,a461c83c918c7aa6db361bb88114d3b3,8111,sao paulo,SP
03b59966dd366b58382e349fbaaa6231,89b18d4332a8a52b9ead9a7cb82d1f70,1244,sao paulo,SP
03b5e23eae0971b9eb46cd97cff21a60,bd2c96a76503e424d97c858681ab7cb0,22631,rio de janeiro,RJ
03b5e9c6d19a9bcc8015ec2660ae1936,22483fe27670232168eebb24cdbd3c20,16204,birigui,SP
03b5f0e2f1c1973f3320bb65f511d2cb,d88f4b2f9dca3a7a48d28829f0da52d1,36200,barbacena,MG
03b753419e88796de2c7127ff13dce58,f6fe57d378dab85208a1fdd0172548e0,23020,rio de janeiro,RJ
03b75b4bb4d5f3145ec04664ddd53183,f2d7e42571dc36cf945d2f671c177cc3,9821,sao bernardo do campo,SP
03b7f61816a176b8938c4bcc7c9720e0,83a358d2dfda16894534650693a72962,6680,itapevi,SP
03b971e3d286d50f6136487edf61782a,9e5599e07107ed4f7b6d522492b3a489,21610,rio de janeiro,RJ
03bbe0ce5c28e05f22917607db798818,8f3dca4306d5a89e4ae2c65c110603a2,72465,brasilia,DF
03bc4c1c174bdbd205c9e537437d3c02,5c8ec2802164eb257a506d111a1d4d6f,1411,sao paulo,SP
03bc9df96986cacc93d21bdb8914f83a,e33d08501f7bf6cf56c80e3cd99d955d,48071,alagoinhas,BA
03bcdec411d2d7119b11fd9e21299419,0322aa4c67a96237d87be8c8c443b227,17780,lucelia,SP
03be246c6a30b0be83a6de87cc6afdf3,d1958f7c544c374faaf63e6b6ae98b2a,31995,belo horizonte,MG
03bf8050d93c13d75b4e5f2bcb6f41f9,c8893ce89ced11d1e1c02a35b94d3e48,5881,sao paulo,SP
03bf979ff2db68ab067fe4fa11fede09,fe4494238d5e3ff013b1d1d238e1dd98,4126,sao paulo,SP
03c0cfb7f6859ea591f6969c8e9d0109,8fe2d8efb2308f1ce0958634a9c241b6,3125,sao paulo,SP
03c19066495ef91f92b31005d5c4cccc,646c00b19d9f4cc67be0cd6f026ba3ce,3530,sao paulo,SP
03c1a904f35ad2f91e103b348cf53c3a,b4699ec11422e505ccb98da77dda35a5,21615,rio de janeiro,RJ
03c2071df0b83e7d7281d0ae9871d4e5,c7160937986e1e6f542a2e3308aa72a0,4822,sao paulo,SP
03c23ab69d584dbbed60003db778135d,0ec32a952e4726088cec1b9d4ecf81f8,25040,duque de caxias,RJ
03c25401073fe088ba2c01a4db9e9857,8f0e2c3a26c4ecbf30b1b83db3dd7acb,38600,paracatu,MG
03c25bbbfdb9e7dfad55da96cfb76fb6,0f7273acf5fc44ed89b95c6de438e816,4116,sao paulo,SP
03c27921f605f0385f319ba1bbee389b,31a9f3ea5883e3fa0e6ec685504251e2,65047,sao luis,MA
03c3fccf8214a32cb024281191b454c0,cc48dae46c689ddf723cc52e0a4d9b40,41338,salvador,BA
03c42b210f1e9fe31f69458ffb08eb2a,99943365e96b3789803fdf561bba475a,8331,sao paulo,SP
03c472348f11407bc8dfc408e502d099,50f6847ef78de4a0623c56fcec6b956f,14730,monte azul paulista,SP
03c546b7602c2844a20de363905be285,e0d3e27af6775c22481f79aef022d471,14300,batatais,SP
03c55d79b75dda6cb2a2f1568708a446,6e890959de98f57e7db8fbf22d3f5697,91910,porto alegre,RS
03c75f8dfffde486ab30360f6e689a4f,b61dd513f7cca03e7c2c55fb80fa1772,1214,sao paulo,SP
03c7ba581235c5cf6a6bf7d1c538d422,f1b2ec62b5f1d504eedcfcfd907550cc,95345,protasio alves,RS
03c8a5c09464a476c67708e0ef65078d,0f934eee5883e89afa40170db7f3efe7,13140,paulinia,SP
03ca680e03197e7cce0c7d62a8c30667,ed6bbef5eadfaa3f40b4e279a46a5f63,79091,campo grande,MS
03caaa2424ad1eac4fa728131f432da7,eb778ee3e0a3192f49c887918fd5ead1,4614,sao paulo,SP
03cb35ed4ea247307302f9f4ea94ac87,cee6ce5015643cd821d4c8cbf8b5d9d9,12221,sao jose dos campos,SP
03cc0d8c8f25cd1e7134599ffadc585c,8c2663e10d731208f3e5b3cdf6737638,4674,sao paulo,SP
03cc560a190bd173cdb410ea38c6620b,76967eb50da869a312fc4adae1fa5309,2410,sao paulo,SP
03ccf5d27b3a5a3afbffd525ac12fdf9,40c28102da89413b27297dd73916233d,4337,sao paulo,SP
03ccf99bb960bd4a7a588e4ab472990d,6035ebd6a5c9e5781524a395ddfa4632,18211,itapetininga,SP
03cd1b42e5ca372a1a7ac4d5b927b888,6040eea0e0b973a5a6b8de1aef18c46e,9781,sao bernardo do campo,SP
03cd655937e266ad3f683fa24a217dcb,5325483b48b39f15d015ca8f4310e66b,74843,goiania,GO
03cd896233134f9feda7bd1c0eddc7be,82706b31a7656f55e779afde22132a8e,40050,salvador,BA
03cdd9e78baf4d26f27d09cc8a29e774,6bafcd1179bd643190486f233f47a650,37701,pocos de caldas,MG
03ce4fbe5fd3c67bfa9c7b6f87dea760,d149d3c210bfa99beadbc7cc68c4f43c,18040,sorocaba,SP
03ce599d2de7554119405035652e592c,e2fbce001076ecbb2422c2b03e6e2a67,4824,sao paulo,SP
03d01c3308507d5d861af0d89b65beee,7a74f59a3969e7ccb6ba0eacef87d838,3312,sao paulo,SP
03d03aea0d866191e5f60d0fca091f4e,a77a6f3d98d6936e8890b7bb2de84def,31160,belo horizonte,MG
03d0ec2d85870812d23393eda7a45e8c,5b170b21e7df492ffdd39962c608ce63,72860,novo gama,GO
03d1b22e6c0b53ff1ddc79c33ec96a27,22723409a576c5399280e00318fd52a8,11065,santos,SP
03d3a988c4d392b88975238160a947f0,0da0e3cb898f1019529c5e5e738edc8c,97300,sao gabriel,RS
03d4f8c8cd112d8756d88741497d1f8c,6cf5bc81d002764e9f52fa309344b6cd,48990,andorinha,BA
03d5f6b6cca6439920d309c658fbb5df,3b8296e22b231fdc8c8a5e284edad157,12310,jacarei,SP
03d64d0d6b6524a94c827bce49413a4a,801e6180e5243811a13691ccd1c034ad,9855,sao bernardo do campo,SP
03d68326e3785e49748a00805e89e61c,836b645f3cd1d658972aca6ac007c8f4,75690,caldas novas,GO
03d804d4d3e76cbac2fdec148e8d2742,f2274f10e72e18fc77be57393daebbb8,25660,petropolis,RJ
03d88c22a063771d871d7ad4fc182cc8,b05a0be462115e2c6e1580b127161643,19803,assis,SP
03d8d8b0f58a42941ae8dd9ef3988eed,a0858dd9227559842a82c2cf773081cd,6602,jandira,SP
03d9a01006461e5674fb618206c83526,f3bf3bed9936aecd7792e6c49779dedc,11065,santos,SP
03db7508ff10612b60f9198e0b33cfda,794307f7c4fd6c8325655fb3f7b89895,86803,apucarana,PR
03dc0682e10e026f51cc524d590fc5e2,22439fa887de2bc0276b7680030b7cd6,29102,vila velha,ES
03dcea146dfc2ccacbc079ee9a669db5,61bc6c4a059f69ea37ec1fc5abfca27f,7024,guarulhos,SP
03dd76182616355a18dccf1cdff44387,787c604131b47935933af5420f92948f,30360,belo horizonte,MG
03dd937b72927cac2c5915a1b41fe012,4cd767976e7592a9bd329d555f9d0aa6,2225,sao paulo,SP
03de10b74e57b7aa7c13361497c5c51a,0a4d6a36550c3e446052d9e974c47af9,37410,tres coracoes,MG
03dfdec9ed6605bb41453c46fac2f2b1,ff3c6e588dc4fe2056acfce978f687e4,13412,piracicaba,SP
03dffa43f4eb19d5bb46183e6be9c03f,d322e93c425b3550b4730e8ca81eb7a6,83325,pinhais,PR
03e0ca8ff692a46af071866422dded4c,4cfea1c0d66ed41b769d78040e59fa73,36512,tocantins,MG
03e17eb5a208cef3b62b88f7956495b6,8ae1dcdd10dc1e6ebbdf07a939f927f2,88032,florianopolis,SC
03e1bb403bc199280f2d3338138c1e4a,8072f84e99d0b4222e3af8eaae114331,21311,rio de janeiro,RJ
03e2f2d2972f8618a721fa8447457c29,2b1e142254bf97fa721409a6831c3179,44009,feira de santana,BA
03e309adaa7741b79f72be256ae1c3c8,19fc84ee7b31c32b5a32d81b5f1808be,7161,guarulhos,SP
03e3a430d50d6e1123627d133c65d5c4,a83cc01cd09394ced3e8c97808d94d7d,3559,sao paulo,SP
03e454af33e93cda33e1b22175ab8361,d05013504cc471a973af3e91dc6b52fe,22291,rio de janeiro,RJ
03e4aa263433c6741b5d22e28272c520,5a3f5fbbab137680e842172402d2f291,9133,santo andre,SP
03e5e57dd377a3da84cec48a7bbfba2a,ba05c99cbfde258253cda5241f21136d,22011,rio de janeiro,RJ
03e6182153ba8bbdff8a0236ee161c8f,e96ea4cb3453ea98a7d774de540651e6,36260,alto rio doce,MG
03e653ee8e56b8ec6d97a5f5aa002be5,8d3c045b1a14ba80790cf29b9a27a1ff,2335,sao paulo,SP
03e7a78ad85e305f9989298d3396f7ca,5d1d2bf42c3a6bd8cd1a8a4dbf29983d,50110,recife,PE
03e82ff4feec050581d548f628bb4490,4f4d2fe2987efa0b9e4e61a466e8ed8b,86400,jacarezinho,PR
03e8f438c63d7e3eb8cf2e830e42793d,91f10558da786019ebe471d3ab0dab5e,9840,sao bernardo do campo,SP
03ea960cf43b1d1e8ea7343f503e8fd1,5872f202865385317a6078777633adf0,94475,viamao,RS
03eaeeab9883ef63043d7f0e0325a370,93d9e516a351a7747fc9830ae9525062,89700,concordia,SC
03ebf79c58f0c3be1cc8895f1829ca79,c0fc2e3595c750de75d36e7db9399e83,19200,pirapozinho,SP
03ec2e284072ed26c76280702832ed56,ee857c5838a5bd6a7e338ccdcdc76b9e,25253,duque de caxias,RJ
03ec3a55ecf6a4aa939d5c9cb0e8d3d1,ebf1da06f12c8ce6c97cbdb522307c40,3531,sao paulo,SP
03ed7b1b35f2e55b0f4d0b9e4e07b0c3,d0cceb06b81f83e06c5cb63c3f9cb8d3,70658,brasilia,DF
03ee2343040a3871cb2cf313cc795c72,243af8638d3316a743d06e46f2b7852f,85540,mangueirinha,PR
03f0e10539f9f25c2614e50a42464f36,ee59b3e5ddc6f6f92640127ef0c79784,29285,piuma,ES
03f21d23b93b0baba743e57d5ad14604,c8b70db37661ea4af86ff28f65cad092,6270,osasco,SP
03f2849096ae58cf4ef032d9a4bd72a0,5d1eff736f91fb803fb4b3ccdaab4f23,13092,campinas,SP
03f2dda26a1b89b7cf91dcd8a41feb96,c50d86a5e5f72589a945939e5eb10e11,89669,ipira,SC
03f2fce950d12e18b97760794a8d8994,9749fdb8ed91500eced9e9af5ccdb0e0,30881,belo horizonte,MG
03f7c28100418ce57927a01d62a6cdf3,ff80f08b2a6a87e84a28bda4613f99bf,21010,rio de janeiro,RJ
03f7dd0df6ce673353bd6e9dd6e8ae2c,12a2e65063ba8c6f37764d419afe9fe4,12995,pinhalzinho,SP
03f846ad03437d864a8d2a22976dcafe,7677c213007e9a6ec9267ea50b5ce5bc,2075,sao paulo,SP
03fa8e275f7ffe9b81f18e30c42fa7a6,7f27d58e9d083b8a6ce07a167442fd17,24120,niteroi,RJ
03fc97548af8f58fefc768d12b546c9c,4b86049cb99e4aa774031daa9cd18f18,20551,rio de janeiro,RJ
03fcc171d06123c951b373d1bf113748,f11173fedbf10c2913afef5844d86c9f,5171,sao paulo,SP
03fe220603b22a09e5114a70616b9c66,f923792a9b3154481124949cf5766406,22440,rio de janeiro,RJ
03ff24a1feebe22692496f9d3996438d,1a16ea972fbd55a30253c38d98c2e39e,62670,sao goncalo do amarante,CE
03ff9a2b7490e86627370e4a04864beb,dff5ff8f411dd1d77875f7e17a3eb512,8040,sao paulo,SP
03ffaf40c1fc47ccdf91dfd08f8ed901,a63693459bce14da8966dc3f34c96663,40279,salvador,BA
0400b2f1a68d9a8cae29fe11727ceebe,4ef36808638d570c5fb593b3f111e993,6516,santana de parnaiba,SP
0402d1ea1d67936c440f9ab05e45cd24,6f61e3b11233a0589a1b7cc29b656ec2,4616,sao paulo,SP
0403515b897169ea1b001e4ea602bf84,4977be3752099d95236a84a0be07e02e,28680,cachoeiras de macacu,RJ
0404d1fae25bd35102d36861b05e0108,2795c58c219802a191224d7756c24679,5417,sao paulo,SP
04065ecc8bc4cfd1228121cd5426e8db,7a921def610c60bdb6f6a13ecc2271c3,65036,sao luis,MA
0407c0b9473b07847c99aee965048870,81f3e3289b23460a82aa60a77017d421,4747,sao paulo,SP
040823cb5374775c7c43e8e33fc5016a,432bbaee2b6efe0f52cc5fbe03c6074e,2521,sao paulo,SP
040998babd9231bd6c86f6e85707fa5e,0ff6bebd4c4327455d347885e2697876,11440,guaruja,SP
040a6b33a803ef269d0bf0c285cb2390,72d1adc072dddac82d57953a3930108a,13631,pirassununga,SP
040beed7727775617d1a7da5d26efaa9,531b40ed8e69fa1fd2ebc9bb7ee61f53,58037,joao pessoa,PB
040cc0201a8b98d2c1ed270d6b52d561,561ccc48c5f03fb5cc10bdf7a0006ffa,62250,ipu,CE
040cdacd2e48d9702c0f6a9347f414da,88e5b782558241f9aff95cecbe346428,9423,ribeirao pires,SP
040d25956c9d082b572f1482b34630ce,5ac53376e1062bedef136a6928961d44,54090,jaboatao dos guararapes,PE
040d91478309e90547cb930b7405509c,8399fd4d16eb35256fea5735e18e5ed2,59612,mossoro,RN
040d94f8ba8ca26014bd6f7e8a6e0c0d,46450c74a0d8c5ca9395da1daac6c120,88034,florianopolis,SC
040e8bf7215dd067e3be59eebc2dd6b4,9fe2436fed5311e54beaf61ff1fbcf12,58865,sao bento,PB
040eba6a84cd4b4eb4ec87a825439c72,556b0c9c0dcaf1aa2fc8f93c6dea284f,66073,belem,PA
0410837784e2dbaa9a557a94d9975b14,1581a918a58a11d99c69f86d9c0d2098,46100,brumado,BA
0411ba9ee6c7697c60b2e05345557958,6bba5346ea6e2b6883a1bedd9da0b864,1552,sao paulo,SP
0411da92259f0d405855212ed6e54118,3d5efc786ec6e6f3c748510e8d937473,13450,santa barbara d'oeste,SP
0411e33b400d7bea31c3983d67bc071f,ac986f7ba1b566e5116f30662a1c1d41,13085,campinas,SP
04128fa0eb7d1b35ff952cfc5a0fa971,713d710e9e78884aafe392f75e375a3e,11533,cubatao,SP
0413010c14c0551c7377780fef01eaf5,9c53595ba7cabbb6c9617d23ed7ad8d2,66040,belem,PA
041318f3b224ed1865ecbd61cbd4c77b,1e497c35c31d2c947d234488eac62e87,9351,maua,SP
0415764d7efe50fff280fafa9777b327,bd86b1862fe796149a4d2af57bd85451,48668,barra do tarrachil,BA
0416120de33b5eef3e7d237ac83b45ac,9e40abd430fd934e5b84d89c23feca2e,44420,maragogipe,BA
04172bd08c3ce1f9546706d7c239d62e,e13c72a5f3d75d4e9ff55feaf7c6a34f,32040,contagem,MG
0419432b440cac406896f9b2ed4419a1,367f4686d7112d69feed92b02a1775ed,88501,lages,SC
04195f8de16121e6ffce0022c0cf4cb9,07c3c9207450ebdaa7e4e206e1b9e62b,89900,sao miguel do oeste,SC
0419615aa283aa971b6865c136a31868,4104f7e8028204149d92a527d010f207,5017,sao paulo,SP
04199b03081cf196718a6ed694e153c9,366d5412373275915a31ca3e12f99c49,12912,braganca paulista,SP
041a802c0996465c45e7b9e993097978,7b1d57112792a409deaa15addb1ce01b,79560,chapadao do sul,MS
041c0e4484d223d63bae84fad54c516c,61a2ca40e74fd5f39b5b8a2efed0efcf,29025,vitoria,ES
041c1b581b3d75b637507c4bc0e4905f,186faf3198f9fb8a82531e639b54db8a,17514,marilia,SP
041c1bdcf826ead159cc4052a86db094,6667ecbc53b645eef5b54010b7264f86,13070,campinas,SP
041c262f0425215f79dbd9ff70e9347f,1162fa9e5416325aa71b3537ebf2da3d,18200,itapetininga,SP
041c340fc75b751faeefe3ef5fd81068,0d3ab4a186604a4265952654b87a1262,30494,belo horizonte,MG
041cb229c816ff7ddc6e6bd21df556b7,8def2fed2130bb3f799d89f4d6a334e0,45465,teolandia,BA
041cd6848abb3d3ca45e83dc971488fd,0ae522661311f598df20272643d39ce6,29300,cachoeiro de itapemirim,ES
041d0eb3170569956add1abb9d1681e3,4656190b9bceacd90dcb3b30bf0ebaa0,13483,limeira,SP
041d5700e430ed7d2f3ca2d7e781f077,0e269c95d6f4b97fad56274b93bc2e36,13465,americana,SP
041d75798215fd7ebffd6cf6b60bfac5,c65c00821ee53529813242267de045dd,16025,aracatuba,SP
041e732946d597aa439b595a2def33f3,5648b6872b227b3665ac1172f7eeb205,76935,sao francisco do guapore,RO
041e7a50f42343bca153f0df4729723e,ee4203bde8734078a27485ea2b641398,15400,olimpia,SP
041f3b81b454fafa2803d20e5c79372f,af567bc27ac764bf37984b0a46b76d5f,78705,rondonopolis,MT
0420b6a1368a5577d96402bec1e4bf1e,fa31ed875f2390194dd2b15f0b3304f5,17210,jau,SP
04211982f170cac46abffab95d63bc7f,99b84bb39f59a6cf395e3d7b2ab456ee,3034,sao paulo,SP
04216e3374a4ddb59314b1f5fc9cc410,e46e99306e874b63c723f05272d4c5d5,4929,sao paulo,SP
042193d276acb3484499d9cf145ef90c,8fc82e5b44d12735c53b107b7fabc9f0,18540,porto feliz,SP
042194e0fc30991db79f049e26ee8098,682b2263d6de32c677a03dbf8a14da9a,95780,montenegro,RS
0421ca2c62e1e13536c13c8dea602d2f,a127d16055b7a1530476349068e3a64b,84174,castro,PR
042337fa1cafefa978c70ba6241535de,18b47b06497e6e8f539b0ce9e1342f7d,68626,paragominas,PA
04239f6a8db7da8265f4909a4a10f8a5,d5190b7d9ad40bdb65be59876a7398c8,31070,belo horizonte,MG
0423a0c4b6eea9435c2f40758658a2d4,e51eaffb93507fb621df4131e0454edd,87013,maringa,PR
042427dee0803c0cb485dbf592083a4b,7c7cc02989ccc874eb0b62f2a6682ba8,7803,franco da rocha,SP
0424e2f81bdfb77d7c11c3f447c7b241,bb6ffa5f9b68665f0cb238ea298092a3,12081,taubate,SP
042504909fb10780fba8b14a8f952d1a,1a617d69fa26f84b17ec3b288e7f367d,18087,sorocaba,SP
04250863b38e151d17f448a28174e326,2707bb9edf1ecc4ca7e6e62404b30eac,93510,novo hamburgo,RS
0426c2ed75d4f79aa5c3090ec537375d,158af763037bc871b93bfa2daa699f98,17017,bauru,SP
0427097a35c39f7f7863ba1c4d1479cf,912b9a2d828be81aa12b269e4c548f7a,33902,ribeirao das neves,MG
0428c4d3d04096fb5f5ce933acbe8e2c,a0e9ac540437f1d948a7ef959d44b20d,20521,rio de janeiro,RJ
0428dac4668d094df02ce20e705455cb,c48146190db73c764378712df6db4014,30880,belo horizonte,MG
04293309a0d09ff6718521058e1afe19,549e1edca7e2761a387971ca8f884487,34004,nova lima,MG
042a0023939eb67c821adac70b70da2b,a0d22df815994caa734d6338258b6db0,94199,gravatai,RS
042b53f9e609289d8f6fcbd59b4acf63,f722ff3c670cc731721553596b8de3a8,24451,sao goncalo,RJ
042bcdea41b22aa79516d40e4f374ed8,51c23d1b01aebce5a1e32e3d9b312aa3,78400,diamantino,MT
042d3b446910e8338a3a8bad1dafe7e7,d0e4d11c07a9872b5c41cd8fc63837ba,9190,santo andre,SP
042e5efb06ce782f900f6585a4671cbf,3c001938ee306e3e8c52c7c3bbbd0d3e,14050,ribeirao preto,SP
042fe32d398b84650560f12af71f911c,7eb4725d089262beaf75f9a296140a55,26112,belford roxo,RJ
043074b1068b23092a45dd20f97ba65a,151289158e1107a3080ede4e28263a39,2442,sao paulo,SP
043111eb2b35475e7264e40c234e92d2,cce1ebae571c00a8cf32a9e71ce1d7e1,5162,sao paulo,SP
043166c34654da038d2d97c57ac27e6a,af2d7ebc983f470f6b749a81d147cb61,39505,gameleiras,MG
0431efe603d40ebbd845a573ba0e25bb,196d05613ba767404e4e690ac84861fa,6663,itapevi,SP
043227bab04086b2fb932f1d612a575e,8f2050954f60245f76119e9c906d917d,75830,mineiros,GO
04324b8c52e5b8d8f6f4d6d344597ca7,8af6d576758090d95d37b25d8be251ce,72320,brasilia,DF
0433bf499177881400c0a69aaa22ecb2,a41e44cb8ecf5a210067c6d19e35aead,4004,sao paulo,SP
0433d774ea865531860bbd6db8295036,bcdf78aea62047896e79a5230de83634,91330,porto alegre,RS
0434f4ff62dd653e243ded765d430c6e,d27cac89e0963f38902e5cd34fdea29b,18046,sorocaba,SP
043527f9eeb5ad04bacaae09a3604f66,222474e83bb85fabb4acff7f5b869145,13070,campinas,SP
04353ed5bac96a6aaf8a5dd52b6909eb,d81c9733d8705744518cd8d2e1be4460,19970,palmital,SP
043563b734e56fc7efa52c47e58d339f,52b8c13c04ff89a74189469d6261a450,14730,monte azul paulista,SP
04356ca5b944f7a92d6b103bdb44268a,2774c87659bdca5ddfc6df1a688a54e5,4561,sao paulo,SP
0435f56ca2461ef676149d29d9f0b5d4,07a839176fcbeff000727aa6db6753f9,2970,sao paulo,SP
04361b218639fa1eea85ab84aebcab7f,dadbd996f437b5230f82ad00de17a4da,20720,rio de janeiro,RJ
0437042370a13825737a6b3ec892166a,dc7231ae7ea2f5af8f54965e6c999611,1508,sao paulo,SP
04370b820ba7c7a238a5862e04bea0f3,838220ee1d5eefbc13a167592288f9aa,6411,barueri,SP
0437d633b71bb7bc68f45ab803c5e9a0,c5471de16aed3d7ca21998ff0474ac14,4080,sao paulo,SP
04394d717e396ea334ba0a969fb3ac9b,4acdcee4311f692f664898fd366b9157,38770,joao pinheiro,MG
0439e73f088869583242f6949729865b,da1d954bedeff29f27fcd75f3c218795,1229,sao paulo,SP
043ae95888195ec551d5306f20e0420a,26665ee2e504396135d197b3e4721beb,17900,dracena,SP
043af03b39a6275a432ae36c96928a74,255ac312f5ceb97163ec60f0db2eee11,3687,sao paulo,SP
043b1864088fd7fe08ec3c39c9a28f9b,0a770372585a5c602356287eeef0db10,5413,sao paulo,SP
043b3cac6240fc110a721919bd6dea93,d87cf110269f58faa16ef95b748b702c,25075,duque de caxias,RJ
043c9f38c68b4ec1c37c6145a2aa6257,76dbd05cdab2c1e8f6db5de719eb2838,4661,sao paulo,SP
043d2b13ed6c916990adc99db8cc4e42,1b547f8eeea20e082f1230c912937518,20531,rio de janeiro,RJ
043d7293671e5f243dd648d9e5d1f396,f2e0d62cdd7a19522ebdfce5c35dfba3,88590,anita garibaldi,SC
043dbb0e26536d1faa2c5286b3dfa926,224fec58b2ae81595fd9dfe2a09253e4,30170,belo horizonte,MG
043dcc3db797a03b132fb63e753c309c,8744de9f480f186339de214056d422d7,74367,goiania,GO
043e1a8a42664d4e6fd092d4b1f878e7,c9410ea221526f527d0f5d0fea2db50f,11075,santos,SP
043e3254e68daf7256bda1c9c03c2286,a2fb4a981e80db81e95c63cb85d3473b,17501,marilia,SP
043e4ab7fb6ce15a641ee24c596a1e4e,230ebc94e875c79bf04984abbc45dbad,90690,porto alegre,RS
043f84c471d1141aa553fc893c6fa14c,d151103473f01802b68edc425be42124,94760,aguas claras,RS
0440345aa3f318c95691cd2345894071,4c9970ba5173d36a54c376b7f02c3aaa,9210,santo andre,SP
04411d029ba983c1386fc99accec7c63,1c3ab93570fa6946d63927f8f2a836c1,81820,curitiba,PR
0443dd75d52f59a5b0061b149534737e,ce2281ae0cb85fad394e9fe1695336a4,4461,sao paulo,SP
0443e05743c50517e46e895fddad6664,06b62401a89eed34edccffcdcd014bd6,15806,catanduva,SP
04445deee7383ac75ad3026150466867,cea1537ac1a5e083b8626a93f85475cc,11320,sao vicente,SP
04449133b1f1b228059b3c539fd03ed7,d0d416547ab8413475de3b35cfe92bee,88047,florianopolis,SC
0445283ab2d69419d518a3b1d82092c7,5e0e7a85d1e428267ec4904737d1fc13,14401,franca,SP
0446b2b06900bd31f919292a4379ffb0,eab27a5d81262bace5fc81727514d49d,3317,sao paulo,SP
0447d86a923f286dcdecab2c0240722a,788d35a7b2d874b34779c8af1e0f23ef,89990,sao lourenco do oeste,SC
0447df4fd1c1f9c602bf25ae24c494f0,37d96e337d68c6e37e9612dcd39f5de6,22220,rio de janeiro,RJ
04495037fc6899faffa41ba3bc4272b4,c611b2ddcec5427603ec76ba4c117373,15953,botelho,SP
04497bfb0621c08c82b50b7aa5de95e9,682e515bc08d5cd4e70322fda54dd095,89340,itaiopolis,SC
0449d1b1afc5212a6805aa3b6d84e049,dd42be3b4926541bb2e7cb3ac12f52e6,4149,sao paulo,SP
044c16324fc8ab615bfc53b25e8c5a79,2770f7c1e118a711aa68604cfa09d4bd,23036,rio de janeiro,RJ
044d022e9a18015120a29d799ab789fb,76cb71b7eb9be05e13edc7cb3830297e,29108,vila velha,ES
044d79868bec993e35df7044c8644943,83418c2218f970f9c17d5dca6f775f60,78200,caceres,MT
044d7def82c6fd78156eb55c3135edef,f90464a575ad5f7e13368ba1347e384c,66030,belem,PA
044e0f4d0ae3c40e9e66fcb49a4b5cd0,31fac402b273df2354484c1a8c9145ea,21230,rio de janeiro,RJ
044e10a1e867fefd7f02a3da2ca475b4,e186ed0b619ff1dd7eef17b1ba5c4831,86610,jaguapita,PR
045042d40940bdd1ded5fcc2207ee31a,c17b7dd097e7db7803880e2464265de7,88302,itajai,SC
04509e3fc8b310f74b4ee514f0c1899d,66cb29267e1bdc78dd85b30452251579,3728,sao paulo,SP
0450a756a2643c1d41c2a139b4c3e2a9,cbe5fa9ecd810beb2e6cf425f2f6a4ff,59012,natal,RN
045103dd48f804644731c10cfeaab4ae,18aa614e7e09d0c2b0412ba79550c48f,21920,rio de janeiro,RJ
045113dd9def11da63eed78d7bd66571,3676d45c02c2f74ac2fb7b0eb74cd628,13212,jundiai,SP
045178794d4eb65a4b79f34dee26374a,baf8d1bc8b02f403f67012d3366984b6,4321,sao paulo,SP
0451da0cface080b24fd41460dba3f3e,02baf2ab49104d32faca025ace4fc9fa,29101,vila velha,ES
0451f20d74e1dfcbdd2af858531e6a68,acbc84365eb6bc74a86f2c54be814b3f,87083,maringa,PR
04522f4ad5dde9b24196eb897e32710f,c6ae2f5339ac5bb838d44815b405f998,95720,garibaldi,RS
04525298a3c6f9744df148b9f91dc0b2,bfa8caf14f01460160bb34618f5e9929,89809,chapeco,SC
0454038eb49c9d4f0fbe5f2c7896980b,a17d31fc1cb76c6249430b960a117928,14790,guaira,SP
04544ddbd5e2606f1dd899339acdc9aa,b78ca8edc230270959653800d7757bef,12324,jacarei,SP
0455d45b64061c4e759e04cd9101f5fa,ff9bc66daa6702543b16f3c4897e300b,4674,sao paulo,SP
0456002a0c954678f3a3151b18ad4a05,bca189e865ae06fecc876629651afb4b,21830,rio de janeiro,RJ
0457d8f15475757888a0064b63e01663,fcd78ca51b14e3f4b30da31005b2d731,4474,sao paulo,SP
045a67d23d3e4a1cc8aa412d8f8b79d2,11fe1299aaf7d39a5b8303fd02a91d2d,6454,barueri,SP
045af42c1cdb848f5364dece77e9e08b,1b2d658aff066cc4c104cd74093101b6,96200,rio grande,RS
045b31c2888ad0ee254e1387e410ee89,050555c26479bbb8ba0740c37e7454d0,4675,sao paulo,SP
045c9c5743635d72e9ce2c5e5dd6771d,87e8f89b5eb94e367396882a3a6eb36c,28896,rio das ostras,RJ
045ce65dc053765839733057c287dbcb,1f69219bc86e6918b4751692323de642,15910,monte alto,SP
045d1980b25d907232ab04bab9299c82,8d1a2e101cf7b1718f7a0193cd9e3cb6,26060,nova iguacu,RJ
045d8fcab59f603256eefe86e45f0350,40aa675201863fe2a78cc40c3ab74609,7985,francisco morato,SP
045e763e2096b07525b1908bb365a0c6,1ce349008bbace40a7befaa1295bbceb,78099,cuiaba,MT
045eecf8b7d258d4ac84816515328236,17cd440592c98a8dbbf7a99963274ffe,66023,belem,PA
045ffb1f379e2a5ed4845dea2f2519cf,26de6a0aafed8ec5dbd16371667f6883,28200,sao joao da barra,RJ
04612c0745e93a575dac8d71974c805d,9484a5c41bc2e68c0a8f9c45d1d8c9bc,2840,sao paulo,SP
046219c81738d6ee539ff6c04faa8575,037ebbb3507dc1717f22ee973771c9d8,13279,valinhos,SP
0462be0a9892418817ec41fd7c39a57b,db70a8a87fd3ae2ec9b0d9e9daada859,37650,camanducaia,MG
0462ec49c7305de0305ec03923c990c1,986c25a5e2ca08ed0a961e8475bfa26d,12517,guaratingueta,SP
04638865a9aa6944aecf3b6c2170ab7b,21961423c7fac82e915808217daab06f,3191,sao paulo,SP
046498c220fe6d3aa19f8c3d3ed485d7,6c6ea26d47e257d940180ec430246a03,72405,brasilia,DF
04655b7e4d734d1be30329db64951a8d,2befc3a795b07c3b2005fd7050c72863,16980,guaracai,SP
04660634d3f6c16b67b53dc0000bba41,af400490f77ef67f2cff53ada92b5a50,13069,campinas,SP
0467879b99ff56b66e87cbbb39dcfc36,ba07af42a4b3a09a1c7af2292e84b80a,16203,birigui,SP
0467e821c75897daf0241cf81a4b5854,cbc822b83f2ce9396e8e549e8d3d5e1e,13280,vinhedo,SP
046851b37261eacf29f855ea1af7a6d8,b5ca92b3bcb9eaad4afa5fa359484071,5025,sao paulo,SP
046898f5066f7287e47eda8a80c80a56,b82cc08ec7069053a3f5219ec59d3497,79470,rio negro,MS
04689d95f1fc4d3d189a3b0414fce031,79c992b34800f7c200ac412a676e4808,55016,caruaru,PE
046911a55a7bc12ca917758e9c4cb5ee,875a8799fbbac7a0f209714bebde4f1e,18202,itapetininga,SP
046a1632121428f36355b411b7e60bee,31284ff65b82dd9571b788b1c3644fb4,5428,sao paulo,SP
046a5261421159f926af159485832725,ca072da22ab6c6a14608c9d12c00595c,37950,sao sebastiao do paraiso,MG
046b12442afd04050724f9e956abe30c,1575832dec542a1d01925ef9155990dc,4747,sao paulo,SP
046ba797126ef91632351367c0845f9a,afb52dda5fa21ced63c86f5f05ffb3f5,48430,paripiranga,BA
046ca7ad3a85cbffda0372a4af0c8855,83ccc88c511948a2ff9399d0b877518a,68590,jacunda,PA
046da9eb71f72a1d1f4722fdd0f6614b,f00aa1cfc257dfff20184269b19db923,21530,rio de janeiro,RJ
046f890135acc703faff4c1fc0c2d73c,70601471b692cc0879300373118041ff,37640,extrema,MG
04701338c86b6225dac722093cc6b467,293281d3af111c095db09f3de577c62d,4935,sao paulo,SP
0470a8d9b6a4161506860bbd6256fd0e,9e4c21635f640562de1a6976374fba03,9530,sao caetano do sul,SP
0470c47f1dd7a91d0f3b8a420589e0f7,27c5a2e7ca50a650565c75052cd5712d,35700,sete lagoas,MG
04719f10ea55e8d39bff210bea43c1a3,afa4fbe424bab6593e9a8395836966ef,8215,sao paulo,SP
0471cc0884591a4029e0c0508511cee4,7cd938778523097d6e7a2a2c7e5707e2,6530,santana de parnaiba,SP
0472271024b60ed1f590ae051238741a,37983ea49264e00421faeb401761a344,39402,montes claros,MG
047294a4de92e622ab7aa66d6efc9efe,36ffbbdeade73b18025564d1404420b0,20531,rio de janeiro,RJ
0472d52fc0d9de11035845057654052f,6f9530ae3dc59cca841d54f8dbc287ce,1240,sao paulo,SP
0473034ec8cbbdc1db543b6c3615c625,65f72a9364d44ebbd405299568002138,28035,campos dos goytacazes,RJ
0474930b6f1687f99415cee7aee3d55b,459534589ae424a4955f7fb79760a3a7,1410,sao paulo,SP
0474f888bb532eb4cc657abfd37c9d44,413ce1f9ef6d348584397f99571faccc,4623,sao paulo,SP
04750bd159f6ee54d7ad858b8887128f,bfcc6bd0edfda4e6c7926e6c5924ec3d,78043,cuiaba,MT
04756e2ee87fafa85f80184649453aaf,b6d5fd7b03f36ea0cc2e04df2ee26ca1,30411,belo horizonte,MG
04756f0f3b38d2cb48c1cd1644a478f8,8f4a36b13c3a5db56b71d639d333b12e,29116,vila velha,ES
0475a2c07b935b757ebcf4a0cbf8c332,df80c5d2d57eb3e58274bf571c66dfcb,13465,americana,SP
04766c84e9c55280866c5adb180dd21c,f12c12749c4b7c7d8716f9bd166a14f4,60450,fortaleza,CE
04771a2b2b8dece0f3a1db5c9dadafec,d34b0e751428e0658b99b6054f43d7fd,22793,rio de janeiro,RJ
04776bfb2aee6d25a15f65b172c0d92c,ab5c0372450f2b1adae913d65a267f9f,13224,varzea paulista,SP
04782c73fe6e7a3b4a99879710f7362a,2a6cb5039e5e1e7c058a8190753b531e,57051,maceio,AL
04793d54bfc5338e1852fed0a18ea3a8,06b049bb5fd4f3d499decb9cdfff1b0e,28010,campos dos goytacazes,RJ
047965eae6564b51ea05b945966ec595,fa09d685759fe05a524c8563253344f3,45600,itabuna,BA
047a3fba37e3a757da4c9e67f0d110d3,d0af32188351a712457b3c6956da3c08,13806,mogi-mirim,SP
047af869a64d9d11c79cae050dea02b3,f2b8d21b85eaa96118545d115c18f9f6,4559,sao paulo,SP
047b2318462162dea28e4b55638a327a,d6c166b0e4ebf6101507722a5a5d21ef,26160,belford roxo,RJ
047bf05a26a10d5fd5f98a37b5ad1848,2eb9d66d7bbb2fc1083e530b8e51dff9,9320,maua,SP
047c0b3a52864c10c09a8ca87bb9af7e,2c193ccf494a9cd26151b453161c9343,13020,campinas,SP
047c4f9e8ca120c41c8d4a61df722ea2,e2f8834d5843f8e622e4bff2a9498168,88495,garopaba,SC
047d2000bf864a26eb2559021ec958e2,c3d8a0b18ff1521752caf54292bdd5cf,75980,parauna,GO
04802886a43fe74bd00496abf197b3a6,971c2c9f771f31f9e88687edf04f37c1,8773,mogi das cruzes,SP
0481139ed7fe534a38ed6e694cf5897f,e8200f943f33bf297a5ff83fd8cc78b9,12081,taubate,SP
0482519d5e3d179e7a3b00d6722bed50,21af73f960a77885e91a806c06b0c1e3,70330,brasilia,DF
04825cf7799fbea0fd7e9e3d33187429,ca93f64412721568b7661eeeab085f54,3692,sao paulo,SP
048383af1eb5828a942dd65d7d43ff6c,427525f6f5aee13983a2a1ad80d9e920,7196,guarulhos,SP
0483f71fdde66e16477095fe7d310375,05401081ef59ed0b257831b4c3b0d3fe,13290,louveira,SP
04861ff600ae6fcb9356b57355ed641c,3067372c1402a44e9172921ad83eb8ce,20950,rio de janeiro,RJ
04868d933fddca2e3fc9b32a6ca0b921,0d51c3b389b1778a88ebe889c12619a1,20561,rio de janeiro,RJ
04872433c17e4ca13b0aa2381838d11e,b3e529a2053eaec39876a97f990c3726,36576,vicosa,MG
048728006344013aa9fb44395800d50f,86466e264fde8cca4fd07bec8d83fe96,66033,belem,PA
0487babaee1a6d7e1aca94e4ecba5e47,13e58e8be993cad079d11118950e9af8,71918,brasilia,DF
04884745364ffe39a89379b80a2c2919,fc3b788d6e3bd622cf8f988af8e1c06a,13571,sao carlos,SP
04889e0130acf2e7b2de087d02994ce3,e197b5ef3ad3220f87041f2475b37c81,81870,curitiba,PR
0489234793dcb6cb0dee7336d7d263d5,5f5a3ecf1347403f7b59961ce8520d77,13920,pedreira,SP
04892e1ba218bc38b6f52cf4354c3132,b9ff3050810a8baf05ffa45fe65710ff,3971,sao paulo,SP
048991ffa9899a2c39481b7d3251a561,407cecec220843cbc38024fc40f3017f,20511,rio de janeiro,RJ
0489975a325480c9e385e9f135bb13c3,b577af9a54b023b4bcc51f69bb937f1c,14406,franca,SP
048b0452f58c6e76c476af669812b2db,d90edf698414085da3a594c649c746b1,6293,osasco,SP
048c357b7c10797e94b41047a42c351b,221ae88140600106a982acb69a0add50,96506,cachoeira do sul,RS
048c38095a2e1fc000871b6142e6a8b9,71328a8d994a325d7bb2c0c4a4d3cdac,9601,sao bernardo do campo,SP
048de0c58d1e0162415cff6a34e2df65,e7e5ca317196da0b3292c4f617602585,6663,itapevi,SP
0491083e2ce781339e49382f4ccee438,ebe45b12f9bb37fb0832dcc00b58c4ce,7152,guarulhos,SP
0492fbcccc19cfdea66d667173ebce63,928c822f6eb7267fe1669503d1a24c89,8390,sao paulo,SP
04932ff700030fe6c723a32ed80bc2ad,f1108e890f45f29145b2432f06f2c7cf,36120,matias barbosa,MG
049393fef7b67922535cadda19054cae,b3d3b280e7cc9eb88110b820ba5fc75c,35770,caetanopolis,MG
0493e61ff10b220ec4799578e4cb7e96,01147fb2cf81b69cdcfdc1ac4c6fae7e,30390,belo horizonte,MG
0495900bb9a59da4d1b972ff829fb60d,21559d7ff0ebff720e5e160184338fed,86040,londrina,PR
0495c25635aefe36adb7c788c6ff9f28,ede9a99e426542fb5aa89cc16c8d1e34,13633,pirassununga,SP
0495c862254261efd27f91c74ce7361b,36960608076d6103c6f3a513b5123884,5540,sao paulo,SP
0496b71ebc90246e3e2ed28846651580,6a1ff37aa020ee71c9e359413e553826,4929,sao paulo,SP
0496ba4893dc2332b957b3ac5cc5a60f,506a7ad39476ebb95b1da579b34c668b,14801,araraquara,SP
04990c725a166f618ef30e8ae48cdd51,bee7cfcbb355559866c30cd38482f67b,4066,sao paulo,SP
0499e8d702425ef8b10da2172f9fec96,fae05fe601dcbdbc9d5888b0f9c4b732,81270,curitiba,PR
049a364f58c2436196be4378cf9b2ff0,9d863a65fe6121e594e8ecb619766de4,8330,sao paulo,SP
049b7e070804b9740ec5a225d750844d,5c1e822a0c38cd514cf34be29b19ceaf,14784,barretos,SP
049ba78b6885e453786b80828dde6d34,790e0376b9cb88842b6e939f0b11409f,49037,aracaju,SE
049c199936ffe4c8b0ceca25ff1be148,820a3c214da3b988d5648d90b499859e,21940,rio de janeiro,RJ
049c2e1b1b7f47db2e3dfd7e10250889,67d3167a661dc4f8a7d6265357c6dfbe,22745,rio de janeiro,RJ
049c5780679a316a9155f71602ad1db9,ee729f76831657625c5e8414e0fb5ef8,31230,belo horizonte,MG
049d30345d60fd6e2870020094ad873f,ea02aa85005c75e85125d79bfb76db38,64020,teresina,PI
049e1221c498aac9230d750151d75706,a696f333cede35688305bf9a303b5adf,2022,sao paulo,SP
049e8e4f78c32efa4ea436ef3c850515,617c1346c5d00421cb61fd2436955ffe,13454,santa barbara d'oeste,SP
049f23a98a27f9901865e0f54f0e4ce0,d9b9b04147bb5cf5c5cd8c114b3cca35,12246,sao jose dos campos,SP
049f52ebc1b166994f1763e83455421b,1d2c3c629d6a479c4bad9f355b188b2a,2523,sao paulo,SP
04a043776b45158df5f274435321c199,7e6f4c38a581cced287444d779368aed,35770,caetanopolis,MG
04a0f320323673ed32272d2ee4d5cf39,b3c7cf0678ea702d383052eefe05de04,26210,nova iguacu,RJ
04a1baab9cbc43e54f00c5c243a4366a,930b47df55f7281c598c908585ae7435,36940,santana do manhuacu,MG
04a20bd4f5e48fb7b93c496ce933f0d9,3e5976f36b399e536f6922db49509fd6,14010,ribeirao preto,SP
04a25a04ee81a4fd6a28bdfab5545fe1,c057231ec14d6d9422537205c202ab64,37200,lavras,MG
04a2fa019514345f6bcc37c892208336,4c7311540ac1ea1acaa9e82448f775c0,77006,palmas,TO
04a3408f7d73698797fafee2580f4b18,56f0db47c9ee73713767795c062fe0d8,4304,sao paulo,SP
04a4616473f68f368a666ddddfcc9e59,fae01dd260f77f932cc70e8df4ea4a93,13418,piracicaba,SP
04a5bae61b84725c89e46444879d1f68,ddd903c0810a3d568651f55be055c530,7600,mairipora,SP
04a698bb819b462b7034b7d12da719a2,f3216277cf9743305e839e905320e653,73252,brasilia,DF
04a7e8450417e9af0756e051e17e221e,60ba6c553aff4ebee7abb97bab9fe91c,9581,sao caetano do sul,SP
04a80904d68808014ce304276a945dc2,cabb89542e5f18bb52ff71bb3cdd0cf5,11750,peruibe,SP
04a8bd329a1b13af8d394f37c6214ab8,0694d901d7d88ffc1781dacfda6cd048,8240,sao paulo,SP
04a8f68b5b040ff3e1d961c2d280d4e5,dce2e10812c2435cb0e44886b8e1d484,14770,colina,SP
04aac1179f493ca4027fdb822789e857,6dfdecc0c2a082e027bb73a10fc477fd,9890,sao bernardo do campo,SP
04ab012a558c5d12ae6037840f85a860,4ce627d55383d1d22fb03e7555cbdc50,3568,sao paulo,SP
04ac10c2ecdfe490a4bf9339c3c145c3,caefc77a8afe553358eabe1d28061b5f,40301,salvador,BA
04ac504901720fa9836cbc6df1350e4e,a1da6c965fe2a3e566f6da53c09d0afd,80240,curitiba,PR
04ac91a37da7d16302790620cd39449e,27e068cd8f732d869a03bedcd5a5a90a,88809,criciuma,SC
04acb20e159d994a8fffcea71f751785,7bff4fff725edd40fde6f0ac1eb0e2dc,22725,rio de janeiro,RJ
04ae58c675dbb11f51e6c9b23e368c3e,03ad4da45ade1177f901a1af0da11777,16050,aracatuba,SP
04aef4b2c2bd9d55991e8f36df779b01,dcfea0c82522567d4b5d66cdb21b85ac,56912,serra talhada,PE
04b07985c482f53e0fe418d05e56fea1,5abbec458aade1a257d4e7e10a84d351,76330,jaragua,GO
04b0bc5f7a9963bbca17c293037dbd2f,288815e5ba036d5b1407dfd71a9c2a2c,36970,manhumirim,MG
04b289fc410f311df1bd8235f4fac2e0,cba0e7026a54bbd075e87774326ce1b6,6454,barueri,SP
04b2fcfc043e6bd290a83c62fc3b38e5,3ab8a33a5594309df9c8fa21cbafb2f9,93010,sao leopoldo,RS
04b3f667f21812ce42117db92b7dbe17,835cd65a1ff89e0be89851e41cab8c3d,88065,florianopolis,SC
04b48387bf71a20a7b51d540080e50f2,af58c69736e0aa643594632082d00870,20261,rio de janeiro,RJ
04b59b5941a73b8bce510973637d9adb,c3ade0c36bc82cf245e778d549b924f6,9812,sao bernardo do campo,SP
04b6b85b1ffc6867540213d69a3ec01d,11f38d03ecf069e299766b4e29572e43,60450,fortaleza,CE
04b725a28205418c69b04add79d91c0b,dc2388a8c4c5e8f9dac1e20b07ae77a6,30330,belo horizonte,MG
04b7d26bde4f2d2fee0043ef81e664b1,9ef6d1d9fdc6511e44eb6b7c68a765e9,38067,uberaba,MG
04b980084e94db244952738c91136dd7,e6852fcc42a88802bb6fd79fee5d3a73,74110,goiania,GO
04ba9496f04b0eaa070def5b5ab662ac,809ca96e9696b9be5f69cd7ae803049d,7500,santa isabel,SP
04bac030c0366892396bc49c1c64a8e5,d10f23d669c51e0d983ba80de4d327e8,15770,tres fronteiras,SP
04bb4cf0fe0618ca7a2abb353f333fb5,2ca8eb891e78edea0a0fe1bdf26ded5f,20510,rio de janeiro,RJ
04bb960a2876e66f7874886ca00ebb88,da470e0514189e58504358bce259f030,13010,campinas,SP
04bbdc3ac9295507b111d49f4d110eb1,8f9c0dc510c12654a35d2add7a6c5d34,21211,rio de janeiro,RJ
04bceafd0111719988603d18dbac84fc,0df285643c970345de8307c566b42eb1,39960,jequitinhonha,MG
04bd48b39172643799a1dc84ebb98deb,82d36d5b6aa8c9c4678e7c848d5970c8,9551,sao caetano do sul,SP
04bf1a1d175bd70ee2c3e58b923f29ed,6afbf8b1d0c7c75becfa17aaa5d91e96,13295,itupeva,SP
04c1a998c3b21a343330f101a03c5b06,c40ce56c2c25e63abdf01bcce654e2ec,6433,barueri,SP
04c1c2d37f2b2f5e52285534fd59e14c,d7e2db0715ba40b51fdd33fed28a98a5,39560,salinas,MG
04c29bffd4d52318bc9315f4507336fa,ee9c9833d35430156b449bf350eec5e0,20261,rio de janeiro,RJ
04c29d61a03932febec8dbc323b339da,e43c9920240823d6c97bedc723c25281,5408,sao paulo,SP
04c2efda112806f34862f8bf4066462a,5821a17a4f620e48a8d9dbcd4072a5b0,97541,alegrete,RS
04c3d77667ac0f0a7047e8d222b7c803,da05ea5cac5fe341178e62ae03d522b8,79044,campo grande,MS
04c4d353462fcfaab210de05d1870910,0c979f9cba9795f5073f6e1b03baaee3,13560,sao carlos,SP
04c4e37f0223344a2f02527118f33900,72b1bbfa82e60f786b639a6739a35c19,37400,campanha,MG
04c561855d5cf8dd8a271b80efdc2151,a6dc55aec1ee0b61d3f917e8c2f6989f,9360,maua,SP
04c58599a7ad237021e07dcbb41da8c8,5f37d46a8916fbfb4194f9c00e4761d5,4002,sao paulo,SP
04c5ce6a399abdcceb5f253e4b090516,be46aa65dd1cb829cf970d64558c5f56,62115,forquilha,CE
04c615836bb9a3c93c57b2feb8b6e891,7f50c43baa66aae590aa1a067427cce5,30310,belo horizonte,MG
04c6985fb618f4fba64adf76dc2dc855,d81e95c47defd78bd56894ce015396c2,40810,salvador,BA
04c6e463d6568c157c2b96e5a4e34a23,ad364a72320b9cc9fa436bce66ef8184,2366,sao paulo,SP
04c70b7e1a619d16dbd79757e543cc59,c0c0c50de0f9c7089f7de06b69577afc,12070,taubate,SP
04c79718e69bce669782d1cdbfa6f138,d39668002ff4ce93810dc43d7e765c1d,61760,eusebio,CE
04c7bc4cc351fcdcf95e0beea777088f,7fd50e8c54ec658b03e72af98af1ab33,7716,caieiras,SP
04c7fbbd983235a3d2525e9d134e705c,7a289a88afacb22f0b94b3052717b22c,22071,rio de janeiro,RJ
04c81659bc6756aec0dea8a3fe320d7b,ec7ff0c5e0b5495ed3c49c6bfd6d9ca1,38184,araxa,MG
04c834ed53ed3ebdf68fa561bdc20e5e,09c7e80b1e64aef42787f124fa7b987f,1548,sao paulo,SP
04c87355ded588f31f753951fd7e4af0,c88c65274af4cadc8b55eedcbc9d9581,4005,sao paulo,SP
04c974cb72247502a35e024f689cee79,57c629d615251024098b1d42d08347e1,14740,viradouro,SP
04c988f07a548026c43187109042f220,1e7a6156e7741bdadcc3871c9d47bee3,12328,jacarei,SP
04ca69cc705242a6cb2465813eab22cc,9b29bfcfd2f23ebfce73ad908e474d2b,5567,sao paulo,SP
04ca9bac2d66158857714c87d46e71d3,6586b194a2cb318543931727af6cb915,12306,jacarei,SP
04caa0484842fc3d966ebf185ba21242,7e30d2336a1f1182766cf6fb863d5554,4284,sao paulo,SP
04cb06222199f8e9a1691ef028e88a28,7804384addbe34ce87aabfc43ad63e9e,5372,sao paulo,SP
04cb82f80c2964ddb436a3d74fc14ef9,18e27000b4e0e3c35c31dd96e540d217,37800,guaxupe,MG
04cb9ac4f7e8601eca04db769d91d5aa,1bc1b2bc01973665e8009fe6fca8c187,77620,aparecida do rio negro,TO
04ccf04b81dec817ff694f6af34a2a59,6c2dbbeb634605dc4cf25ce12ab038c0,1311,sao paulo,SP
04ccfcc900bf0d659f82f44c03001d53,3d685f44a510ff2a42d9c8daefe9610c,83406,colombo,PR
04cd1987a809f1275e80cfa0030b39b3,ff136252a2fd806ce234d85a09afbaef,32371,contagem,MG
04ce89d665a380f14ab7dabb784ef293,627aa63b0566ed147902c17120483893,1516,sao paulo,SP
04cef6b920c0d8f16702cab269b59044,6d0b86c615a3aa7ef4a13555ea965ef7,3183,sao paulo,SP
04cf6b7a84aeea29e7146b2f5ca5ebf9,9f349d98819a8c6ee82841abed5044db,13275,valinhos,SP
04cf986f0c5486033b0790fbcb6452ed,5a113bd934e8b75919fbddeef0f9282d,37275,cristais,MG
04d00072237ea49b7decdfe6d22f98af,106e0497270dd197f3911ddfd9251552,20530,rio de janeiro,RJ
04d0c8c75a0bdcabcc47ce1dd0db89f6,fbdd85f919749a8e7a1290c6452024e3,8452,sao paulo,SP
04d0ea09064b28a174ede28c73af8a75,b4b0901bb872cf9972b32a05733b3394,37070,varginha,MG
04d134f760aef9a8a167cb60f55b9261,692074726678229d1fe1887a9f0abb14,18535,jumirim,SP
04d35bc9d1149697fc480f6fd6da8247,7c080c2d5dd47b15522a29575194dbfc,1201,sao paulo,SP
04d410b4dfe0f11fb840a095b5f23cca,147fae04ca79eb0e3a3617428b43eed6,17690,bastos,SP
04d4b764b4b6cd57ab59f0ab357b2450,d37aa657345d9411966d1f71f46bac66,36400,conselheiro lafaiete,MG
04d52731fefc328bb6ece40f6cbdd685,0848ef3901afaa99199cbe1bbbd71e1a,32260,contagem,MG
04d53bddbbc6c607957ee304fbbf2a20,6a76aaea8c801ce1685fda1501bce5c8,65810,alto parnaiba,MA
04d55ff9d3701dc37126c0d9690b405d,f8c1c61e15db294813a24ad5795a54dd,22795,rio de janeiro,RJ
04d5cb41e92cebd0f1051d38c10f5ec4,ebfa7b208d48a86c037760d5676584b7,6122,osasco,SP
04d5e61e7fce0006c484f168e0b7bfdc,561ba7daca078167a3ac0a89afaf419f,12620,piquete,SP
04d70d1856e89f6f07b217728eca4daa,6b80df9379b85ebefdf9253f2e6bb188,9720,sao bernardo do campo,SP
04d7495f50a021d8db9893b0820a774b,133de684f8775f46c3cc3972be77bb73,14210,luis antonio,SP
04d77dc98bdc43b4520b57d074c8245e,f9cf5c26d115a7d3231bbe7be0bd6d45,4169,sao paulo,SP
04d795e7e90c83bd1dd185038140abc9,424adf7fb8aa12c60a29a76787d9a60d,38183,araxa,MG
04d7d73089b39d83f81b829cbd98e43d,86badf62319a7671b78a73b6b1e69fbf,35170,coronel fabriciano,MG
04d8d0c6bd78f05603c4f61c2b70447f,0d101ae1b3ccfe6fc57eeba09746ecd7,38051,uberaba,MG
04da2645a56f541526058058e48a71e1,b7a9db47b9ee48844c5731e35f3c95e1,12320,jacarei,SP
04da4cb5962496bd80f5d2d9de7a50b2,2704c51638632d086d6b02573e1f60bb,8615,suzano,SP
04db47e1f5a9cfe6cc8b560696c807f1,86ee190a174409391a427eed6f5e2728,2804,sao paulo,SP
04db714126e894b75fbfb664a136a497,95925cca0fef7730a06810c4e852ce5e,13321,salto,SP
04dbc4abee6079d145aecbe59c634606,56ed5b222ebc12f9cbcb567441350cb1,12170,redencao da serra,SP
04dc51f7e58146766c01a8b361bbdc03,f90fca167e7e863643e506f4d2e1c71f,24355,niteroi,RJ
04dda5c8deb02a801e2f7da84881cedf,3c6829f65318addce55df720eb884af0,22221,rio de janeiro,RJ
04de67fa7a027d728d72f1666bdced68,6360a310e76374869840970850ea3135,48120,pojuca,BA
04e0aae337a6d96f0b1311fe9ef13752,0d79252fffd1aab6f4221dfb4bc19aac,9320,maua,SP
04e0f25cc5098641d43654cbb7e73f6b,51c4c9378d32e822b9dade00eaeae998,6764,taboao da serra,SP
04e162861bf15f48b99ebcb1fbeedeef,10c6bf65561674a31e4e1bd79cb8c1e0,95880,estrela,RS
04e21ae2a1e759be1d67a5b71ec38e84,df86721793e1db7ebf65e205ae57f335,30150,belo horizonte,MG
04e2980731d4bbd86a9f20793cc78c8b,7af1b0a7064d072de5fc37e3c6734766,7124,guarulhos,SP
04e348e604e760a16a4d3160462c73f4,321aa4705a6597b7bb5a0c42ee121d3e,72210,brasilia,DF
04e461f11634773d5cd64af7db838660,487b72af97cd4e1dcdfae25627f3ea8a,22011,rio de janeiro,RJ
04e5f0d91c302fcabf232b92782a2932,840ba105605e7ee8fe5ad3590d6626c8,16660,pongai,SP
04e60b8790c932207bff0db5c8887a31,8bec7decba970b822248039d05af887c,35146,sao joao do oriente,MG
04e60c760aaefc50f1dc561039d0b273,75b45ab225bf88fdd7f432507030a4b8,30150,belo horizonte,MG
04e6b770102df2c677ca4505f9c0c786,e573a0cfd274f1b93437e8aa24a45e8f,64760,sao joao do piaui,PI
04e78263360f4c3aee74cc715c333608,ffd6f65402f2bc47238ecd2bdc93e0d4,30550,belo horizonte,MG
04e93f286b7920c82dc1a31240255ee6,27d79cba68ba1f1873245f9d1c45b0e0,2728,sao paulo,SP
04e9f1c738a73da01163495783f0a314,da8f764b90a3b800f31d093c22cd3074,13232,campo limpo paulista,SP
04ea46c7546b44f82ec3096ddaa941ca,15dc5cc01e20978570e7b51f5537a0a1,89620,campos novos,SC
04ea55920e35d12b624eed3a92b137f8,d07b7b1f86d0398fd24b738d4c0630c5,95173,farroupilha,RS
04eab1d81968c50de538547eaa7ce532,ede8f3660e869a9ae3b6f9c68ce47ab5,15091,sao jose do rio preto,SP
04eafb40a16989307464f27f1fed8907,d0b9a20f4efe329f146c1954fb3fb019,88380,balneario picarras,SC
04eb85b269fac8936404c595c4699e3f,e5371f37cd73bca8d365b766109e8d62,82930,curitiba,PR
04ebc2712225141ac34d1ba5ebee0629,4ef3ac5b2ceb281d80969e089bcc0374,13569,sao carlos,SP
04ec1f28c6817bc2c08a76aca9ae9805,69d29acc67a7de18c62499625132ca09,32220,contagem,MG
04ecafc940e602c4fd1fe544506c766d,d4989bc70976712e3343028803969d3f,72710,brasilia,DF
04edcf9c41ea594087f93171236b28e2,4e17943c8edf2f66d70f0e97b81aaf17,28085,campos dos goytacazes,RJ
04ee088fdb4047f962dfb2ce8577d85f,a5a08fa20a20e32aeb44118fe00b8aa2,8572,itaquaquecetuba,SP
04ee38c5668f2c41b881802106383533,534c8cc9fabcb34e123fc1b79e9a8526,21810,rio de janeiro,RJ
04ee4047183ae1e8c2db584004b4ec71,b715a319d46ec473b61569712e428e32,59086,natal,RN
04eec7a0a61d36a9fc40fbce299ea2a0,dc05a2e9bff5838597c6caf8611e5f40,65075,sao luis,MA
04f08e3b608a6e4f92edaeeb2514272e,f1c0232ce687019727128896ebb21f09,2318,sao paulo,SP
04f201d7f9350c38e57f2d9eb9ef7c3c,def6d043aa4d90414c22a80e3fde04ff,27660,rio das flores,RJ
04f257b05acbafc20d4886c8b12d0244,3f4ae4e79252a67d79d15573f5763148,5160,sao paulo,SP
04f2f2e3624a1655e5c1ef9ea74db99c,a9e0e08c05dc05fdb69b1ac2b18bfd82,9664,sao bernardo do campo,SP
04f3a7b250e3be964f01bf22bccdc602,c34585a0276ecc5e4fb03de755e8f7d0,63430,ico,CE
04f3fed63b02610ccf63aea0874d9b19,aa8804bf7d630692c09b03528f1fdedd,24230,niteroi,RJ
04f60c113a9d149d793399b11f462448,54aa4f57f592909db6f8e28caef75638,9811,sao bernardo do campo,SP
04f6954a5161ce3f16f1ad61a4344bab,73ab88904d8a605460b77ac0b8c14fc1,87020,maringa,PR
04f8b1896b14f1a769b778682468b42b,a013d464e12f7ff79241c06ff7b9f85a,22040,rio de janeiro,RJ
04f9573f711359386b4fed690f57cd11,33ed714859d7367ea2efa578453d4b17,28495,aperibe,RJ
04f9ab3f03d2bce18997b1e224e6ad70,337ae76c3ba514a2f0020d3a613fe6a8,13040,campinas,SP
04fa073164f8aa2148c9c19d586fdbac,8c59e845478e6ca0e366fefaba4bd46f,18276,tatui,SP
04fa959a05c178cef48c006e12af8024,0ba9d637cf0cbc196074c1858311f981,7131,guarulhos,SP
04fb6473ae3a533427a4d828d6f7ce7c,a9bb3ebac599d7788bd7537650557039,5101,sao paulo,SP
04fbe9cd7c2f918568c5b4e934a56316,f8705608911e57a47eb024eae31f50cc,54783,camaragibe,PE
04fc2ecbb192c71163629f423d57a13d,e3ea2c912c287a7112962ed5bd521712,14140,cravinhos,SP
04fd187530ffcbd8a94f5fdc33989941,8e8b93eb17dd51b9b77e72eedb03dd32,21853,rio de janeiro,RJ
04fdab473a47f9b5bc9176d939d43070,eca42597306dd33b3f771960f5c05acc,13474,americana,SP
04fe08050dc149cf00e43d448c468128,a1189e15dc652a1a751af63b65371a93,29560,guacui,ES
04fe773e9c7304ce6ee144698193f8d9,d2759a1dcc3fd8d068beb73a2bda3c97,8616,suzano,SP
04fe7d4311ae1d93d159f77fd513a91f,fcf07074dc089a40acd7c7d5e7e8cf6c,5888,sao paulo,SP
04ff7a6a7ef36f6d4f0b6812463966bc,e56f910f0c82a1d1937c752024b92cf3,78700,rondonopolis,MT
05006a510ff7ae9e5b9901344cac5f24,88279a2e6481f3d4ebcc364aae7986fc,6404,barueri,SP
0500b8feb30eb920f67c3cf8b837aeaa,19ece52c015fcedc860085c1e7f018cc,30840,belo horizonte,MG
0500c40cdd334dc943c44f211c54feef,b960618ae613125005032deb972def8c,30320,belo horizonte,MG
05010516b844e532c5dde4da1f0269cc,91ac74239a32254fc4a9779cf38b2226,6707,cotia,SP
0501cdf44db4f060b106258dbea42f99,996b6f9fe3bd438180bd37ff78758d29,31365,belo horizonte,MG
0502d707915775b984e0976f86be4e70,d57c7566fa71943643f46f06ce571ea0,17900,dracena,SP
050302e24b5fbdcd27170334fce45f0c,b2a8a796e4c7d2a26910795f18bbbd3d,66093,belem,PA
050309b91cc5e04e68841938e7984aaf,a1c2e4b4c1b29e41684ebdf3cc6538f8,28740,conceicao de macabu,RJ
0503583783b2b1cabcf45387f5f09468,a9f6727535a19cf10a95ba8ae02e6da3,29017,vitoria,ES
0503eb802fe69a16beabc757cdfa27a7,32c8a33ddd22427d707685f155234d1d,8810,mogi das cruzes,SP
0504a5d74832ef83b263972cc39d7377,baebfe959a654aa97bd3e0b179a31c3c,35041,governador valadares,MG
05057cba400d34f79cd8c0396f67647d,43c5dfd2c6dfce702068cf1f2277ed95,84500,irati,PR
0505fbab1c8a805a55a7e316d821ab3d,d3f9960d8ef3d818946323ec2807a526,24903,marica,RJ
0505fd0a593f5eb5078c380b6761e43b,3da044832d726bc92b3d898b249aab53,95181,farroupilha,RS
05075b9433e8f047f3ba7a5ada189809,212c759d8c4f2d4d9d6fd4c7de0afbb3,25245,duque de caxias,RJ
050847efd8d1bf6c54662d9fe2fae0c8,ae81f7525461d59870e615dcecd126b7,9920,diadema,SP
0509cd76cbe3a75f898826c212bb3b83,df92bfc8c606df2f1defedbd0b60a071,6310,carapicuiba,SP
050a20d417ba3e1143e75ff878afbe9d,2cafc13ea55ac44b4288351bc60b861f,22631,rio de janeiro,RJ
050a44e2a689099514443c37f6b36c6f,214742e7862ed2c70b22d62a8e68ad56,17570,oriente,SP
050ad1d637ed92ecd404ce115736e73a,d39269ea9bc36fd9f8e24950c35d0d1d,20780,rio de janeiro,RJ
050d71332d34aa50e009386b9d734d43,5e3aea1c1b3c34b004da8756755c5bc0,21865,rio de janeiro,RJ
050d927d2bc06382e52063a3504924ad,3769731a0b3181e7ad10af9a4521f3ec,90440,porto alegre,RS
050e8225e588d2bbf4fa15f2f41a5c0d,212a19fadd6806a18339f205cebfde8d,9271,santo andre,SP
050f6087053bfb249521d6910798e274,a160253d2a6e0d66453fa6c5dcb69ace,8120,sao paulo,SP
050fc780501aa65cce934dc3cb60e9a0,56eb8efb53949c3199aa0bebeb50a162,13090,campinas,SP
051039863f6805c5791e5f1eef4b0913,aeb228d2b33805c08b0744db20caa3df,5083,sao paulo,SP
0512c36c5e46fcfaa89c0fcc385d5ea4,a4ee8b6fb45852f415f8291847dc5002,18075,sorocaba,SP
05142fcea1f1b7eb475754abf33ece6e,1d92720f87b068d217398e293f183567,37200,lavras,MG
051471ca58786b55a780eddd05465e89,c865881f15d8af063e388419469bc228,5593,sao paulo,SP
0517275619c2cf3f948fd80048339422,cc344e22d5f33eb4ad85fb088ea60833,29300,cachoeiro de itapemirim,ES
0519065c0feb8da6ca9bd475784540c1,e6b5d84d17272ebad73eb1d52363428c,5186,sao paulo,SP
0519861eea334b9c63211d1a02c1a484,ed92f716afaed80ff2cb54705754c912,21071,rio de janeiro,RJ
051a0fa5363efa358bb6b04123df227a,5619be46876286f4ec32b7822fe0af94,5818,sao paulo,SP
051a1ee05ed1abcc755cb96dd2b85fd8,1bf743e4fbb3f0d171c66533e949d631,80540,curitiba,PR
051b80197d5cc128176487c0172c3495,0addd090eca5ad9227f95c437b392862,60761,fortaleza,CE
051b93f9447590b31046a9a2971d67ed,8abf287fd0381307da2c53e8c117d6bb,22795,rio de janeiro,RJ
051cfab9a2157fdd2150d0b4aa0128ba,02a12dc286c290872d5a263fb9af0dfd,5886,sao paulo,SP
051d8948abf627dfd3483f6bcdfbfa5a,79f9be7c3adedc8cb4828a2ce3981222,13090,campinas,SP
051da0c8b95f2d53eefdb48da43a4058,005f4b46e70bbd3295a38e2fd28d6566,20271,rio de janeiro,RJ
051df23b0ca41d5daa47268b5b96a450,bfd192684da3866e9c63028c82b7d0b2,38300,ituiutaba,MG
051eca5824715d378df187a46e1005e5,7e7f74ebcb61f6fba286b37002d3f93c,60530,fortaleza,CE
051eeefd4cdba801dae1ab465d41636a,9358c97fef93e77140be3c3436eb7af7,26278,nova iguacu,RJ
05210824bd5081b43f29e2ebe91dca02,2d91ab6dab5e1239badf61d49e97dba1,19400,presidente venceslau,SP
05220456bcf05145e812c1aae7e40aac,64b208f893dcb7b86cf71fc8a1149788,13274,valinhos,SP
0522e1cbe0a52204989d044e4d31fe66,66f7b9ded1baa17063515d99e91f9563,3475,sao paulo,SP
0522feb4f362f150e2bb2ebf3f47cdac,dc3ce43b568dfb0a72e30d59e0f56e5c,27140,barra do pirai,RJ
052342bf498e2b4c567acdace49e23f6,be8bd4fd44097c998b45dac223dd3ffe,32280,contagem,MG
0523cd19f27a70bda29f2efb68a2db10,c2919fbdb45366551c1e80d5cb35cd3f,38061,uberaba,MG
052451bf64a77a9180aef297df1f2020,d6a99105f5450823125a2ad741a581b4,16074,aracatuba,SP
052537cc336242d780628742e55bb572,5e31073ebe63952df288299902977773,21616,rio de janeiro,RJ
0525fa756013f1d648c20c8892bdea3e,79ae72fd0b476edd6a6d4c7ebf329b4c,5884,sao paulo,SP
05290ca0306c13fc3eacdb969d058b85,bb9b4553d42e28d6b5d59fd8b2540207,95913,lajeado,RS
052b13c60be8396535fb9c39b4cbd032,31a2c5866de0d8e3c7b5cd7f8e6dd97b,80060,curitiba,PR
052b1f40f45996ad66092c6a6fd85877,b70d2761ba7470d860109271badd6b4c,38408,uberlandia,MG
052b2c80ba54a9462b895f098a8593e4,00704e915ae0d4a236eace0267454cf9,34600,sabara,MG
052b62736cc868106f123c0e0a896fcb,03c9cf3d0801356549ee9fe8745a7c26,12530,cunha,SP
052bae46e09ab04f63c1c76c317be0c0,e24d6f069849b39ff28951368b886e64,52011,recife,PE
052c33d5b6909c0fe63290cb7bd7c08a,0cadff7d5cd315b0367ce51a17c41814,14096,ribeirao preto,SP
052c644eb399b528aa0c6ff95a3ea856,3d5e14abd47ad7ae589af619b8d2489e,95600,taquara,RS
052d1a3293d2fc507f8ab9974eba70b4,02d5397846b20fd2b4a270a7fe1e223d,12227,sao jose dos campos,SP
052de1fe665ac4765f9f00a663057442,387dfe9949a341018335ecc237ee7a28,28970,araruama,RJ
052de24b80bcd7cc95f203a10b090750,514c3d7a1d0d346844dd88fa597a7b3e,9111,santo andre,SP
053050ee241c66cf7b2c7d91926547bc,30f1735f7cea347c2b5a9ece8353d6ef,13423,piracicaba,SP
0530963cc6bdc31ca98ac61d7514efc3,090cfbba596e73ca60aa7c1e3f7ab69f,37705,pocos de caldas,MG
053145877b75927544b098ed35dde2e7,67913e95e07035bc67dcaa79ecd70cc9,78200,caceres,MT
0531af5b48d3d60dbd7e5c7f5e754750,4562d0a42031990b876a6ff189d97db9,19940,ibirarema,SP
05323a24770d4897bba59aab79f6d7b0,56636fd22de1a315b8a50d45cf94d859,95340,nova bassano,RS
0532c16fb3717ba27a99fd5492710144,1983d4bb595adf04d53264aab08ffb6b,4428,sao paulo,SP
0533b52812f900967b365e6621ce9413,a60f1a0f0cd8fb2f1f68348c98841558,5411,sao paulo,SP
053577e4537e6b6b68b9f0e929f27d32,a99ca5de16bb8737a59d562a3c32ca9b,1258,sao paulo,SP
0535ae315864cfff5c19849a12720b7f,76874eb4fca88317a82e68534d250268,25615,petropolis,RJ
05361832ee98653ec08e7370c4cccfd8,164ba50c15bd1157975375a75bbde58e,37655,itapeva,MG
053716fea805d6b29d6f8b6113fefe4d,3b2aa495b3557acad84b380301a9cc94,62570,bela cruz,CE
053773e477b7af0d6678c1669b397cda,eaba6c1c62884cc102920d3cd01bb8d8,22041,rio de janeiro,RJ
05389eed76026df7e3492a16dc57733c,222351cc5b5ea6fcb83e6e21fce1ef6b,66613,belem,PA
0539a1d77e38f808299c0f1f44280ab7,ab2255eb14e071fbe873408ff2c4fd12,29705,colatina,ES
053a19d1f63c7f7ec53871bb28435d2f,e11d15a422c18691e89c830fe9cfbca8,9432,ribeirao pires,SP
053a441e831f4858b13182fe2671e967,67abac71486100eb7aa1139abf5f7be9,74730,goiania,GO
053b2e588e54bdf1d4892e8e96fd6f94,d75a854dd5534f42bfac3299ac2d0b33,77940,sitio novo do tocantins,TO
053bad9339f2931b4ff9edf287875a36,1bb511ed18ce73188d01da338cd72c43,95590,tramandai,RS
053bc4c013d7589b292fe166ecba6786,82ce4edd273acdd79680c741648b5811,74255,goiania,GO
053bccd4465d25600d95df22e1eaa46d,bdbfc5769626d260e788990d3c36f114,8081,sao paulo,SP
053c167415eb05d031067db2b288475a,bdec3e91a085aa9bd49ca648170e7943,50830,recife,PE
053c7943cf3218c20664c01973f729de,040405db5973c3f48155ed4280b29b86,6612,jandira,SP
053ca64ae25ab83eefb29d38e4e49c24,9d6cb6f738791dc015b27eff3df42e38,5411,sao paulo,SP
053f9f6d14eae73c5dcd35952b42f44b,5a217b57456380cc037f0466c4772f48,6871,itapecerica da serra,SP
053fbd86c4da63d8983a3246fc3ae18c,9ecba8c06988a5b29202735b599903cb,78057,cuiaba,MT
053fd2ab2e3ceca5d4aef650327d1689,7590dea9fc7279d54050da9c98d4752e,17054,bauru,SP
05401fad06eec92dc8a514d6f277d68b,c5fb060a495b07e4d51c3aaf5cb8e32a,9635,sao bernardo do campo,SP
05407577e5802a22cb6f5ebbf5781707,c332a049f42341d2f662f3bf7ef51fb2,89711,concordia,SC
05410463d02d98f83438d9ab15a0cab1,672cc13f1d8220c6622ba842635301f3,22631,rio de janeiro,RJ
0541a0155b375e5d1ca9ed98e674e3b2,cae9c7893c1e2bb271e9052dbd3c1ffa,22451,rio de janeiro,RJ
0541aa34358f8279116d1d183f1e4eec,66e1f83376794a26466b8aff77e4a5d0,65031,sao luis,MA
05425c98e35d762211742df2a2b30af0,87a7c3090f96d9da963125a0d7f8193a,6114,osasco,SP
05428560b11124d146bc86a2c4d5bf35,8af7c3e9ec5825a574bf03b2813eea29,13184,hortolandia,SP
0543a4072ee6393ab6b0c48639a0499b,d0b5b4d23c6d9a316527adec08991173,5776,sao paulo,SP
05442d85c4114266feb6a926dacb7580,13739ee4b146d7f384d8687514bd73a6,8121,sao paulo,SP
054436f8b0565d7b5c66e9066b564393,5640efe2c740310ef4f4a391664568e8,36050,juiz de fora,MG
05455dfa7cd02f13d132aa7a6a9729c6,4007669dec559734d6f53e029e360987,35501,divinopolis,MG
05468ef54e8b2f92bd33ae272753e35d,e2749eeca83ee13fa1c2241818c13a99,91570,porto alegre,RS
0546c71e7b8f6ea44bc1324beefa72ea,7aa39b5004216556ea3013c7ae23ba40,21853,rio de janeiro,RJ
05474305972cbf64f9b4f6bb02447a1f,6c03b71412e22bfc2300d5a03dc4f20d,60192,fortaleza,CE
0547440e828d7b3fc00dc7cd355b9fba,d5d6f472839ac7cb7e30ea595fcb6bfe,13077,campinas,SP
054768a77848b10d24141691cddd0ed1,e61abfc55382f5862e43b1c41ae93c17,99400,espumoso,RS
0548553d5a48db3e51de97645681dff4,9a22702b63a211bffc99121f2c0e88f4,89223,joinville,SC
05486eac340ae6a8f4837c6ab027d5ed,742cd859b972c6c17ec43070d8c3078c,5036,sao paulo,SP
0548b4ebfce3d7ef4124f59d904578cc,b1b73a05806cb8ed5faf627cb50dac83,29161,serra,ES
054966d42bd2283fd25c9aa4fd8bba5f,4de3ce7b7424960d925e9bb8a675a5bd,13160,artur nogueira,SP
054a61b5ef37f443a58664bdea26488e,4b3496d4740f8929ba830bb965b82891,15840,itajobi,SP
054ab203cd9764221a28a41cce1e8cd0,57e86b52c7ce571e809f885b2d802f1a,33015,santa luzia,MG
054b07849b510cb56b73b0c256fdc82b,c96f3d66f29bbd3bdc317355cbdd8386,9895,sao bernardo do campo,SP
054b4c37e38c1f8c0ad6e2038093d372,a84b91f1f91aed1b256f58bf4007e2f9,6716,cotia,SP
054b63b8606d2faa194328b09033b53c,4cf14a4b90f8beb4167c98055cfb2d50,37600,cambui,MG
054ba5f19270e104f7cc58b2d0fe54c7,a7a8cc6ccbed7b3b12ef94bba1083346,36570,vicosa,MG
054bbe007936c85bde1a019ea0d47780,d0d7a334e7a8cdfd54b7cd33d827bf80,11070,santos,SP
054bd8842309379cd9f34431efde1239,bac1f311e403ffbccc91a3faa105a936,5019,sao paulo,SP
054c3d6634ff610c71c882d6f157bb34,00d8ba74be3eee415fe4508fdd325ee5,13210,jundiai,SP
054dee586b95aa6ee65ab782f94f26b6,ec5a2151cd1f05c6fa135c6c452e4938,79081,campo grande,MS
054e2d5e2e62f26e884cfd2e9bbeeab7,22d47c0d3a0a3d5667b73a5f1d8bb20a,72015,brasilia,DF
054f7fa8f9a8f4ce7e983c0efc2341ff,270450189626d4f72c9ebd928a129755,8062,sao paulo,SP
055015dc0487744694f4c9baed2afcb0,07a5f6a473e11854c739409c0c899882,1323,sao paulo,SP
05504b0007f99eaae8d5fbf8cd780798,ff529b441e5bcac64f7850ed9b723079,99070,passo fundo,RS
05509281332c17164b8366e66f2a9ab6,8f1c56d4cc0b092ab6eef0328e0c7cd0,9060,santo andre,SP
05509f014a28f5b61343cbbd74b2a486,c9c7741935dc1782ad64f6cba1f956f7,59300,caico,RN
0550b43346bf7b76cb465d064ecc7bd5,d383ccd394fc5ccc2418388b70060ab7,17602,tupa,SP
0550df936e5ed017fc4cbb4d1ece4ea0,9df5b05f2f70be73b3450f67a22e007c,89249,itapoa,SC
05514af0c7b72bac8a4515ff7d4cd9e2,4e8707b3589332f82f5af44ac27fb8b8,94770,capao da porteira,RS
0551b1b0b246b2433f94f989661aea95,8cec0fae588fbd27984abcec9ba0bea6,3682,sao paulo,SP
0551eb34013c485caeacfd2915dbec96,d3d6ab62e2b65c66b94b19924886f9ab,87709,paranavai,PR
0551ebc96733a7f875a0018f90cb7d44,e34cd2c2f4ddfa97d53c9a1c8867c71a,89012,blumenau,SC
055217ec4b1f2a56c62ce2cadbe29c3b,8f52a5d652af2dd57e60cb1788b28d95,71010,brasilia,DF
05532b1940ad190dbf986712e00e716a,dc322a386256164c01fc74e510ca3187,6070,osasco,SP
05535d34af5324aaf6988e1d890a0d6e,6927dac0fa9c5c972d388e6a77ce7d93,1316,sao paulo,SP
0554215db356afb462ddf6089c4f6963,0e843dd0f93fb01070ae7a3186a9bce4,13960,socorro,SP
0554357bede8e7adab8e4d3a88652483,0f22608086c231ee99c1a06ea07141a7,29360,castelo,ES
0554a7ce361c9f2dd3474c57f5baa308,1325f03c225628f41a97fa5a586fa401,3448,sao paulo,SP
0554c3266a8eb4ba8b72e3a559d418d9,edb73fb9e9c6e283badde40e37f5c9e5,13360,capivari,SP
05551733f29422ff885d0a28f4f04186,6e6a6567e76bd5bbc112d7d7f9a9c0e5,45120,barra do choca,BA
0555bacaf4d4560a75e796a6e2c1e00d,a5b1b65c37d5cb25f12ae5302f8f1adc,1424,sao paulo,SP
055646e9a1d0e5ee1dbaf2f67d30a5aa,b77dd405fa333bef432fd3b269566ebd,22795,rio de janeiro,RJ
0557113584448ab15ad38c6dd52a6102,cffd0d926993c9d808811cbbd8b6b72a,38440,araguari,MG
05581163680574c7c5afadd7764fa22f,04d3c2795b83634312bf3f86f41f7901,29700,colatina,ES
0558315c066b526b7e64705eb9ef1b87,a6dfa20e502e7c84e7f67a9adb9fe44c,13971,itapira,SP
0558772fcc9a355ef299a96a5d5531f7,ca55f9ebddc988ee65f4dea1a93ebc98,8761,mogi das cruzes,SP
0558be6a6e500f5cf3ab336365099074,874812d5d2ecd0366ea33930646dc874,12082,taubate,SP
055969db327a781fd3d88472468519fd,b69b6115798a2e61e52386ad74cf9371,4146,sao paulo,SP
055a53aca7d57e498a2291dec45f30a2,52ead038f13c212c555c87ce9e76d59c,37701,pocos de caldas,MG
055a82f1af585df4506c8d053edc7641,46417ad5a94a3c89c3725a93d3600b73,71928,brasilia,DF
055b068aeaf56652d6467aa6b8d3fd86,b14da98edc641a20d66551fdeaae5b92,62150,santana do acarau,CE
055b119daa2b0c88aa10a4e00a2dd728,317e5ef91769a89936c1b1854a07dd8d,9821,sao bernardo do campo,SP
055d109c6027a0552d11c3b1dc8d7986,6abc999251612920bec93b3be616fa1d,4455,sao paulo,SP
055e117cce871c681f903f52d7a866d4,c40388c86f0334d1d69f33fc43322a8c,45985,teixeira de freitas,BA
055e90449730145d8428d60bf4914154,77a4b149542d3a21a4a8c02b9441220b,9541,sao caetano do sul,SP
0560a02593f282955f85da2db087b078,69f7e342c28eb22ef6845facd926e810,3437,sao paulo,SP
0561cee0e208939ff198184d3d7bd9fa,d9764886f02a2884590e05bc3c4391b2,35275,sao felix de minas,MG
0561fb8eb9d7840a0dd7869171759fa9,0d763cbde9e84c68e1729bec950442f3,88330,balneario camboriu,SC
0563496f01a9c2ff5cce673601fe3c4a,38983aad587a0f0af1374a4fd4e6aa56,24210,niteroi,RJ
0563e58ea5bb08719e7c7016e1d6b800,b6a65479eda98ce46d2c46ee41dddeb3,13225,varzea paulista,SP
0566ea068bbe90dca2a0204179e22f37,1da09dd64e235e7c2f29a4faff33535c,24020,niteroi,RJ
056827462dbbffcc91782f742346c169,39a5526d941c34f4d1afaff6c3cceead,6890,sao lourenco da serra,SP
05690e3a455d0a0ce461ba6f50b39fba,236dacbc1f324d6a99fb16c7a7fa22cd,27350,barra mansa,RJ
056b8fbe81db69afef46a5c38b8f9732,3c041797018efae6e8811ac22d146890,18051,sorocaba,SP
056bd303752311d2f70fb0b259bca6ee,7c77fa555c0ccf183a387e804fa6a61d,6270,osasco,SP
056cdf1a3fc87b23ae6a0348132b7095,fe8a8d9cb1a0f9f3d6eb9c2f5dc11e3c,2177,sao paulo,SP
056da52b4e48dfc71f202b78016c2ffa,dbd77eeacbb93cd97caddff078f3b381,12712,cruzeiro,SP
056de0008c4ab528f5631192e11fc745,f497dd3ee9e4ef33b42acd82713e4bf3,8341,sao paulo,SP
056e2088f4f2b7a3b6d08cceb4ab73ab,337171f37d6abe2a1ff41485e1576733,4932,sao paulo,SP
056e379e7b68ebed81da9a22a795aafc,f889c8bc6d90f635e82f286dc2327775,6843,embu das artes,SP
057002cb334d6b23e9826abaee81f691,74072b8c3b18efb7d7ad672f4691a24b,6765,taboao da serra,SP
0570eff03cfce2f794d818d3f6bec651,b2daa450dd3e05ac2a199836550b7ee6,96930,candelaria,RS
05714f8e1d0dd41cfe8b94b23166f793,7b5e32f31022d46fd737bf47c0c376bc,41720,salvador,BA
0571f7b90c34aa2014e05f5742761b6e,4f0796abcd4916b6e64ad5bf769de883,29645,santa maria de jetiba,ES
057212a7e2c0390b177a21009184b294,849122934180a2acbf15ce35d9b27bb0,29630,brejetuba,ES
05726a543ba1b91487c9f6f3fc7caa79,b9bed607d2f030436bc3177ec362d841,86088,londrina,PR
0572b0398e8e296548ecc2ab61f79934,359529c96224e12f1b74d573e332398d,66070,belem,PA
0573edc5eccee58dab8992faab015e4b,7345d4421257c44d2866ee8ce2c82648,39290,sao romao,MG
05748049eafd0da8f0a37ce5cda4dce2,0adb59a4ec552b5ea48414b79861e292,95770,feliz,RS
0574cae13bbc7aa1bf0ea2f16ebc138f,bccf4ab3959cdc57e57b10e7cf35c5aa,13413,piracicaba,SP
0576e04c11f1cca61cc2975f5fd83179,b50c0066bc676e6a5d4a0abe1413023c,4657,sao paulo,SP
0576e8612f860998448171bf9dc835b7,aa2dc299bd56aea7e298c4877f03603f,21321,rio de janeiro,RJ
05775243ed704519f900b91f95b9593a,73daee815cdbdeacecd0f29b04436cab,86605,rolandia,PR
0577d398fca1ea7bbce90556626f169f,7db92cbb797de39eebe3bc986be820f8,3524,sao paulo,SP
0577d52683decabca06a622f44194638,0c5c1506b2cf6352053ba2f57ea5163b,14670,nuporanga,SP
05782799bb7c222ea760230ec20c8ff4,babd2e2e00f4b20264b7a8dedba31346,2911,sao paulo,SP
05787fcd7b77ceb360bd59963a6d7aa0,678f55620ea0eefc503bc2ba3f5e20e0,2837,sao paulo,SP
057889390a3726625f9f6a3a907df9ba,1c2ab4555681455845e74d0d3062fefc,13043,campinas,SP
0578b89ec329601c10e1f39edb7280f2,60ce02275c8e46f41110d2df7a69f5ec,4911,sao paulo,SP
057ab3c9006d239fa05fca50c8be5df4,e868f393d1adcbf45312d7e72d74eb55,22011,rio de janeiro,RJ
057adf4557a4a3544a67ea4221b891c0,ff423b634e7bbec16b9f1466f126eb18,9170,santo andre,SP
057b7af3b6a1b7ff16306e3f9980daa8,8c32de635e261bfa910857170363ce59,87660,paranacity,PR
057bb54363f46f97416ba8888ea1ccb0,f3182829ad68d032ea012c6464baf691,5847,sao paulo,SP
057cea2321147e9bb2b7b5af93e66172,6d6bb30745d6e09085783d23a5c2e7d6,49930,cedro de sao joao,SE
057db29b6b62733f807c88f2faeb1f39,250b54f7aa491c79f6c93b9b26d26c25,29215,guarapari,ES
057dfb44da43c28b9238d01c65d27077,433cc77ceec2246287450dcbe954a5a1,36970,manhumirim,MG
057e4c89062122b06e32f9e0177fdb4c,dfb1cbcb4cf90f6ac411e0d59921116e,39718,nacip raydan,MG
057f00cb7a5ba328ca62472de1472fcc,d474be3df7d9b20e955385b114b4c42d,5331,sao paulo,SP
058121c925d509639cff976bf1742b82,48e99ff587e12c76f15f2f0372be1175,59086,natal,RN
05812fc855821b2f091461ede3d2a960,f9717adc1e9a300641bf9dbbbfe68024,22060,rio de janeiro,RJ
0581c965ce68e0b4be312e116c15a31a,91a116717ec31215ffc38c8cab031a6e,83706,araucaria,PR
0581d4ef9081dc26ed2e1580a6e34ea3,2587940c36e40620fb5384f80d56bdb2,13930,serra negra,SP
0583253f9630d34b20d3488b14b76349,5b9a423471efacaa2b6d3ff74db0a572,83702,araucaria,PR
05838d97b4a3948e120c9fb440374691,d7b402c756be57180fa0df36f58d8b7f,33400,lagoa santa,MG
05860a17b17441a53e85b2c0e2daf737,7c6524bb8db0dc8e7a4d3bb8029dc321,65130,paco do lumiar,MA
0586163eeeb604b6a6da218de418c829,8f8ee6a66f1926514d9cf9da08fb26ee,20011,rio de janeiro,RJ
05875dfd489ce807cea1c162122a6ae4,b910f96f26d34566581f683f707aa425,84600,uniao da vitoria,PR
0587a01e8c36bab363b68c12f07d367d,0ac3feb56b40ccfb074bcc7422c3d988,27700,vassouras,RJ
058abae409b8feebc30f284da465a1ff,61d6e3e6f112347f587c586ae6819af0,98802,santo angelo,RS
058b2cdb2337b4e9fd5a3b82f9e204bb,0d58b25bcd78a6ea274fbbb56801df0f,29092,vitoria,ES
058b4cfa2da81472fbfe410a03f536c7,95a19b9ba20757bfb34f33bd877f2a7b,24315,niteroi,RJ
058b8118018cd37ff01ae5339a76c980,989f190ff791de092cea2eab70bdd2af,13141,paulinia,SP
058b94ef521255536e17b2760fbf9674,66f12d134c2a22e83415adbe796c02b5,79103,campo grande,MS
058d38732ce7f213cc8f62ffcf8fa0c5,e4581db1c4dd6661da43be4ad4275dea,9280,santo andre,SP
058d7abec446a0205f278373001457a8,57727682e71abd2dab8932cbaebda857,71694,brasilia,DF
058d7c7ab33903fc3c77e61d78c7721e,f09d3d303333f7f9611bce2f97e47582,6535,santana de parnaiba,SP
058d8b79c27b59949ec91fc3cb584658,d8c307f8746de04aba2c026bf7e40b8e,38970,campos altos,MG
058f0f800afc323b17c63576ee96b0a8,c3f47f90f5598e162c8040c8ddd901ca,25720,petropolis,RJ
058f217e8e5a5e459882e9a74f9353b6,c9c41b0c9e8845c0d950c08ba0d7acd0,45023,vitoria da conquista,BA
058f3fdd496fc2cd91c21bf8fe4b1a29,80daff16b5c8f4ec8b89fe10a66a3cc1,60325,fortaleza,CE
058f7261062495732fb3c35b0dc6e662,a1eff3d942844ab95a77d78f8c4900c5,13417,piracicaba,SP
059095dc0717592b41cc47df0c7f1c6e,b64fccde06958d9759d6a6861e9ab23c,66095,belem,PA
0590c3c795016c3e5eea083a2e1f21b7,42ef0078e2b63542c1b07aab85ab8f63,54768,camaragibe,PE
059147b644b5fc4e482504191b6be413,4c1819692f241797e8aed402c1d925f0,6276,osasco,SP
05918175d2c82af715f5ca32bd7c5e9d,c7e17ebd4cb3cc7f6c6aa7533ec491cd,22790,rio de janeiro,RJ
0591f2f79bbfedf3ebcf8ef2b16fae63,357aba21b8b0c1ab3df5225aa7553920,9171,santo andre,SP
05926e4309a9cc5f7c224d9489b0acd6,d78e5dc48b5665caebd1e77284296ab4,24474,sao goncalo,RJ
05929b58add0a2e46bb430439b7130a9,3cb7760625ccc233fab4e975e0a9c5c1,18210,itapetininga,SP
05937ce187de4289937708b4f3dfcd24,cd6340dbe120cd318d5ce74d18f8e94c,85802,cascavel,PR
059571e02973e94b854b30987635dcb1,d5e4bc3ab51abd788eaf77fce19a12d3,14403,franca,SP
0595b78f035ba66c697b15dc3f2dde04,af54c4ff3daa51ba005c4a027535dd16,88110,sao jose,SC
0595cb1106adc0f2c0f617c560fb8e57,9d31457a03125fc870787a251760315a,5025,sao paulo,SP
05973f8c1b234868c8c1397d05d979e8,2a3febfc204bb055c179c78b2d62c2cf,6700,cotia,SP
0597c9c022748f4c23f019f01b8286f4,9b364462480c4a10d2c83bcfc2d3dc20,29285,piuma,ES
0598384cf66a6bd49ac0c725af1c74e7,ab744045d2445f5bae53b57a4b99bfbf,9240,santo andre,SP
05985e0f9bc3426aa52509638f5e7ed0,d180c50bde2c0505448cd5c8ab28d017,9020,santo andre,SP
059899061ea1269601e9beffb8d31189,16bd2490eab76fccfb60ad76e90c4ca1,94420,viamao,RS
0599829740d99532351d29f03033533e,3d6400baed85391c0db4ab9ff1ef95dd,41215,salvador,BA
0599e49e3b77b612391eba9e6ab01d6f,0da9b1b6c4d02e5297170b44b383523c,2989,sao paulo,SP
0599ec2b8c99941483dfb9ae2e8e3b5b,ca4f8919171814b7300040d583411a11,65075,sao luis,MA
0599f126a96e82b600270dca9776effb,d0fb1b9eec4309a1a2d8689806604037,59603,mossoro,RN
059a14c0dedd7aaee2dc398ede72bb94,53c1ca2af996751e36df70530bf56aed,36572,vicosa,MG
059a6bcd8055546a0aa2330dd63d972d,9f5382d12fafaddc7ea88928226beeb3,14860,barrinha,SP
059ac53b914e0bfa1877ad8c86e4405c,2a7dd663caca8ff00efe737d51a5aeaf,17031,bauru,SP
059ad73fd0f5ce04b6875dbe88c3fcf5,ffe4c3aa14d4702fb11fe5b3c4dd755c,32450,sarzedo,MG
059ba2888199d4f7b4361686f67044d4,e3614559b07b9c565bd2ccc736af472e,24360,niteroi,RJ
059c2f7d60ef651891a4eadb829bb4f4,71d482c2b03b9f2bf48f8ffbc5be7f7c,96065,pelotas,RS
059cf315c631a69e5ae287be4fdab962,958e62d5582f82674436df111bbcb8bc,12234,sao jose dos campos,SP
059d7492e1202078ff3b15924d42f765,272e809ad03db04778059764d26e80e0,6390,carapicuiba,SP
059dbf90df50f39161c4549cc35057bc,c5e0842936ec399ece5ceb793b7d8cfd,22010,rio de janeiro,RJ
059dfc6c74bcf83ff77081e773ac1631,29dbbd0c3219e686ce393679d69d9d76,14085,ribeirao preto,SP
059e416e49b3c93b9e222bd2f39f0ed1,3eef62e7b4cc22b21cc054ca4a505ba8,30210,belo horizonte,MG
059f29f70dd5872036d655d20ee08965,21fa25aa6726ef23aff074c36cb2b0ab,30690,belo horizonte,MG
059f60d3b37627f51e73eec500dfa1a8,db634985638ec4b6abf8734d7adde1ab,82800,curitiba,PR
059f7fc5719c7da6cbafe370971a8d70,d0ff1a7468fcc46b8fc658ab35d2a12c,13186,hortolandia,SP
059fec8731c1c58cdd34f859acd5f208,e45e5990af6cfdca2056a4c02fb103c6,92020,canoas,RS
05a0155e6ea734e7656dd0d7dbc42594,b230aac3ba81b49f755cdbb53acc0d97,11510,cubatao,SP
05a0608ede91cf6bfe4ea3eb2a7bfd84,cdb39bd368316f0f0ee48f0f6e42b03c,87600,nova esperanca,PR
05a0af0b2fb1454dd6d697eca5e7a1d8,33ede6358f72431c7089ee96f2cc74d9,15051,sao jose do rio preto,SP
05a434eda7da9b83ae8633e96bcfb821,63ef969c6b4283a7f0e9415db4cf5637,65300,santa ines,MA
05a4b790359862d814b2f6d69e4e9f9f,8f5784632f328f341d2cb58cb2c5f933,83075,sao jose dos pinhais,PR
05a54aaa942e6ca83da992f943f87cd1,0ca321f8c378e5621d4a768e2e72c8e7,3153,sao paulo,SP
05a6e86df697f23bad61bdac4900e61c,1db4fcda5d3dd475f0211ce950ed1b7c,25963,teresopolis,RJ
05a6f2e172618604c3724bd8f9609d23,7de01a3b3d0ad54a01e468ca9d9b55d6,4236,sao paulo,SP
05a76b868de36a1723b93d8879251186,4c73e2072f84a2741e75bfbedb59d20c,30140,belo horizonte,MG
05a77ea6f0049cb8d1604d562e8b4c7b,12c820aba9ac324f624b35910ac08e4c,16022,aracatuba,SP
05a7b3e0ed7ab2ffe65411141fe27234,88960be7068e1dd21ac6e59aab6315ef,38706,patos de minas,MG
05a874b660a8cd6552b1f462e033b44a,b963ba6f2e818e50df5a25a227955e02,2415,sao paulo,SP
05a87ac6766c8ae5ae93c0a249b5508d,357488646eef476ce86972632c0d64ad,5873,sao paulo,SP
05a9e7f2eb9b68b7b7a74696782af52b,09c6a4fcd6627d39d373e22df24b54a8,28070,campos dos goytacazes,RJ
05aa1cdcd7c5f9e297b3b5d89ae5e1df,c18a7f19c5bb90e5eade2d61849812a8,60713,fortaleza,CE
05ad208d1e3ae7d49fc33c89026327d2,94f48c018010de09d9c471e5d819ea05,2041,sao paulo,SP
05ad4097a892d5d8163107dd0bc3ca2d,a7dde49a1e77e409fae17b945a82e2b6,69316,boa vista,RR
05ae07724e12ebb587685c8acdb8260c,27bbdb1c8c1324bfb03ad56475bbfb83,89890,cunha pora,SC
05af4522d26d0a46926e0337ef153dd9,320423d439b0210433a4e3885a0eb3af,11040,santos,SP
05af51fbd839dd9f05c0e07f16e971d4,fff3e1d7bc75f11dc7670619b2e61840,64006,teresina,PI
05b005e82f3f2dcc41b5504f00484e50,3ef8c1513fc80fb905ccd8d57da5e9b8,1037,sao paulo,SP
05b050b67d4c33acf2ee9cc81e85ecff,5171fb2cd9c087cd23c02234f1988cfa,25901,mage,RJ
05b061099c358258e9ab7344cbb3a749,bdb24501b24ad112c2e75f06ac91e92a,16340,luiziania,SP
05b0e6924c6fed9b001e0469aae1ce06,20314b19b26b9f940eb42b1894d8839f,46470,riacho de santana,BA
05b357d5f3d9238e50e813409c956445,f163051a709c21d669ab7c6db86a8770,13240,jarinu,SP
05b4043e996041498a4886fc23376aef,63fce2ccacffbe5d2a26829284ea71bc,76300,ceres,GO
05b508111ffafb003a1baa8e9cabfcd6,0994750c9c22a140010ed86aad2d044b,96015,pelotas,RS
05b5f7bd9f0d0c31b4f479f1d4fd1c00,ccded7fe60c9f6a682196c4941bf17ef,9550,sao caetano do sul,SP
05b71745c47ff8b2d3e41ed02dcf1a81,39bff4c2b3ab45457843adaff876574e,3820,sao paulo,SP
05b7d2db0e6f42afea1969d78034d011,6ccb9923d5e1fa1cc38ad45ee816e48a,85884,medianeira,PR
05b9a99bdd307548ae19300848825919,75109d97f264aa44d4b06f733058da59,29090,vitoria,ES
05ba7b56ea0e3fb3b1af77cdae45d6f3,c43530c253de630fad5e2630506af7cd,9260,santo andre,SP
05ba9928545f8c5a3c8c253aab879636,36713f3f59dd5ce1daf3510ca45de822,39205,tres marias,MG
05bb610f8efc9a227c9c88ca5bdac554,84aa21c4ad6d2331fae37dee0d4660de,33600,pedro leopoldo,MG
05bb7b8653c0cc496b7d2db94a36b116,7ee99f5c522d01621617d63bda047019,9360,maua,SP
05bb80c9fba6fc0da5275b5876f10ecc,224d529c60002d9551bcbb21151714ef,90020,porto alegre,RS
05bd9751942c8aa2386dfb7459379105,fbc6de82dbc3e5f02f4a62e0aecb4b7e,57025,maceio,AL
05c0080971ea51d47c0bd869abebb1e5,289c9eae9868f35dec79494355e74418,5187,sao paulo,SP
05c01dce4f853828205c6f9bf3de9b05,ebf6590e6b80e8ecf8cc858af8de0927,24416,sao goncalo,RJ
05c204bec3c3b5819ddb8eb7441048a8,911706058a1b35ab892d6d7ee6415557,1027,sao paulo,SP
05c21a5b935941bf33883571a74defa9,9e42e11d74df0c7c820af9de1c45febd,28570,itaocara,RJ
05c225ea6a3c4ffe071654a922b0ec72,fa3f78a51617b896baf4cd5d51a432fd,9360,maua,SP
05c3177330bc9de5e895ecfe6eaf9687,f4594149af80600bda535d5b7f72a7b4,3811,sao paulo,SP
05c36681ebcba4e5116cb0046aa1f525,54651e094343904f0f71eb3d95bde11a,88200,tijucas,SC
05c3bc7f2c3c3a45c39595a46c76ad58,5114ebcaa15bc7f74dcd0bfe3acd1c86,58056,joao pessoa,PB
05c4fd1bc109e6a9fac6865351e626f8,0b4d8b4f642b4d75f17d530a7a4bdf5c,8253,sao paulo,SP
05c54d191e1209713117327c72caa8ba,8df4a274d14079e3698651b02c3da51e,78500,colider,MT
05c59c1adfa648942fe0966db6296ff1,a8890e03c9673f8646efd590b21ebf6c,1526,sao paulo,SP
05c7cc5968be57b066ef412d5fb4c59e,46a1106aac449c9e3d8f973402113cde,4002,sao paulo,SP
05c866b580d387ccf3d664997dcb890a,b6fee1c78cf3fc61efeb49225981c593,95914,lajeado,RS
05c9c8bee01dca6e97b35284f55a6a34,3305d37e38753e19941e19c00e848549,68372,altamira,PA
05caeca974b480263d5037c56d9cbcff,7a561ef609cd582b471f3ebd66397038,32010,contagem,MG
05cca96fef99684c5a5cb586bd025104,cc7c565c841326ad6382a3ee96fd19bf,78890,sorriso,MT
05cd6a810380d37113c7030f6951b2b8,791668b6da37578a5a74b7f60d906526,9270,santo andre,SP
05ce0877a2e5b2962c27bb5ebe62caad,f34cd7fd85a1f8baff886edf09567be3,89120,timbo,SC
05cf8b2243fd1c51697c4105e149d99f,a08426483b26b09cf51f1f158c01e16f,22790,rio de janeiro,RJ
05cf99f3501b95c29357f026d4383c6e,b9098ca31829018dfe8aa187630aa829,4821,sao paulo,SP
05d0697ee7803f15ca4d3a5005551d06,1dbc6c0e95ff4308d948e72895c8178b,13218,jundiai,SP
05d0be2e670fd919d30625098bb1134a,431e90a312801ec83f9a1b914c9c6a6a,18520,cerquilho,SP
05d18f7033aeb69e03888511124a473e,f9530f49c87c33af8b3ac5300b550d95,1204,sao paulo,SP
05d1db7c45febbfa36a7a412f087fda6,60a31fb224a2ade6a4a2508fb0305991,62260,reriutaba,CE
05d1fa79c47dc2ca3aeb95c25db11af8,7a8b57c6c069f2adc8e2cdb0a1ab48d4,12227,sao jose dos campos,SP
05d4a0e7365cf69b45d3af76236ca83a,876c5f7ffcad19a82c0da218ecf56ba3,78135,varzea grande,MT
05d50eaf6b9450a3f9cf19180b293261,9a6ebfbeb5d9f2d280e3c872b750fc39,35450,itabirito,MG
05d60fc26b194e6dc23ea70547c7133e,358a2da45489b6ab0f76b49379f8da3d,30380,belo horizonte,MG
05d66bbddd7daec5c6704d08e3fc3ca3,5e52bf13fe3f774f2fb146c8096dd840,23088,rio de janeiro,RJ
05d6b909009e98a4cb2330bc6a4651ef,7cb9411031a91c7046dced0d11364690,12520,guaratingueta,SP
05d6dccf0ec00ec89c4462f9925903e1,9b71a98cb4493166801d80c80e576ada,3612,sao paulo,SP
05dbb675426a8a2208f1f38589ac3d87,bc1599d90e7fd20c4c3f6aa981891dc1,8771,mogi das cruzes,SP
05dd892bc3cdf380c532320e27148f33,98db3c67c1a371adf2798a5eb366584e,46430,guanambi,BA
05dd9d54d4ad7fcea2db0393e5f6c6d6,8ba03ea7a871bdaebd65e7a4ced27c2d,29178,serra,ES
05dddfdfc3fa1b69e10aa4292a9fb431,f526077dd7bdfdb1a6e10cd6b194b548,24130,niteroi,RJ
05de5898b9da9365b1823e7fd23700c1,59140aa3bcfa73f0763d85370926b4fa,94010,gravatai,RS
05e07b271bcf1cfa9390e028b498bd71,b8861544b65aef50364e9611d0fdc962,29101,vila velha,ES
05e1dc39bf70b42e5110b787c846f88d,8858ebdc3765f9aeb72a495bb3b2328f,79083,campo grande,MS
05e237154feb13bc6ef4bb9906d36b5a,3494f941155fd4f208c6f3164fa6adc2,40314,salvador,BA
05e3947be871234fa8082ff85b5ef480,99e2f46c9fe0bba48bd131ddac456549,21221,rio de janeiro,RJ
05e53f1437a94e4fa5dbef5eb5c0fcff,01489018af4a609acb2fa2634c9ce643,22251,rio de janeiro,RJ
05e54a5f9eb2f443192d44067147a451,89d481231e8b8bb6e22dcb28d19e5378,50820,recife,PE
05e64f1361f11d937d6c2ccd3ec502bf,6ba50ff94b3a5e4bd7eab73d2f6f411d,3408,sao paulo,SP
05e78773584363a69d4f710642402ad1,d4a10e5b8973506abf64fd987af0c900,79112,campo grande,MS
05e8586e1ca488defddd47b5be9179c3,f053e082c3563fa331d4cd0c5d8ec177,18132,sao roque,SP
05e86ce92eb1b627c2296627078d237c,480ca1a9f688a4c482177efdeeb5c3a3,21330,rio de janeiro,RJ
05e8c670b506e48de998151c93bf87a7,b80d1a6675e4a81a5a45eca76d8f1c9d,88309,itajai,SC
05e93cca1c74e73874334c765fddaacb,86ab35210723614410d53dc142a4378f,5813,sao paulo,SP
05e996469a2bf9559c7122b87e156724,5229b8e4d7d2b9b676c2083c17b1ecd0,93180,portao,RS
05eaca22fc4bcd48f6c916e294a89421,ede05169568ca326a88ef980420cf014,38610,unai,MG
05ead51567953ea5f7ec061090d0f424,fa5ec1369edd835e4d64c2698c272bde,12955,bom jesus dos perdoes,SP
05eb10f9b30c4ef1f4e16f679d0507b5,762585138bec65479d2c00b421116744,80540,curitiba,PR
05ebb86c564df16541181662307b238c,0ddeaba213385f4f48ef55bdf2007d36,16015,aracatuba,SP
05ebc27279c0c9082b56bbd6a1441a4b,25084c562406811ccea6b10655d1fff9,6293,osasco,SP
05ecb5fcafedf08e2eff99a170b9b3c8,551415a9e398fd0e5fc764c172de3c3b,13202,jundiai,SP
05eed8fdd7dd068fc2b7c073fe3762c7,5c77c31e6a63b5d3366d4b514743f145,92410,canoas,RS
05ef118f93c526baee95865084ed4ab1,02fd7a082b1184535bd4eefd87543519,6853,itapecerica da serra,SP
05efa0e29a769010ba9eec84a6ccfba9,c119ea09235d299ed246d52960913d6f,5093,sao paulo,SP
05f0ba650e96816117cc49d9194cf3f5,494e43282d9bcf8611235ef3b78dfdf4,89815,chapeco,SC
05f1c2a8e913a4084727ac728bbdbec2,9107708e80782c0f6ccc2b607f5f2a6c,17900,dracena,SP
05f224f92bc94da937b108bb3c9af282,4563a5506935785f8c7e94005595cb53,6730,vargem grande paulista,SP
05f31c9645c6cd60123b1d035e274ee2,4220ae19dee604e8c1dddccd4e535502,18830,tejupa,SP
05f337ebaa4407b43c68d15f5cf1949a,0d7a6ee9d351c0856e4858cb84f26c3c,21750,rio de janeiro,RJ
05f34a3ba5449df9b9ab6bb247c7fe45,5b26618da34612cc4947bbf6ef4fb67c,11055,santos,SP
05f49d64b685d744c5e3207a7640a714,d9a1aaab532b2af5b09fc0a8d9e4accf,51250,recife,PE
05f55bda9372fe11109aaab2c157b57e,8f0fee0b8eb7eeebf17f061341e9d737,4207,sao paulo,SP
05f6417c7a29d3f102b0714fbe276295,a231ee7025abb261889cec712e1cac91,21625,rio de janeiro,RJ
05f66300b5d8ee50ebe7f31fb7ab89dc,cdf2117a4b5a28e789346ff90841b015,22270,rio de janeiro,RJ
05f74b0eb7b097f9b6180c90576decbf,ffca77d46c6d7d815549a5e4482dba2f,4431,sao paulo,SP
05f755716925c7f1c0aa42b4730e77a7,809ecdd6011f1787f73bef179ce2a63a,20751,rio de janeiro,RJ
05f830d6d4afd135824b04ce45d20f00,d07fdfa2b78ab36b0f339706aa4f5a09,94960,cachoeirinha,RS
05f8d9e59afc00d2c299d76618060f46,b106260fccd09b6f8eb44af569153f45,16700,guararapes,SP
05f92287b410b4a1b426167861698d3e,b512b0686fca0440147aa0709672cd9b,60160,fortaleza,CE
05f9f7e304de1bd029ce39f107848608,d9ffaef986305a5a589b198d8568f211,13077,campinas,SP
05fa87701fb77d327e49cb5fb457a5da,c5a4367eb2925eab85a8bd7ba34a7e42,16025,aracatuba,SP
05fad8ded5955e224532ba145c688931,96d2c1567d5902376dd3a119b383fb61,31655,belo horizonte,MG
05fd3454ddf16d297616f9167700ab80,87a7c3090f96d9da963125a0d7f8193a,6184,osasco,SP
05fd588b0794938274d5d0d605021a28,da64b9117efdb161bfb197a38183efbe,30662,belo horizonte,MG
05fdaa94a8d41275bce5b1b1ab5a6733,b23fca872b3e0e088f5db7374b0c11c5,86026,londrina,PR
05fdac815ea6a7f430e1dde5c80bd6c4,5b2bd431d04a7e547aa07ffedf4b738a,85851,foz do iguacu,PR
05fe48df6ea41f403217b5cb88126ce0,7acf19ddc75a0935581845e1c89edb3c,12233,sao jose dos campos,SP
05ffdc40a1cd1b27274fb4d460103f04,93ca79824587d081f23abd9351f38d3c,13880,vargem grande do sul,SP
060011f2db60964bc59850b81b148351,de72a0d8f772ae29cb7331b8e4d99efe,88015,florianopolis,SC
0600d98425652cf44bc48650f63b5bee,0c107f6ce73815a024e2a30e88161da1,89035,blumenau,SC
0600e7baad27ff0e4791e270351cccf1,7430c8599914c7eabc07887a6edc1c6a,71939,brasilia,DF
0601c37516aacb054d8ed951625d5fcc,07ca2340f294d146e84ae06b1abf1c3c,76650,itaguari,GO
06021ac4f1fd77a98585c3b7eefbb379,9ff582cf8695a03e26caf77bb3cee96a,18150,ibiuna,SP
0603e61027d99341d08fa2c64fdf5915,807296d62da788dec65e395496233222,7434,aruja,SP
060592398f1a2f3c13c369c7a37fc4e8,4064f4c4e548c2cbd2209e08b8cc3c84,88704,tubarao,SC
06061ffdb496a2030a55687e3d14d977,3f89c636b2f78ec7a2724277c9ff438b,32450,sarzedo,MG
06068b0a0ad0813d270fee5969eafd5b,77a50587ce3df97e7633f6f336298544,86400,jacarezinho,PR
06079613a06e0e5f7eb9bbeadd0d9de2,02da8fcebd2647c0ed524014e68bc5ae,78556,sinop,MT
06090287a89123f034e1d47b115ed0be,50996b84681a93e315b0bbf1b960e606,13040,campinas,SP
0609f5889f00803311ba52e9219c3872,d19a7ae8f7906b5e2d81522802cdad62,89830,abelardo luz,SC
060a46317755b43c75aa45102a4e96d8,096dc12ce4dbdbcf4bf71eed9fc3a4cd,4019,sao paulo,SP
060a46f3e1097e08371f2c8c7064156c,3d8a51057b28b7b5172c8bc46cb6a7f5,87030,maringa,PR
060b1d253ccfe1196775fffc0c64eaa4,517bb62c9c04e73c6471d65259a50171,24910,marica,RJ
060b98efde121ab42197e801840411d8,72e9f4ec806a2086770e42e156c0e5cc,37200,lavras,MG
060d1aa4818f0382d6a4cd5549e63dc4,ed266cb9c07a4546fb371302a8299920,50640,recife,PE
060e0b4c512c109c094bcfddc0416ea3,51d1376f40a9251096fce6865ce96e59,38183,araxa,MG
060f7a94f04291ec1ec79d0d61eda142,1e119bdc7c0bceb8b22439c811e6f4e3,13256,itatiba,SP
060feb3bc91804b596b106fa63834799,e8569c57efe3adf347b3e92ec04d1f91,20745,rio de janeiro,RJ
0610d26be1496feb18be422cb2f8a491,27994d62e7ec39656f6c8b2c39a19431,4311,sao paulo,SP
06129db16c0bae7c085d17a999f6148b,87f1dc7fce7a8e113fc85b115ab30615,1311,sao paulo,SP
06133ba8a78671888d881e2e5f35597d,a0f0a2082b269a9715ba874c94b592f3,80240,curitiba,PR
0613b148440366189657a47f27dd5c5f,b0244718d4393188d94d5dce8224f2ff,80010,curitiba,PR
0613eb97dafde61a79ed8a648c31faa9,58f80711fb4a9b61ddcf707a38fd13e4,28740,conceicao de macabu,RJ
06141f8e944874ca3909311c370f2830,b0208203b90ae4d547c3cc20e9b2942b,18705,avare,SP
061435b8938e25375c2bcf58dff7745b,0526069a90ad5605a9b7b0c21bb9d1ca,7025,guarulhos,SP
0614810921e3e1ef9adc33ba529b1663,5b9c47e4a28bb993dbe8dd23ff5ca798,35171,coronel fabriciano,MG
0614d7d74e030d9359a2857dc995e710,a5aba56840224d31f54661155229b79e,94967,cachoeirinha,RS
0615ccf2d9e2a40903c1ee5d96db352f,bb60440219f18fe70bab91f0e5862327,76970,pimenta bueno,RO
0617ee0875e1a3b497bc892d82e38ad0,8fd542b72ec7b58755ebf2b8cd900da2,35950,alvinopolis,MG
0618ac28167d5d02f1135f98d3d4166c,0e3f036864658ee700ddaeb289c1aa9b,4569,sao paulo,SP
06199a7981ec145069afeb0baf66a49b,70f023b13072d262c2d27b022dd6e9c4,6653,itapevi,SP
061a2277159342ce2a3bc5a603856fca,de5a8050cfd9767aebbc1cf8d87daa83,21361,rio de janeiro,RJ
061a4710733bbe8404725ba211b0d1ac,f5ac526ad7af441d502bb469cf00bad0,30120,belo horizonte,MG
061a531d906f4bfb762be36757e41f7b,3168dc37da92585ed2bf29058b0cc143,69911,rio branco,AC
061c2eb252b4e73472bb4f9e1169b43a,479cc370a1fdb7d10dfe46016182a1c5,35765,cachoeira da prata,MG
061d8030d0f605af68c6ef004ca15700,70a252703c9e9801d4f69aa10f583a41,38500,monte carmelo,MG
061eaa12db459fd7f6ba6a8b01f47652,0d0bd0b9d01d33f30b80f395a4f0f824,37704,pocos de caldas,MG
061ec581de52487b1e96c24df4a70527,9fea70e31334be94bc66a683ceeea2f7,15750,santa albertina,SP
061ef7eda5cb54d9ccde7f54ea98f7fc,336a58bfc72c8a05d6f17fe74a7ecda4,30830,belo horizonte,MG
061f51318d40630bda76e35b9a222fab,db5ace16c6ee2bc98ab6ed11e82974af,70610,brasilia,DF
06201fb5b7821133eab9fe2113d7e6b5,8704d77f2ebfc69c6059aa7954b10c5d,96070,pelotas,RS
06206dbdc73fe897776daa1ba986b24d,00c0bbc49a530c07c110d269211da046,13360,capivari,SP
06209669ef54abc607e5e6bc430676c6,e1ceacfd18ace7eb57e489c8e409ba0c,88330,balneario camboriu,SC
06212d81da710ff1cc3a5dd1afaea410,9e73f1852bb59ee9477c18dbe5f6cfb2,13401,piracicaba,SP
062184594d2f701642d78351528e8592,4a523acb002d650ef0738916f939df50,36415,congonhas,MG
06225a4d38766a2b975fe4dca6d61939,9f0fd7e0120eac8394ab57e42854438f,7033,guarulhos,SP
062299d194a63996946d805c916a21b8,92fc4892f11581ee802e8e2fa4296433,99150,marau,RS
062328becf66582e5849b4f2b364b143,3cf14101fc0207e827130e8fdfc0da25,4542,sao paulo,SP
0623437ca922068ca17015ffa16c9733,7c6df47290e2b7f87b1b9f8606a2c68f,35164,ipatinga,MG
0623ac95ea8764ca730185db76ea56a0,034f3cf671ecc03610f2ce339ee72f4b,90420,porto alegre,RS
06245210ec8924e97c2eb9971cb94a9f,abcf3aaa32c5bc43782f0e3cb2a3cba4,88270,nova trento,SC
06248334dd53daa8b7aed74c27c6186d,c96f5b413d24be67b098846784c2fc60,26700,mendes,RJ
06267fe0dcca48cbd55db1d8518bdb38,0a2638867971b511e31c4633d8f4b3e4,85853,foz do iguacu,PR
06268eaf159395454efd7efe6b18095c,93289d579072811f3202860b159a3c7f,21940,rio de janeiro,RJ
062703dc98b5f31f01915424e32eace5,6ffbcc429c712d180a593b67ee9e2c78,3803,sao paulo,SP
06272f95035856cac16ee21693dd7302,dc1dac999319e4de0009df7ad0d02104,13225,varzea paulista,SP
06278b75c68ad852923f6ef0773eb154,51254e30e483306de104997755d19537,22461,rio de janeiro,RJ
0627dd353f7abd2a8272643d8a412b57,ef3f2c13866aa6f20aa624e13c30a98b,9380,maua,SP
062850c890eb64c3bec2243bd551fb8f,20e575f507faf846b79d7dd349b247eb,24060,niteroi,RJ
0628c0b91afef1a89539ce9f77a735e0,7c588c097689b0b77fd73d171332b0ba,1312,sao paulo,SP
06293b07f2a65667ea6eca6eb2e0f25f,c5e45bc8a770bd25b7dc44073b5ae29a,11500,cubatao,SP
06297f06409ee00a3cfdbf2f1a016afa,f08a9f4828806bfcddab58e530766b9e,29701,colatina,ES
0629ffa463b7bb65e62829ee41b0934b,d6a47604b551804c235f4794b23065cb,1220,sao paulo,SP
062a227b89b45c5b9bbc9c41a8590e32,e6f10d37b6e31dc71fc68263c9a0ef0d,4410,sao paulo,SP
062cc8c5ff387d407645b93970baee73,062238d27c69d03c3cf38b199d6a17a4,36036,juiz de fora,MG
062d455086a1666bca3aa1c7d6ba7a66,f5addf8db9d09d23e4c96acff06b77c1,5861,sao paulo,SP
062d526eabc36e995e3a9ce353894fcb,039024d7c7249fe937d2e306af33e446,67013,ananindeua,PA
062e59339246c68be51348578038f24e,0a5fab743da859b3f10a409bbb132a5a,27330,barra mansa,RJ
062e9e44f1ded5f24b2c5839423d8446,741e2994868338c4687bd80612960331,59655,areia branca,RN
062e9faa332ada7db93c85da078f31fc,3e1427e37d817261096f932d24533e57,6038,osasco,SP
062ef9c4ca1960871896825b2c3a1f9a,b98f07c1577a24dc45f9d2d01eeff3d3,4661,sao paulo,SP
0630577acd0476a6b31ca9aef210f00e,ee3085a51c5d83d1c6c9b801ffaa9cbd,38071,uberaba,MG
0630f4893eec49ac76256eff922b792c,7c175a8c0377686363be8949c4c7993e,25214,duque de caxias,RJ
06310364d1a86fb500d18a2b70a26df0,95b5df391e1286f9062bc28b86465d77,12610,lorena,SP
06323e75b664e167bba52921c091ab2c,6d8496f43890ea29f119d050e6556796,38411,uberlandia,MG
06323ee39c5605bd9e243f9aacdcbae7,cef3eb86907fa413c58ec9e925f39d7c,14800,araraquara,SP
06327b190c9002f404bfe42a6a48e969,fd14abbc4b4129dc61a98311f174d71b,27325,barra mansa,RJ
0632a82aafa50f8cb48e367b61c37d30,cb1a949138283b4e065c0355370f8824,88813,criciuma,SC
0632cb63610a5d7d5da9a4fb595dd101,df63b769c1d1fdecc40cfc343cea50c6,86047,londrina,PR
0633eae47988f27a0d5347dddcb736ab,0808e93c01b63726a3e046c3f3236e09,11075,santos,SP
06341c02de61d57cbc4f4ed2e5c3f8e1,a2d7165ba64b14ed73dba5cead4ca823,3066,sao paulo,SP
06343064a4554dfdfff580095169869b,809713ce2924f25856c1365f9d13c9c2,7171,guarulhos,SP
0634a391a7b3989dda9196f26e6b2242,96e047d0f9de88ca34c9005565fbe03e,35365,abre campo,MG
0634cc5ac85b1f3049dbe5ef6f30b008,1e72930fe3f4d228cb1e52f919fd1900,5673,sao paulo,SP
06363955dfbb8c28438d249c8670e6b9,7bb854844864db3e6321acdc15e1066b,38748,patrocinio,MG
06369c2ee3b11ec9c30ef9e8ea3ca97a,8b300ae21ec99f1021506efbb3820ac7,95270,flores da cunha,RS
06369c67ab50a72badd36e631cf45371,97c5c73b74e98b4a958377b585544404,88025,florianopolis,SC
0636c00ff07cc01420d79a193b3496f3,f6f30d20a5c7a5090e26fcc45046286c,26165,belford roxo,RJ
063720fcf0e8243cd82180e83332190a,c8ecf3a1042466096e265a69e8604f46,15950,santa adelia,SP
0638bb7d39fcccf22a07b88db6686785,50069df36b6b311365d95cfdb8732387,8431,sao paulo,SP
0639197156cf2165c3adb6a85f9cef54,9f31ac82c329469389cb0949aedc384f,13082,campinas,SP
06395488a4eca1bdb8d85407775417e0,ed0e0cc6cc82a1fc55e2c6b665353890,72308,brasilia,DF
0639f89df53967e960faa234c3235d1f,24d45e13b914e1d341351a3afd711aac,51020,recife,PE
063a4ff31bff767c4a8fe77696eb3892,c1d2d91d3c622832dc1e41101b567492,9895,sao bernardo do campo,SP
063a5ea8e53ff62d2547c8af92ba02b2,0023557a94bef0038066b5d1b3dc763e,15105,potirendaba,SP
063d4a3e8b18f528d4695e3faad38ec8,501f58a3186cef799338c598fea3ce1d,91120,porto alegre,RS
063e1f61e1480d535924591b303c66b1,5a3f9aeeaaf40c9cb46b99225fc9cda4,4307,sao paulo,SP
063f284f8c19993b5e51c6a6109c620e,02ab167135d5d29cdc77b3147d75c1ef,4531,sao paulo,SP
06401c6722a944337475e6baed34e4ec,5e7b4092b484399489b25d10d7b28096,84660,general carneiro,PR
064064dd94c43013786fc1e1a14d6374,00115fc7123b5310cf6d3a3aa932699e,71015,brasilia,DF
0641b3bc0019d74041048b05c3ca68af,06b6fb89a0699b61fdfaedcc3005a204,4195,sao paulo,SP
0641d9adafb540d8a4cbb584a9b4ea03,ba7f2cbda8cf2d009f48445c456aac83,4547,sao paulo,SP
0641f390b82e408dd226cd5e98327258,685fe057427e2f584aadce80ca79dd98,15700,jales,SP
0645c1e309729e801e822bb721e822ca,cab55216945e323b299cd9be2ede7c85,13500,rio claro,SP
0645e6b17784d5955065584acabb7d25,01a20270c305052404127be803843f2f,14740,viradouro,SP
06475b1ce34b05233619d42030f3c3ab,80b08a8c27a1040245ac55ed0fa0429a,67125,ananindeua,PA
06479157217d318eb931662aa26919da,33d3a7661b75f97d260b3b0cf11deebb,13084,campinas,SP
0648d2dc9982b77534b6cf12e660fe66,56d55a86dc7b29b7bcbdbc2f07d0cfd8,2238,sao paulo,SP
0649036af5cb2765fd1e2136b8cfa3a5,aed3f03d8bf7da8f0902c46995286019,3803,sao paulo,SP
06497bec842a481bd823944e52528944,33cfb533d01eaf2466d457037859aa20,4211,sao paulo,SP
0649a5d522a71ed3e9dab59ddd11d2de,259c7722126a66185f7c54abd5a2df56,13457,santa barbara d'oeste,SP
064a57e6a257803d24175910385593ca,99b564e97cccc42f20dac7893bb61c97,15860,ibira,SP
064accf938ee163832a42a0aee505c25,a014d7633bd0ccd53f42a643c6e43985,6045,osasco,SP
064c2a4c812f840b0f555748c4a10c05,1a2fe35879c36e02f3b4679ccdf05c0c,31565,belo horizonte,MG
064d878dc60b8f7ef83e6d1592e9a808,07a31edf9fd39f97a58be4814a604c0b,3153,sao paulo,SP
064df8d7cfbb640ce62f296cd3f76c35,1b535bdd0263b5ce92aeee085a4da8bd,6530,santana de parnaiba,SP
064e2cb3bff15053eb0e4afc471e7f2c,06f1d66196374b588fbf7cbc2793874d,8554,poa,SP
064e67871d53f3fbfd15385a0ca3a54b,4dad028c287475ff2421bdb9c9b5dd2f,91751,porto alegre,RS
064ece0e47fb67c948399c1c0f481695,f2ab7bd70a9a23df0dac0be98f038374,14071,ribeirao preto,SP
064f9ae5ca1199c397a8155b2338783a,73de7b7b976fc6b75283b05f67fd6b5b,12570,aparecida,SP
065114e77027f9dbf435b4fa97af1c93,727cf95c2abbc5281e538936d22837e2,4675,sao paulo,SP
0651e411f128c0cf8b813b7c133ace0f,f51d2a752dece17a20d72968dbf54022,7857,franco da rocha,SP
06526b788f07150810cae37d79932ce7,af43dcf9329358a6f3ce3b4c69082d75,97645,macambara,RS
06535d08099971aa6f56a2344a3856ec,7f056701681de7475f34ab534321396c,29901,linhares,ES
065415930d45ace4ad39039b5d0d9341,5533b6863859076febafeed9a35bb6c2,18570,conchas,SP
065495b7879ad8844fa8f999493906e7,9c64e6a5971a4c6ba2ba6501aadaf3b4,20550,rio de janeiro,RJ
0657a45b970f96a857e7fb73053306ba,846faea83a00b2cf670d94cf9df84e70,4569,sao paulo,SP
0658798436373ff6997afab7a5e29494,aaeb615657f69f571ffa90d2bd471914,18725,holambra ii,SP
0658d5a2ae9ee0fda5faff1eb552fd22,4a63fee76413edeb59e7399086651c94,6600,jandira,SP
065980c7bb4853a9ff23199ac044171c,b8d452f6fbc481bec51a590bdaf3aa5c,6703,cotia,SP
0659855f18f793eb3f890c7c1233ebd8,9b29cc64c6eddbc597f955d9c719b4a2,14027,ribeirao preto,SP
065b42c4a97bf2c81e0e673786b9db32,f74da3781060a5eb2ffb7d2620ddede8,81925,curitiba,PR
065b47f0ea2d91cf34ff11a1cae7eb8a,5b33d88972c6ea3d698ee5a0b2a12647,60120,fortaleza,CE
065c3ae02ac77bed6a7303aebf08379c,3a5a1fe34d37557c449cff4e4e800718,20510,rio de janeiro,RJ
065c7937ffd166df6521e1008403ffd0,2b1a443295eb2104e29e060cfc7faf4b,2223,sao paulo,SP
065c7a8b3b3dddc203172b872a313275,a9b3e69e5ac5c7701a41485dca5783d9,55200,pesqueira,PE
065d53860347d845788e041c0dae53e7,2010e127a34623e7e0b0728f43264e89,78043,cuiaba,MT
065dedcd0da1b0b3995024ea66117c96,19e0f55b99c34bd4da05e429724e8291,24461,sao goncalo,RJ
065e274ca8c7214e70710b6765578a05,771d104f829fafdfde8f4f1950002860,48970,senhor do bonfim,BA
065e2905f7a83f066d3e66ceb70cdf20,b7f6cea0a497e31650f4596c5e5c0eac,28896,rio das ostras,RJ
065e7c1d44ef05198ae2fd617bdfa533,69f77a5c95274b457961a385dad5edd0,22775,rio de janeiro,RJ
065faa2d1bb6b297ca28a01d32519efb,cfda48fcb774a1d0a9ad6f7863d74e3d,71015,brasilia,DF
0660653f7367d760f49c8430de9c6263,f8c7bdb2c23d2bc05cf1594ef8dfcde8,22783,rio de janeiro,RJ
0661d80b08b50705a0e95641e65c25f7,1b9a48096b767ee53cd9767f8ceb730a,34300,rio acima,MG
0662368ff680fcfd827c7dfa0b272bb7,5d449a06af72441c704b25d28b693942,29660,sao joao de petropolis,ES
06635cef8f8be90b8a6a6dd84075b39e,8fde03547587c1e6f97d14148f422242,27170,ipiabas,RJ
0663e652f8793c2d4eb77e8185a5747f,73407e0f8a211899dab47838a5f723e1,91110,porto alegre,RS
06656bf78bcb39c3852e16abd900c1f2,e55edfb92c19a7c7836068f345250c87,2227,sao paulo,SP
06665c03fe91dc717e53e8316090ca07,3d9c19a54696df1fd821e1da79b2d96a,13560,sao carlos,SP
0667de33efbc52c6313bb98eae210182,9aa61c2b9ef42b2fb25755acdf647dcc,37410,tres coracoes,MG
0667f9442ea0fda05f8e5153c837bf7f,89bd5259d9773ab19cceca68696d2729,35500,divinopolis,MG
06681f8d9c32da6c220bfee448bc13f0,5aa7ef34373fcdc118b1b3b29f663754,84268,telemaco borba,PR
0668dd0bd7a26747a271b568bbe6dc88,e84d4d1776db2ce7ffaa54931a235982,23090,rio de janeiro,RJ
06691a2638e9d6c12e0e4182a7e5bf4f,b31a94a325327a6510959097a43bd82e,20940,rio de janeiro,RJ
0669f5398348b7260f7f14411736e78f,cef403f888f6bb14ec10e4e02e410893,6874,itapecerica da serra,SP
066a5866635b2ff28b793b05fa7a42cb,8314fde2596597b1e3025d26ee38a763,27915,macae,RJ
066a9e746ce5eead40d2afa9bccd3d7d,227dee340139e8c2f57bf05bcb1246f8,4171,sao paulo,SP
066bab10d1281abb5baefa5d7772cce0,f8ac33ce25aad89ade14c52fac3cc452,90430,porto alegre,RS
066bdd46da5e8a7f24e244574e3f51aa,0dd971dd4cd409105778aefba5f7fb38,98700,ijui,RS
066d514a8533ab695dd9c730aec73260,14e1bf91e4bb789e2bd29fc22f926742,79002,campo grande,MS
066e5acdd1a429b05b4bcb0c8f8273d3,36cb06fed5371d8e5ae0074141da1ae2,71215,brasilia,DF
066ec1a6ec56a0f8b161b37ddfd738db,f1a35daa921b19e51ec270f213830764,8051,sao paulo,SP
066f6fc06524e9b7632a63bd9466b832,26d5d1d2445325c82f1ceddcd86ea605,4002,sao paulo,SP
06703b3d47c703a3e163cd1769c2c53e,8f3eef80fef6d26aca45231210bcfe63,89900,sao miguel do oeste,SC
0671272d236e58448b3cbdb7f819f6f7,f64882def8a20e86033de3d0401515c2,5133,sao paulo,SP
0672e3c3c00569fd0824ee72f92073a4,0f421aad1e168dac3f1a246e4627ab9c,4204,sao paulo,SP
06731a4123e5f778f31f5f4f027bdf38,f67d554917153d83d441ec2cadcc66ab,41770,salvador,BA
06749557ec7c0ecb61210bbc6c14ae1d,e789229d0a0779b7d9ad57d4a926ee2d,5412,sao paulo,SP
06756bf2bced196e9d58fbe46a40d3ed,0fb2b5f57c10a652a6629cc70f403402,42738,lauro de freitas,BA
06757bb75493151d0e73ce8e3bc32987,950756be397d0fc73e96b1a32287cd38,6825,embu das artes,SP
06757e2a216429d601d7cda36642769d,b53e90bdb9be63dcba58f88a54f7e936,14177,sertaozinho,SP
0675dc11f2e7dc8ab2f0525b1dd57859,74ba7d396fc92ee64392f33a54ea47fd,30350,belo horizonte,MG
0676c04bee30e323a1cdca3b7e222525,cbc71e02efb1d43b84f80b2a64d6013c,3407,sao paulo,SP
0676eba3c176bae5820a450aee33be6a,bdc4376474a94a6d38535946b18a6502,21235,rio de janeiro,RJ
0677048b122422b313b96967d64e8cb6,d0bd3c33ffe8ebc807b6e0c06b945bb3,27700,vassouras,RJ
067715fac053f8972e3887e3784e38f4,4fb2e7406e0e99946ce171d6d7350e1f,4022,sao paulo,SP
0677520cd18a8ae626bd2b7ec8358d08,191bbd423a239c5ecddeac814fff2496,5337,sao paulo,SP
0677c160b8b19e0873a5096b5bdac0a5,c930522d8f6d987ea43231c01b3cd582,96824,santa cruz do sul,RS
0678d657154ec23a58e4164c46cd3640,bfa6911e057405458ba98685a417ffab,6756,taboao da serra,SP
0678f749ee34f9175a0f054d2dd19131,2fb6dae4fb3a2f917940978144362cd2,84900,ibaiti,PR
067b4d25cd355be5e70f7e0b62f511b5,b6419866d526c1e55c3228280b50d6f0,64840,guadalupe,PI
067c9951289da2e2468121aa6e46ec91,a9ede3b663d9ee53aa06865d90182af2,1217,sao paulo,SP
067ccd26a1e4082be06995121d90c1db,b6fcfe26e042fcd4a0640d77c091eda5,14806,araraquara,SP
067ddd62f5d7b69af563df60ee698b5a,a626420a40f09529d6dc67cc76e1b213,90810,porto alegre,RS
067de14678d6cadadbdb7b92c8789127,d4718884784916c042e2d18a42453c17,32410,ibirite,MG
067dfd197c70456d5dd81c801fae133c,b944e713f329c481160c81f9a3795392,44920,joao dourado,BA
067f23bbb981887fc158d36a677c2b4b,d62da58251a3b549a8c58d048981a2f8,29927,sooretama,ES
067f45ab00b8417ea9d95d1f42f6a41c,26b0aa1978f09039fab41c4e4ed32299,57072,maceio,AL
067f4b11580519064d68007ffc9e080a,27b8140e6749747db55efefa5c960433,15061,sao jose do rio preto,SP
067f6ee158ce40dff3f69c4d8c8ac676,9a6a921e2fdd2e6ba9c4fbdf24381248,40285,salvador,BA
067fc5b946c13af561c35e8c6aaa1dd0,cab990a33edd2081f35570a285bf0dca,8590,itaquaquecetuba,SP
0680214e013bf3ee08069f02ed2c0d80,514663a4e38474dff6d557ff463f67fb,23095,rio de janeiro,RJ
0680461a4a1e26dbd29a3d3445bf4a5f,cecec0dc358b9b2c8536cf426c753759,99709,erechim,RS
0681069ba05876a097555609e2496d1f,ee04cc9bca4c9198bec5c54c2542dd3b,8676,suzano,SP
06814f4a12766195eeb2d31fd70ec87a,8eb7aa218cc6f14f7fe4bddf283fbb7e,99730,jacutinga,RS
068152a5d93881c84dc1edad287461de,4c77f5ce7d9d561acbb5f33127cbd599,15950,santa adelia,SP
0681c6280d7eedf1cc8655fda6afca25,bcee90ca103f2914a080bcdfac726ab6,3401,sao paulo,SP
0682e8c92aae975e978f4b439046590f,ab0faabf48c8c0108c13277d2b701f16,39529,riacho dos machados,MG
06838eb84d243726bcd772cec9b68813,28ad66c8baf13c85d2a936d0b06e73f6,13140,paulinia,SP
0683b8e9246bd0ccbb16775291a66147,8106dda85e61ac65b597178f5eb9ee99,71720,brasilia,DF
06843dc600fc25b0c66bd3f1dcbfda12,ae301cefa73b4914cdc56090b94514fe,9950,diadema,SP
068496092363b0e16a6a289da4212d87,62ee5aba44454459ca4b138f017c30ba,9132,santo andre,SP
0687042f138418a235175398780d7d69,d7c4e552ddae617205019b34bfbf5c3a,28540,cordeiro,RJ
06870616b5ec115b0f9435fc32682ab5,e8ec187368d8dfbda17f255e0137ea38,58052,joao pessoa,PB
06872c61a13a4d027504dd0c15d43b72,0e5858cb988e7b7905f137dd56147574,12530,cunha,SP
068789693897e19b35ea3b9e71613c75,34a7a16320425b76238d17b877418323,19780,quata,SP
06879ab94dea9160383cbca5dde64794,f2956826bf59bc83f0fbdb566bcb8610,25086,duque de caxias,RJ
0687adb7abd672624e9c4ba569cf0ac2,3a7e31f18c7b6d5c707d68cc3acf4e6e,80430,curitiba,PR
068826320c90fa65a4db813cb2e1878f,c6d758568baffc308da80fe73a2a4030,13375,mombuca,SP
068830daf2867cadbfc655e6a413388e,ca9ff40e3d69e5ffc34a46ed9b91451c,4685,sao paulo,SP
06889194d9acf9c1917cd382b8b5da48,97b8a596122261901da255b736c6fd1b,13082,campinas,SP
0689717ef06f65d8a5c53038dfdef222,b6cb19f417ed8b54153d8b32f2789449,60821,fortaleza,CE
068a6193792ce340374afefa699e8880,be98ec008d2c33c772e14b5ae7a54461,81750,curitiba,PR
068a8b4a0920dea641b65c336be22575,6f1b8e500d1dcec63629a31ee6bfab73,8830,mogi das cruzes,SP
068ce84281fffe770d51b0b75c3e0994,f2fe5e3e7cb3576ee2f27320fb082c39,14020,ribeirao preto,SP
068d6956b4f2f9a39cfb807516f55ecb,8423f43e0049483163143ee6950c2cb7,21010,rio de janeiro,RJ
068e1b93e18127f5d03e95308211c438,1995bda245d2c7b62867c5113a2d9949,11750,peruibe,SP
06909593a3382d75b06bcde5c527ad59,d44f553a3663a6323c901cf1f0a47c87,8021,sao paulo,SP
0691838627fb0142895c23d5459bed3c,3c1bed581fd6dc040ff1635dfd1b30c6,64208,parnaiba,PI
06922ee99355bf830408f263ba2c3e10,965b44e284338ef0be919cefaa022669,22760,rio de janeiro,RJ
06924cbc5d26492a79fdbadd872430ec,d13ab1b949e9fdc5768873bc77f539b2,4827,sao paulo,SP
06952d070fb51b681082a5aa0270ec67,c15f6a859b131c2dcda4c920bbbbe572,4829,sao paulo,SP
069540ac78a5bed2d5f836e7bf6b2c0b,125bff5e8d8ed0bd53d4028e50021be1,74140,goiania,GO
06958f45f5a2881a4e60eb8f7283b2be,82bfbf46460888766adb640d884aa52d,29100,vila velha,ES
06964eb3fa634f2cb61a6c454eb93a9f,23d1d33cb6bea1a2c268c1adaf615d6e,4401,sao paulo,SP
0696dbdaab139e1618f92f34becf98ee,338d485b5ab168d22ec22a8efd086044,88220,itapema,SC
06985cfc3780a960b8af6011b6566ec9,83c3efe072e9c77c3972785d1d429909,89300,mafra,SC
06986ec3d270896f79b12b4b0982e4e7,cb4988c8c68a7edbcabb47de3a59d898,67133,ananindeua,PA
069a425b9e8a1f9e8d508eff8d7c3925,793c14202ef7966472e9246fd83b0ae8,4416,sao paulo,SP
069a724b11ade79937f258ebc58c74ef,611b8fe01324647fa20c6f629dfa5b6e,8451,sao paulo,SP
069b38e2803b8ee0482f95dac627877e,7514c193ac9fd7bbdfb0ae42a05309ef,95680,canela,RS
069b9a5f6dd36f1c59d36a9a703fcb7b,6d324587da0e4d77ee97fc222befb1af,50830,recife,PE
069c4ec640bf96e7ac25dabecfd6c0ab,ee11a54c1e72a5e2c5ee115df3a7068a,66060,belem,PA
069c942e82eba9152f2797da49e1e764,3991c41c2de37fb418cbfd8938aead3d,27940,macae,RJ
069cc8646fca6d760e049d8a4bc0c334,c7a1aad0a8d345d73a52343e36daa6e9,8072,sao paulo,SP
069dca5337f1cf3f778d0cfa43ce8dd9,c130bf40aa6d3bdb444b04a8d78adf5a,5363,sao paulo,SP
069e2c889baa038cfaa80e585474c3e4,3094d5cf2c1847c0254efd9931e407d9,57955,maragogi,AL
069f1deff35f9752a09c02f3642b14db,114438a2f44252d25fd72c8868b99a63,76804,porto velho,RO
069f68677638153043f70401d8c08d2d,0ec45df207185ce87471703175856499,83408,colombo,PR
069f6d7625c8285eee5bc8ec0718b545,3ec35f267b1d2635a9e7a28752a568ce,30270,belo horizonte,MG
069ffa410e2379e3c5a0eaed21879b80,0b11c9f6e42b73fd9c3c84f3b919701b,75180,silvania,GO
06a0072ff4abdf1a5928eb6a66f75246,5cb74e761978ddd59b8791592ee38cbe,40715,salvador,BA
06a0388e1b17d3afa06122933c11941b,3e73922bb7fc43f6d71b2f0ae5103c32,20021,rio de janeiro,RJ
06a0aeaba8ae05e4dfec7817ed0eca21,2524783703dfbce0f0ef22c6988a2c6a,7713,caieiras,SP
06a162c47cfda7cc5575ab732213ff11,90137e6a745aacaf44a05460ee1fc67e,91370,porto alegre,RS
06a18a653c5b6090fbf8c71d248f8ab2,f8bd8ab829fb64dcaa95158ef7311445,22795,rio de janeiro,RJ
06a2924116558070913fd36d2b01039c,d8b149991a6cff2088d31b0c3c419670,24030,niteroi,RJ
06a2aad63bd0acb89e39ea3c8dd8263a,493dff97ffc4fe0910d5b0afb92ee48c,7851,franco da rocha,SP
06a35a1790491a7342f5c257605bad56,ed6b01bdaf7ecb66496234a87ae62bdb,13041,campinas,SP
06a36e2121cd25bcaeaa79ff09974ce7,af327122b18bb529c0952a8e8d97c7f6,35290,mantena,MG
06a3bbda6d96de922ebe82f3416f8c3b,e7173600ee0072bfbe47fbe32d301888,6290,osasco,SP
06a41c2a3c926fc7b680fbf3d3589a4d,6135399208e7e5a026e90342fec66d47,15990,matao,SP
06a422c0912397e12e6316f7d53687b7,9a3c5a07ea898d9062cb845b298bb14a,85858,foz do iguacu,PR
06a552b13fb2cc33c6fde4ff1de4c9c9,435ca69b2991db5926ec1af18d4d27fd,4187,sao paulo,SP
06a5618b8b0cf1846231580b7456fe09,d86352edd100c4767e9d896e5727c2ee,13872,sao joao da boa vista,SP
06a6d9bd1d738261179b6cf3d313458b,f28f6019fdc1722c540bc9dbf7da7fc9,13201,jundiai,SP
06a70917afd2dcd59396e1eac836c646,451c36d15ca9729da50f130f5c0f1c59,31870,belo horizonte,MG
06a8094ea22f358a71c5ac55e549c10a,39bb6dd940a0f6701af4c6cc3e9863d5,4273,sao paulo,SP
06ab0f3fbb09a950709ba3e1562aaa39,6cf8793a63d3b4b2f8af32ac5d87ed98,20271,rio de janeiro,RJ
06adb04df95e48dcd32284ef83e07c77,67ad73ff4747ba3c33ff9907f22e76e3,4090,sao paulo,SP
06b0824dfbfaad0e7df1a9dbb38a321f,318bd12e1c1068f2f0893f1c225813fe,16052,aracatuba,SP
06b09819b81341351b11441f78c0073d,a0f0a2082b269a9715ba874c94b592f3,80240,curitiba,PR
06b1837a8f2cabe23495d0c93519bc26,6aed443e875746822eacf2502f52a778,15880,tabapua,SP
06b1a1aa298eda35cabb263be4848848,bd4837ddeb9aa63bd4d50ff3a13388af,18800,piraju,SP
06b423fab94edc97504290952ef19d97,56375a87398786ce5391d3e1814d5a92,36039,juiz de fora,MG
06b4a03f2ff5cd08d0d823f845dff6fb,4bcd44a4810e4246405a22ffe60f8cde,18021,sorocaba,SP
06b4c8a36a20658dcab2a977dc3fa248,875494cee8ca0aea8a8de2bd84e67086,30210,belo horizonte,MG
06b74967617d6e12688e779fdc1a580c,8f09add4b8d8c9c4311d881d29b8d58c,88845,cocal do sul,SC
06b8999e2fba1a1fbc88172c00ba8bc7,861eff4711a542e4b93843c6dd7febb0,14409,franca,SP
06b96b78945c7693a6b18b00b3bac683,5c0eb0666e8c956db223d20b1f8106df,88117,sao jose,SC
06ba6a60751f29132f330decc3450c3b,6893c970be2d4631bbe03d8883db9981,14720,taiuva,SP
06bb24810f1367ff6137dcd2ef176d4a,f7535faf5e62c1b979070b4b93d25d30,26261,nova iguacu,RJ
06bb4664cc9f34e9b19b75cefeefbc73,622e721871c74d33f43798ca536cb973,5821,sao paulo,SP
06bb94c253e8aabc2bb33905d07a5676,4e512ed6682ee598c330736afbeee331,79500,paranaiba,MS
06bc346b52e0f4d7a18d99d63070bae8,af8665eb9e654ac0af1876191661df06,31560,belo horizonte,MG
06bca569f6bd4833c89416af4672db63,69768cfb4188e522fa75698ec28251dc,21350,rio de janeiro,RJ
06bceece157515b2204f14ea11350353,66515d1bebd2b28f94559f4da6d0dbff,60135,fortaleza,CE
06be0237e61e2d23a93ceff729704f1c,3b92b8617254e581d164b5d213d437a2,36205,barbacena,MG
06be66243346e59b86a04d25496b19e3,6ba32acdf26ca5cdabce839d791b634f,16050,aracatuba,SP
06befe7433b2a159c7fe6d032bd9363d,fbe09444993da8c9e03a04cf33967045,71916,brasilia,DF
06bf021cebd25d2cfceae152a5956e04,97d007095d1f9c6c5dbb15c3c1aecf5d,85301,laranjeiras do sul,PR
06bf27b49c6c26aa688482c2f76ada5e,0c4c416f1f9844e6805b074f8f96f52c,30286,belo horizonte,MG
06c02121d99b9b0f03afa31d5d2d305f,c750ff098b5c9f148c6d9ee88124ff5c,59152,parnamirim,RN
06c09be49b69107bf8c75d10af6b2233,e264ef071f4c0fb4a0f3e9139b283dee,35420,mariana,MG
06c123e1ac4a2d2a9e6bd9858a383087,997afdf7e8d551043ad82f8f354e1a73,1223,sao paulo,SP
06c2c1e92714f3fe285f962909a59c15,590b61a3122106e7fc89dcd7c66b1593,3061,sao paulo,SP
06c3432a700a69e743fa666027996994,330921a962940ecdcdfc5da2f4761e9e,7175,guarulhos,SP
06c3b109d1739bcb38d35bc625ba06c3,8fa601ff91e2b16379eb36737d10035b,4601,sao paulo,SP
06c4359f159d982902fe93e79c1323df,25bddbfb5b46c81561813f2615b6daf7,4022,sao paulo,SP
06c43f008d5fe07b07911ee6a4d16100,f7b47595543652d859efbc3f33f7bbcd,29345,marataizes,ES
06c5c4b0292effa4b19173210ffafb33,0a018a3d9e007d7a9e927f7b4bd4fad1,90030,porto alegre,RS
06c5f9cdb14fd3898e53f945a3e903e0,29777a4fdc131eece4837620316cdffc,29175,serra,ES
06c6202200ef99b1568c228c9e373abc,bc495306b450cb8a30666dff4e362077,76916,presidente medici,RO
06c629d842cb8236fceea0a9e90ccd1a,e62169ba0cb892e8e7b57e8602f8da7f,38051,uberaba,MG
06c6f4eaf3c4f75577aced1da71c244f,5ec139ae8a8a28c349ba778d9f012f9e,24903,marica,RJ
06c72249e5daf5bac0ada54b615fba05,55ec32e63f828873da22685dcdc48fd8,13165,engenheiro coelho,SP
06c760a59b5508e58bb333d3bac7afc9,b7cb5cfc7e208d22aa17ef640f487d7a,14170,sertaozinho,SP
06c90f4d3ea938996708090e6d65891a,346fbd491e80199e6d7c475ca25878ca,95020,caxias do sul,RS
06ca4d6c6e5ed80da33fd58e240fb4a0,ecbacfe40e728dc55351151cb2b7e5c8,64055,teresina,PI
06cbead91bbb55a3847db922a39da219,53730ba9200fe3371560f32ee5b17424,64645,francisco santos,PI
06cd112a475fd4d834eff32968147050,527cd2850ef91088969ffbef0103dec3,80030,curitiba,PR
06cedf45bb3fda13ad8ac53fa73c39a3,95e4e31eda671dfa6983a83d7b5522c7,46430,guanambi,BA
06cf02bf583b05fd91bc8eec0f1b4c3f,6bcc1cd0c7f8bffa6f67a6a1fbef5782,1255,sao paulo,SP
06d198a416dd7728c452636fd04633a6,90ab006282d5a81a0cf8dbc03f4be8d3,13412,piracicaba,SP
06d1ee5468d9a2c7acbbc36630dc6c87,70d7ba99d56bc498764ab76ab8329f43,96203,rio grande,RS
06d2794bd8c6d90db6889d6c5f2d83ea,d8af40edf89df53c7c576904a99f1870,25651,petropolis,RJ
06d32dcb66d94bd19a131df8b5d7a017,05f38cf30b71a72c61c06ad56c05db96,11040,santos,SP
06d338952a08988a496796c25a61d12d,3ab0efc5b3ecd6ede7565b1f7d7516a5,22783,rio de janeiro,RJ
06d3d7382dee08a5564f898eb8156e58,f4020d81e465ff1f682cd987fbe05177,60750,fortaleza,CE
06d478ba352a27a5167f3de441af9f59,fc0aab61ef4538d51cefcfb054fe809c,24220,niteroi,RJ
06d529bccb0825265d8b5b73c66e53d8,8f2afd41c8f5e3862f4882dbc9f624b3,55644,gravata,PE
06d58d7e936fa3072aa438a94f62a667,268948c5c17f57598d697e30f4d4775e,90880,porto alegre,RS
06d59aa5dcec13f7cb753276300a499b,7cb9a6b438fe0a5f228bfd32ff9e1a11,30720,belo horizonte,MG
06d794c6d5ca7136fd073d1c0b7fe2fa,e75d5f2ec6f73addaac73723ce86c60a,9180,santo andre,SP
06d7aa8448b8efdde1c5759cd97d211e,cb454fcde466aad131d2e33e13029c47,30710,belo horizonte,MG
06d84b87eab06a1cd1b6ccefa8836f1f,ac2aa6ddfefecad2b64197e15b15e5fd,38010,uberaba,MG
06d970f4d3006a575508a217a7acb7e5,d194eea5b8f6b67992f5a3ca32ac401c,93600,estancia velha,RS
06d99479baac3413561b21bd7ac27767,55e2a75ae371722e048b5e9ef87e83c3,4571,sao paulo,SP
06d997ee0df1e71f31984bbeebe4222b,c965cd21c2063af61fc73be37d54d8b9,48603,paulo afonso,BA
06da298efb6ead8ed9e9a271bcb9419c,2e753a8ca566fe42ad644446fd5c7be4,74369,goiania,GO
06da85b8d16b04167a1b5eb3690ad929,c2959af6fc3e1ece5ddf82a28662470d,68746,castanhal,PA
06dacbe0a1e05c1bca5d4dadd31ca4fa,70ffa6734aa0f9882e8f6aec13de6b1e,8664,suzano,SP
06db786002c0a85b36bdaca70b9fb4fe,04c504443b45059127d2246e15d8da61,88901,ararangua,SC
06dcae7b409e7ee3098993674b02f1c4,1579bb1cb31d16d7fb3e07065787a826,6711,cotia,SP
06dd86569c44f30ad3f0e3154e4d03d8,10815c4e3a5862c07434b7b16b8af8a2,22793,rio de janeiro,RJ
06de5c754510bc13915d1bb9617fdadc,d35c1881929c56721da272d0524320e7,22725,rio de janeiro,RJ
06decccf5bd7e13ff1384364911c9b20,7a6b4947e01039432cac229435d058ee,13486,limeira,SP
06deea7d56068efd37c65f8daff0e03b,58e6013f75c8d79f4138ae9af0861079,36400,conselheiro lafaiete,MG
06e02bfbcb3a911182a3aaa06d826c88,55ff07e0b97b4b60d2e22b2efbc35ae0,9540,sao caetano do sul,SP
06e04e684950fab866cb84b970f228f7,f188caf78ade184eae7750021a20b263,90160,porto alegre,RS
06e07d9f20157eac3086f8e27b8799bd,de10c6eddfb671ca75cdf673e3d3ab47,90200,porto alegre,RS
06e0c362c4a5cc74bff4e7a82362ff52,238fd7578b78d47cae8aeba6806c4f68,39408,montes claros,MG
06e107f212576eccb2e2adc7781c9705,7dd0031f1da839843abbcda4e9fb317b,1258,sao paulo,SP
06e30ee84a0678d353928f7306faac30,69fe01fbf59ff73933b1fad1838b08a5,13073,campinas,SP
06e3ab9b654241d5b8d94c4b5e25f705,4f51b1fb01815cc981a1e33931442013,75703,catalao,GO
06e55d0b482f746c8c177b04b8b27301,92bdba5468727361c12ee22b41ebaefc,9790,sao bernardo do campo,SP
06e663beae776e2f679ae6d7ccfd222e,894deb85f65143798b77055b57293c3c,60110,fortaleza,CE
06e724a40343b086ece691eb439a726b,0f102c5586c1dcd6074766d4a0239990,13183,hortolandia,SP
06e74e289cd7271757776a2b0aced701,aa47b5f073e52de1872ad49240d50ecc,22740,rio de janeiro,RJ
06e7aeadaa608beaaf6f34c4fbb0e09e,f213643d41322e7eb40ba39cac31847a,8295,sao paulo,SP
06e81d76102b0d027324e7375400a11c,f99f4e4db672e22718b5ad0e910ede8a,37505,itajuba,MG
06e83f0e8e47047739e6c7cad483392a,6d422eab6badca085244171235624bcc,13876,sao joao da boa vista,SP
06e91d7b3e9c206aab9bc9fdfecffb26,b28b38d48d8ff217e497c8f95805d7aa,8150,sao paulo,SP
06ea539f2f9ea62188a9603255022f8a,68649a15090c8f4eece0a2be912ab5b1,8536,ferraz de vasconcelos,SP
06ea7023e66ec49c0e13b05e477ed514,fdc38cd0c5fd002c09270e8dabc475de,12235,sao jose dos campos,SP
06ea718b69bcb8f124ac69512c21c231,a6e17e76c0bb659bc2fd0e002e46407d,6530,santana de parnaiba,SP
06ea9a21fbcbfe8f45d54cc717db3c7b,d5292e185ba6169c80ab77fe218ef01b,41830,salvador,BA
06ebadeeb0acfedd1526d66bfb71b061,d8fb9a7157114af9690a03b6ff65a3cb,93260,esteio,RS
06ec6c3121f033000bbb535a2e10b8c0,edc92f6395a526f395f9d242aedd2bdb,59122,natal,RN
06ec7aed3161859018db02f695b6600d,3e43e6105506432c953e165fb2acf44c,11701,praia grande,SP
06edd9c4cdea63ce94873634698606db,cd849852a5c43672c1c7769671d64d43,3737,sao paulo,SP
06ee09badc38b922a88d417e5134e3aa,342b3688cdd90937ef04134ad81f9cd8,23585,rio de janeiro,RJ
06ee4dba2450f13783c438648931931c,e0ec2e3c3f6e06839e8fb986be65c7c5,3623,sao paulo,SP
06eeea8e157410949394acb6d3db56cc,246fe786ff19a12ddbe31367d909f124,93819,sapiranga,RS
06f0e084bc0ee932148f0094af2da58b,c58eef7aed6aed9326faf3b9ea41e874,94950,cachoeirinha,RS
06f355d031f6deeb98b30dfd39179442,5015caa21691d148f370c1574b17d32d,90240,porto alegre,RS
06f3d542cb24b273ea871ad404adcf71,9dfb7929049455ca5ecd4b7d154b84f7,15310,magda,SP
06f3fd76e17823db11f5af33cc79ddfe,971257d709595abf1705177bb9e1ed5c,88015,florianopolis,SC
06f45cc4a14fbc5762228d9059c0a04b,a640b4f0b2a0e973c6a47d61000b0e7e,12242,sao jose dos campos,SP
06f51feba23580cfca0f581994fb7789,1d2e1d611b6f49dda7adc03a1a061d9c,30310,belo horizonte,MG
06f8cc01ccc3b88ee6727ab815eca7c9,90fe78558590c46665e648e4f2bd9272,6417,barueri,SP
06f94f3ddb4cda1e24b2ccb1bb853a9d,d184118f81a1b34717a9c76e174071b1,14270,santa rosa de viterbo,SP
06faa17577c5ab4ecfc2e2390e3050a1,a944a93bfa1d65b1523c45f9ccb01ec0,88311,itajai,SC
06fbbb4b3c723e6f7023671729bdbb4e,6deb45317a23c87a688c195fa46298a6,96170,sao lourenco do sul,RS
06fcb5edf767ce55050fd0475a708a7b,b49eb1c0d84f11ad82fd02cc75a15c0c,3313,sao paulo,SP
06fd13fe812ea82418f7e99df3591b81,43df7fabfba2076dd1ad1ea98fb59d33,11740,itanhaem,SP
06fd2ea98fab51c01908f98806798c7c,ac3e0bfc1c22b67c4d7c11c7c78436ac,71926,brasilia,DF
06fd550709e851b276dc96774077fa0f,79aa2d7a9ab1078226dfc62d530a8f33,32241,contagem,MG
06fe2378b02bcfcf4d6fcc4b31fde6c5,def10e70dc9c0062484f70ef3537b63a,68515,parauapebas,PA
06feba89747b8e9e2a482ca08e3b1c3b,b9e14a9f4a31ac62d6161da7825ed62e,89202,joinville,SC
06ffd9960e9ec5811b24d8d5904a89d9,60ed978ef51da157a9f069ce43e11095,4532,sao paulo,SP
07000867c38ba037cfc2298612e2517d,17bd08980c111039ed8bd3d733757e8c,13041,campinas,SP
0702faf732d0bf1539d8808806133ab0,48ee1f8dede3cc1ace87b5e3aa3fd20d,6132,osasco,SP
070571ebd72c8abf80e793aa0faa32f8,ce062bc310d6e7ef233195118e090f1e,22080,rio de janeiro,RJ
0706bd15777b939c99aa344ccb34fbb1,ff2bb81a3a9531c436759613020fea08,3758,sao paulo,SP
07073537c7394038818895e9cca2ab06,a736fd2b457e8eacfc9e40f3076ee4c4,65268,cururupu,MA
0707585f9631a5166364cf8730a8ecf2,936a5096d9291b0cf4450c5c1131921c,7250,guarulhos,SP
0707625ba315d67587771dfa3e945288,874f552ab63ed512218f0fd16bf25801,3333,sao paulo,SP
070948afd9d16208989b064551175780,8bb9834649210152e6fb0a01c201651c,28620,nova friburgo,RJ
070ae6a687b800200c1f7dd6a2671c75,c88d886ca8a1b9bd1a01e4e4bfe40781,39990,aguas vermelhas,MG
070bca17bc76a393ba985b11b2f9deda,7942503b866fda5908a460d4c80ede0f,83260,matinhos,PR
070ca12a62752e5464182d78c6fac033,c0bfed338273072ae7f5b10034e82f20,78556,sinop,MT
070ce039abd117187ecf70994220c6d2,77d9028051819529d7fddeee5b775ac6,5440,sao paulo,SP
070db51ef1d6a1bd858c21b03de83e66,1f98e3467d2b48dfb44fc12b137d3447,5074,sao paulo,SP
070dc02f224a841faaaa06dd571e33f0,2d40b4adfbb28854cb48ffe9e1ad0111,5774,sao paulo,SP
070e9150f3506123fdf71f5a4e1b879b,38e4b8a9907cb5feaae9569e5d7d53e1,39205,tres marias,MG
070fcea536fbf0116b36ee9e900f360f,9884599a18fe9f4a96352d0e9f36dc2c,29143,cariacica,ES
07105ab4f77bd53b0128579b64df5cc2,cb2d9f848a8c8e58dc791b3290253275,31340,belo horizonte,MG
0710c8034f2e3c5e0f0a2d1811dfddcc,ff0eac0ec23fb4009fff3f12d9309424,83323,pinhais,PR
071130e3d980f8327e5348b9ed889fc4,ae11ab40faeb1f8b85f6308e052bd710,96820,santa cruz do sul,RS
07117462d9483029c4ee6c907a3f3ebe,028b8434bd4a6277e77f5b327cc1e1b0,20561,rio de janeiro,RJ
0712358f39f7ee528dd7930c5e43b4db,e45ad34197c23b42f09eecb19329c0f5,13042,campinas,SP
0713f33e5e39aab4a6ceba626f05b914,e4b21e46d04195f78e024beff0b19127,50920,recife,PE
0715d45e32d1a8cfc84dcb9a447ac955,93bb3b99d1dfce71499c593c4ddede98,78555,sinop,MT
07171815cfd9a9aa8ee3dd62767f3ad4,c6b2ccbe75ac5addb40fcff5db96a5c1,39270,pirapora,MG
07176b181cc48bdaa6807f4a88e17d4a,c61a15e59e35503a062589d1b609af8d,9896,sao bernardo do campo,SP
0718afa877e51051f32f3572cb7a314b,bbe520bf5d2823fe8a51c526c83bc8bd,79400,coxim,MS
07193e2fc8e6b8a63e6c080a3cff4d89,ac1ce9b3fc0bbdc4d72c814871b23c35,36088,juiz de fora,MG
071a86d714c6f99aa23feeecf538399d,6525a7a9d5a867590e69cab391177e1f,3513,sao paulo,SP
071c264041baabae3785b47968d96ff3,eb84790df0e0118db2b14bc0868805d7,20261,rio de janeiro,RJ
071ceec1efc0edc2d11c7401d4a1dfc4,07be143f1e0b34b059df757ceee183c6,5075,sao paulo,SP
071d06d853a81c7dc7f80666509c9cd8,c76b710293ee9d018a0d272f06a6abc4,6693,itapevi,SP
071d9f8e80f0f0415885e9aac5814700,dc0ad7294670a9c92b0af89e43ed44d8,11030,santos,SP
071dec660b92cf4f691f1ad4277ea267,8b6e7cfd0a661364eb3d210598e2e689,8717,mogi das cruzes,SP
071e26d86c3c8f9da5a87c20a0938fe2,307c0f4aa86e71bf03f696c1f056732b,28611,nova friburgo,RJ
071ea3439c8c9148700ba643a50d0875,aa5a0cecdc8a2863c80f2093ce98c545,4121,sao paulo,SP
07201c202bd91a87b12e55216d2dee38,b8e8e703581104da4f6af80ad425bfed,8780,mogi das cruzes,SP
0721e1c4b91bc6ded6579edace8659d3,575523447cb7272877b2840e4a4efb59,28695,papucaia,RJ
07226545d056696fc5946dab0f0f2a7c,be503af00c47c568e3fffd9b2344b5c6,2562,sao paulo,SP
0722bb9204b10c58f3641b0c27c7dc72,5064f24054ced092bd8c07ed763a0cfe,57051,maceio,AL
0722cac4e97a1d3381723e1770a60391,a945202d20c443e03291b27f269e27ab,7170,guarulhos,SP
0722f25bcff38c4412bde18b1f87076c,fa1917ffca8ca670a079330d1e10a81b,78785,alto taquari,MT
072343fae3fbc9d5b6c07077e67430a9,f6273e33a129758dbf809d43ed9c4820,22471,rio de janeiro,RJ
072495211b56605859c385bdbd35103a,a7aa43bfb35e39fb77b26123d0effbbb,18055,sorocaba,SP
07250205a8861bb7532fea6297a2d4be,83795f9c6093934678c1ca1d1a943dda,30310,belo horizonte,MG
0725d40cb6c52b65e12719312d43d16e,27a09991ce74f723742165ebf54c609d,18081,sorocaba,SP
07268a96fa4f3812925fa07de7cc3c73,e43b0c7c3c094e8f7b8c49562a9a9f0a,61934,maracanau,CE
072727b98246cb0cc8d55699bb4aaa8a,513f80bafbfe8644ae3f1b65f1fed18c,15400,olimpia,SP
07276d89be039ef3505f4c6f781bda37,b2aa555ce3ce0bfba30f48652b8d22e4,58884,catole do rocha,PB
0728f6d108255cb411a50fb646c3c7dc,991b34b2a28841c492dd1f8567935ced,45700,itapetinga,BA
07290721bf998f2a8230469bc3862a5f,e02fcdb28d2cceaf3bc9a3e2280c25d7,70833,brasilia,DF
07294607d9ae24c25e268aec7ec6d681,837b4a3466a4bfac39cc4c4965dd6c79,63180,barbalha,CE
072a4d5c91be7fd81a21c401668a27a0,f27b6301acd2953a9cf320c1be3eeb7b,86800,apucarana,PR
072a634f20625548e77ae92eeb126e8d,fabfae7d060f3f2d6ff4e67a4d6c08bf,95350,nova araca,RS
072aade529b4fc337113a15dbce8873d,5461c05aea1778e47e0bc8a268a6cfbf,7031,guarulhos,SP
072c4dcd0f16b2e0d13dc2dd1549d17a,bc75ced76ca29e9e5e3e0e267b79dea7,4550,sao paulo,SP
072c530f7b482d9b904977a9b7955a45,0926d4dd8cc61fdc1254373bc7cf030c,36307,sao joao del rei,MG
072c5ee6f5062ed623be67fb0abd8fef,95780c1d1d4de2a7bfcea046a7841cba,21931,rio de janeiro,RJ
072d324b57768cb953eb7f70c04d25c6,0379f1984bd3b7850ed7f4ec0a9e4134,86300,cornelio procopio,PR
072d5af6d1c25d24d84182a5c1ce6451,889cdbc2157d4b7fca66b33aabdcc680,71917,brasilia,DF
072dc9b3b89c0c4822159ec565baeab9,b45a79024fbf6b64da5343cfa44db63c,5439,sao paulo,SP
072def7c90aeabad0f75ca64f1f5c093,befa1e6fe062bc9195712a082f653844,13995,santo antonio do jardim,SP
072fd8216633baba841520c47e686b04,ac64c33e439eba6713e1743e070ef50e,2335,sao paulo,SP
073148eec23ea309392759e3e9943d4d,82fa3ba1037d792628f782e2811d76d2,23088,rio de janeiro,RJ
07318eaf837742e434a89c164e278d4d,fcbcdff7cf8a3d3291f4526436df9227,87111,sarandi,PR
0731cea9ca726ca41fca8d61953bc146,6f6aea891f7b1c17c8ed5048d1a801ae,39402,montes claros,MG
0731ffea2542a2e0a072078c3c4232fd,b77f478a021da22cd683e0a0d51d7e1f,4610,sao paulo,SP
0732b96294c351963d5ea56db7f5a3f9,ff3bcc94d97e257e7619a2161375cdfe,25615,petropolis,RJ
0732c0881c70ebcda536a4b14e9db106,bfb1a102e6fe99d83c5e78e58370a8de,35118,periquito,MG
0733254820b3e1198c31e190f4f2c67e,1645bb66e89f31b20d9e34ba465e099e,73025,brasilia,DF
0734aa7c0af8bbb557d1a11e8b07be9d,84b2bad57ef85eaf787c076b1e0a0bab,89259,jaragua do sul,SC
0734e8ed607954bb0d89e1d9435cec68,d1f6133b9a20c8f5d401f476b7706c61,31140,belo horizonte,MG
0735127fb140700b0cb93cff41ab55c4,24ecb7310e25c512535898a5ce1f9ef0,24220,niteroi,RJ
0735e7e4298a2ebbb46649346570476a,fcb003b1bdc0df64b4d065d9bb94f8c4,59650,acu,RN
0736dbed7c1272024a471ffb68594b80,77f34ca3e12f5832d6c2119ee5dd4e20,40270,salvador,BA
0738d18b6c59edcbd519a88a06569847,6fe94e0d08143255703c97cf33cd2d38,60325,fortaleza,CE
0739089fe721910a47eca7ed9c938b92,1a3c05a3867abc1190af79e12c537e13,7024,guarulhos,SP
07390941d6bce5dacaa94780a994022b,d0ebec9a57de286119b6fa15a427e96a,5009,sao paulo,SP
07396c453f4681f7be214112539b29b8,b07e67720db749018d6c43935a524300,8542,ferraz de vasconcelos,SP
0739e05c71a6246747cddc1af25fcce8,036a1e754cf00a7c7f1ea31bc6d93149,98200,ibiruba,RS
073a1dd224494392bd923c55a093ce4e,f59dcbbff80e462d11eba16dbbc43ff6,9020,santo andre,SP
073a7ec0949bf6ffd2bb83c37d21bc7e,6ca566e77a13d0eb5d55c336b17f10fb,37115,monte belo,MG
073b17ed858e674f538ce7dc938c8e5c,e0233c751408137ec5cdde0c37e6a61a,37558,pouso alegre,MG
073bbecc1335011c969bb40c08926147,61b3fe8adc2e598633411fb531e0c6f6,39680,capelinha,MG
073c25ebd966a952d38da1dbbb1f4227,39104edef5e46d7b8c61848cc95e6d97,8694,suzano,SP
073c73d89741b48ab04ff4660d413332,d0712b91e989bbdafdc1f49bf35b04cf,91920,porto alegre,RS
073cb4e6d4c56f02630968213bbe083b,351c545c8cb9413b9d24d1e18c7da574,21046,rio de janeiro,RJ
073d2959178dec403eb31e95d52d473d,d336eae15ecd8e1b61d8656ad62c088e,12570,aparecida,SP
073d71c93304496bb891a08b926ece95,48e72f3a47082dbb7773a9c2099a3f51,95700,bento goncalves,RS
073d9752205a02fe743263d3d781cce1,56c8638e7c058b98aae6d74d2dd6ea23,37800,guaxupe,MG
073da58beece042f898c92ff46d41dfb,4cf2d7ff911f717d1465a515144086f6,21746,rio de janeiro,RJ
073dbe1ed7b7fd9b511508761e1bca69,a37a685913f2c2d8ae96bc8b2f25ec7d,3984,sao paulo,SP
073ebb17283da3efb59b430f7efed1a8,3e745dac108b8663f280d13690334f94,30441,belo horizonte,MG
07402722a2b316e79dbd20301ba2b345,5da04694ff3210374cfd712b61400ec3,8775,mogi das cruzes,SP
0742a36c7ba2c76b3326f3d6acd9fc7c,c694ffd0ff6d172ecf34fcd4202c8693,13085,campinas,SP
07430e92e9f370ce78184e10a07b3493,bbcfc950a75f3f896acc78c240b0f8ff,64045,teresina,PI
074351a4c7eeaf083d43fe58e0d62dfc,4b3d808f367af1b335a50960f0b8fe93,29129,vila velha,ES
07436d5d1e7122889991218e3e297c27,7e6d80de9f643556c0ef48a8bba5e830,36080,juiz de fora,MG
0743ea62d3ce82636779604483a23f9c,22617b8dd0df998212a6638a97a476a9,4014,sao paulo,SP
07442d34d7859515951ba034f7e61a16,33da82c72ed0a42729bfc5473c0285b6,85900,toledo,PR
074449d94197a408f2ff3bdd985a20fb,0f8d76aa683772df300355b8d281568e,48500,euclides da cunha,BA
07473aa73a7244877192373a2dbf4b43,99b3e27b12833cdc81ec126bf49721e4,64290,altos,PI
0748be2c32fadcd0e5618a5c5999ae27,1f9c48f49104615ed8ccf11a0d2b6865,76170,anicuns,GO
0748efbff6d6c28c34454b7343206463,451c5698bffc864831a6f041782712d9,58200,guarabira,PB
074ad3e276e634301ea5e2d65817a2f8,90119a25e7929bcc3c2be74edda482cc,37568,sao joao da mata,MG
074ad9ea19af3d0d1156840b671e35c4,a35c75fc4b4b7a1898fe8027822ecfd0,35420,mariana,MG
074b92f6fc71f14f11bfa7c664136c8e,98f20ef61d2a7311934c67c021037eb2,58701,patos,PB
074cc70e32d05dcf3c23aead0dba2320,f0987e3c8d691d1baacb6343a7d6a670,23052,rio de janeiro,RJ
074d070b1ed0835cb29a609475f41fcb,e6eb6cfd376785a831c39d868572d0e4,8725,mogi das cruzes,SP
074de085ef6f81a46dd7118d6d8836f9,cfc348841bd34650bff82a216733ac6c,94810,alvorada,RS
074ed25364c115f9e35c10d260b87780,f00c99264fb9ffc45921e4d276e0da00,88063,florianopolis,SC
074f61713ca4ac97f029964c818f26af,56cafaaa60a40fda15fc923612be828f,22451,rio de janeiro,RJ
074fe3d7d1bfae730b41be9c647ff8c8,7683f02dbd456db211146f37cb56db4a,85504,pato branco,PR
075025f0dd1048d7ac30f7adc7483bba,db05c37f1b35564419adfe2e2ab2f0f2,28616,nova friburgo,RJ
0750772d41a8b042cde18f59e30522b5,563e4637f3b1ef81c3240eae0ee51ecd,66077,belem,PA
0750bb350b6dc48f9a8739754b75bf63,50f9bd1bfab2329598ad440c806abf29,79840,dourados,MS
0750e4ba17152e6b83cf55f61d391e3b,6f7dc012e1b99d3f08d73de3b7958c8c,7095,guarulhos,SP
075167012e0a7a0c8e33443f75b1a473,3ea2e1a21b563edffdcb2cdfc26c9395,64806,floriano,PI
07516dbc8f5965451e2506f728581bdf,f4d8c17279e9dfc30da6f14ef8b67219,24310,niteroi,RJ
07529072a80888ab4c085db455ca2873,5dc58c5044ba7a7c65f4772d5cdb2bcf,44565,varzedo,BA
0754629085f41398924535f8b337a630,e8da63b2f86c44c750599dbe9d95b7d2,32220,contagem,MG
075560cf9df80d1ad1d32ad2e972dc29,ed91e2bcbc71d72c1d7871961a01d3e3,9973,diadema,SP
0755ba88bf7e1c270f5a94264b17c603,58042c9e927cb9148140e40a7f431dd4,5208,sao paulo,SP
0755e6f6ecac96625cb7a0efa00d0b39,2d8898fb1310c4e23f64fc23d6760794,29165,serra,ES
075622c9aca77c074c5b0bfff0dd8957,744cef91ca7639dfd472854b4a5976f7,13563,sao carlos,SP
07568293de9832dcefca19385d02354b,c3aa49f9e404042df76c3d495f1575db,9381,maua,SP
07575be5de5f9f414f6b35ea2dbed840,9c53b3867ccc7986462a1998ef5e595d,92990,eldorado do sul,RS
075789f68b60edaacdb682ed2df93dbd,0f38bd0969a6a1c329242e6d1a84b699,71680,brasilia,DF
0759284165b6a48d477306b72b1ed8df,bf9d92cded4a9c925f990d2c33f55a82,39868,serra dos aimores,MG
07599e37fc4ddfd2f177fa6f8230a9b1,f73805d1c1518628522dcd04bea2d3b8,27600,valenca,RJ
075a4b7fe334714470b69980cdd8ec4d,2673ed475f648cf08deac9bb9c1abd0e,7792,cajamar,SP
075ab615207ab1a9425b22157f9a0941,bdb0cacd07b6749c702221f3a93417f7,7790,cajamar,SP
075ad0fda24dab7269482d16b193c87d,483ccebb9c42ae89d35740fadc153835,1424,sao paulo,SP
075b1ee3e2a225492cca5e5d9791e776,1f3616d9b523b79b9db2d9a1c83133b1,12410,pindamonhangaba,SP
075b3879780bd73864fd08b5ac8ebe93,6c1c9f70f7743f3a6201d8d7d5db7f6f,8539,ferraz de vasconcelos,SP
075b39e18f6c41df500a6ae613a735da,6d30fb7a44f6405e3df4ec6a5a1c787c,44670,anguera,BA
075bde3b991b8124d2e603026781cda8,1a4ca14d7cae2bd7bc254ba6f9518b12,14708,bebedouro,SP
075bf71fb03ea50d4da3b57efb26ce30,b3a356f839411f38b9d99ada1c1000fd,6840,embu das artes,SP
075c121d41edf32d2ce4b13c67152000,32590caa4b6388ce5691bfeb1064db93,70770,brasilia,DF
075e190ab1296f43d2984ddca2f8adec,0bf013b2121f8ec0862f74fdebae586d,59064,natal,RN
075e2cdf8ec3c752a288b2b8eaacafa2,78e2495858c2c3fe979d7c1708d47c19,13045,campinas,SP
075e31dfbe61654855be4e32392358e5,a8b4071c5bd64c07c369d13a5e72489b,5014,sao paulo,SP
075ee6aaac2c7e60a0ce60debca314a4,e034086ce1e058b93d4aa073fa351e98,14813,gaviao peixoto,SP
075ef61489ef7122c2a0f69e79c55ff3,757423381d83adecca877fc69cfb8540,73060,sobradinho,DF
07607659be36fe8f61630b1e89afb53e,556ffcdd6185be1c44ea83be3b1b5f86,83701,araucaria,PR
0760c97b5abdca9b451e43e66af480cd,0c33d83a8b90422a90f24afa0438a647,1221,sao paulo,SP
0761a5ba0468e259dcc1cff863eeb3a9,e1407f4d2fd92ed069307bb0b836615a,65800,balsas,MA
0761d6eaeed45df14fb10a8f42fa1d63,a20fc167c385e7ef06b93ceaa35b10b6,2066,sao paulo,SP
0762fdbf997feb435866a7c221086091,fbb86959dcb4972a76d8432c59c7288f,5363,sao paulo,SP
07639b3edaab833c39efd14a1a950199,b14dd6df9a4322eb6558d4309b0f79f9,30431,belo horizonte,MG
0763c0d40237127124928fd4bfbcb690,6e55113346cb7cf3989fdd61a41152a4,5765,sao paulo,SP
0763f7a445bf21f1abd367c516f468f8,cbe421944bc758b58a14097e2289cde6,15400,olimpia,SP
076489247897b6f1f2a68de880fbc6f2,f1b17bbda9857396b20b1bd1d7f121cf,88160,biguacu,SC
0764fd70cf180925814aac76754a1a65,7925dcb5128b04977f3ea47fb374a177,15600,fernandopolis,SP
076523f7baf4359c0728c0bee2d8ccc1,b525fc8cce07342fb00ab3b2667c8eb9,35582,pains,MG
07660608cde07538da3a7ff7a838af11,b07ab7760be2e1a49e973e9f05c74997,3062,sao paulo,SP
0766e8559ca223a62bed916c91eb8e36,ad91efb8f88ea7f1c79dd02fe04cd355,2401,sao paulo,SP
0767440fcb6f6ca85a6d50c8f633ed51,df43e0b1c6f257e124883561c1e53ace,17208,jau,SP
076879610b2df756d7bfaf2b8422d327,79efc9cf72a5541b50300206e6e3642e,12515,guaratingueta,SP
076933dfa56c84230b2965c7cab486e1,ee0fe6783108a6ea35f38c70b6cf08b2,3731,sao paulo,SP
0769ab693e5378ff144663d3fb3eb792,1d68d3bf3238474b34a84421bd4e64c1,1452,sao paulo,SP
0769ee4c9b031d7f0eff70f0c30a8845,909e3e8fddd658aee6cd045a9ed19cdf,89251,jaragua do sul,SC
076a27d502aeeddb25e540fb3caf9b3e,e760293a462479dea72a1a8ff7da5931,2018,sao paulo,SP
076a5ddb5b1240c532093a399dcb47f5,76cfb52cb2b6b08a3a01454ad83e73f1,74915,aparecida de goiania,GO
076a95451d19c0d270b3174fde51bdc8,f2018e939417ddb210c5e27f88c00724,17380,brotas,SP
076ad3c88780bf209694cfccc6052540,abfcfba5c1992c4c3d9154d92900276e,30280,belo horizonte,MG
076dcea2eb6c8dbe9354f7c0d8670a00,5a014dabe8de0cc29621e8c8d5ebfd8e,42850,dias d'avila,BA
076eddad7b3de780b619cd4faae6168b,c1aa9860670d22b67a882de89115deeb,42701,lauro de freitas,BA
076ef990626d218176fa27d3d6e2773f,083ce299ea3fc1eba79bd0b17f64555b,4119,sao paulo,SP
076f5b0491bd722987bfe358f5994871,c4dc77f931ac855b96d35a783ba4b8ae,1244,sao paulo,SP
076f94b60104b86cb0ac29a9bc1dab6a,440fb40fd45aea8a5dc60465f9b3d15d,32681,betim,MG
076feaeadbaf45d1aed50960f6241e76,073aab63bec2a7d070827fdb7a5562d9,2064,sao paulo,SP
07708f394b91fad55c81c6b38fe71ce1,99fb985ed05af5ba50caa5d24ed023b7,30830,belo horizonte,MG
077098037aba2fb9fac71525ee60f93b,d434f0501c5bfbf21a5542885936f711,4842,sao paulo,SP
0770fab1a98ce26d042a7aad41fdbc8f,ef89c781d27561d99c4b90783fde3c57,62790,redencao,CE
077177a6fe3f9adcdd96ea9c4aa0d524,bc93d09aba15c1fb5c8ac2e9c39bbb7c,11680,ubatuba,SP
0771e721934d3b756ede4dd22cfddff4,d1a6e2b3c42768901059a0057b1ba2d6,13561,sao carlos,SP
07721eb08dd1b2ad67e03e8aeeb1a83b,21c9ca31959d08bb5455023f84951387,61605,caucaia,CE
07730bcce8f619f15485de16f0793767,c3ced12ab08e67844644204aea54f2a0,84280,curiuva,PR
07731871dbc303d9af056c55552492de,6e8743c0e88d51e1e7b2455707e209e4,24342,niteroi,RJ
0773e8341099048ea78ef0a38035e4e9,8aa78ac96a79a23a6d7fee364c292197,90560,porto alegre,RS
07758f1bf119e252473eb668448c656f,d8e4bf349af9df104faeef494ad2c6de,11410,guaruja,SP
0775ca209281f1bc02e1dc9e7f1e2251,e4fe820181d5afb19500cf1a05e1751b,6311,carapicuiba,SP
0776b4f6e66409776cd39bf2ad45702e,fd328253a704ad5b5796dc1df45ef842,78255,jauru,MT
07774ce6b7092f1f8fb6ef7f1e1f3830,0167a6f5d58d5632b42c44e7f66f2abf,60025,fortaleza,CE
077857f2672b24eef822c0e0e9b17e4b,5d7992ae7004f1e0796f519619e013d3,75110,anapolis,GO
0779a3ea937f2e3faf95a21494a9a917,5313df9ed1227de4e30151bb156e2610,88090,florianopolis,SC
077b2a02936841f3f6d5af88d668004c,5c916abe6d4526b2e978a603912e4c34,58039,joao pessoa,PB
077b8386d9cb1fa9cab7a5b561c4bf90,ce04aa79c1cd4dc215fb33b446b8e27d,13068,campinas,SP
077bd25440fd3380b58488ca96863cd5,e162a7eb6ab7506dbf180f1f98c158f0,44580,sao miguel das matas,BA
077ca1c409a011f74f74e99eea92103d,2ceeccacc57bff89e5fa6b5daade0399,29122,vila velha,ES
077d43174992dd5e7fb9d336890ab289,c54d3ed7dec7a2d3ada3c05f23be5dc4,21920,rio de janeiro,RJ
077db731d84e53b8b593dd8835f1517b,54f180c8bd40a7e1887f2e67ba666c37,14500,ituverava,SP
077de06f3b141d3ea9d6be46b409262e,b6f9b37d079d046b778bef7754e5ee66,95334,vila flores,RS
077df306cf5b17588bc5bf9a56e0c088,5363812c31bae08d549b36205b76dc87,4549,sao paulo,SP
077e58337411253659e060d903cec280,787c21e4ce93962bb809fbd0209d7d36,13045,campinas,SP
077e8825452efc8df7289444b1226930,bcbffa4d3c9d90c89eaa348e3a5113ab,13327,salto,SP
0781659176c3bdef80a6e2fe1fbd24a0,0cb6bcb4572e64a3394ede6448db0482,84600,uniao da vitoria,PR
0781f7137f42f48c0121b25b06a9587a,67ac6cb44629d3f7b3183a375232a658,22790,rio de janeiro,RJ
078285da1785eeb5bb83d3e4d1096fc2,fc9de985b8f8cdd1c3ce06584312c6f7,8090,sao paulo,SP
07838708499d3eb9da748cb10b8ddf0a,7e222c2054b16d50c5c2e746d14dc313,91170,porto alegre,RS
078415c4440d0cd9dd8c03392d3effdd,1cc48564488184883cc7923b82c7b3f9,51020,recife,PE
0786714cb4a6c2612752d9f00bf1a0fc,3503a5cabea16e73a2c02319240c232b,73062,brasilia,DF
078770bdd7ae21c5766a84d4cc70d135,a5ea2e40f7e2292886344214ae2d7bd7,18681,lencois paulista,SP
0787afe87fbc7be9114a66325d1a5481,3845629d8ac15f4c0e482b5d68e608d8,85555,palmas,PR
0788b39f5f626acca3e865c280736e95,a60a578b2c385065da2c0543214075b5,60760,fortaleza,CE
078a2f61525075c9f8bb16f202854ff7,7b3a0402e9927e1d2b58a915c2f269bc,24210,niteroi,RJ
078a3d6f31fa48e82be1142201dc5fc3,499caaca526b62cab2aced55fb92ca8e,94490,viamao,RS
078a6dca7a00e66f3abf78d3ae96825a,e2da23eccfb3e41be791daaa219d75c0,7807,franco da rocha,SP
078b1cb26cc7819cfb885c7cf8f87da7,24f9855f7be17e073675a1ea3718d4d6,13450,santa barbara d oeste,SP
078bfceb258f6ee262174cbf251aa763,fc2e9d70ce1e9c19422b859224a9abd9,45530,itacare,BA
078c6672babf4cf39a551e2dcd79229e,5d13c5bdde211e7b29f55af368b42a53,5887,sao paulo,SP
078d1ab1e800b24415a6d90e582df853,af4a0bb895d2c8c821bd955648aca24e,13400,piracicaba,SP
078d86e7bf40b188f0e5ed6d866c21c4,0319cd43072df023584a1fa0a94d45ce,8725,mogi das cruzes,SP
078dbbc73431f0553f696d0913e99ac0,2d3e435356864d8493067204c2d9dc55,79006,campo grande,MS
078e99036000210bb0d5abb62fdeecee,ee0a502ce0f319eb6a2f8de3ed0188da,14406,franca,SP
078ea5f10bc5c1fc06b34ee38c7ed24c,4de1b8a190af808d50df62c07a75c2ec,22030,rio de janeiro,RJ
078f0224b486abd1118e85fc9d4d3dc6,315ba9db647cb218fd5c0bda98736cb6,88150,aguas mornas,SC
078f7e926df5377c345fa291b7d63317,983fa8f1598e72b000ac758f7e7cd998,4890,sao paulo,SP
078fa6a7ee9792303695a290a8338ed4,6db9feb5d3b5debb0327978b7213d9c3,5632,sao paulo,SP
0792343f0465acf2c7aee7e4fce852d8,9d74a7e29e866ee0302503f15446f874,88509,lages,SC
079398086249945a3ef432ae14ecac00,89672d977dd21afa429505c66a1abc17,88495,garopaba,SC
0793d48afb00826267d39338071213d1,4bca9d65362f922b564902c98bd3aabb,8717,mogi das cruzes,SP
07943182709bb6fa495764dddc7a9e6c,3d1ceb242379c21d0a4f11b19989a49f,14730,monte azul paulista,SP
07947e34de0a95c929a71019f4d48bb5,115e6590354ed9846dc2f7b5dee97208,14790,guaira,SP
0794e4b99fb7375f4189f2f9d1b4c027,6554ee396ac4ad66f608baff21503b54,20970,rio de janeiro,RJ
0797401e5a8fdd8fdf77cbd79b612b50,43df6d8e63d695d5887aa0478824a617,95535,terra de areia,RS
0798dfe8bcdfc6b4a6e0c4b44300b5ca,aff8a08dea554515329d540bc0fb1967,22753,rio de janeiro,RJ
079954fc02a0b0ded54465ecc1f1e6cd,072dac04bb50613ce069d18e641ba0d8,23020,rio de janeiro,RJ
07998476885892461cbb12557419e1b7,463116a6ae33fb497ae0708b50892c5c,96215,rio grande,RS
0799c43cb2d6ed014fee088f3f4312fb,b2a226cc804f98d7300269e690a07c91,20911,rio de janeiro,RJ
079b8162b000fc6327320f6c4f57ebf3,c84b438fd491dbece2417703195bb56e,4757,sao paulo,SP
079bc1808c0fda17593c5642b429bee7,302c1a15f1ada723f22801b30293cde3,38600,paracatu,MG
079d166717f416a1460152c6436631ff,599d29e41a2993d9cede1df0d346ab7a,22250,rio de janeiro,RJ
079d3acdd9329ed0f2bf762e281a5855,8ce6a383fec2ae316e9b088d79d694e8,30330,belo horizonte,MG
079da973ecd0fb654da4ffdb946c9ea1,527c6fbbe85cdf78ff1645e0a71e266f,1455,sao paulo,SP
079e85f42f5af80c74240b97b7a4dee1,df030c3c1d42349bb0a40197e53316ab,78590,paranaita,MT
079ee05d1b96df5828d59f580842027d,916b0b2768870330c6cf3d9128b25180,86630,centenario do sul,PR
079f12eb1b192642da96011b5befc023,4eaf709a63916717d9f464d05beabfb5,36660,alem paraiba,MG
079fe6f48dda3d0e11ad3a7d66c86d21,c62d8ffd48eaf5f681be7142e89b6393,28015,campos dos goytacazes,RJ
07a034ecd1c160818de9be09a9d24bea,61d36066163dfcf83989f7d6edabaff6,18274,tatui,SP
07a09de7be7dc41038159430e5e9cce6,688deb9cca8945d44d111aed9a13e604,28880,barra de sao joao,RJ
07a0ad11f72463d647871b9d2d00058b,380abe06766cb6b5de4f47b5ae50a422,71505,brasilia,DF
07a0f2cfb244ec5172ac0fbec747a6f2,020c0844de3cbc0e65fe2cd62ddbc985,85857,foz do iguacu,PR
07a13922ff9bce298cdd61bef4c98fbe,4ca44a27ba34f607ea3ae793a034ab02,21833,rio de janeiro,RJ
07a2a7e0f63fd8cb757ed77d4245623c,79af1bbf230a2630487975aa5d7d6220,37660,paraisopolis,MG
07a41bea02321e3258b602c6f8dd4ff4,71048f40f553973d48d6fe35d01a3afb,66913,belem,PA
07a4bb60f62e5ce83b63a08f0cd050bc,1ff3b4e02a84ba7bd1bd2a65bc330514,1235,sao paulo,SP
07a527e6169759ea7d70eb694633e951,9f3e953fb01bfe34f6d1c7f11c1bf4f8,71215,brasilia,DF
07a557af74d3f7cd33b2126b6b982c89,86110f7b2577ea49fd032eb66ea095e3,39401,montes claros,MG
07a7e5b0029e354e4428f755cc1988bb,8a4fee7db73ccd4a26a67ab745ba6e12,18684,lencois paulista,SP
07a945f0ed22a074a4af4cd106b504bf,55b7638896fe2a39dc4f00e66e3e0c64,83050,sao jose dos pinhais,PR
07aab738b58fc42a719e00167d13a7e6,f81cdae246bae1435b5fe3fcc18a7d04,57200,penedo,AL
07acb3c7b1fc507ae53e2e611d2b42a0,fc2b5f19f2fea59761bf4961bc83ada6,31270,belo horizonte,MG
07ad22ca00c8a7fb2137598a670f7de5,a52452364572cefb3a4eb9ac5b46a33a,75690,caldas novas,GO
07ad509a190ee73379e32edd0af4f0d7,039b42d2915afbc2d4aae9c7b8f2071d,32285,contagem,MG
07ae5e78d3f125fb413ccd2e37b7206c,77f990b8b2cae027e436e8b74a1e7d68,8671,suzano,SP
07ae746c23c06957d56ae4f0a3f7b3fe,2f3d09b69266cbab293052a3f0701f61,21221,rio de janeiro,RJ
07af2b5f94948733e7e9bf819c3d25ef,b49fadb05a2ac9f457c37308101d31c2,12914,braganca paulista,SP
07afb3a78aa11eb38f98dedc9200eaf2,200b87a6facb84c0bda20f5b38b18a2c,1532,sao paulo,SP
07afc68e24c308212aef88a983497e09,3bd36679c791dd432c81d931b3a86d32,6236,osasco,SP
07b0857255ede98368d11c60ae263bfa,1ae74ce9e72b6d6ea7ac1d017ef32847,32671,betim,MG
07b23777533ca4b2107867f3ae97dce5,222d4ec6f01f033c75dbac629c71f02a,35290,mantena,MG
07b37fbfa3d8fe1c16ace64c754b4b0f,ce1e1e7bbb0d4e48e7fd6d9f78b037a1,13930,serra negra,SP
07b49e1f48e3b25898e300705a980b55,698657c808c9bfe87b9330cfcb796d63,3249,sao paulo,SP
07b4d9c2c43df16aeba881eb2d83d5f9,2b65f0a312702ec70ef4b8def9aba881,74635,goiania,GO
07b545f78bd2ddf9040417ad6eb72292,db32b00345b0f0c1bd76707d82c44022,12424,pindamonhangaba,SP
07b62dc056654759aa80c3aaa630e7ab,e5edefaa70dfff0289958322e51257e1,85770,realeza,PR
07b6b4fe5fefb948fc76b6d2bdba77d8,862f461bf6a1f5dbf360fb9cf8814757,41630,salvador,BA
07b76545955bb12bf63e6e5cfcaf60b5,0d6d5782844518d5ee8c0156ac69dee2,99051,passo fundo,RS
07b7a2a5a3ebe3920967901fd96c0a5f,34adb50767b04238054ca1f76ceabe58,9688,sao bernardo do campo,SP
07b84eb06cfdd90b1e293bab0df8123f,9910e92c18776a14048773cef6592b91,22410,rio de janeiro,RJ
07bac215ce13a0aa6640cc2ea7411c20,18244a4ae12044ba1d2bd6d323f99ed2,81320,curitiba,PR
07baee9bca216c9d7038531952346682,07a4e0e7b1830637918621fbd75c6c09,6184,osasco,SP
07bb08bd7097f09f2468ea420756160f,94552241df1b5b866acd40dd5fdf5c41,4311,sao paulo,SP
07bb78d58680e12babcfcb21476f9e14,e97fa3c8846903173a7ffe24dc455c44,48500,euclides da cunha,BA
07bb973d937f79716f72adaccd6a4d17,06ca006fe6294b6a9c602c4b12607e6f,27350,barra mansa,RJ
07bd847cf908eef9d0191a253bca90a2,80a50af51d391652a47c16d0ebd51fbc,21221,rio de janeiro,RJ
07bd9534169742a405ad5ebb453fe651,7c1c8ee24a9d986accb1a7e23f12c116,32670,betim,MG
07bfca76246734f6cd62ba441a750d60,b8177fa410bf355abdd2dc422aeb7269,15061,sao jose do rio preto,SP
07bfe0aec1af7b20ba9de14bca33b0f9,079d3001fe85c616afa0de1a438545c4,7910,francisco morato,SP
07bff5422f6f580b0ebc4efe3cdbbbd1,00941614a654458b888b8780815bd26c,12335,jacarei,SP
07c031e9f5c32ee5a8d05a52e646eb2d,78b0fa5c25eb7869d20074cddfbcfa05,61760,eusebio,CE
07c05ef458086d53186e393b919ddd0f,0d91963dc2db3d3272bf944d7c5c6625,14161,sertaozinho,SP
07c3db976b113d84c84b4695caa0614b,f32765895cfd7151c39fc8298821812b,79940,caarapo,MS
07c457249ec4f7f19f0244025b671ccc,e5d380f1cd5c220fdab47e0245471013,17690,bastos,SP
07c5453d0cc0683141b3b76577d9cb32,5489252feee6939c7874ef05a203c4a3,22710,rio de janeiro,RJ
07c598aa82ba5670f78bbfc4b3305e6f,306a8ff8c9267f05be3d1ea67ef88cd6,96212,rio grande,RS
07c5a6a9d224de547f569a5a1d01be7c,4fa361759fd0088c62fa702c5d34cc72,11443,guaruja,SP
07c5c7b3efacaa6988784e189a42f84a,baa43b795778c6e99e82a538bf2aa459,89280,sao bento do sul,SC
07c6c779d8f31383069ab5ce41392b19,17296df09a410384b649acac6ca355ab,64067,teresina,PI
07c6e5fcb00572b328e792042930c1b0,c7e67e5d2515649133541a0db055ad1a,88303,itajai,SC
07c7380ec99877459637515df52ee55a,3799155bba777b02074b6494271aa522,3669,sao paulo,SP
07c7a0b82302514ec1c6135dc7dec4cf,c200738bdf77c733d12c17c44f6df7a6,22420,rio de janeiro,RJ
07c9872dff5069c277abed8f425e133f,e441de09b3cde535ce9996b999a4338e,63530,carius,CE
07ca5adceac194a2c5b63b87ff283671,f749589b2efbc75002c13940481bf4cf,18085,sorocaba,SP
07cb5cf601f1745ecbed82fb6f887516,ea1a7388080d7d3e8559459f39d2cc92,88025,florianopolis,SC
07cb625d1689d0583fc1d853bb4b58b5,e2f7603cc171882c272db5c5a479710b,91787,porto alegre,RS
07cbe02494c601060a293c344a4e4fcf,9ccbb5f759db041b2db8359d71c0547f,4772,sao paulo,SP
07cbe547b6dec2535abda65b57733754,53ce59821e6c5041654f61c58e99bcc2,8080,sao paulo,SP
07cc013860ca92f60025946a39f80679,179702e353fdb03f55bb4ae7389f9ee2,36301,sao joao del rei,MG
07cc1f06ad0006feaaffc09320ec4309,0d72697a4108378b07a8c32d8c6181fd,22610,rio de janeiro,RJ
07cc6026f1fba9869ce6efc681fd190d,12bc33b0d41518a36034c53c10e37129,34000,nova lima,MG
07ce73dda1f76ae4d7828e4b8a352431,e6b16f1c51ac79a25ffeb0efe69a6d9a,41338,salvador,BA
07cea6722ef8b8da55cd10460f04bcbe,3bcf206a716a39cc5964baf3a221886b,18602,botucatu,SP
07d18ca5eb0bb3e96f406d74edb2462e,8ca4019dfb727a43ec2d7671290be758,18112,votorantim,SP
07d1bea83eca0a2a6c133046390947fd,1d900b1ce211e702e4704b1bee5752fc,88803,criciuma,SC
07d2a5fdbee70f085319ad636a84e6cd,32927bdb3b3304ab6aa053f4072007c3,21830,rio de janeiro,RJ
07d2fc9925c3b3ef80df52be56a06482,a6e9adceab96d69b41eab3ed3f466a81,57608,palmeira dos indios,AL
07d319341481e69347920cb21d49a75d,853efca800e071d00c6e5c42c8e6f156,15400,olimpia,SP
07d32200708d263fc5006988e4b6eff7,0b08d01a339342b612080ef1cb877fd6,89070,blumenau,SC
07d3587462cbe5dd7c951b59f783121e,d970a2354b55cfb67fa5840b9b4936ed,85802,cascavel,PR
07d3968109378e8483932cf70a79eefd,080f54e73bd1f21e9cfb18d475ad947b,37590,jacutinga,MG
07d39c9c43a03208a3329192bfa03a01,1edf4deb02241e161f8364b5f3ba3b06,73920,iaciara,GO
07d4d7c6584be1dfbea942bd0fe5b9b9,01bfd443225216fd172d2af98ae80068,26052,nova iguacu,RJ
07d57c4ab3e35e1f8d78c7c816f9ec6c,c133c545d042d995a3b953bad577cc90,8131,sao paulo,SP
07d5cc9ef6daee5c5205f14545476b09,45aa853a9151e2760eaf935622413c41,28495,aperibe,RJ
07d64c600dc999b465dd059929063cc9,d0b453cf64250349d52859b9b95d4a6c,38880,tiros,MG
07d8a1e034609304f93d2fcb6b567c0a,c1182f24672758536f897605a3306ad0,59086,natal,RN
07d91ab1cc12928c32ff2120bdf6b6d1,599ce74aa31e43063c7cda3700ad5644,5356,sao paulo,SP
07d974be948a5520179bb45d799fa0d1,818c5267380dd59eaf5d3caba3623493,41600,salvador,BA
07da8351231ee38e495f9858a6531489,d4e92cc069e4cb0e1a20de1a505b8507,94836,alvorada,RS
07dae321287a775e433119f7cc3a774b,5aa242b4cb7fbcc14f377f1ab84f98e7,2043,sao paulo,SP
07dc183e2382a6855b6dba9f7b5a66b1,4cbbfd3f62dbf90d87c23e58272a59da,17600,tupa,SP
07dc52724b55fe329c0f84c458f48505,ba51a12e1c5dadd8f3807b3f57a9437f,31130,belo horizonte,MG
07dc646e60f43f27c97c26888b7445b6,c2a0eb5fcaddf44f7567f4dbd0da6830,86083,londrina,PR
07dd0f56f96437f103f6718cc9e718c0,781e46c8c808ad035cda5041057c8eb0,89970,anchieta,SC
07de064ec1b736d53124c6275c05fee3,bd723d073dbd7a197adadb1049a08a71,2712,sao paulo,SP
07e01746e8b90bfb4cab6ef323d33ab2,1b4f9a1919551dbf3bb3d0151557ad73,30170,belo horizonte,MG
07e1c3725f2f8d2e91fdb691f0b3152d,6dc3025e3a2d87b9a372aeb03bea0e4e,1306,sao paulo,SP
07e1f9d11c41ac087f7726061742bb6f,a2e427c83d0f704438d6362d05065ea4,31360,belo horizonte,MG
07e3484d1d11aff52931c1a69aac9d4e,a374188c9711307c1ec429f0fc7d018c,8588,itaquaquecetuba,SP
07e37249529eedeca890d7a80979b91e,a22b61bc4027dbae0e9f26fb76e06b58,76970,pimenta bueno,RO
07e37b9181238afc5aef3d87171bf28f,aa671b18d12bf808c52e3ce9875dd8c6,71551,brasilia,DF
07e4085b7cf2721692374ad112e78f35,9ccca5ef980fee9ab2399aa32eaa4012,30622,belo horizonte,MG
07e4b8e04c04a18508d3e4999e460f8f,2d263f9fadc3b4e4e25d65ac93dcc6e3,89120,timbo,SC
07e4bae9721bddba07155c1b1cb5abb0,ebbd6add0f87913efc5075a1cc65cfb8,7435,aruja,SP
07e4d358f855a3b64a52293ba46b0f09,ec1b98c704b3091f0f914cee6b380f38,81030,curitiba,PR
07e64b2722ddec4df9b603e96def8ede,b62b78d2b2557632f9fcaadd5d7c27b5,13510,santa gertrudes,SP
07e6bfcde64d35a92aeea73af4a36411,ec7aba817621a4189b96174565534b3f,13503,rio claro,SP
07e6f1ea396eea8aa95d0c1cf5a8d364,cbb244b90971a5006e08d630b4c05c9e,2995,sao paulo,SP
07e7f8e9c1d7da19613688c978f10c4f,e111ce1b61a12d4d45b84c654d9ac8c2,24130,niteroi,RJ
07e84f8ccde6b3049d08bd274a35978d,02fd751e46b4df15f8fea581215241f8,20091,rio de janeiro,RJ
07e9c547c9d2b7d8ac9a35e81dbd1d89,f4b056f3ca53d48ed82f8c9671cddb64,11702,praia grande,SP
07ea3ec35713ea67602562cad793eeba,83efa41fbb4c2b733a1dc5474c9073e5,29306,cachoeiro de itapemirim,ES
07ea600bb145c172bb93190abb2081b9,de34b16117594161a6a89c50b289d35a,9130,santo andre,SP
07eaacc0443dccf0e8ff42b5652a2949,d2f2dd210b3dc1fe03676c97f79f8007,41830,salvador,BA
07eaf59cf37435b71d43ff7153438708,9df702938d6a4077c00d78744ff36234,58026,joao pessoa,PB
07eb1b14bb3ad0b4c5b5a5412d13eea1,ef2c47598d52e611979177d7d03bcc7d,13632,pirassununga,SP
07eb2651119fce5364e9af667f651153,50ea5031a877b26ac8fd34105cde2ee9,9950,diadema,SP
07ebdcd609056322ab696bca753690ee,bfa809efc0c3a611d7cc109690fb1adc,30455,belo horizonte,MG
07ec17f4488030f86f4790f7be847ac0,eb5489a33e4263a2938cc956d91aa676,24020,niteroi,RJ
07ed792e0e0ee1cfe088126d6914f279,47785f23f38b208f70c7bcc32c282953,28300,itaperuna,RJ
07eec386a53111e17e55f958947dfd4b,9e6fc5bc922be463389f7ec3227dfef3,88930,turvo,SC
07ef46981c45c7e31a55d3e2a85d90dd,ef3dcf1becbe9ab0073f0ab240a08804,13240,jarinu,SP
07efbcfb30cb5bc9848be5f17af8eaab,9f13bdb4c0f5b6a3a6b5f4cf33c0121f,22770,rio de janeiro,RJ
07f1f3a3633860249841c0b7d5bbe09b,9688aabd7b8d283bc2d134ef7c968a4c,29152,cariacica,ES
07f4efb08d07550827c630c7bbf6e72f,fb05684961656c39c375d6ad8608d579,97700,santiago,RS
07f4f332124614adcc64d2d0429f5fcb,e4ebbe9492aca3a7741ce0758f7e4ed6,78050,cuiaba,MT
07f51f870d88165a02b1f3a9946cd1b4,4793effe83c817a1cb4491e94a0e401d,89560,videira,SC
07f530400b2eb436da476957706cd9be,a3387855ea10598f1bfb862877bf8bdc,8685,suzano,SP
07f531d80eec53e83d52e270ea6538ea,fdc8b2ae6846c2c904194654d61dbdfc,8730,mogi das cruzes,SP
07f681c9c43973a08f803999f285a2b7,8411c3e1d28e2844c5f507366e3d39ba,5588,sao paulo,SP
07f6fb547bb1a375e6aa04a39a87bf2c,ac2e90c33f62c6d3c5be825779c3736c,25212,duque de caxias,RJ
07f8620c4c162602d5a4ff41e173d812,26b7f35cd73d0ff446da64bfb54b7c5b,29010,vitoria,ES
07f9050ef14834cfce65424d0b3c0ade,567a79be95a1da701d04a79c3c49a8a8,6020,osasco,SP
07f96b6867d9a170014744b286362436,0fb8f35586a814c879899f53c98b442a,22451,rio de janeiro,RJ
07fa80994ffbe439ec5465113d69251d,c805db0c7c65635de8d6dae7181d8fe4,5018,sao paulo,SP
07faf5d8c1d359058b9d05b3cb4d1d3d,d54f530b276f01f27816bae1abd12be4,2851,sao paulo,SP
07fb98a746604f5d2c24f87adf807431,95b4427977c544fe23e57521881ae7e4,60813,fortaleza,CE
07fbc7cbc612a13023ce69a6573ddf2d,94817b86ce5a7290974cb59b0780f4ff,12040,taubate,SP
07fc008e56d0391066076dc06e8e67eb,14bb46fd695776fae3ba087fc3fdf747,35325,piedade de caratinga,MG
07fcbc2e9b0e4d8b1f9698560ee91a16,4bbc3672e57d465b08ca771be0844ce1,36212,barroso,MG
07fdeb5b5682468f0f01328957c62ade,21d5a2d233a48109aa6fcb821066ba84,12090,taubate,SP
07fef9e9407d285b4ad90c98766a1d5c,f6beb06b3220462bc15e5918f8027c21,4531,sao paulo,SP
07ffa8096f295bac24527f1364530297,1372bab98f9966bcd4a6fa3e6df6dde8,4104,sao paulo,SP
07ffdcec270d2300c298af875cdc9447,8dc5c6a049c11402818b5485a03a6ca9,31330,belo horizonte,MG
080057201f39d382489e755ecfbda440,7d1e8d7edd852e45bc70c0d90a57c0d3,17012,bauru,SP
0800b1a9b387519a58e8905f745f5f6b,afd61f0b616f86133c62c8b804665995,60541,fortaleza,CE
08013618897a5ba0b56ecd80981470da,8fd5129c5fe27a1218056f58e8eac4e4,22271,rio de janeiro,RJ
08021a5b0fd2fce83fd1f11b696b1b9a,e82c14aaa06f6511fa17a775101df09c,69027,manaus,AM
080251bf5e42a68d0afe41550463d74a,c5a9f152f2709d4180302cfcb357c237,2674,sao paulo,SP
08028c13a908b120d56eff9d7ebd27c3,3629c99b2eeb7ce39e112a13db76a08f,37062,varginha,MG
08029b648bf207edf7c24f3673382bf2,e271fa40aa8fea4e0f304b3768b65d6a,3069,sao paulo,SP
0802da9993945877f32ed71ab7800b6f,b2c80924e40eb8711702a1b9bc2c7e58,55345,iati,PE
0805dba577d40a903cd65769580953ad,ca759b8e1385038c002c281e4c4cc6a1,20561,rio de janeiro,RJ
0805e08d6c7516d177edfe9fc6152a98,baad4c06e7feffd0e2849ab8bbb6286c,2312,sao paulo,SP
0805ec85ad1a04d1a6518c313542a0ff,59b9f1f98253f56d0f2bd95a3616281d,13084,campinas,SP
08070f3e36c4cf9e295b028eaf7cd3b2,0732796b9e3fd8d74a8314a2e1b14c36,1227,sao paulo,SP
0807369bb83601c51ef29aa70fc9cd66,a1edee13974273a7dac3535faf658a9f,88370,navegantes,SC
0808e1fd27de920368bc1c0b7bfc116d,4fb7466a20c5587f2b4d6716ee6cab92,1434,sao paulo,SP
080933fe6f300949c6b48b00732d5e97,08f41d7a0e37794d8852fc796141e2e6,39740,guanhaes,MG
080943912c68cd66e846438e3d0f4d11,4b5b16a383384fc781209eab6e06fc7d,26600,paracambi,RJ
0809899bfc84b0bc917a8c279c5dbb5b,224f83318c1a2b83dd1d7beeeb9f0e30,77019,palmas,TO
0809e0b370690be39f2dc671c3862b78,e6a6087fe725b972df2b8077713ab92f,5813,sao paulo,SP
080b34eea368ba7775448a556def373b,5c1252c3a165a21735420af8ab7ef5f3,13835,conchal,SP
080b3abcb4fd60a7ebbafaa21eba5b3e,16c4edcebb2afb64c6f3a896019cd7e8,95760,sao sebastiao do cai,RS
080be1fb261fa4104673e0388e5ed508,0c857d0fdb5599b8fc5cfa1c9ba71c76,15054,sao jose do rio preto,SP
080be5dc04b35ff24c71365cbeb76862,8ce427730041ecb8af1cba72b6137c78,22271,rio de janeiro,RJ
080be8dccd7f4d3194611540f99b5299,f121995493925a5ef0b46a13f594e0ab,3169,sao paulo,SP
080d63b6675be4326b6dd60b6fc912dd,cd7dfa92564753240d16519f1590e0a2,65907,imperatriz,MA
080d8d151b8d056e06594d20a73037ea,dfa9d6d073d1594f980de4da779768e1,61943,maranguape,CE
080dddcff1908969446b2a21dce2fc68,0f09cdca721fc27f3db141488a6ba143,9195,santo andre,SP
080dfe3c493444a1fe042b4668e4b01d,940a6d4dabbb99c70905981432242887,18051,sorocaba,SP
080e89b9e2316da22eefc7b7146978ef,9387a3940cc2d07a9ec8b85d82fad721,88310,itajai,SC
080ea580ebf890d1b95afdb8d7a5297e,36ab56c6d620321e2acaeabd24cb76db,4208,sao paulo,SP
080f252f36da3da6eb5b04407af199f7,7bacced47d420acc55db59e6dee4cae8,30112,belo horizonte,MG
0810bec75fe542b1d68666785181d394,0a4bcde9c0983e84b1f4e0705d121f25,71225,brasilia,DF
0810d71853774db2529c5c82e093d33b,289ac4586f5ec0949919c041473d0bad,25715,petropolis,RJ
081121580a6ccd011a4668d3648a46fc,4f2029f4e7aea8455f5c1cb9de0b7ccd,35240,conselheiro pena,MG
08112656aac7e7f6f51324b2f1d85f02,6b45a78def78253a81e389752de9d443,23030,rio de janeiro,RJ
0811ef55e8d477a9a772121707761131,3e3fe8426cd25a53fda9ce53c9acd7b6,13720,sao jose do rio pardo,SP
0812b360195c1929d1c73e9ff946522a,98b69c34f0422d2e025280b55531166e,9850,sao bernardo do campo,SP
08130920035362156f7b45a92f9b564c,c903d75b5c87bb49ed9f1f7a839e80a8,17400,garca,SP
08134f392c78e4c4cc9ba45e21a542a2,c663b97acb12faef3f63fbdc9b9c2fe7,14401,franca,SP
0813bcd454657bb8511c54f0c95ca36a,4b92d79a2c7ff2692db35ae984ceff1f,7500,santa isabel,SP
0816e830480fc8a07ea1d535160a544b,4ef160d0614da965cc0737ab753c006d,87015,maringa,PR
08181bc3f3c2efdef8dca2720d20b874,7838cc11c095dba1eb2fc4147764eb67,86084,londrina,PR
081827aeff138dbb3a5b6d8ca7eeac23,1f5b7bdb5557858a31118800110efc0e,90670,porto alegre,RS
08185246997b160bfdc98c4804abae71,43255e3df6cda368809baa2fc72872c8,20541,rio de janeiro,RJ
08196b45594139b1c08f91a2dee1ec3b,d3b2cbe73e25237ccde99c53c4d6750a,99870,sao jose do ouro,RS
081a2d41949e652a50988fd39febb4a8,d462d9e30ff3df8b64ade2aac3cafc7a,4963,sao paulo,SP
081cea15eaa6b814b2f0c96821007981,5f5db7ff4bd4aab0f8d503736584ad6a,71680,brasilia,DF
081d97688ce99393dda013bdd97d15de,62157a1336eb0f3b73962685e4f34b8d,14820,americo brasiliense,SP
081ea0387c6abab704e37f4c9bc965bc,d7bf7cfe09c3d0f40e1cabde2dc17fd4,18044,sorocaba,SP
081ecee4228a97b36aa3b2cbd1bbc1ba,6cad4c6e0f924934cb7ef9ef61d64302,23010,rio de janeiro,RJ
081f93ad5ce5604b882889f5bb44359f,2fe9a6c399444fdfbbdf856d4ab02372,80060,curitiba,PR
082166790414f3c9f62969e47ad91b96,9ec6ab7a8f363a2eef85af8a80347c84,9616,sao bernardo do campo,SP
08226425318d264796a7b7e32b9a1bf3,9f5416f562940d76100d4e950b05cfa7,11075,santos,SP
08229f16b28c06a71f944460ba624c03,0d7fbd39438e69def9eaa3cabf448c7b,75650,morrinhos,GO
082494e1ad97fbe3fd2efb729b24e252,df040b01a02286856b4bb1033a251ec3,13610,leme,SP
0825646a316d8b2bdddea079a5e01fda,be2cff6c84f1683300337ecd499992e0,4001,sao paulo,SP
082588d73998636420dc0c9b5589668c,811c9b54f0a0a0a96dc95e4c7bf82769,66090,belem,PA
0826150e089ab7d5356b412e9f3bea76,88883a7c4771f68dc149354c6b66be00,88215,bombinhas,SC
08267ee530789f980dabae7d90aa87de,f2e0c95f9c0e971bb561b11ecf5a95d3,9895,sao bernardo do campo,SP
08275aa40053e112fa7e680aa99534c6,747743aa5477ea1a11180b5da2e36ce7,20030,rio de janeiro,RJ
0827a9c2399f5a54a666bb8c2b783be4,93d298520e0efe01c932386d4696c355,3935,sao paulo,SP
0827b8ba0083ce864acc1e1de2428666,3a6c53390e92fe5289fdbc6ef6f07d3f,13803,mogi mirim,SP
082805d32249e17183cfb56ccb67b5cf,339f6d44a550afdaf2a4a9a29d091d16,2230,sao paulo,SP
0829a7f317e4c74aaf5651b578c781fd,208fe9aa6033a77419f8f503b7698e03,93010,sao leopoldo,RS
082a5f831fc0b3835fcb0d6f1c196ce3,e77f97a4b49c999460c0e213e298f944,4710,sao paulo,SP
082ad395df0ed72a64f71b70fffafd5b,b24963591a8266ce60e5c2da00b3ae99,84500,irati,PR
082afb51514d796870e769e2c46919ba,4fff725d93ad8b018de71bc3466cccd3,81200,curitiba,PR
082b0e812e5a5e7be47a20928caee80b,dd738e5a9a21667e2816f20d39cf259e,78250,pontes e lacerda,MT
082bd50faa2c013e9f07d018d1a627b5,62204ea371bf14716930a74c996332a8,88058,florianopolis,SC
082bd75ec981a16dbc59f045c923e48d,8b7297a4e0eceafbd20576b774f09809,73006,brasilia,DF
082cb0834331ede282c6d4c25e409afb,788d347fb5b1638f85f5d3fc36db4743,1123,sao paulo,SP
082d42b7dccd6b23d9bad4f1c9be3f6b,13d5564cf2901c72e00fb2e2344a98a3,55800,nazare da mata,PE
082d513b7fb405e92c135e71496754d4,fa494e4132e6539d70a8478f1d0cf3e3,1423,sao paulo,SP
082d62ce77055d3e52dcd10c1e2ddd2d,2df3668c4487ba2cc80bd990a2f4d9e5,74486,goiania,GO
082f15c3971915712f89b49d4099326c,6120fada9a5891d3f9b94a57a17da892,4805,sao paulo,SP
082fce44f8c254bf6dc2c4e7bae58467,c5a9f32a64e9a1599bf9475ca0e4fa9c,6408,barueri,SP
083106a67c25249c79074ab4459fc8c5,b6a8c9225915119f39925b7814f898df,15084,sao jose do rio preto,SP
0831a589bfb84d7db1725b029edd19af,350bc664ce5aec909a6734a8d095c680,31910,belo horizonte,MG
08324ca9a349f4d9f8323b1c9e1399f8,71babfd3fd874b9a27dd02d352408647,4311,sao paulo,SP
0832c8cc1659c444cbc48df30ed59ec6,f492b25a76d30d8bfb4e12ddc7df7c95,91755,porto alegre,RS
0833e6b9ceb73c111ca003768bf53228,b7f23b5b2f0bd23a2dbc373f4974d930,9691,sao bernardo do campo,SP
08345c45f60f7377380fceade8679400,ec4dd12f389b27bb8a3705e530700ceb,55125,toritama,PE
0834d7fee4edc0f82156d04a45272531,ff2959dedacc441cc5ffe7d747a1a299,2241,sao paulo,SP
083578aaf490ea8ff298cfdf186790fd,1569f7c762d3eed72bebea3df845dd80,14815,ibate,SP
0835945d66ff41f239176af759cae6ec,d1d16513ebdc77db7d43e484604329e4,6515,santana de parnaiba,SP
08385777ab67885a2be27625c7f8de78,5c9f4665b06abd5fa8d3b9363d837bff,3642,sao paulo,SP
0839786620cd7ef6e2da4abca81ac42d,7cc84ca2c968110de3d5fdd67e5d0589,12403,pindamonhangaba,SP
083a07a0c36a0384d957cf6ace9e586d,080e1622d5aaf198b5b51562b98e803a,34515,sabara,MG
083be08831dcb47000463797ec323855,f739d2a8c552550b20a781313a2785d8,36045,juiz de fora,MG
083d0767ee04f4a01cc28835dc32d6b4,e6b176f00ad708dab08998ac633b71bb,8490,sao paulo,SP
083de6cf2da0a625906af6a558106b28,ad3fc343cff9150f99b9528be457a6e1,27925,macae,RJ
083e2b1ff42c5edf19de624a88fe80ec,6e31fbbf8fab8292ce3539ade13d31a4,59213,japi,RN
083e90e0576402957154264852d4b8ca,8b480743fbc5cbebc7c83868fa796001,53437,paulista,PE
083f43233953a6a6b3a4fbf9dcf3722a,1dd51f88a76276139db81b45e9ffab98,95780,montenegro,RS
08401dcdc7bcc78f11f41f9621df7429,baadadb7d95f2d7f9b3f8dc6b57de6cc,7210,guarulhos,SP
084064d0e425f87b49643992a88c2b43,1f4dd20e59017acccdc1888bd80fd381,13080,campinas,SP
0840d7dc97709287f5fde4d15a357595,1583aa332638ac912705cfba6ec35e0c,83005,sao jose dos pinhais,PR
08413a7d01b73094974b41e36cf77094,4d2850067c25c07096a9e34ff4a1d1b8,3945,sao paulo,SP
08418b48e867cdb13eebbbc53c664e60,e2e772ea70e91b4dd107cf7e8840b07f,80060,curitiba,PR
0841a3b87693f387daef11ec89e33d8a,e338991481507dcf5a1a7eeb72cf256b,90050,porto alegre,RS
0841d3b6ce285b44d072153fad3a0e8a,721583925e5e3b7f7a7f201aeeac0bb3,78068,cuiaba,MT
08420efd8b1c0be27393032e21a993ee,4b6d726a54a2660c4d09bd675d37a813,69917,rio branco,AC
084276e19165eb374ea209756511156a,317bf1fa495c44c2bfbde9d9f4584b10,86185,cambe,PR
08430efea96cbab3b50290167b85454e,8056ad5fa2f60432765758ccd7f037d4,28908,cabo frio,RJ
08433985baf2e7ff94f2046d7dd14fdb,0d2d8749c06ba6dbe3d76bea562594de,4306,sao paulo,SP
0843fd3baa42b70bf995bb83753bfe90,35ffdc750d13d77f2c0f2bde57693c41,20020,rio de janeiro,RJ
0844959722ab5c6b324c6a95471332f4,45ae8b71b39bd06b92e607944ff5b028,21321,rio de janeiro,RJ
084614c058967703e18d2e86ebf84be2,f3951510dce22aa1fb81812a24602740,12221,sao jose dos campos,SP
08491aaf9ebc80af81d0686bc9b327fb,157e58d018588622abf82a9d3a531d80,86950,fenix,PR
084966d696e012aeda96da1231a42d67,78bdad0413aab78e0d53f2efd6dc69f2,48565,sitio do quinto,BA
084a0e74918bd829d509441c2504135e,e2531abe36dc548b1866ddec85e0486a,19814,assis,SP
084ae656b4e00a699f6f2ce1692c07e1,5c4d18bbf0282143b38c621eb7cf9049,4660,sao paulo,SP
084c08c188cff70f6cc25048290ffbae,2af34d418eacbc521ce72160fdea52d7,20940,rio de janeiro,RJ
084c12a2c5354ee5059c02f470e22aec,58bfa8233987cdb7b475f1ac752a7457,1310,sao paulo,SP
084c1d1c127b9d9cd7ef20e22a3dbd0a,aa56aff5ed7b80dbb17ec8c9efa9b24a,89136,rodeio,SC
084c2bd2b64d5e52712259d7a2f0f79d,aa23012752bc78d40a0620b39650d509,23860,mangaratiba,RJ
084dab2db2bf5d42677b135e633a15ba,ec85abbbac44c1bb668a04903d033b6d,90410,porto alegre,RS
084dc3ed024e35663cc3e1acc7d6f715,70398455d8ca67111ec4f07b78764fd7,5853,sao paulo,SP
084e83571f0a839a4c42cf340a597baa,e77723abebdc6d6b95814047f75c2aab,5372,sao paulo,SP
084f54304c4a42cb5df4fd9eb5ac2853,387937e8013de5e3f422741b4e3b4e01,3142,sao paulo,SP
084f8966676243f13f2a22193b9605ce,b47ab9a33340be8e600a66b36022eb36,3080,sao paulo,SP
084f8b0a341a5654055220f513ebd14b,6b9f4d0dffcaaaffd20d177cf631f78a,88133,palhoca,SC
08508f064a240cf31a60f1ee7254402a,b3b8a5b3bef8e794b8159a552c5b26cb,3064,sao paulo,SP
0852444fb5c616452aa079549f38ca5e,d00a016616637f1fcf31fd087d393e8a,83206,paranagua,PR
08528824266cd0720658ff01df662b6a,8f7f547488a05660770b51be707eb2a3,35620,abaete,MG
0852c9fc981f16e491aaa5a66a0b4de3,8888ad445bb60fd701d5e20238bffba8,36880,muriae,MG
0853e40927647b9aeccf91bf5c0706f5,f11f3c41275fb56993366e604280edc7,35164,ipatinga,MG
08551822a68f0b824cd0d92fe4a3264e,7e69f0de32e5a4faa76241e5f728e9ba,4408,sao paulo,SP
0855291cdc70f901cb28df5cb677b0d1,21c48d19dbb1543195f7e1729e6fdee2,5687,sao paulo,SP
0855edaada8d5aeef50b56f26e604932,429fbed971f52697e9bd392d94787bc7,65072,sao luis,MA
085709b417e35242b89058f9235c92c6,fcc84de60fcc1e838eb5e13de372643d,87025,maringa,PR
0857e520aa7eb2f1e414ae0907e994a8,4dda5b46977a80031cce3a42aa96e98f,74480,goiania,GO
0858216f90504a249042913e591f8cc3,770e794c4208b19cd89bddfb46b20883,12380,santa branca,SP
085adf5a46465947d3adf0c5f4505a46,e14635781fd0b5746a1c1a4385053378,80540,curitiba,PR
085b18e815f2a1462b5d7b72a5dfd12f,7d0f14e3f7944c2a815e0e24b3ae74d8,87704,paranavai,PR
085b2a422d36a53c027062f47b3b5238,11b34a957a0affd5aeb850a5c4c0a0fb,50740,recife,PE
085c37e1bd86e91893d40d211fae62b4,6fc3b7f341d4c689abe68b8c0d435ce4,9911,diadema,SP
085c3cdfa4c43fd07818db49409f7bc2,19da55454167240f3a4a39430007d074,23540,rio de janeiro,RJ
085c6d6d684fb30e910b5bfe7ad61e59,5adbf3a8bdd94ffd3b216162913e7870,11740,itanhaem,SP
085dfaa4e6b6df1552f6830e79e71f3b,9bde95ea1c0fc21776b2fe114807c556,9210,santo andre,SP
085e2d8df89b9fdb5182fc89fab548b8,ce43cf7952256dc47c836ce3e8117331,12970,piracaia,SP
085e2dbcdbd3235701eec1d6fac9de31,4b06f98695c793ce71d05705b3cd982c,9895,sao bernardo do campo,SP
085ee5f8069c949eb5e31d56514d38b4,a324fb6c7e7c06e00ddca5cd47cab53f,7192,guarulhos,SP
085fda9ad0f070bc313c536d8ce07882,ad2daf149c137256119cfd7eac3637c6,62810,icapui,CE
0861d5de0f6df826e07bcd0e0d6a42d6,63e8fedccd20496b627fed7b76f35648,14026,ribeirao preto,SP
0861e2295c798be38db3b39ab793abaf,c553ad0bb4d5018a245654d2be0f4905,55540,palmares,PE
0863ec11de6ce167e48d77313f91d83b,29a2efb1c86fe8d7719758f5dce78500,38178,pedrinopolis,MG
0864f6601de6547b99cb81aa5742a119,70c979e1f75c51572ddd307f0969ca4e,25550,sao joao de meriti,RJ
08652ae7b7ac5fa6f707620671306ddc,d0bf6e4114ad3f1664ca34b062d81516,86039,londrina,PR
086752a19f026192b7993e4e8a3bbc9e,925751a747a151a7fa97f2f686d028c3,52060,recife,PE
08694effa5271573bb42ce0e483e3e8d,f5777a52ffe0bd4889e875c9d5164924,19010,presidente prudente,SP
086996a8ac3477231df1f33d2698933e,b6a33694a61ce90b222b3d23d9ba5f4e,36400,conselheiro lafaiete,MG
086a2eb2b3d6945a6c31f7d36f523bc7,c402a1c61ebd8deca803bece099cb5dd,22790,rio de janeiro,RJ
086a836b41203d3668bb1f312451932c,aa4d91884f930e5087b72f64ad0157b3,25550,sao joao de meriti,RJ
086b14dd810812fd51da1b8dc45b8aeb,a7c431a8fe633926941cd0de404cf389,24030,niteroi,RJ
086da6a03c074bea10af67ec258cfb69,fcc6a310fc436b6ead05355319098816,40252,salvador,BA
086eb4bb06e44c9b9fdc153936780990,5a9729bfe794537315229175cdabd9a6,17400,garca,SP
086f2e7a1b67f590d6440b35b2e7246e,b1039a56990acdddd5438aea568557db,22270,rio de janeiro,RJ
086f4c21c13b95fd8ccf0df6bc676e22,f71052f0cb31853c63875b1b9943589c,28035,campos dos goytacazes,RJ
087075f5ab05dc566937de205b5bc2a5,f283d62df3aed3073aa2796eecd01ccf,87118,sarandi,PR
0871641a188da31228226e3e25e5bd22,a5836d5c33d8bcdd5ae3213419c24a14,20970,rio de janeiro,RJ
08724baa3d9128d270080acf34f2a5fd,b576806119d9c13cabc9cd0c95158c60,38057,uberaba,MG
087416058efed159681fcaf612d0d54f,ec3127cf41d16e8ef977791aafcb9d44,77470,formoso do araguaia,TO
087472c809af7a09b9cbf42d9938801f,bab87ee5331a277979273905630bd50b,75690,caldas novas,GO
0874e3387db50f10269e150a652869dd,59209c79d63242f1d414d9a722366e8e,42702,lauro de freitas,BA
0875689047010271a4f10a03196e565a,b5fc21ee05bf5da15eb9466bfcddb22a,37550,pouso alegre,MG
08758f46a8ee56f3b1b4c5b73c90c6e3,580e86cc6d0c8eafede3d6f2fa4bf9ab,54768,camaragibe,PE
0875fa3920dc15daafa737cbfa1392e2,c1c17398c133e0b88ab63b2e29dbb2bf,30140,belo horizonte,MG
08769b79055f98ab6f2878b6fbc39c62,3725c5b8c1cf5ee69158f66922a862c4,71625,brasilia,DF
0877688c3edbcf20f0c8f112343bb4a4,1891257b1ab8736f1dbc9ab4cdc169cf,37445,cruzilia,MG
087862d99a9290061f333c550aaea1c5,c84f0f7ca4f81ee75a82f7d666f44357,2962,sao paulo,SP
087877f19f6e3dd2fe0724376a2e7f8c,eeb74135e3038d55e0a4b5c2eb45e285,89199,santa terezinha,SC
087924f653ede8ac260c3d6cec755a4b,8a11c1f8a6ec66283bdcff8829df7918,37550,pouso alegre,MG
08793c36970e3c5f00eddedbc3648b3c,5347ddd0233c010faabd8435f925a600,30350,belo horizonte,MG
08795c52e7b0525cd0b5bf92a66da58d,e770900b7b855ab3499928cce863eb34,21930,rio de janeiro,RJ
0879c47e542184edf3c921d2fee17084,747a3bde8936cc5b862993e65c1b5a48,20521,rio de janeiro,RJ
0879e009db1e47cc3e144dd67b38b4f2,34728d8e24570a2c5be957176d56f1af,37464,itanhandu,MG
087c08f1c244014ad1decff147c3c038,cccd50988ef52de84f8ed4002fb28ab5,36010,juiz de fora,MG
087c73da7b217960e3b18443ed5408c0,e1db40d282dfec516cb1f9e7cf4e7ae8,19906,ourinhos,SP
087cc2646ea2ec2582be6ce1efe88cbf,77e1a2f000b8b65e4af8156dc67de277,38160,nova ponte,MG
087cd29a72a408239afc8b168dfe8052,dfc8435ab8895991fd803dde724f18fc,86300,cornelio procopio,PR
087f9b43add509b918c1152191f2d243,3ac9e42b05329a4f0fc229648ca4bd86,35010,governador valadares,MG
087f9b562f7f24274e418c71ed7cd56c,0651a4266868ef41eb31479123ced82d,8673,suzano,SP
0880861964a0c3fba8254313913d4846,560a6282f0b9f4176cb56ff6024632d8,30220,belo horizonte,MG
0880c134c210f2ac6c3b925bdd4cea3b,3b99cd9d2cde89303c992acee295d117,14600,sao joaquim da barra,SP
0881e1574aa6b621c551a421297af5b8,18bc87094128bbfe943cf88adcf72059,1238,sao paulo,SP
08827cc1bfff8f8ec04d396cdf2a124f,abd9d6877e16836e064ba2d10539ef28,9950,diadema,SP
0883816eb4425537f417d5d63553ab8c,9299b9e27e97571a5ddc3725b9186536,5351,sao paulo,SP
0884f1342f98a8fd3a99ccc43a91e6a4,993bb4991e021b41449966e0991ca2a0,36240,santos dumont,MG
088748a6b4f6a4042e04da23b9b0940c,2dc76f1f9332f576c53931a0502784b9,21832,rio de janeiro,RJ
08883c45fc07e8e4a16ebe31915fb463,6a4c10be59a54aaf8ba728b8bc8dafcb,15025,sao jose do rio preto,SP
0888ceb9767c8f38f24962e72e7c32fa,96cfb3cb3042dc4d0fc15e5dae7080c3,31160,belo horizonte,MG
0888cf44bc996a137f289aacb49925f1,fb72d21d05847399e89c4488f468cc75,36972,martins soares,MG
088935be5a63fd4166d69f633d2d1156,1d2dc2623f26166029397bb81880dc35,22790,rio de janeiro,RJ
08898ffe9691f44300322bc3595f6bf1,8e7ea89b2693dce7b718e4a40990e2e0,34002,nova lima,MG
088a9d73974751a3dfb76f5f7a579290,4ffc1a8259e81bc30151f421fca472d2,30575,belo horizonte,MG
088cf7b06af8d510c1280cc95ec3754b,06c3368c76b358fe15f52b24af23432a,99050,passo fundo,RS
088d20d5878711d537176871a6e850e4,ef7361e14a64f77990f58e9c571e2f9a,65800,balsas,MA
0892d30ed88aa706a05c81128fd6552d,bb1f8af146f7a3adb0cdcba552f48fce,13091,campinas,SP
0893ae80a887e2e2c177f3162f05aebc,d1746be9240248a16adaf23efdc3008d,96010,pelotas,RS
0893dbf96f705f3a68f0212b3d2cdec4,c366f7bb7c9f735501bc8d64ba2e21e7,35550,itapecerica,MG
0894391273e30b291b1aa54fb3558cf0,a0c3aff9fee133d4074d813ccb197391,7500,santa isabel,SP
0894c4cd09f3242122ce353289132c7e,9b2a6a603728d5b0b4f702c92f8e6255,45658,ilheus,BA
089525d394be31397b994bcf92c6b31a,b20a79d27fe8a421efc278c4d6367ea2,13467,americana,SP
08958a40dbb52a0eb07d38b5e9ba3e51,03d8e50ab83b5e43e11d51bbadb8b0bd,13221,varzea paulista,SP
08972c9a494a9ed1a7a73df4d0bc5b58,4b6e5fb7eb08b701b5799a8c84b658b9,77060,palmas,TO
08978618a618a56c5458f2ac593be2e3,f85356edf81a5fe979e823b51c4aa9ee,90630,porto alegre,RS
0898d2aa1ac4cac189ca12c0104cbec3,5af103d3f12fd83434cb97578a1e8d49,29902,linhares,ES
08990861309c229653bd4f67b9c3d2d5,408cf687d61ea9854b5621fe6320f179,3313,sao paulo,SP
089986fffb326934301cb204f52f9c97,e424731f7e9ccc9f3384b8b71378cbf7,13348,indaiatuba,SP
08999a20d9741d9513c368676f5531c1,a6ddea592cbc5da9970a9a9803c07347,20261,rio de janeiro,RJ
0899ee3a7b3e045cb930b5f394293736,035fe666eaf44eb44ec1967c30710ddb,4571,sao paulo,SP
089b4797064af9e8aa2cce7f5d444cc2,e49e298433db8944b77c533837693e29,4302,sao paulo,SP
089d1516887ddca8fe02ef9df9fe1e2a,250ff4b596100260ab4631ee13fa63b8,17600,tupa,SP
089da4e76a40d4222c2797bb79c2988f,5263247be265218671c9a7dc834fb48b,17055,bauru,SP
089db23fc85c2ac8679643bdff1f7654,ba4f8dd9bcf41f6ac93bb8bdbf87a0c3,6334,carapicuiba,SP
089dc72259b7eb053d3bd3323e2fffb3,1b32669eb9662ee904419de883e59a58,9551,sao caetano do sul,SP
089ea40cc02be2cdda62cc19b646d5c0,c62262d3c4c2d166c524d8bb43e3662a,26445,japeri,RJ
089fa4eabdf1694e62e22fc4c5f8fc6c,66b11d3157614b5cdfc21b5b083ad0a9,29055,vitoria,ES
08a01db5764bdab850af621dc71a35bf,1d22874e942b46c8b1d4bcb9af693d69,3308,sao paulo,SP
08a0a61f98f22952682f7e463ef2d43e,478098554da8910383d47ec3788a9905,19912,ourinhos,SP
08a0ac1decaff11abb24f276429ee4bf,903fd0a27e127b1fad40186fd85c1499,25515,sao joao de meriti,RJ
08a113f40963196742d5538a95776e34,846e4612bebdefeb3a65aa63fee59e3a,87060,maringa,PR
08a1e1dc736d953d1deb2bcf41ceaa3e,7a0b401bcff6a4bb3a2c51c3d6929410,8090,sao paulo,SP
08a2d7b182aec71c41a5f666623bb18a,d9b562edecb017bdadf73a12e5f63201,8737,mogi das cruzes,SP
08a4362bdde5810480007ce9baad3d21,e9465ca5e9043493c69b786fcb10619e,9760,sao bernardo do campo,SP
08a4aa30c0eea37598e0a8095910b491,699c846b70946abea147f06524ba9e42,3081,sao paulo,SP
08a4e770189d6ee87c5d3b58f9f191f2,3f3227474f0191f47a7059e032ab03ec,2912,sao paulo,SP
08a693d30dbbc9a5d75172df73023731,cccd9f2759978bf9c0961f1af1f641a6,68488,breu branco,PA
08a761b27ad72e5fa65e351ca23bb2f5,620b267bdbb662197c42079245841d2a,13013,campinas,SP
08a78c4efe1c16dd148de52f13905aca,383418fcb4e0dfaf7a936919830b0b67,60180,fortaleza,CE
08a877734f7083608a6db968a06ebe8f,6fd5bf76c627f3222f09700d1988865d,1232,sao paulo,SP
08a8854f4ff6d0a1211f34e75b14a42e,3163b4de066c9bfee60e6608c99a0bbc,96211,rio grande,RS
08a88979eb310a294b5636de96ea7fe9,47e53a8698d438c53aae1e8e19e53e39,88020,florianopolis,SC
08a97b5d819d8150e70e1a637d34b1ea,a4f3f98f5f9d151530c62ab2377d3fac,29920,rio bananal,ES
08ab2ec232b0a35e92e3fa0f137529ff,8d441896b30e021e8c4cde7ac7b76b77,15520,valentim gentil,SP
08ab4c257d3664e4e28edf27010616de,84b79aa26b530ae73a12cd8ab4de6ea4,99500,carazinho,RS
08ab9916d3e6d664efe2862d1a764d88,70640db97981139ee99d8f86a555d344,11704,praia grande,SP
08acf45fc7d699411450b76ba205cd6b,377c2534194c3ee0798863f5b330f17d,49680,nossa senhora da gloria,SE
08ad03bbb59f24c6f7842e991d1c6324,2b04e235c755a98c3a0faf08f3a35303,6900,embu-guacu,SP
08ad76732d8c6428ac2fb9eea89ff342,8a423f7294c6e79cc5884ef518deda5c,23012,rio de janeiro,RJ
08ae5f06d0fd2ab8acb2fd7263ac0c9d,bfa7a48dc4adb7e8d35e6c74ea92a972,82810,curitiba,PR
08aea10c40f606e52597486db2b56a81,0c1010da546577eec46de55b3a0a885d,59069,natal,RN
08aec3c5e2f594f7818c930e95a0b494,ca729df702308f07c695082b4a931c15,13515,charqueada,SP
08af4067af2ca727cee7d572c5af8763,e0db405a62c796b1ac439c778de5e2f1,36820,divino,MG
08afef5441616f4175e4b05f3201f23b,aa2c08c0b09ede35fb9169eadcf31622,14620,orlandia,SP
08b0c3ca77cbc85b646e774a1ac760cc,969a073e5e07991b03418169d7fccd36,21070,rio de janeiro,RJ
08b0db04ac8d73532750572156241d88,0fc4512b047ebec6da8414a427494244,36050,juiz de fora,MG
08b24593d911d9c0cdd1ba943a7a0cea,9f01bb6d88c0427946689068af9c168a,11711,praia grande,SP
08b56a0a9c6eff4619a9a141b4dd37e2,915e75e4cb2d49ca4f2f11df06c57b06,38415,uberlandia,MG
08b6dd70f6a9b5bdd17a1387733e3511,781d84d699c11b6151fe6604ec184e60,24230,niteroi,RJ
08b7ead7979bc70d24c137cfc578f932,2494641a599ec7a7ca3b1e981fd194b6,16018,aracatuba,SP
08b9cbfbf948ebc2dc43212aa3b5a2a2,553b07cb90e5a17d748dbcf842c00118,19042,presidente prudente,SP
08ba3f633e08284c827e14b9700d8949,be33152ae3eb53008fdba8c5efa40ab7,7950,francisco morato,SP
08ba9d78fcb65b8297408608a3bc78b1,34f29b8ed62748c6b5a9e64628e411c1,13042,campinas,SP
08bdb18f09e1d64ab30eefcac034e265,551a09ef128e5436c555ecc43cfca103,78280,mirassol d'oeste,MT
08be5d1f213ea37487f2698ca4b2be07,3eddcc05abf2cf434aae2a9662597353,14015,ribeirao preto,SP
08beb044c0172b237ad8f36fbff81652,4d2a058cead19bc1e7b3580be5893b2b,9572,sao caetano do sul,SP
08beeaa5c7bacd3b0af94874563893a1,0946262550402fc07495e24ad9f252f2,8142,sao paulo,SP
08bf6fdcf141c77367584ad56a79909f,155d54f388f9f650614076fa7047e95c,87820,cidade gaucha,PR
08bf8049c3b95687e22cb0ba6468fec8,11ac549fe00a941c3b8af366c22da409,31730,belo horizonte,MG
08c07e9a2ca88f8c94694bd4972a4eed,2454d481eb521ebf016dd2ef39314a73,76804,porto velho,RO
08c09f773095ffbf190840b7b922a4ea,be0302324570b985bfaf4a7258e8fd1e,37800,guaxupe,MG
08c107b0b78e43fa0195263569937873,7dbbdc93804b04b7ca7f210269ae253f,4124,sao paulo,SP
08c31cc9b1e1fd777d2c946298aa97b9,78f805adedd04d801d02cf6bb93b34a6,18285,cesario lange,SP
08c39e2aafb61665f838819f53a16657,70a618fb02f696a6cabe4de1c7d48654,2201,sao paulo,SP
08c5351a6aca1c1589a38f244edeee9d,b7d76e111c89f7ebf14761390f0f7d17,69309,boa vista,RR
08c57266985b0f9bda94720351457be4,1b68f8121b314ef1bf621efbde6b7cb9,37002,varginha,MG
08c58fac6ff554f3e63b755b5644a7d8,76ff5f4163deda96b7b9e58a82b6df8b,5864,sao paulo,SP
08c79ba38eb563126e213a0a764eb7a4,229d029f241c7e742bc0614d8113e4e2,17206,jau,SP
08c7e9277e931b338a239e83980b067d,6d00968d345231e30a9927c65bf9a5fe,66055,belem,PA
08c82d1e90993b00869022fc4e98697f,82573fb1c360eeda8a3e8d1ddc2d794e,31035,belo horizonte,MG
08c8ccac72cca999d16588dbf7369104,4ad7e8137a8f2299cceb563ab66e0317,36200,barbacena,MG
08c93b091ea536bc40e8e9436c24f7cd,d29d20c2b98be8a4cdfb197a5e0a391d,95870,bom retiro do sul,RS
08c95eb831d93a76079d7e24a117db29,e0998bd9b9ddc78c925d8a815f18673a,90540,porto alegre,RS
08c9b617946bbb79b3a285fa9e048229,3081016910668ae550837d0803054523,9619,sao bernardo do campo,SP
08caccd1e8e031147439a0880006e849,f8878ca91e9439688f88fff690d8717b,13056,campinas,SP
08caf5d1db0231d5afc079d3b223b16c,8320b28a9d789ce874c5401a7eae55fa,5819,sao paulo,SP
08cbfb49c8d3d736ceb0dce51d5ba3df,55b3988226b46467f2198fcb33d4bf1b,39690,malacacheta,MG
08cc63a3c19e9e887d0d4c9d74b58acf,35173058d3ac45f25ca1e8a216011e9a,96820,santa cruz do sul,RS
08cc70c459fa8a8aca0c4effebd8d083,d7167e58a778cce6c923b1de94cb7257,79033,campo grande,MS
08cc91b88d0bb7f6de3352195fa86775,67832818cf943efd1199301d8c518c38,18255,quadra,SP
08cf49b41940b8f8ac1e677b262851de,85cbd4848d88ce531526c50a0139c35e,16300,penapolis,SP
08cf9f9f1be26d24e19972b52ccf945d,c8afb8e669ed3dcbcfc31404fdda9e57,31340,belo horizonte,MG
08cfbfce32d6e30b94c84bbd630aafae,131dc8b84d915d899517bd2867f62401,78320,juina,MT
08d04bb6463edf9dfe9d9ec2f066614c,bfa362dad130e3c077e0008686b4f86e,7952,francisco morato,SP
08d0e76c56b69ca0609304af98889707,0943dace599e9c354b7ad571b3b82ccc,15991,matao,SP
08d19de4f7caa5e58b233fa6b9f4d3a8,4532ac5f2f4f8c943a41d1ba00bd6c6d,74310,goiania,GO
08d221df6d6f296dc22b4332f03f3b05,917293e363eb91154646336ff3ee020a,45807,santa cruz cabralia,BA
08d31253590799b23b34713713a5f7d0,dd2358149a1b6b710075b705d1a0a115,54410,jaboatao dos guararapes,PE
08d3379b2b836a4301e02155fa2e294e,97056265065b4eeb1511ba61bb53d43d,21021,rio de janeiro,RJ
08d377ec4e70b6c01b875085449b6147,f94524df71faaa4f2b142eb5a10760f2,15900,taquaritinga,SP
08d4e964cef9f27d99b0a3944ac3e40b,70a242b52ee3d0640c6d7f5ee237651b,29230,anchieta,ES
08d5cabc983964257832805dc6f0e74e,584bb2bc20695e10db1ddc15d027b8b4,11500,cubatao,SP
08d5ccde79e2c263c4b7bfea2d7e229c,0f25f51e3d187ca7b8262b956d893cf8,8141,sao paulo,SP
08d60807ea32c90570919ad6b1f0b0d2,c27a30338b5d9d59399825f77e7dcc61,65085,sao luis,MA
08d638bdf894607a00ecdd3fd2a88321,4213c83d519b2696aa4998e818753336,2722,sao paulo,SP
08d6e9303045f757cdedb89fd0002e4e,0abee71cd257861a0944e2a81cea4a50,28030,campos dos goytacazes,RJ
08d7418c7329e60d4537f2218b4c8b49,e3baf83bac6152c2d2dcae94f7b619ec,98700,ijui,RS
08d7b1fe49c75e0ebc5758f55d41a580,61566a7cfb47ac2054df1a47072b413b,20511,rio de janeiro,RJ
08d8a9c4f2e95dcbf53038507169e6fe,1883d220d8af1fa8f40da75a2a99fc0f,88440,imbuia,SC
08d9fa34b8f63361201b4f2548c3c384,95438447507e6e5bfd86db17d7ad9504,26020,nova iguacu,RJ
08dbe84d5f0f740e4ffded575b686e32,c6c03bba166b958a40328e452ead2b3f,53150,olinda,PE
08dc68ad9ab343289844fa36f6963b8f,0de97ff655abfc142ba6fc83e86bf082,15063,sao jose do rio preto,SP
08dc787fbd670738dde6d2b5302c922f,a864829a200a4eef80cd8bbccb94fbfd,29101,vila velha,ES
08dd337715b213da30e4f32bc49d8a07,a5fe2e0069602d2f9d4597b3828af46e,21940,rio de janeiro,RJ
08de2bfdaeaa2ab216ba4a874bf9a4c0,7e63176e78c0b26a6c864fc790d67ee8,52011,recife,PE
08df78f80a35d0c06744bf5cb0c1402d,88c2ff8b4cb4b57614e6f920f5072535,48903,juazeiro,BA
08e013ad5df86a6cda3d1e9be0a2cf0c,9527f3928d63e2ecf9b96b3baad3b13d,7093,guarulhos,SP
08e0740d3f4a5f7c2866e3ef531fe426,769bf8d89148758310bb519de4a030ed,88220,itapema,SC
08e16d18de470d7041b38c2b4031dbc1,73279480c0c6e3b47b71419dccf5f610,65289,maracacume,MA
08e2e8f0d6a0264fb3a6da7b40dbf12d,4acbdb04ea54671a250e834621a24516,32669,betim,MG
08e47e3be967b5e1881a587720b8a005,2a29f0a102a645fa91fd0feb0485f068,12239,sao jose dos campos,SP
08e4aec0cb39467c0d89548c9e44e28b,ec5cb2f49e18391a52f4cd8bcdf4a5de,3376,sao paulo,SP
08e4e47999175e049a948f577df3b84a,4e455fca8436f4e25840394b4730bb69,80030,curitiba,PR
08e51bf520ca8cdd5f95c5f38192598c,74b5b001e61c4a829aa9a0ebaa779f18,85603,francisco beltrao,PR
08e56ab98cdcf2b7de382408a8efd626,8aa523bf3977293471e1f5894bfdbffa,5145,sao paulo,SP
08e5b7d999d037498bb7f2b3ffa1ef68,3702a031c0facbc9afe8ae0c7b7f52bf,72120,brasilia,DF
08e5ed5ac7e17524347b55e9db5e8692,6e0f804fbab9756e54970777c3de50f2,13050,campinas,SP
08e662cad24727afdae090be490bacbc,8775a20049803a181b67d77754099913,36400,conselheiro lafaiete,MG
08e67c772d6a0d150aabc46eda41b466,c75c6472c97395f646052da1c2e574f1,13284,vinhedo,SP
08e6bea8018626bc5edb8c3eee3c8b85,1ff0504d2e5524b97f481f478f6ae770,22631,rio de janeiro,RJ
08e744cde3be00633719f04923825035,2242ba70e50e7841d29601f5cb95266e,13700,casa branca,SP
08e7487578bd3fb98d11c5d95f1e5db5,32cbbf7b9770feb67a514300686f5485,36120,matias barbosa,MG
08e74f467fe7b442e59c79979f4f9126,41e7f564891b2fd6a565f6db45dfae54,89253,jaragua do sul,SC
08e79e92fd93a5f49ce66fd838a164e7,2f86f2379f0f4062eabf4bd110e1efb2,64067,teresina,PI
08e91c074733311e5056cda3a7bc53a1,b23015faae83c812ac84439768b1f3af,12080,taubate,SP
08e9e9af9d6d0393d4f6b8c331adc6e7,bd72b276b5a309fa4356e528f62f1e32,6020,osasco,SP
08ea30a42b328e0de15bb45949baa109,b1600561dccf15ada586f6bce16cdabd,29122,vila velha,ES
08ea352a9be2e6189b99ed79cdd73c81,2deb710213ca0c110cbfa0fdc047658b,20541,rio de janeiro,RJ
08ea393f29fd8d854b91ce3a902bb5a0,af6e8dd2b6be9c3dfa94baf3ba38037b,3282,sao paulo,SP
08eb2a39027ff975b414729b8e5b8ee7,bfec8760e813a3110eaaf428effb5029,65041,sao luis,MA
08ebd000e60012404de32cacee764799,0417c5c4535764e979a11b19edfef588,38701,patos de minas,MG
08ebd8171843fa54338c3474439144a2,85cc592cd0bc4fda8effa4b10ca8eeb7,8536,ferraz de vasconcelos,SP
08ec4e081721ef212d38b5fec3c38ccb,2fc9fb9b48197a04c6d31ae67029e233,95520,osorio,RS
08ecdefcac7e5d4d92cd6206d6401d09,cf76ef4381eb93e8cca57ff7108cabe2,89700,concordia,SC
08ed58dbc26bae69537e6361df9981f4,60d90deb3eaf48b53c2609fd8f3ef0b1,6455,barueri,SP
08ed72d2a50cd60e1fe8219de4f2f59a,92472b452d795ce6a500b01546fc33ae,6663,itapevi,SP
08ee0fea033270eb52f02441559cff94,e5ddbb86adf64741833628d157d73f0b,23015,rio de janeiro,RJ
08ef3c3458f9ebc1b7cda8fc71592a8c,e76f5c3699e402d57852989386ab1cc4,5444,sao paulo,SP
08ef50ea1923ce347f194bbc8d8e40e9,337691bc9242e1d53d521ed78a12ab8d,11065,santos,SP
08efabeffd06ee1f8e522463f98370ed,62a36e9a94e5828fec5f6964f740718d,73950,alvorada do norte,GO
08efe453abf9faae610fb606c1d7bbdc,b35e7c1ee8ccbce232fad3bc996e6298,94090,gravatai,RS
08f008821c233241d973e7307f036cb6,ab89cc89dd7a14476177c53514dcc37e,12311,jacarei,SP
08f09be7e8c38c8ea211c9455bce4897,c9f0b86ded50f9567c9e6899e4b1e6f0,29144,cariacica,ES
08f25914a47aef2e25c337a19b1a482d,6c48f3c255961feb799c3b6a312d6622,87503,umuarama,PR
08f33b15b6d92a5209ca1622585bcfb9,53128909669e34ecf8e52bae4ecc4fd3,14400,franca,SP
08f3422a3e840638ce551d88ebe25a67,552c85532ccddb4dee66f310466b4cc8,9420,ribeirao pires,SP
08f39bb318284f8eca5a32c9e3a15273,8a9901d658757e112469577ff443ae8e,39802,teofilo otoni,MG
08f602de759c88260240b8fae24fe91c,8d0b44e70c3b0ccfb0f61ffafa0b5ad8,12900,braganca paulista,SP
08f632ba547ce8a3f9d4efe3028a216e,4291db0da71914754618cd789aebcd56,18570,conchas,SP
08f68c9d6b891c565a87205b547d21a8,fcbbe2856825553e6ed2bfbb252587fc,29730,baixo guandu,ES
08f70611f271f98cf3f7d7b15f257a9e,bd9faf610de6660a02b39510406c8e9f,19600,rancharia,SP
08f75c833b2e83e9627a628cac46f69e,51b406ecf979a9fbbd0a879286210195,28920,cabo frio,RJ
08f8f3723352b52033c98eff219a73ce,f54ce9a6a5c0b3a107838e67f2059261,78048,cuiaba,MT
08f94d51129e9289745af658b2c5e578,cf2e05ce00780dd66ddf509bb04cc95e,2241,sao paulo,SP
08f9f3269295904dd53afc2dbf26f202,8af9bd8e71f8b6960bf42118f8e3b7be,13064,campinas,SP
08fa67bf8d7cc2241741f62794ad0b45,8a2f8c899fc35a0b0bfc55e1f2f827ba,20541,rio de janeiro,RJ
08fa82297b802757b9b02ced94f8a9e3,e41b91e110b3f72d6bd2f4f7f055b666,21220,rio de janeiro,RJ
08faaa96437305ceef6b95a46cfd0030,9176a9ea5acac529c987e679e80a953c,83701,araucaria,PR
08fabe21a36ebb71c55616524790909b,60533f24c64a9b629fe08ff6cc8d7099,4960,sao paulo,SP
08fb48675dd414001931daa99d6e2ea2,e46a2eddf7869bfa54f38f03ef2bbd0f,13630,pirassununga,SP
08fbfcc1b6c48f73ddca8312c78f6f53,4d30f9e0514e084c4ad6368a3afeeceb,35170,coronel fabriciano,MG
08fc431ce96ad22194b0a00be7100917,0ef7b906320b21fe4d39f99496aaa2d8,25555,sao joao de meriti,RJ
08fc5058d39f827b41d726cac116dfbc,cb4089906a5a7ccaf87fb50cf413779d,4116,sao paulo,SP
08fd1f647fb132970cc8e3ee6c9075d9,e93734fde27018134fa655ddd52c774c,80020,curitiba,PR
08fd236d2b9c7fb54e98c43a83d40cda,bc67be6e72092614068c8e3421832f54,9960,diadema,SP
08fe63b02e7e846c85b8a49b9fd540d9,29193837afc61c50550bc1139e1d822b,80035,curitiba,PR
08fee29b9ac63d1bf53d160c88714bb1,75501360bec8e69075922065568121d4,31720,belo horizonte,MG
08ff6024ff72930a211cbbfc6f8c51a9,1ab4052fd2e14cca9c4c7b136510f569,1409,sao paulo,SP
08ff8ee4ba2dc2a1ad0518273d841e04,efa257ffe785fde9dff1241339324f8d,7807,franco da rocha,SP
08ffcc4f7f99c98cff3560ce1c502b8c,49907e733fdac652917f3b2a296f6435,91430,porto alegre,RS
08ffdbf0b21cffff0d50f69e34097e6f,35a2b7648173b71e6d64851f211abace,64016,teresina,PI
09009cf4ad784262889cf4c0f7b85420,156d8e7112259cb21194a24fc41b54d4,3820,sao paulo,SP
0900a5f39daf5f37e39f42894f36a85d,73b1470cd1a6813c6a7683ffd1486698,98801,santo angelo,RS
090194eecf789ed407c3179f81b74502,bfc145aeeae1106b9265e367b37fb84a,60844,fortaleza,CE
09019e777b997c943ed2c3b3b9fb2707,1e93052ca04eb5b8acffe45b9b6bb66c,68450,moju,PA
0901a6c3dbfb079995b25de715c83cbe,cb16000261ac2b49bba80d94da84b5a1,37500,itajuba,MG
0902dbbca4ab2c81851859e7a1624a8a,d35959c60ba3c74734492fe60e3cc540,40730,salvador,BA
09033cfedb9bab5c54a33f339fd94ad0,165961169e5ec74a761f2d4cf0feb9a1,4571,sao paulo,SP
09041c3c23930a8bc1fe230bbc1ed19e,23e7bcac2f3b067fe6ecb4ca8e130bf0,96015,pelotas,RS
0905bd9a4436e519b45948d992a8a04d,fb0122e601d03542c5c8e3e54c7f897c,24230,niteroi,RJ
090714c98b63c1520d2e5150bf6c4f5c,9ed172a6d7193653699555d95b34ea91,27274,volta redonda,RJ
09073977bb5829608c8e30ad15248f82,76521f30731302a836c4ca38cf6a52b6,12232,sao jose dos campos,SP
0907b6bd2c685ff7b56d3fb62820e583,140ae336c23cdf6b717fa47fc874841e,37466,itamonte,MG
09083a83baee60ac3e4a9a3b43a2df49,6ef89dc65a3b7430d5a4eda86191efb3,92200,canoas,RS
090881015f7293808eff51132d75a209,de86a31c04324655ba359a25f09f0bd1,13401,piracicaba,SP
090ad6d0d50a83c661a31538f2642cdf,1c23e9b21cc43e6f701683d23ab22360,28614,nova friburgo,RJ
090b074313d5a866233fccf2039e8b93,81ae889ff96950c263ccb0e049609a3c,84196,colonia castrolanda,PR
090c54303fddc5393a9386f0ce454d62,87e23f836bf7853cf7056d6b33ce09f4,13219,jundiai,SP
090c6762c69c517e7a4ee09f30c52269,94922f2db9c42dcb20a1b57302ffa0d2,89249,itapoa,SC
090c8832aab02cc3a2a256a01b7c1068,9a2344afe2d1a43559906bd456567a9b,18550,boituva,SP
090d37a5171ef833ac48302f4170449d,e4689dc8749fbe5137c22b233146c58d,3054,sao paulo,SP
090d8c30005e20451f3514a654cdd9ef,658be5b23fa4d143e2bf2c35f9401f9b,65695,fortuna,MA
090d99c55a1c0f65175855a782df9537,d4e5ada242c876e58b2dbbcfaa80d977,4880,sao paulo,SP
090db52e7c7c0f9133f03da051a4321b,5e53947b9e4b2c887124c618b1ef3991,38307,ituiutaba,MG
090e06bd1b1d1c5adc6c9de9f15339d0,5234d8afc78db0ac8924ba7a688791bf,12243,sao jose dos campos,SP
09100e2874da1289c4f337ab2eb27db0,b87b59346384aa3caf4082b06868c96d,2804,sao paulo,SP
0910359fc88a7c2610a39c0d417bd2a0,bb9de7a757d93065939c7da2a3cd8ce4,55590,ipojuca,PE
0910534b4858183e4e325e020ee37a56,b7d3cbfb14a4edf028b735d0b44bc923,13486,limeira,SP
09109390db732a0b45175f2da752f6ce,3e3be4ab20da89485d950d6be80201ec,25035,duque de caxias,RJ
0910d6fabaaa19fbd65cb92ea301d7f5,e8157273fb1632f742c9df3daa6357aa,6454,barueri,SP
09118825cf5e244ea919698b2fb4f38f,4f4943d1a8ac2c4a65d4fba25ee8c0bb,13207,jundiai,SP
09122d298c692a6ba77d8e894c154672,4d95d7be8e0e30b234f1e64ba6472732,37993,capetinga,MG
09126adc44fa5fa5de202278c2538cf8,6bc5701f2f8168147a5f03b8b135c363,85605,francisco beltrao,PR
0913ac980f0f28243abd5b783ad27cd6,fbf5f5ed22f15eb7193f445430db6ad7,18087,sorocaba,SP
0913baeffcef69d809064e4e09338fe0,2c0f65d49baaf35f24f35cf1446a353a,87850,amapora,PR
0913cdce793684e52bbfac69d87e91fd,11c3d6c93dea6ce86769a4835c171bd9,87013,maringa,PR
09144539159d4b4997ce0df873b02569,766a43eaf99e9735649e36eef5f6f0b5,88220,itapema,SC
09147d2789c6b1e2b4f0b8bd46d48013,2255e8b829acf40cae2c637bc5a4abd8,8081,sao paulo,SP
0914b60c8996bf572f981782bd422b5d,cbc88cf4fa11399adeded875fd9af851,5013,sao paulo,SP
091644e5b77192246134faa0a042a356,3d6ccc45f51d061c0632fb284770be14,12227,sao jose dos campos,SP
09164c039db9837e7eeeda0a0318973c,428cd6d84d62e171bfd2cf805d163aa0,88113,sao jose,SC
0916acefe664698288f758bbf549a53e,8cb21d81689c51427852671500c8225a,38415,uberlandia,MG
0916ccfc0748fba303c17f71caa2e34b,cef2042a8aa3e8cda7738e11a0d19399,35790,curvelo,MG
0918b14504ba2753bea2ea8ac64c77d6,00b0d21952ae29dfe79db614512a27c2,20780,rio de janeiro,RJ
091a1ff2cfc28101a39a1e81fb548b35,47aa2ec9320f644efa4cc134dc21c318,88316,itajai,SC
091be8027f7e81f7982d213f813063e5,59fb2024ddd74c34d16e3d51ed2960a1,5757,sao paulo,SP
091c9aeabdfac662c68dc9cbdc936300,529488e665fc3a5dde2d5fe7bd1b69c1,35500,divinopolis,MG
091d88b3729e671ad17a6c41aaf7c44d,f20558add423d3a6a6cec67d4741d26a,49200,estancia,SE
091dbef0456b5c849a59e36748382ebb,2ad1a50c46408a4177239d11911715e8,29060,vitoria,ES
091f379e0aa95540e88e00f455738fd6,367804e9c1dfed544cbf1a457f88fe84,53080,olinda,PE
091f8a46596e5e19c071bbe12abd1ca6,24ee0e579a75f7f99be0ad7a787e455c,13387,nova odessa,SP
091fea6ad6eea188d7ef495b8b0a3551,60779ec5b5cd830c9a6c3772161b71b6,6852,itapecerica da serra,SP
091ff88b45f8e6b1c909a9ca8b0618f7,182d47b668f339c6047445253ffdf0fa,60420,fortaleza,CE
091ff9c4a63d65946d250b782fd7c5d9,9754ba55a1d8857669dc10ccc72f169d,21012,rio de janeiro,RJ
0922b25ec5945d89980e65bde3d38f51,ed7ecb1bd52fef9f35d06b0f09c79539,30662,belo horizonte,MG
0922ca5cbf709f1cbbcf0121e4eaba91,211aaecea827d378c879c2b2f667c89d,4104,sao paulo,SP
092389b0ad58d08590243690dc4db793,1ba9f0980fa83e3f8815eeb8c8afd14e,1013,sao paulo,SP
09241c552e9fe2420997a6c535e9d408,44e9a1246448bd68a2e3bf0f1966c57a,4537,sao paulo,SP
0924789d2effb3f418c9e8148ae5a5af,dbdfcd1e9de47452f3c9b0229bc0edc3,37600,cambui,MG
09256eecda76e5ebd891970539e9746b,5d32324bc875fc4d26923f3dd314bf63,21625,rio de janeiro,RJ
09261c6cf80ec01c28a569b8cb8b3484,fc07f4a61baae8c314528e33351df795,72876,valparaiso de goias,GO
0926ef97ab333a4afea77827d3cbe32c,8eb02bcfcb2deb1871afa092fbc732c9,9391,maua,SP
092770113dc0bfba2c362dba9b7903cb,9f901bde9b9c27f73b6f9d15f2ff20c4,5778,sao paulo,SP
09277ee4061f1343433859dcdbd838de,ff94b261b86d607ffd45ccb61653aa94,9962,diadema,SP
0927c6f66e76131f9ab61f7e170d6724,6d1e08f151f439356dab6b101699fc7c,35179,santana do paraiso,MG
0927e313c410f8b7d64a99fb73360105,2004ba7732339d9be65f2236d8887ae4,22450,rio de janeiro,RJ
0928350f4927941ebeaf342287da507c,2e0ff4ff9f2cf7df7ef931cf2359c085,69037,manaus,AM
0928439662f8929fd00483ceef12c25a,49c530e0eda65a04bc0b39dce0b305f3,13289,vinhedo,SP
0928c1a893356a97b2191a1e812c9914,3a205021b542565ebf170c0ec55783d9,78140,varzea grande,MT
0928de2429e186c48346ffaa5738cbe6,5e5e45d10f0d852c85733ded028ab58e,44072,feira de santana,BA
092ad782532d523d228cc922f044ef7a,9e663beb35e5b7bbe980b5768dbf0898,19400,presidente venceslau,SP
092b21da7f42569218d5fdf4f96c1025,175905b01ffc05abf7255767e3656978,9940,diadema,SP
092b35907abe6494490f6b3fc12f439b,788e55742fbad849cae0efbd73b37150,80050,curitiba,PR
092b4a3968d596ad4eeb10b217b87cde,c1d418c446613f769057f6291691b90d,29395,ibatiba,ES
092ba73b64ddad55b77d1ad4e4f6e591,2b87484d7c9e00879db6dc71cca7cd70,3805,sao paulo,SP
092bddeb38f366d5e8e2369616c98e5c,b718fd0e105ff7f926f719c85e994568,95555,capao da canoa,RS
092c59785bad44d0412797caf8867e5c,5c4f76d4e8b8ca0dc5119acbf1052223,11070,santos,SP
092c9316ae71b2fe43e526043f351967,92b48641632e617da2beb5e94004bfce,51130,recife,PE
092e7549898890c03675da13f2561938,132887169bcb5123730977ca9a99125f,9180,santo andre,SP
0930cfefb0839652ae7700c489a44e15,d2c290c3a3e36f67ccbadbfed6e222c6,59192,vila flor,RN
0930e7c9d47ac4f9a8f80b42514ae049,155262bd88357533c2fdb773fc05485d,5785,sao paulo,SP
09321f51c8b1b174dac932353c44a386,439b3aa6accc99d94555c181fd457352,36280,carandai,MG
093258b7fada22df2983c50530ae29ce,a7932218ab192b7c1dac7e7a847ab21d,35164,ipatinga,MG
0932888e76c226d0cd327bddfe0654af,22d55b80911feb50b4972eb10edce653,7790,cajamar,SP
09339f204d1b627af024216de772ccce,3adc7b3ea7954aebd5c4fabb0fe735fe,5846,sao paulo,SP
09346ec9309d948658f658d1ae15d43e,4434e1cf18f189d86a659cf9ab3f57dd,5777,sao paulo,SP
0934f70c7f958731db1499c679910b27,398e169e703d45affa9b1acee2d667a5,2451,sao paulo,SP
09352cde5645f4fa5222caca529dd24c,cb79096fc4f1e5476592e428b12eb7ad,12280,cacapava,SP
0935c74ff02b70ca566f7252cc8fcca5,f043529722a354cd3f185270e0c6aa15,4814,sao paulo,SP
0937307f79851ecf049744544c8633ae,279dcf84705778ee59bd87481f702328,35930,joao monlevade,MG
09380077c3400002387e5d72cde34164,25354a204038f00da4dfd958be91fcf4,89124,benedito novo,SC
09381117614f37b1b775bca7c3fe2bd8,32473bb2fd5c60292ec9282f73b5cdbc,68695,tailandia,PA
0938950f35a397c0373882168b080808,5b7b7009010e8dbf35aa64441cd01b25,13904,amparo,SP
093afa5e2f16785b06a54179fdc986c2,b6e4d8aa8df3bd5ce682be0ef338e5da,71919,brasilia,DF
093c2d35fa85b871eb936417a82a1ad2,fd65dc867fc1c42c8421fae7fb4eba67,44024,feira de santana,BA
093c43383e2807557c81ff090b107c27,86888bde47671fa164c9b4ddfa53b9f7,5042,sao paulo,SP
093c53ca0c7fd7fa49a193e600c54e91,77a5529971c407965806a921949a2d62,6172,osasco,SP
093cc8dd94c7aae7b33742a5ff3be232,b2721cd583ed718f04e636e3cbbaabc0,12246,sao jose dos campos,SP
093cca7e01540e70298ae25557502932,2765fbda0b30ef243492b1a5ce13dca5,3477,sao paulo,SP
093cd8998b382e15fec8f33653718c55,507773c65aebb2ec670b6bec5ed36bff,79031,campo grande,MS
093ce66d767ff676396051dda46332f0,0c767a3f86f2bf9b04ae4960fec401e4,2531,sao paulo,SP
093d8d33d1d80c01f9bae154fc35488b,d0699e3ea114a569e16c5538b549a261,90410,porto alegre,RS
093db840532a831a3a7740a8c71a24cd,c2b7cba7d0a5320b4fb179c03a01925a,71070,brasilia,DF
093e02292e3d50a0e2d37a5c9d77dbbf,004b9b1634b7becda8eec4e96bced882,9240,santo andre,SP
093e07dbdcc9f26d16a5cf4c0b8173ab,95e1a44735b65ecbe457b0c97f588b07,21020,rio de janeiro,RJ
093e4ec01d6e258a988d63881fb3a7e2,93579f56387f6a5e85f850f1971e7ff3,74594,goiania,GO
093e5958897592f409553d0344ce50c2,97f97fe763e10c170a7bfb484d787f89,12243,sao jose dos campos,SP
093f449ae2e959ed548c3a71c767f609,8f4b0cee54d29dc996e4535d8ab3713f,12225,sao jose dos campos,SP
0940b98f5162963ae1885fcc71f6073c,b8039c7c02e53cc813f765667246a581,39917,bandeira,MG
0941cc6c82ccb3ad29471a38e6a8dc04,01873d3c2fc620aa701e30d2c4181673,5425,sao paulo,SP
09425ea1839abf2f0d289a0ff453fa21,10c573ba276f9857dc6820e0dde57fb8,14811,araraquara,SP
094268c3fc6b7f4f901169b464254510,7b275ce089b8ebbacda4bab3f6faedeb,86063,londrina,PR
094340afa1c674f88c7ffde85d6f9644,53fc6138881d003807518bb2f5041c07,81925,curitiba,PR
094341831b5ed4a4bf31a5d068bf485c,178e608a51a1033918913882d44a1e1e,33025,santa luzia,MG
09436a6184161df39d8528de4e13b7dc,85c86d228f699747072946cf865e07f1,41900,salvador,BA
09451703baf04a7c8144b467d5e0ff69,3c3d9150c48009484896efab04cfb102,67113,ananindeua,PA
094560467d8afd775d9f89d00cf1e682,ccf9bb2d5ab02b4928415360e23e6e8e,86140,primeiro de maio,PR
09459fdb13104dcebd0c08f87be0c08b,dad479d4172b0c7658c65da2b696e3ca,98850,vitoria das missoes,RS
0945ed78b149ffbae1b0b91ccc34f1e4,1dc8092b786904665ad3104a4ae96f12,7121,guarulhos,SP
0948314b0dc7e18e7e125269b56bb27b,91f8c99195351610a6edd274abeb91c2,34515,sabara,MG
0948e6b4ba1a91e81f7d7ba6be31328e,29309c6b1e5e1af920032cf226df47b4,22050,rio de janeiro,RJ
0949b5cf9adad08c1421aa3f1778e4a3,ab2731479851fc8019caa384772a2a0b,13563,sao carlos,SP
0949cf9ee34504ff762ed1d80b2bca60,c4ad2cc1cab80dd3e916573b773cdfcc,13238,campo limpo paulista,SP
0949ec89804801eea30b31f63f49e2ee,9337f86e11a381a0a6eccd6f9143b202,13960,socorro,SP
094aac58ed371b7e3af7746d5319cae1,e954aa03317a6b8596c483044de0b168,82540,curitiba,PR
094bd1aaa3142c2422ae41136f482ad0,34d64b56ea43e0454a913e9093e9ab33,17900,dracena,SP
094c6b161507d7a620db1174dd826493,4c3ba6b513e65e73c9186aca5e29fefe,18111,votorantim,SP
094cafa0ff204c7f367f840ba94209a8,82e1a1e7c48fe142617f3cff6c5bfef3,35960,santa barbara,MG
094deb5213c87322748379ec26ebd971,3354a3b9e09e5b20d94dbe54c82c4f97,4144,sao paulo,SP
094fdf900bcc6efe66b40a6526607446,bec606704b9f1cae460c6464987b0444,29102,vila velha,ES
0950fe2a7eda69cb626c908ef124902d,7e2058b254632a5805d0b16da6aa82a9,82220,curitiba,PR
095179eaa54b75064120ccdbe350eef3,b5942bee6bddbc0becb625c49cc1c46b,4703,sao paulo,SP
0951b45221facd76dac14203f8770cd2,cf7d702830a3cf5bfaffc9979fbf5ec1,37200,lavras,MG
09523cabad805a66c476b2ccf314cb0f,a5191572741aa80d347236778c2415bf,31070,belo horizonte,MG
0952956c78aba45f953cf2b24cedca84,7e222c2054b16d50c5c2e746d14dc313,91170,porto alegre,RS
09542e37fe5058b83524a4ee128f5bf6,a16a65534ec4d8c2b0f9aa5fd5fc4e05,18213,itapetininga,SP
09566707b6df407df83b88ae3c1f5ffd,5639ce765cb61109833a530c0fb13617,9950,diadema,SP
09593cf9cb6a4e4adcdb60a81b3554b6,2a456aae65c24e15428c2f8e39367f23,98005,cruz alta,RS
095acc4e27efb00510101b9dbbfb4312,d028a4965b062a236061421c1feec941,13240,jarinu,SP
095b82d21d430fac87eb3f2ff2490749,53fb9ceeab0b610e80742e70ee31e098,4249,sao paulo,SP
095c3d551714febc24aaaf002f8efcc5,23b03fc860a933bf78f306a976373467,29905,linhares,ES
095d1ff35f7db6828a8438d87f9c1b9b,756812eb8887daa9a269e77e3baf38e0,69099,manaus,AM
095d50f9052522bfd261ae0a5725abab,e6b9dca9843cca78a45a342dbc75ec62,12233,sao jose dos campos,SP
095e3c71150ecfd3408fcacac37fd762,8e9ebbdc869f34b54dc6ebe05596944b,29066,vitoria,ES
095e4cb7d09e2b8c8d1d3e7cdf8923fd,5a1bd425ef99fef599f4159dd8838702,36400,conselheiro lafaiete,MG
095e83440b663f60b4fa7b13731f0a04,fb68daff9a009ca8d050e427e84c231e,88585,cerro negro,SC
095ff0d98c32ab487eda814891094a49,0c15bb1a8e72a36709d239eec8a96bfe,88220,itapema,SC
096051eec6b1ce541205f75819ccb95b,d0e9f6c72e2a536b38b0ca79b85053af,22290,rio de janeiro,RJ
09605433f6049326bfa21680262fc1fb,c1134555e9b70e751a09bc5908f5d6fe,13188,hortolandia,SP
09609026e4d1557e6506bafea1da080b,3941073b88285caaa9e1762715c7db08,96200,rio grande,RS
0960fea21c3d02f92b107446acd74223,fabfe393bf39d86d31d45030cc2d8726,14850,pradopolis,SP
0963eb8b148b433abf5fc7aec885c6ac,b56759d19c583cb3956454a3f70beddd,8475,sao paulo,SP
0965b098ed51d51d2531630ed392704a,ad32fca3f475f02dfffa649ed0ef3cf6,33600,pedro leopoldo,MG
096651928eb1bccf690c61c5bf74e7b4,e5bcb7daa146eef209d64b3a9742f31f,4128,sao paulo,SP
0966fbba1c0e8c5e26e31166c2fd3ce8,80c005e764b7eb039df094f0c3e22c70,74643,goiania,GO
09678fa7223b533a073bdb09189826ae,5b806c2f8936274f896a37acb4d09a63,27281,volta redonda,RJ
09684cc1c5d0fdf71ff51b9f99843ea3,47378ac106776bb71ad23c50f9d83fca,45820,eunapolis,BA
0968544cfbeb92285311bbdda670509f,09319cf17ae35ad6d3d24ceb287381b6,1541,sao paulo,SP
09691e1d4b31ba0fec34f8f1e9327bfc,6ce3775f57a303f29a9bf9839f48391f,8412,sao paulo,SP
096998a766ecdf5781ac34029965b83f,e055ba1ad580369df93ef02c44b40d6f,72880,cidade ocidental,GO
096b3232e0ebbd72be401f1ef095e159,e3079fd8721d4e1d258e6c35b3ba89e0,8230,sao paulo,SP
096b8c4d4856603e88a3cdb921a92aa3,f45063b55c91096639481d35c820646b,6070,osasco,SP
096b92bb7b1f2df07782d584753022c3,0a1bd2b645a77f0e6453f20a1cd80230,3817,sao paulo,SP
096e4afe8c8bea72cf73edcca7a74134,faa4c0aa4d5c9f68462157777cee81fe,21020,rio de janeiro,RJ
096e87e7d0425ddc6bfe0e3473ed43e4,0430815838853d88dd12f38611b8646a,96202,rio grande,RS
096ecce73f38110822bb4a4bd9341e37,0ad7cb4f48f2a2cf5080e3c19c7cf98c,12422,pindamonhangaba,SP
096fadb12270ba03ae06893cc6579575,58ece1dd8ed825ac9392b4521801d272,3967,sao paulo,SP
09703c9d52696df6b0c0f4dd1c8729f8,44dea3dd3d776aad6275f1417e04f4c8,71937,taguatinga,DF
09714b907f40049ef6c7e0db105e5fa8,6275f17d7e82e7702321b867bac13e62,7853,franco da rocha,SP
0971891520d63f966aafcd261c3384b3,34d3304cccd0c8ba2f3266155dc49610,1525,sao paulo,SP
09718b930e5b6950bff2d1e632ad3bbf,a2facd878fab4118f431179231580ae5,38408,uberlandia,MG
09719affdbfaddf5d3d29417c39089dc,a653a5d5213316bdf59e94dad3485582,88010,florianopolis,SC
0971df83869ecd83b4282f773573bff3,a6f6c3f1be85c43acea3bdd136c56434,89203,joinville,SC
0971e2b38bc165dd8bf1b9d24a054890,dd3c3c93dbf411c967feecabdf1b8751,8051,sao paulo,SP
0971e7340c57e772a442f0f319161c7a,953514c82635bd8455f73c54418c866e,36985,chale,MG
097384aa3c0d8e6b6646c11a53418cdb,e19b1b527d63a12e9be959cd085a5f13,13295,itupeva,SP
09740ab7c2513db9cf9e691b9266d292,67f21e2b10915487ab8f220e102b6fc8,12229,sao jose dos campos,SP
09742ba5cbfca33a3b9b61099ea648cd,cebe9c005461df797cd6341e470370d7,13503,rio claro,SP
0974e9a00257a842b2ab61eb66b3b435,ea7086ab7cd398da72b160bd0f89b9b9,4505,sao paulo,SP
09757ccd2018e779a626385c1e03562a,98aade720fde092ebf69cb336b0fc8ac,3379,sao paulo,SP
0975b736f07ef1af2adb4e91cba4a035,43af7184f8a067a1e49b68cd97c94ddf,49095,aracaju,SE
0975c3cf2e418ebfa5d1191a2dffd59d,f7b981e8a280e455ac3cbe0d5d171bd1,80030,curitiba,PR
0975cbdd343ee157b43e6104eb9fdadc,8418894735b3f7de55e38d1fff69b7d6,64224,ilha grande,PI
09760ab9f33a907e4b2a712ff12dc9a4,a4d4057c1460d5495e92aeb8c8c743d3,19470,presidente epitacio,SP
0977b161f34aad39d8f289631682299a,4220652ac3e6f750a152a66b85585810,1123,sao paulo,SP
0977ccd98cf666f24223669c1aae0180,cc600bdf917663330ad986092b9cb8f5,6765,taboao da serra,SP
0977ccfa0b60832ce18f226b73853918,c7f92ff58170af8b2f1aaaed398645b2,20031,rio de janeiro,RJ
0977e0b93fd518fc88b277900af29e65,5457ae2c352c18e3bf5cba68301d96a8,14820,americo brasiliense,SP
0979d944dc34878750e6e0823044c62a,f232e6a55d60632661ba39564ddac9d4,13084,campinas,SP
097c16abe2faea176ce88673499b5525,5634e75d99bb303da48151ff3bdba1a1,7124,guarulhos,SP
097c40e3f812fb54de808f30537ee3e4,4efdb2c26e4674bd3d71e85471b4fb51,13185,hortolandia,SP
097ce021afdda40c7055a54a30c2f6bd,0e6f346821860fcc7dd1c8abb2422cfe,12955,bom jesus dos perdoes,SP
097e8c3630bf6bfdcd8c9d3d3c7e5eb0,d2f4e221b5f56c9f3744a9b8c0bee542,25964,teresopolis,RJ
09803e29b7c6ecb7de771936dd75302b,5e30ac16a0659e3fde66a7e3ee135da9,8275,sao paulo,SP
0980d1bf97df05137f76ff388b1b2ec9,b659edeb7cfa20089146b486dbb66e87,96410,bage,RS
0980d72e94bede8b0f7d8a4cd32511c8,f7094d4271d1de526d9a9f47d1d5ddda,35162,ipatinga,MG
0980fbc9da406c4230f108f80b3578da,be37a8ab84208f85f02e8dbad249f749,3111,sao paulo,SP
098141076c8df5b43832f45772e2f189,b6caaffd020293524814edee89065d38,11030,santos,SP
0981cb5376215f2570ccacd95d6ef3f6,8377420a8b3549f6f40dca93815ee602,4723,sao paulo,SP
0982ebe8a8eaa4ad02c7ee5351aa224c,75435e3ae5631d737fff0c3fc8083f04,99890,maximiliano de almeida,RS
0984d27d6583310ddaad418a2854ebb7,ce0314fcb20275203d37f911693fb898,12230,sao jose dos campos,SP
0987ae71e7ad93d01d1202b7299fbb50,56bc36aa1d5d1b03965ae45caadb6598,13343,indaiatuba,SP
0987ed023b037114d6e4e6744f2152bf,57dc5ffadb04793be6e216b39737061e,45315,milagres,BA
0987f577dc4e1a76929cf8cf9be30990,1f3f63978e635987c3063bd1005037f9,32606,betim,MG
0988135a29d2361384fd5bba17bf952f,a7f271ab63a8259a9051c6841af53891,9040,santo andre,SP
098893faefa0c7e41222c40a4fb97b94,b1482f131c2d685fb4ff0af4b9f1bfbc,60165,fortaleza,CE
0989ad22ee10df514ada88585ebd3101,37d072bb642db6424d5b3693de406a4f,37005,varginha,MG
098afef7287e209fa5ab0fcd6981a45d,2fa56046de7e875be1cac671574efe87,81570,curitiba,PR
098bf3f2bb9f2bcea54e27d17f29c000,f8142cc469273a98f4e54e315b20ce67,8577,itaquaquecetuba,SP
098c4d55ae6761b13901be67e6f22ac1,82e96180bc6414637a1c25c69d36037e,22713,rio de janeiro,RJ
098c96d2631a752965edeaafa21b307e,b01d57cce1bdc5df0c455a58f3f81738,79940,caarapo,MS
098dd85ba7d190a7ac3f80a3e6a12b93,5c6e46c8c14d5afd094494168ea565ab,38182,araxa,MG
098e41aa4dee243c17bbe8973499c960,1c5be9abc44551378973dc44efef78dc,26545,nilopolis,RJ
098ff9996de8b54d861bf8da445ba2ca,9e47811def6c1467905f6bbcd016d179,76824,porto velho,RO
09915c12803ae121d230703fdb376015,b4de17398d2dc5bf217db110c3ba67fa,89825,xaxim,SC
099197f5b3af6c03f208f70f62df794e,2193e33803ae472856950a43406e2dd4,3347,sao paulo,SP
09925cbe133c99a8fc4512393f569b3b,d444b143c29048f17e7f370bff4e3e67,95755,sao jose do hortencio,RS
0992bb382c2c55324fa17f925d9a66bf,2fd6a08f6ec728ad2791640b2a45cdc7,31110,belo horizonte,MG
09934ba1d30ffe40370a11010fd1ef7a,a9065f9f5e4e8ba2ec28fd0772e91c5d,5835,sao paulo,SP
09946974353beb03aa00adf0004610ee,204df2d520aa8457fe3b609be2e26070,11020,santos,SP
09946d4f0a58f040f433d53139e2a2ae,00cc0061269a99836cf8b029b1d0177d,11035,santos,SP
0994f4004d043a6b92949b75744e0e52,8087ebdbfc13d2aef5f18e68f0f83509,88708,tubarao,SC
0995a25fbc15194295442e91c730ea6d,2a88becc8483051d9bd6d077111a3c0c,37190,tres pontas,MG
09964655437e26066ed5c95ef397971a,21d2dd8393e557d9c7fd7c87eb2541c4,37200,lavras,MG
09976665bcd109e7ea6ed20415c6af52,f273a84cae4a2471cd80beb382d673bc,3114,sao paulo,SP
099777051fbedb21f76286089db72fba,dd5d0ea9be726f1f67631f4b61d1d498,22610,rio de janeiro,RJ
099786bcc7ebf2f323ecf03a9f54b02d,7d435b111211b3f34f6995914fdef980,13063,campinas,SP
0998fbfbcd689d31ddedcb38f3fd8105,a84b054411cab9cef6857aeaa4763426,11045,santos,SP
0999c7720d666729eec4968ae4ac70bb,b65a65447f8a14cef396f6fb89195088,25954,teresopolis,RJ
0999d46493c50913867f47b39d5a1114,46497b4ed83c7595a9c8849ae86e5392,60760,fortaleza,CE
099ad0974e8f18865f3c0aea78af8b56,0e8086b5bc29298fd8da659b9a7c52f7,84035,ponta grossa,PR
099b2cc431e3ef6cdf16d32b2b8fbc34,62b85da215b6371494064b5dd7e0ce9b,4368,sao paulo,SP
099d4294d899dbebe71857546475ddcd,9425ec21c083ba315fb70db882c72de3,89665,capinzal,SC
099da9e0fc3ea53e74144c6f8427ae07,a146081765b59c325434932f131e2a98,27542,resende,RJ
099dd240798668d46c5989ed873226c2,ff62140413ed2eb86784fb43d2003e48,6083,osasco,SP
099fee4e83ce1bfcd2315002b7a2cf47,200b7a307b908a530a544f560384d3e4,34006,nova lima,MG
09a0486222db9cfa202cdc41036569a6,b9552b35e95fdaac16fbccaa2610c3df,9060,santo andre,SP
09a0d5917164e6feca0c77b00f6c7a1c,640e0d867e85601bd8e64029df6034b5,2534,sao paulo,SP
09a1bfe230250d668671a2415e97c4e0,4ef529d89c99e136e6821a1c470e7353,27145,barra do pirai,RJ
09a1d8d34896cc9569f3019eb0adec48,18e18ed65f66796b16d0ba5bf0d68844,14030,ribeirao preto,SP
09a3bc3236329de95ec9cae4f72cecf0,ca997cc72a8900d11058f233cb67858f,26080,nova iguacu,RJ
09a4411bb14055b9d846fac02dd79782,320e13a9e22b4e4cda8c17ed1c140ce0,13660,porto ferreira,SP
09a4d9a39e24d6a253196acf5a41358d,5d0178b3ae43ec69cf3482b72348b14b,88052,florianopolis,SC
09a6d481d28965b838840b78bbabc13f,5bb42b830bff3dec259d44a9042c16b7,60822,fortaleza,CE
09a6ee079b6cde6bb2383abad4a33300,62166adc5b30005dfb72f2668ae6ec3d,42800,camacari,BA
09a78ec0943f7eadacc89495a9237fe6,0e82580ef84ece34235fb0d46c2e8024,24241,niteroi,RJ
09a7e4373b4208249ed773ac7ce87f1f,1a1e56f521a1feded118e92420d3d69e,4910,sao paulo,SP
09a8b7bb892b1e1e1d6fe4ba1d727ce6,7201fa9cdaa4c04d2b26c2c0d6329726,18095,sorocaba,SP
09a8e8def9850cfe020c94330814ce94,a063b616094aedb793893b38ad6ef6f5,96760,tapes,RS
09a90a21ae1d1a693fbc83851edafead,f8775885b850a0a164eb55c1d12c8821,6858,itapecerica da serra,SP
09a96fd349ea0b1ab69fc3b5ff0d46cd,37299efb180b2176b103d313774e5fd6,31260,belo horizonte,MG
09a9e4bb743add1caf57d39d8e6223b5,5cc1cb729d795ee1697ec65e089d76af,6414,barueri,SP
09a9ef35990d77c960763ec0c5a269d3,e4384633fb2c44dd9d702f57cdb22867,16400,lins,SP
09aa1b31dfac63e1e90d5ddf79560f86,698ffce09a7b0d5674f46ed3a048bb23,24360,niteroi,RJ
09aa424d8165256bfedf995ba5b017af,f8d48674f62ffad2d2a1fc5e0bf483d0,4363,sao paulo,SP
09aa95fd4e9472f20a0beed7b6ef0681,193fd9d5cf15050e14d7e67726c07364,33805,ribeirao das neves,MG
09aac084452bfe2880d35d02858aa98e,54de682f0fdd9e588983277f98bdd15d,5409,sao paulo,SP
09ab2c2de0ecac3c7cca42e6a9dea0c1,cd694ea528e48cabceeded7137cca7b2,95185,carlos barbosa,RS
09ab4ae2ecab51b1bf620bba0027abd9,313d458d078d9c1783ef3b8b93ba56ee,40323,salvador,BA
09ac864dd74dde088017581dc9353ac9,56c5db1867649cfaa9585faedfa14e0e,36570,vicosa,MG
09ad9d1167eae6f24c762b46f6470aec,97f6bccc8a818d0d2afb5de2cb2690ff,12513,guaratingueta,SP
09adf5d66c6cb9336353b2b2f4186e1c,0ade8f2feefbe30e6fd9b07b85d7030f,37550,pouso alegre,MG
09aef328f0ac5a281ab557b909c24401,00e336519abc0012c8711db2132467ac,13308,itu,SP
09b05cf05544d8a96f2b7f55a89f10e9,80543d51bd76d8443bff38efce036be3,96820,santa cruz do sul,RS
09b0a4acbc34e89a6a7ea6f71aa8a6e2,1462a5f93fe2fe6e5db87bbff2950df0,5145,sao paulo,SP
09b0dfe18b73459a2a3815f963898870,cc6815dfdcff2afd48fe986d54828fc9,6766,taboao da serra,SP
09b186546a1f76b4b3cb9111dad590ca,5ec1fb912e02ca6a05594f9e55fe06f1,13049,campinas,SP
09b1878a274d15a0132b3c983ddc436e,05bc195d57fb23eee0aea9e943f01c61,6703,cotia,SP
09b383911c9df8366e4c4ecff5220f2a,690320ceb16aaf86de5c68d93dbf6721,4348,sao paulo,SP
09b38464eb15dc38f7388212f156d894,f98b5b5ddcbbba6ad958d7356d14af69,9895,sao bernardo do campo,SP
09b469184e00373f074c799968de0aad,5efea094993d7cad5dcf720125dbf199,13301,itu,SP
09b4b12a81924bb1f7149e65a6f675f3,4d191bb8e1eea602e77b4ab62cf4daac,30130,belo horizonte,MG
09b4d423124d6cecc21ae4e3ddb999e3,d82b2672014abcdd65edf3b704f8043c,2259,sao paulo,SP
09b5561e6bad06d4ce5d5b0d107a8817,1307d6e6528b4c009008594ee8d16260,19880,candido mota,SP
09b70cd516d511b2a068df752a517985,a3abc342b784863659ca724bd6b20615,72930,alexania,GO
09b753241ee4fa912911c1705f148863,b187159bc63f883bf4379572e94f20dd,11030,santos,SP
09b78c606e60c4aaf004a1b4c4f1c33e,36b680ba516567bbbddcd935cbdeabc9,13880,vargem grande do sul,SP
09b8d2be4d111c7467b4219677696edc,6bd33258105ef24dbf6d82bb7e3a06b2,71060,brasilia,DF
09bb71db74001d48fba34cc642711ef1,7e5ee303107bf4d179a0f8642d212f8d,30720,belo horizonte,MG
09bbf3e00780ccfc92e7146905ea4378,3f5e1e19d480a0e4683b1e52dcd0f257,45028,vitoria da conquista,BA
09bc7297c4f07c5be96e0c5708c0deaa,79c397d2d7c20e59cce6581a27bceee3,91180,porto alegre,RS
09bd9c343926f0210c6a4dd9226c9246,5cffd635d8749c43510edef193be34c8,5717,sao paulo,SP
09bdb008aba35184628f9ae291c7a8ca,2a09318a005145ef2b1999bdab762d2c,91770,porto alegre,RS
09bde40f449b920cb529c6e740b91116,225dfab5b48c791ac67f850bb33e21fc,18602,botucatu,SP
09be83752fa672f29dee9dc87c06ea11,02cd1e304ed649e723e88c4ef3483397,23092,rio de janeiro,RJ
09becaeb993ca4d7a5c0ea6eb2afce30,07c0bb79a7ed118f2738817d8c2fb7b0,14027,ribeirao preto,SP
09c17ca161dbd35f3e24a39d7273096e,9989367e04a5131cec4f4ae8f3e5ed5a,21550,rio de janeiro,RJ
09c37992ede0b3ef2b7b444d76ea484b,68a583388d8e467ef321890883f7016b,2555,sao paulo,SP
09c50d2e3af66a47ca1c6b4201c0da0f,b009823cfeee3095f86635d366ea8b69,37440,caxambu,MG
09c5222856be1228af5bc3c2dd8842fe,4c0c0aaace4f4f653104ae52e4811ec6,9841,sao bernardo do campo,SP
09c5713746fdfa37f1ca6a92242da406,8be5c6cc1011c8a882d3bac857955b3d,49020,aracaju,SE
09c682ef897935e677a0996cfe2008f3,ff44401d0d8f5b9c54a47374eb48c1b8,13070,campinas,SP
09c6fec25c3ac64f82417e456aa40ef1,9529c4855eca889017d82a858ccd8ec0,7123,guarulhos,SP
09c79853703c0506c3c48fe5c24ca574,c6732a395e578188b194953d0ee61d9e,30720,belo horizonte,MG
09c804cb1bb9c05c716227a2dd3d6116,a2659a2f67317655f6b14060a8377bec,41740,salvador,BA
09c873413276346d1cbfb566ad323fe5,8ef0b77c8d0915a9288ef6ba53382ecf,94850,alvorada,RS
09c87ec40e7dc86bfd0b79ccbcb73b67,023e5eed74131f86d5893680d88d88d7,75063,anapolis,GO
09c950e5e38969b67f3959df1057d6e5,825ace36a4828de05694b8047f6dd905,24210,niteroi,RJ
09c9a5bac2090a35911123fdde817548,75040767e7960d1480e126a186faa0f1,3319,sao paulo,SP
09ca1779c44a99be8f22fb0acfd3eefd,924a005e5a757eebb101239222d99467,27175,pirai,RJ
09ca2b8e58d607103af7401f7a3a0299,5a515466a6cf95bad8312afc8612d7cc,13219,jundiai,SP
09cb79df62a7ca61507fca903adfe410,996eb644658f838b44eae50e22a48a70,44400,nazare,BA
09cc193befa14d698869667e92148ab2,b8f5e262105d173c8b1a866469789648,13070,campinas,SP
09cd1b030888cd5d39ff8cf8c63da284,2f846be28c0d38ae8c401b6133e21326,95055,caxias do sul,RS
09cda23610c5275912f43be97020e76a,39900024bf0c52f36b40b1866f42f385,51345,recife,PE
09cdb569d94234872c468f2711ca0f91,ae3759d2ee307574752179acccd595b6,13348,indaiatuba,SP
09ce0754a6b5bcbb8c24d38a6ce54543,6fe3f2fcf4c33b5803e830f218451eb3,41515,salvador,BA
09ce4d254e339685a989bc8fad82057d,4d6fd65864f9f166842e7e0d51740b2b,22753,rio de janeiro,RJ
09cef74048128ea86d84ab0b84a517aa,d24b1c6f6f0b58a542d74e912fd7a336,13450,santa barbara d oeste,SP
09d08b0705e879f4d8bcd0792308e83d,a823bf289185646e289706549dfbb011,37200,lavras,MG
09d0dde3c6bfdc1a27a4ce32c54b6599,4f14fa8a19f20a4b62fcbcf4ec3b3814,44082,feira de santana,BA
09d1176d20540efe9ec72d34902ca493,03510c466e751a76af44c1a848290c8b,18015,sorocaba,SP
09d1557bc553526e8b15d877e8b86650,1880cba44eb374d1e5b26a2428300754,38010,uberaba,MG
09d1727d1983e1c41381405fbe83753a,6f22857001b77949eb8110295fced3ff,11065,santos,SP
09d1bc53f084c9c2a597d1a7d6329ecb,4617687e1243576cb864646dc3c5e323,70655,brasilia,DF
09d2b0f3a7f77a37f535a89bcb22bd31,eb054fffbd558229641ca64537ad1f7d,48608,paulo afonso,BA
09d2d62001804e7ae2af3c29b13cb36c,e965a5500443e3e4746a2230aff2f1db,95900,lajeado,RS
09d35a85e870a6f5425234574a0ae1c9,61ef8f0d68325c9d33434d23239086ba,36340,resende costa,MG
09d3fee85c0b42b394d08b20e7010f66,ec33754027e330ffcd8330bc62925dbe,59062,natal,RN
09d5928beb6589630dc2dfa45b7a8706,9e9d195416024b1dfa8f2905821bda8d,21360,rio de janeiro,RJ
09d736fbf93b015aebbfcc66ecb56c84,10bc5c66d2891117dcef47e124a828d7,1541,sao paulo,SP
09d7f60a8fdfeef225e4e5dcd447047d,022e9ef39a8047a24a813f57ad382b94,18143,sao roque,SP
09d838e068f004c2f5c06f15e156499e,e325e139452a1ca05f5a33acedd7d94f,5335,sao paulo,SP
09d90069e85e32d938a8b997024c7ce9,371beb9233022ec6eb3b3c0c7e02cdf9,18117,votorantim,SP
09d9f64ba169a1b0e2c8d9690ef483c2,97a8c192968ddbded45b8fc64563ac3e,5434,sao paulo,SP
09d9f8180c32474c99e6d50b0400687b,56dfd0cb7bce1329fe8f4766746f0078,29047,vitoria,ES
09dab15980f3bbbacda11d9cd2db9466,f398cd9f21e2d341be800b3fcdae11ad,22775,rio de janeiro,RJ
09dab3740fc9939d1978f358319cc0eb,e1de62e03b4caf47d48b2dac7d8b43c4,9240,santo andre,SP
09dc5a66a719f60515d3c23a404aa693,d6b66d6bee01652aacc92254b6d7dab2,21557,rio de janeiro,RJ
09dc6ab8331acc30ed0e578301d5fd12,ccbec3985151a35698bfb8df303f4064,32145,contagem,MG
09dd5b8cd013d6fe41dc343609a44cc2,63aaa0042a4983e7cf9ca741b0ad1849,3366,sao paulo,SP
09dd621bd52c70a32eb2e306ef235b9a,36789cc8128e4a2e16d581da32b76d45,49400,lagarto,SE
09de89d73728d8ba98281f3b1a73e9aa,6759159ea4c86bd73134b77aa90f13ce,11443,guaruja,SP
09dfcfc2eb69eecaedfdb6855ca8301c,5558d8c7f7c3bcc6a75df959fd9f7857,20211,rio de janeiro,RJ
09e01f974b9533109a46281624e39808,91c54819f9e5ef20191322ccff6ee282,13613,leme,SP
09e038e546d675d90397d0069311cb0d,47cf41d2e19da7110df5e5a6074fa873,12235,sao jose dos campos,SP
09e0df89238876c0ae98f6eb0fbe08c4,5ede8fb528303cdb7aec5f9c70ab1522,11730,mongagua,SP
09e1847a8809a9ffb12000a7b7853eca,1c05d0960d1f777d8fb51e1d9293c3fb,28970,araruama,RJ
09e28006e0a25bff69fc0f9cf24e147e,209e5691e2cda59cd71e45417d7f95a2,89190,taio,SC
09e2826379ca2fed821563c9049a0a77,e56c92245b4ec59712e11080051de6e3,90220,porto alegre,RS
09e2f116cdbdd143542837276b1e91ea,3a690d57ffe6162386eade1f0ee685d9,3925,sao paulo,SP
09e3aaa17d44116c17b6627e5e9630d7,12ee9e2cc00e2a5156a2d869b82938d8,35430,ponte nova,MG
09e3c49cbaef2200d7f8b129d96e9d0e,f427be7beb3abc0b1626c108aacf588a,79630,tres lagoas,MS
09e3d637b4e4aeca1aee39dd87c0ce52,52685285a351700c230d7360fe1a5617,22723,rio de janeiro,RJ
09e3d93a7fa1a9ee761515837305909c,d57b4e10da28296cfa28892bdf51d8cf,20551,rio de janeiro,RJ
09e4734a1345b89246cd9f4bd63b549f,12f73aed4941f539940f485d0708b36a,3112,sao paulo,SP
09e63aff4c3961cfadccce6865e4a647,708cfd1187c4b79f3f08ad2fc6d5fa76,9132,santo andre,SP
09e96f4ee8ba811ccf2e32141870e3ce,0b24cfce396d14304112a4b62324035d,2021,sao paulo,SP
09e9e2fce62bc2e62fe05b73fe573de0,f02fa1ed8c08fa088333c33e43e1e21c,66080,belem,PA
09eabd495689fce0ed536d807c1cdc0f,5b5edbfc98d0041a10a3a291b80c1786,17670,quintana,SP
09ebe1786d9aee6e06ef0fae650eea19,1c30bdec83f29f5c8bd1683b0df3b0dd,83604,campo largo,PR
09ed4e9b4faf4f69fecc31273d565cdd,557cd07fbd892abdb1dc537a91ac9f00,9291,santo andre,SP
09ee0d14edaef21ad79e2b2f4b348b84,0de07e48b74e2abf02f2b2fcf41db31d,67130,ananindeua,PA
09ee6d919f1d6e927ada072ded4ff82b,ee632237c180e9c0ff81eecd16a164c0,6786,taboao da serra,SP
09eefd631794ec720959fec7a3693db8,41754bce43d7d9a4398d70756d801e0f,55014,caruaru,PE
09ef509fc555b2d216fe3ed055d30411,f0923175672d40d69c347aba93218ce3,41181,salvador,BA
09effcd6d3327e6cf34133be919506c1,a79738f63a36bcb4f4cecf3b8fac3cc5,64078,teresina,PI
09f0687c10e265596b8b96b7f63ecb19,6f0e5d6ed7f2ed2a867d979212b1f129,89802,chapeco,SC
09f166677f364961abf0cfe78df50b03,f84e31805a5c477596610d415106bf2a,97650,itaqui,RS
09f172135a40bccae4067425f7abe0a0,5612bf0db46a6c1527df7dcceed83984,6365,carapicuiba,SP
09f1f35ba98e019dc3e29823af2954fd,a93676a2b28d03546a7a9f349f1c6ed4,89814,chapeco,SC
09f247d80ae5e78ad36a6143b80967dc,9a8ad62bc98119f5b94c149c1eb4c971,14790,guaira,SP
09f38e2ced1fe32a87b56f43e079f6d4,2e0081869569510bd3c45a71d2563ec8,62725,lagoa do mato,CE
09f43bf7af6341180e8e334b0cd50a3b,90c879a6be23028dbe6a450f8d5c10c6,22631,rio de janeiro,RJ
09f4eb3d9181512ee7fe4bb6fcb5b1e3,b07a68d575f329bb71dcbd58e3fb5a16,4760,sao paulo,SP
09f548315be5f30a9610b83ad933aaf1,c1c2fffe3d49911803df2e157bee7aa0,55700,limoeiro,PE
09f5cf3f546f034dba3dffbe08fe48ec,8488e3d79708291f8c8e013e42ca07ff,2752,sao paulo,SP
09f684f838e2d8ad58c6ddae94ba07e4,33623c58d25498b52a6efb29f3b0c6fd,29015,vitoria,ES
09f72882ee46dc4b201c6fc9ad2d7dd7,0dbc11931c115ad195729066a817c54e,46580,tanque novo,BA
09f758f6da558eae5292b1a7718518b2,187e8123a324cc99774211a6843941ec,3041,sao paulo,SP
09f891a12438a14831755819c1338f99,857a940719e0cf888b5059c31b9d14cc,92130,canoas,RS
09fa775305489c7a8c4782738c7e67be,93b503b0333e115f56d38411df95d833,28013,campos dos goytacazes,RJ
09fac85d71438b3400e2dfb08689b649,5927213eff0fd6ff6b50b7061e5c1134,23916,angra dos reis,RJ
09fb0a39eda61227d0a8c0627a01b9e9,17f90e61c7a2989f471041837a075e5c,74650,goiania,GO
09fb2d2b184e3e8fc038bb62208006ef,dd8597e65bf2b021b51241cc8c4f9dea,29047,vitoria,ES
09fbecf8830f7101507de86b623f24c2,20134a16b116e15ae14d29d8511ff81e,5101,sao paulo,SP
09fc8ff1b2ecc31dcfe55d4ff7e4314b,da5af046669c1e45972ab1b7bcea6723,13061,campinas,SP
09fcda7c9853505b4e80801a1dccb90c,e7d3203514e1896867c3aaf771bca72f,58280,mamanguape,PB
09fce00dbd0b6ac2ed1518c936c26527,ad7b16fb5d5f83db58c65bd87ea3d3cc,29770,mantenopolis,ES
09fdefd1702f72c144ad0de71d639900,84ca535d59fea2119e5a15627cdbc1ca,4334,sao paulo,SP
09fe2879d6e51ec7b16ec794dce544fb,e182591d966613d6985100ca20898a38,38705,patos de minas,MG
09fec4d70947d5f83147b9e781962e8b,01d540906498d52fa3b7f10b5ce735b2,37110,eloi mendes,MG
09fee363c49da6146b7d88e34002eed3,72a3dba8de3d1b2d6f89946e019ad958,31270,belo horizonte,MG
09fef67c127958d557d5fae582d5091f,525cda9909aa001ebed396f6e55eae01,89120,timbo,SC
0a000341124b520e8aee66df1f6dadc1,82ff394fc2b8861825166bfc7ec12644,4205,sao paulo,SP
0a00fd16d3a68e73856892a6a30201f8,3d4ed585a581257fba784ab1a94190b8,8584,itaquaquecetuba,SP
0a014efd7c067b6527b82c28abef318d,04ae551b5f47d2ad463a30d96c15ca7f,24230,niteroi,RJ
0a02439f8fd6fa72b2aae3ce079e553c,b58f03f2b8052e2284e206fc895778e1,15710,sao francisco,SP
0a037a0b80df2d007c75cb8743bcc035,091467fbc7af4ea51638267a0b3c267b,88113,sao jose,SC
0a03a6a1d24de1a847f6a8a26d5ab014,cf587ddafc6594d449e7c643883a7aab,26032,nova iguacu,RJ
0a03d3b2becf1e6ede584a394d562c45,e39a7d7fd722668fe4c6b9873ee72638,67120,ananindeua,PA
0a05250f6702d7949e237fa591546429,8d692a436fa634e911ebb1e69bb0f481,57601,palmeira dos indios,AL
0a056fbf5454d67770ff0787b3235200,532fdcdb06e4266608a798f54fd35d8c,20775,rio de janeiro,RJ
0a061fbf0086ab5dc3be576189a0f2c8,03af1d692ad6c5b722844ea5db15d234,7194,guarulhos,SP
0a06694f03b9707bbd095db49e7a70fb,0f1a32b54d249bb2b49025dfac83199c,13044,campinas,SP
0a067beb29d6e296865cd7810d98835f,6102bae6e1be877b91808059dad2dc39,3733,sao paulo,SP
0a0700ae1606e3682281763fc7f1b50a,e979170783d20d90448808ffa2567548,22430,rio de janeiro,RJ
0a0707897031df730c9ecba5a657fd1a,3a4bb6937b0819e7747cdd7898af4b85,65800,balsas,MA
0a083c0972f90498ff5b26cba872b2be,549b66e101d705e15d0855704a2836ca,85139,colonia vitoria,PR
0a088a15031cf50f98f92d3e525ec7a3,7c8f8d3ff715607148146c64ecb64b11,36152,goiana,MG
0a095e1e6ef438f5fa02a40716b22126,a5bdd83dc32225fadcedd741693cede2,5186,sao paulo,SP
0a0a4fa4a067e329684308c3b34046d8,a2138c9b24829fd5b7b4c21ac39be33e,13690,descalvado,SP
0a0a7a0dea2d35a9a6be32e0945575d8,a950838df5be241bc39b897236a2500e,3041,sao paulo,SP
0a0a7db3f0b06e9fd2888ebab0f8a694,ee568389580761e3d6965d5770ff2c00,60332,fortaleza,CE
0a0aa6d8a3c7535375d6fd935ae19480,ba00776da416ac411a72c9ab6747c8b4,8773,mogi das cruzes,SP
0a0afd6b325c47238bc79033025b5a9e,455025dba231735f3760572a92a7dd6b,18290,buri,SP
0a0b289b31e52a51a3368b171806a8fa,bed06c4ebe1ee0d97cb1ac3f9dec8766,94075,gravatai,RS
0a0bbfea197837368084c3f9e261036d,69b7eeb81420bf2537b4e408c6bfe219,13218,jundiai,SP
0a0c2a4fcc642872a37b8454f7c4df86,b03346a8e14bff6e1d669625df319821,76550,porangatu,GO
0a0cb67a965b9c7e35f5595053b79bd3,730ae8c327cf72c645de5fd7238ae4dc,4311,sao paulo,SP
0a0f638f52bade74d67c0239da49e2d6,4e65032f1f574189fb793bac5a867bbc,9531,sao caetano do sul,SP
0a1086a4021cc95c10d53035aa0e012c,1048bfc5f32f7cd7ac2b4f4e3cbc3e26,3646,sao paulo,SP
0a10f2469747884fb49105c75f609257,ab56d7563ecd7aff00cb5fe00db3dd9d,40760,salvador,BA
0a1127a5879366e0555a171030b885a6,ded24619533c8eb2c88e4613658ed9ce,4937,sao paulo,SP
0a114fed90b2ac4880fba1aafd2aefb6,8471affc394b9e5ae05893ba08417854,6414,barueri,SP
0a11cb0fb65032da800b780afcc1a1b7,b91094129b0c7e78a2d312269365968e,80020,curitiba,PR
0a11e66468367c652e30429655d26fc5,8f4b59315f664705fdf746a775cbab63,9750,sao bernardo do campo,SP
0a1320235af1a4ef421c222c1ef4bdd9,e2e1fa91f1abd93f5072875ccb808a21,5712,sao paulo,SP
0a133589395921bf74897e05ec96f1f0,84b0fff98a58a5dfa9dfba4a5d42056b,6713,cotia,SP
0a1431f7019951b42e8a79ca9c9776f7,522c68e146981cace61c73f0c0c29a24,47850,luis eduardo magalhaes,BA
0a160d7838c9baf60991f2b623ea69ab,253a63a026e59e4e13818379476836b5,29128,vila velha,ES
0a165647633fca8a08bab0951c4c7135,a5ef5cc7731fd9adc29b4190154c1730,6753,taboao da serra,SP
0a17774e2dd7d6ac0358feaf1d4c1513,acbe78066a868389c9314bdf3c6ed940,23040,rio de janeiro,RJ
0a18445510505b0fbc67fefff8231df0,38a030ab9815973cb48df654a98a8368,3041,sao paulo,SP
0a193a491e9dc580885abc4083f70b05,a9963a518611924f07c2c7a3ab929c6b,3121,sao paulo,SP
0a19df098ca05e7b026022a068f216f4,98604f5822a62e29afd0aab27caba202,21815,rio de janeiro,RJ
0a1ab2962856f2d5008692f7d6e22ce2,b17404f111433a88df165b1358bbc15e,7051,guarulhos,SP
0a1b402981c8f8b2eaeb86a26e9deabf,c9216e46b4e91af51b6688f2170ab5e6,79240,jardim,MS
0a1b816a9e0ae82eeaa2c15a91f98d7f,356196152e861e77dc01ce20d6b8a412,56760,tuparetama,PE
0a1ba4d9759b93977706a92fa5606873,394144a44bc0e9500a4179f320dd522a,22630,rio de janeiro,RJ
0a1bd304aedee91a65a9692e70d91998,a8beb07b598aff188b86be92c67e0f1a,29785,vila valerio,ES
0a1be8bb3e919bc8876626808609a2af,fc685f5d020dbc22ef7dae7822f336dc,38320,santa vitoria,MG
0a1c279ddef547488042fce76935f5db,fe21f72a3b663deeabf0b9067427cf62,4858,sao paulo,SP
0a1d65d1119db7e9c8001e375df6850e,187d1b6b41a11171765167c68e8c38b7,16700,guararapes,SP
0a1de65b371609807ea80d803b47cdc6,58527ce16a6e4997c8ee4ee2b2b58fb1,20081,rio de janeiro,RJ
0a209a88c2e3dc2981c79ad85c558059,895617ab63a9ad8881d9470f7427cd25,80540,curitiba,PR
0a20f53373edf1ca3cb2cafa85203d33,66ca2ca7492e19de95ed449f66a8e664,8440,sao paulo,SP
0a212f686094e52f1c0a36b0c4f01492,991fb12436c0a10455780ee10ab6f9cf,6783,taboao da serra,SP
0a215d233e87a33399e8defc4598588b,47770fce2a0398a1da5ccd4adf5e515b,65071,sao luis,MA
0a221a23ca36b34f1636bfdd15dc97a2,be40dd02e486b93b8b4128f2715cfdfe,33600,pedro leopoldo,MG
0a22b6d860477125f1aa8484c4887615,a5506a2f70dbaafec3c5fd5de125edf9,88220,itapema,SC
0a22d8d52773816e0f996063699667e2,2797cc1c85376137b29341b675e76bc8,15410,cajobi,SP
0a24129b7aba68c67d83fcfd94ace35a,d3738b2218832d0397dbbceffa3f3514,3694,sao paulo,SP
0a24a365e81dddf7b29f787249fa31dd,9fd8f5f94f581b8cec25040424b15b30,36880,muriae,MG
0a2780550bc97fe90afaf6fd59934a86,421e78f2653c7a9f6aedbe5a258390fa,91220,porto alegre,RS
0a28710d39c87618a19f30a66d3a70e4,bc75c925b9f7994e23fe4ecd6f1004f8,59184,vera cruz,RN
0a2883594e4e7a4a978b205dd7bcf909,f25f4335773e57531fab383b2a86d978,3122,sao paulo,SP
0a28d1fd8e38cf81c39dd60eb59ab219,0823b56b19dfa15f74849b66908837df,96065,pelotas,RS
0a2925db137872f11303a21dfde59d99,da90ce986b770be13138f9bb6ebdab7c,22441,rio de janeiro,RJ
0a294f6feee3dca1eea543e55cd74919,e90672947d557c841beb5ce7348fbb38,5750,sao paulo,SP
0a29abf475fb8039d2775913d6f0b6f0,840f10bde3c94907105e032d9c2fec3b,75903,rio verde,GO
0a2a3b9d1077f4b509232f38c3f2c199,9a0eefac2d296d66e1ab1330e9632f14,95150,nova petropolis,RS
0a2b417f16a1f57ac465aa588a7367f9,011fd4914a2d19b2a0e50c29cea5c6a2,3168,sao paulo,SP
0a2c4321fc554a60d3e3a7c0349c53b3,9e97fb9d05105a3429d68c118238b46a,22753,rio de janeiro,RJ
0a2cbb5dd1016b265146d7ffa0a94176,f484741ee1c9d74f29926046ff2635a4,39100,diamantina,MG
0a2d230e2761d958999166488ce599fe,4bc5169a978e02f6549db28307152ffa,13280,vinhedo,SP
0a2e34cd9906d1040ce291b056d90e4a,176a0069ac5306a9f9618601a15e4e7f,5107,sao paulo,SP
0a2e444bd70cfacf79d005476d8936b5,58f499277baa8c1ef84bb4df5d5a9fd8,3309,sao paulo,SP
0a2e46d5bf599fe5a55cef70be8ac956,e85047ec4c09915fe2abe89fac30c1de,23585,rio de janeiro,RJ
0a2e992fbd2ac576c71a9650d421a2fd,b585f93cc708cd3d76b03cbf776a4e97,89210,joinville,SC
0a2ea6ce0a7f5f632e48ddb690a10e5b,b19f2d2334cae7c37c514123705f8525,29193,aracruz,ES
0a2fb338be75030ed18b1c9073863abb,414779003a0c5293d780791c1a7b95bf,83260,matinhos,PR
0a30307a5b69901dd7dc93eab8557aaa,02efc9eaeb29fb170b9c7a5d3494372b,94430,viamao,RS
0a30e5974eb5b071a0b36cfe55704138,899e8b1252236f5fac662bb92f8d05ea,20766,rio de janeiro,RJ
0a312ef8311e4d1c2a9855f3b192878d,aecbc868489903eb0eec69ec7a088344,68371,altamira,PA
0a31417edc59c78d19a6553b5a6328a7,0fd18d821e025515612a466c926ff664,36844,tombos,MG
0a317dd750be47fc13457956d0a4d0b1,3e19244e01ac99a81ef40477138092cb,20760,rio de janeiro,RJ
0a32173125f7b32ef02aec262e27a948,bb8b06423616902c6b6d6cc7673e9169,9811,sao bernardo do campo,SP
0a3459f8f647c54834ba504e02519cbf,1f706bf3d8588cd35fb75513b2fcd780,31035,belo horizonte,MG
0a360ae8dbee32ae6366ccdce8af4b84,7e17851d6618e9babf9967e6a79879c6,72110,brasilia,DF
0a36842868e0ea8fcd234e4df971fad0,1f24bdeee3c43d9e0f0f1ec70ddabf61,4403,sao paulo,SP
0a378886758498633ec55eaa83c8ed35,937c0e5ed5ad1aff057e91d1803bb9d0,86812,apucarana,PR
0a37c6a2240aa3a2dbe0bd0216e10243,6291bc6f2240df3497537385fffdc86a,26010,nova iguacu,RJ
0a389ea18d794fc404c7bd3ae4b7cdfe,275998cc7a6a242b66a1566a11cdbfed,1231,sao paulo,SP
0a390bc3afc5179c5f3052d03059fe97,04296cfd4c18a71d06f5d34d8c72a6ad,95780,montenegro,RS
0a391086afd071406e443c80fcffe209,ca06a62a2275665a41188aad87a30ef7,22420,rio de janeiro,RJ
0a3a69ed8321984a63be9ae06d997c4a,aac2d2806373a68287b29825b4496317,18108,sorocaba,SP
0a3ac1140826e07dcd774a7fc6e288b6,0b8a4ac66e2edd1e8423e2016dc5b9b6,12241,sao jose dos campos,SP
0a3b87d87696c62cbe1d03d58d2021d3,183b3b30ae54f3d2aa95dffbafe03a51,89070,blumenau,SC
0a3bc6054705cbcbc069154c83ab3df4,3b880d16945e9d8fca79af632c433ced,26562,mesquita,RJ
0a3be6888566894976245d7cb56c0235,2ec230304bd21a8c64339ea68945437c,37150,carmo do rio claro,MG
0a3c22ec49808e2f5c430a2cbfe7249f,b59c009cdca64439c8cad6126ca35ea2,29105,vila velha,ES
0a3c4740cee6181eb4673dd7fca3410d,a826e173df23e6620170be7da0233ef5,30730,belo horizonte,MG
0a3d4445a6599dcec9458fb55b3bda89,55ee9b9bc6e3fc7eabcd1013c413f4b8,4202,sao paulo,SP
0a3e4f7efaf1befc4a84e1adcd9b70f5,273d136f7121c493a5c994c4838fa350,59196,pedro velho,RN
0a3ece42f8e175de4bf4776a4955d61e,7153ccbce74975754179a82499327e26,97970,roque gonzales,RS
0a3fc5d5da7f44df671fd0c914381077,9429db44939723fc952317ec592c11e8,89580,fraiburgo,SC
0a40d14cc5b7e11effd9b7a72ddbb24a,46b243ee048230f4654606f3728afbd5,37660,paraisopolis,MG
0a41d003cc1f61f988e15625679c1d67,572632349b72abc4677277f1faaa9af7,88330,balneario camboriu,SC
0a42cf907d8c09bedbf6e69ccf60b7f9,ab05384b69b568cd123d40c97b5922e3,4401,sao paulo,SP
0a42f79acdee1c80dc33cc9539e13b9a,fa9d48426871b8a665348bae305bbc2a,86975,mandaguari,PR
0a430289a266ecb57ad180f7076431aa,29b7d8f64474dff675987e6ef0432a44,24445,sao goncalo,RJ
0a431c57145b34aa4645a7c3b85bb149,e6b62862f16a5a748d0b9ab37670a673,21231,rio de janeiro,RJ
0a44d5a0e291790b28962484733083ad,92f10e85597cf7e09781a56e311b8c1c,69041,manaus,AM
0a44fa60c928c1db607ec5758d406560,10c04a9366e94baf4f2fcc2e3e1a62fc,72231,brasilia,DF
0a4570cba5c976d25642d380f906327a,7d87ba0bd6466390cf5d4c9735236086,6530,santana de parnaiba,SP
0a466d490a3c2fcc1e7177f4809ec7dd,d5a5ceb83234eeb855268d7fce7f54ea,89633,zortea,SC
0a46d9100178dc3af825b8eb34c256da,89fa92499f5bdf87e7b586218f1c5ec7,25540,sao joao de meriti,RJ
0a47c5efd6d0836c1b1532cb4b78cda7,5b15fc4c03e0cbf91ec544e8ef531614,4044,sao paulo,SP
0a48cecb7f6b0b7314b5dd2eea0367d8,2825e09d18caaf979fc068920029467e,3412,sao paulo,SP
0a49cae060b40b5446c56ec40f7792c4,8483380368f794011993cbca25afc573,31060,belo horizonte,MG
0a4a8ee3c788108918b12f21435c950c,867193fe010661994dea5056c27d6f7c,60356,fortaleza,CE
0a4ab446b538fb896f729d901199c83d,c8c87008ea073e6d84cb347b64d1841a,1423,sao paulo,SP
0a4b13f62e9241a32074e56893ff7b44,b410eaf91322d2f7c53efe759d59cdca,27555,engenheiro passos,RJ
0a4c9f486aaecf0f40738a4306c1d552,517a35f625b57d7c8533adfefb2d1b98,18270,tatui,SP
0a4ce54374dbea3a49d7f31b0e7ae9f6,80665862ea41735dea786a8042ab1296,88802,criciuma,SC
0a4cfbeec9f7324a7b93e40928916004,1e2984ef05827ff6f8aa167b5c406868,89700,concordia,SC
0a4de0e3a98545d94306bad0e1133fe4,cf386df397c876cb57d61a8d13de83e9,38401,uberlandia,MG
0a4e3807c23f486dea9adbdf8c73a70a,fc4249eb9b18bed24ff89e4a34eafa69,49032,aracaju,SE
0a4ed5474727fc500c7ceced05c84129,0e7f8d40e42c2fe70b2115e2121bf4eb,13845,mogi-guacu,SP
0a4f9b636589b313dfb812d24c71ec1b,4e4665adecf8eab6a5dd3d8b750586bd,39404,montes claros,MG
0a4fa9d3cf031a8a4cdf08879cdd74c5,8e6c00f85f4114571cb7f9387a46c392,5783,sao paulo,SP
0a4fcb6da2e190e60839545ef0537c06,2576fdbc06d04c569faf4ff1020fe5d3,83704,araucaria,PR
0a504dda1e89540d0924bb3fdc81b343,91b5b122bd771ff14d51f20b26a1241b,19815,assis,SP
0a515b177ea670c0fcb7dce752c5d05d,52af4256d312f86a87d868bc4cb763ec,2273,sao paulo,SP
0a51c8dc5002bbeb689ecf79406d1463,0a03bcd725fb6d109ac5cffe3fe3556f,8143,sao paulo,SP
0a53041ab2e72cccb3329613978e2e2e,3bea379b85fffcc323633e986ad706cf,51021,recife,PE
0a53171e0b4c26a01456fa4defeac4d5,3798f7b8f9b84c2789776972b9b5ec3d,35650,pitangui,MG
0a54533958d2154acac19127918beec0,913f8552bc5e548a50dcc9459ca8c709,4563,sao paulo,SP
0a558d12e4f17bdc05e2a498747d0e07,3244c349f0f8e4ec33a820cb7ed2091e,14030,ribeirao preto,SP
0a564cb06b5914890ac8f1664ece017e,96fc491a6ce0aa111de859fcb5411da9,24730,sao goncalo,RJ
0a56a72b7f2f8082430eba1ed29814cf,3ee9e64ba69b67a038f3c0a28a3c784a,73340,brasilia,DF
0a5711926203d47f8b6f18f5443bf868,4023332a1f99da8f3fca0549c6b501f0,78043,cuiaba,MT
0a57f7c505eec1304c1ca927efadaeda,3819158541d845d5329ae1a8cd0a5835,88840,urussanga,SC
0a580ae1fe47a7b5c8cc18c18b3336f0,8db6150caae316a6a9a8a1e10dfb504e,20756,rio de janeiro,RJ
0a597a4cf23ce9647ccd5d0dd07a11e4,9de824b81c9b29e8d9d08b658c88ca7b,4143,sao paulo,SP
0a59f8ef2c08c550b607e7a5b71c754e,c8bd06c47119f3cde6606b5e829bd861,99072,passo fundo,RS
0a5e930da019167d37d29f85872c5f60,7bb13d6b4074bf6058ea0c8faf957909,41500,salvador,BA
0a60413541d00d686cf4a7cd994cc1f2,2c961ee955abb3ac9a80babd54ed4156,2312,sao paulo,SP
0a609dd8db7a72373f02ac17f3202516,95ee93ba24b431926b282590f4341d6a,90035,porto alegre,RS
0a60a71e2886cc3c0d92fb7618073020,685217c8a7f64006b29129d207c29e47,48895,sao domingos,BA
0a60a88da14fe26085b43aa273f3cab4,91c0f63f667f47079b5db33f7e7e6900,2920,sao paulo,SP
0a619d59300a6006492675a53733e51b,805e5a317f4b3e1afccb9dfd71287a36,24220,niteroi,RJ
0a62a6da974f642ec39e568234acb107,884c08cef28bc304817827ed3caf1e82,86470,jundiai do sul,PR
0a62c127d067624dbf0b5976d07a1d1c,eb2f4f39f3e9662d64281cf9ecf86bb1,26380,queimados,RJ
0a63548671f07e285558169123b2ab35,8c23e3b44342b28b61d131be61a5e938,41218,salvador,BA
0a648d9eb6a9fc8c4a26dfaef8b3b3cc,c525d14195dff08d524f31a2ae76d9d9,35400,ouro preto,MG
0a6591b5ec17ea92540a164d1cb6f495,5d631fc8788c144db8caf96b4f387e4b,75170,goianapolis,GO
0a6632dda0d9f62cf1373d1572587f82,3876d1b53794c166d98dfca509982c61,22770,rio de janeiro,RJ
0a663660b4e386d4cdc7f69376912e1e,092d9a82f879163bc21cc66a73145b96,2131,sao paulo,SP
0a6851c4607181b4a4a770cbe556b822,82809cee3c35eb89b4dd4d2d1a22eedf,13040,campinas,SP
0a6860bf531cbda0c10e174657d4e375,5f06c03e3868fb73b6c70ac75fac6e34,38600,paracatu,MG
0a69a5c6297718d8964fba58fbb675e7,f2d2623248546be027a13f28302413fb,6436,barueri,SP
0a69b1982841326bf633a5073f8f4c00,0304e4d219a41f8976eecf4c06cd87a7,12091,taubate,SP
0a69d4359bde323285be50f7b6e0bda0,3338eb58604120638a747086344e72b7,41620,salvador,BA
0a69fc827f07f7d333a26d63530bbb5d,a2c15de05ef380b5a7eaf915898926db,20241,rio de janeiro,RJ
0a6a12cfdcffefaf2c8d346a7fae26fa,db78d8fb0bcac2d3cf5564650f634c73,4169,sao paulo,SP
0a6a2c30e710204472adcd654bb7a662,a224940861ba26095fb10ba2fbfcc7e4,39770,coluna,MG
0a6a72b2618f517c0ea6c4c43037e610,6eefa309faab7725bf4b9dce147e4ae6,15930,candido rodrigues,SP
0a6bd5b2b853de0e3f86708f42712ccd,4de6fb6ca696af186a729551a1a0e9d0,5625,sao paulo,SP
0a6c498b077e72120f5bb62c3a1c2c0e,0a1d505323970813602fb0a7c50aa484,91910,porto alegre,RS
0a6ccd3492e9fd0bc8ad7f4ca7efad1a,49eb3e27a6fc361609658d710948cef7,18520,cerquilho,SP
0a6cd2ee840ed7c388c5848c10fdd004,379356bb03f1b017775347c6f6392dba,13482,limeira,SP
0a6cd5472a5da8843c9eb2237f4ad942,ab97348f0ea9c126b5465189adce22b8,32110,contagem,MG
0a6d6d130bb7aac1135874f5768ae229,369178f6105f8a6d5f54d80c9bec223a,20271,rio de janeiro,RJ
0a6f43d2b03473a5c59ba520a15eb44c,5fbbfaa43eeceb5cca3ce8e4b61f139d,24241,niteroi,RJ
0a7067041afc571451c8425a1e7027f9,c6cfe482a1da1767c03e42427013b92b,68900,macapa,AP
0a70df00420916bdd44e37bfdcc0d5b5,a24587c47d40ff560266576b543d16d8,13360,capivari,SP
0a7123262de5b94fd6618f3a1e0a640f,aac9fe3a15cd18dda46f91a7326c2e69,16300,penapolis,SP
0a71f8c6192e87a6cd6615bb9313d888,9ea77a6b6d8ee33337f12baa8ad25a27,6826,embu das artes,SP
0a73eee582826e3f9ff1c5e557716c0b,0461e1439177eb1bc814bc4d48dbd0bb,6657,itapevi,SP
0a743c09fa3a7d168c0577b14d7c8d93,39fff7cb5873a7116b02234bd1e6c6dc,11320,sao vicente,SP
0a74d155c76b730bcb9815de31c8d668,fd49190c30be7d19c2d88ed607985406,13212,jundiai,SP
0a757255f246d2d0d2a59368280e27bf,09c6714474a00b7982d406b4af1b29af,4710,sao paulo,SP
0a76f003f75729860b9ed8ab323df7d6,d8ac1d624831be00cf56fcc49b3db6da,4833,sao paulo,SP
0a772b10ef12b6b87ccb345a44eab70e,a8561213c3aa6bbc0ade2e513ba99359,77064,palmas,TO
0a7798689bde326ea921c4c1f9b2cf48,0a3d4f596bd69fa0b5f599c4b66b9dc5,8290,sao paulo,SP
0a788c899a1caa2d6a12019e8828fa88,b89e8adcd81b4e77d1d67eed240eb456,17455,fernao,SP
0a78f8e47a705e10082383eba3165dc4,ba4c1ae8c5e5f7f9de59ecf9723bbd97,88036,florianopolis,SC
0a791c41f6f639d2cdeba44d05e6ef04,002ae492472e45ad6ebeb7a625409392,72547,brasilia,DF
0a791f1725cf14521669d11593be474a,965f06741901098ff2f2b542a257f308,78200,caceres,MT
0a7a01c85394193b60b4edea15964d7a,265e2e22b38005c7d8bd4446b0943e7b,8061,sao paulo,SP
0a7aa99ac73533c0ba784bcc47b1c5e3,af193220ef9da8d32e1c4cc37b3cf916,5334,sao paulo,SP
0a7cdb607bacd00cb014013d91f5a218,695cb366a3030919b19a244401a8f017,6070,osasco,SP
0a7db3996b88954c7aa763b5dd621d5b,15637b62dfa4c5a9df846b22beef0994,52090,recife,PE
0a7dbfcfdf274bc1e1965b91489ba2f9,ff222edf83338ca6b35f8e29871fa07a,17047,bauru,SP
0a7ddabd98798908cf291b4186d1fc1a,42618546545527e0b228375f0a0b2941,25963,teresopolis,RJ
0a7e708542b39e5dd6dfccc8a8e3b7c1,29518d17896d6a0902847dd45fc11516,28021,campos dos goytacazes,RJ
0a7eaf59de0cb85fe7a904ecf2abae88,11bf151e14f4e5ce06f54c7eaf33490d,1044,sao paulo,SP
0a80080a56579c6f51865b39c589b3b3,a327e24eb412d88da38902427a3cf4bf,20040,rio de janeiro,RJ
0a8063db2632efe502814c8917d7b4a6,4aab13ab7f6f9109fa6a996ff4b2cf4e,14680,jardinopolis,SP
0a807f350a7bd316e9f76ee5382f16d3,6979fcc892196af0236d41de9e17096e,86825,marilandia do sul,PR
0a80c615ad59007c4745f7b74a9759c5,a4b2fd32d91063b821961ac5fb4dcf8a,21540,rio de janeiro,RJ
0a80cb0961116e638ec1e053d8107557,684fdd89d877968793cfb9c8f7ef7874,13212,jundiai,SP
0a81199e6e7a385d86f18a1258b0f032,04f77b7f7b56c59678f6bf85101328e8,9783,sao bernardo do campo,SP
0a8189ab957e37ec9490424e8ecf9050,1bb560cf89ba509f0a4feea96c49c9b3,28500,cantagalo,RJ
0a828bbe63b1f5310f2bb1fb634ac62e,41857525a60f8b68c871d3db097a6207,64056,teresina,PI
0a83963fe3f4833080dc7847b30cee76,f2c2365cab7dc57ab8c90f9c3bee015a,64570,isaias coelho,PI
0a843597f711e82638c06f81db65eec5,570fe0206d306ae535057db2e5617597,11075,santos,SP
0a84514b054a38a558ad0874beebf6af,e13e8b789e5a8e6fe1445f924a4ed4f6,41815,salvador,BA
0a84f5dbc13ce8afbc36bcd1b36a99e1,6e11e16d3462b2c39fd10e642654dedf,72917,aguas lindas de goias,GO
0a851332c413fd5042a7ee911ee6a07c,97fc8d4ffceb37b85a1286dce44c6a7b,82600,curitiba,PR
0a8556ac6be836b46b3e89920d59291c,708ab75d2a007f0564aedd11139c7708,39801,teofilo otoni,MG
0a855770d35117e1c808629c1f4702b7,b42865717e1044fa15f3143ce4a9bdef,13087,campinas,SP
0a8590845fd49614cc44c39969900ac0,7fed6fcfb96f437878e2ebc315055eee,97280,dona francisca,RS
0a87bd2ceb3e27e223105f958aecbce7,ce2de6c78c869d87214c95118bf5af27,8050,sao paulo,SP
0a87f40f674858ab38bbfb2e069f8437,a604e2faf6a2dcb2eb6ca87f5600fbc4,9510,sao caetano do sul,SP
0a884d4b833450da796608869e509d8b,9b16f87b2b40c88ee30565061ba55e38,5630,sao paulo,SP
0a887e506b9ca97cf5c00190118d6c54,cfa2f237bb69bf90590d25553746e604,39508,jaiba,MG
0a88dbb52560ef62331305c8c92488b8,b3a6549b3cd47a7117094faafce8b10d,6036,osasco,SP
0a88fe358661f9b9cd87d419e7bffcdd,655456320877a5b071dfa4ac10bfa161,4710,sao paulo,SP
0a89509ed51bf4b266a89f0dde0fa883,810581f011b77fb9ffb69c1c6d3c55ae,75060,anapolis,GO
0a89839c1ac53ef740c64b6ac372e550,06c1d5b76a376c34b1e1602f9a000395,89900,sao miguel do oeste,SC
0a89df41655531430f9e363fe3a6af11,e557270098922e6da39f7fcdd904a191,89227,joinville,SC
0a8a2e50c62d53aef475281ad4b18bfc,6fb7aa5d64809265fd131345922bd316,4324,sao paulo,SP
0a8bbe8223edbb48f6525d97ee1b1d7d,e5f79a6107cfa4b9f6282c13a61e2604,8021,sao paulo,SP
0a8c82c1e1a5288caa2071afdf447c87,38b8752d745e01a425f8df47f7b2f57d,13206,jundiai,SP
0a8c994d63dcee9298d895688ba3c358,977004bef657cbc05d84674e29568a15,6765,taboao da serra,SP
0a8d4b54a653f631d926a12b65dd9f39,edd176efa31cbfc929efbac163cb45a6,28030,campos dos goytacazes,RJ
0a8d8f311ded35884ca1efd7a8321fd3,b6b535e86891c1900bd595aa59ba99b4,63800,quixeramobim,CE
0a8f03524c924dc183dc03a100daac94,75f60ea9e06cc3308210f6fc5eab3c09,8081,sao paulo,SP
0a8f58005f1c1dc229442a9ab38d9f68,9c0d53beec29a982a9fc6d09ee6e038f,91710,porto alegre,RS
0a8f659aaa705fda5dc6294dc1f3f301,ae578852be088f3c9fef1a01c6f1c672,87502,umuarama,PR
0a90a58aa6815f51b8178742ab711588,0a9c20f28627fb9d8539152d9670aa72,4006,sao paulo,SP
0a917cf6dd04df0ec24e6178401e8569,6d0adae41a0776971a730b8f95be74b2,11040,santos,SP
0a924ae136218f3bbed75d78458c8589,d4ef5cef4153f98ee6c6fbe839a6cb48,29101,vila velha,ES
0a93027420152391fb4ca584eb4670ba,ca44a3391c5f7f5f94239e88dcfaf7a7,26012,nova iguacu,RJ
0a935f8f879384605489d624e6668dac,b6c07b5a55f8ab352b76e9cacfb38b44,29126,vila velha,ES
0a939b926ba6773c282fbce261082f9b,e187a4f568431067618a5d9c8f73652a,75940,edeia,GO
0a952ecdee3346648d2dca69c55853d1,126c84bea62ac08be389fcb68dc73944,13504,rio claro,SP
0a95891690ce6cafb5d1fc15c45f479b,92acbadf09aac30d9f6aba99cc8690fb,30380,belo horizonte,MG
0a978c825ff7d013133ddc7f77566172,dc9431e47beadfe1188b67bec3717969,60710,fortaleza,CE
0a984c883069c23cdf9b63f5d5c7c152,9b89dd300fbf36dc6633c0e66db63233,17209,jau,SP
0a986427b1138350ebc9779dca1e4993,4095106fa4df8e377a44cd7dc86593a5,4514,sao paulo,SP
0a9901c032c4007854dfe4f67b42ab68,1dbacfbc8a8b1ef3409ab799d372eeb2,14600,sao joaquim da barra,SP
0a99769a832fecc64920faf892ed1be5,56f154706913672dc7f0c7350db0dda2,4213,sao paulo,SP
0a99af6e6eaf8487f52d2d02212ff2aa,b67c986980cc181b140d2334e3ec4150,86060,londrina,PR
0a9a747450fefe5f6c450feb2e530c9a,f5981a33e1307848e99f564d40368570,7902,francisco morato,SP
0a9ab8de2d01f20b459dbee0a345081d,f9acaaf53948041869bb52c7eb1e116c,26125,belford roxo,RJ
0a9ac0c78e9dece6fa0e9ea38c17eeb8,1aeb8d7b539083ab2ca1f73a316616ea,1311,sao paulo,SP
0a9b104fa661da38bed249cddffb4ce3,84143652c76c6c5b56af10e53c16ec8e,9820,sao bernardo do campo,SP
0a9b989d01b6dcfb690b128b24ab3221,4a333e04d23005c217ed0c15b132c94f,28880,barra de sao joao,RJ
0a9c737f5b873019090c5ab48397ab19,85b8a4d541d0dcf87b8980bf17f0c516,21010,rio de janeiro,RJ
0a9c7afd18d81b7b1c18257cb9888fee,bd44a184a9cbeee5b8f0c50c36e1543e,9820,sao bernardo do campo,SP
0a9c8e9d3d60525baec492c633d55282,2a2a89289a3c302f210f17d164f5440e,58039,joao pessoa,PB
0a9d4a8cc8cc049accf5701f9756b280,a3dd09511fd6587452c2685627862345,4571,sao paulo,SP
0a9da881cda07b1c0870449d93a9660b,1a2ede4e787ad199c46719ecb02d81ea,2512,sao paulo,SP
0a9e6352d8ce430177c42239f8688938,cc4de5621b97ddb39a4f31d43115630e,89176,trombudo central,SC
0a9ee4d9030acbe428769c79d0c4da69,d0f63e7f9adb09e4efc7f4f276b977e4,45355,apuarema,BA
0aa02628673fa6a77842ad2c978a2007,04ff909fcff946cd0653c32082030552,70277,brasilia,DF
0aa02a8c623a27ee600a55779391bdea,2d97657d968183cd1ba73cdb7d440fdf,36570,vicosa,MG
0aa15dfb830d00667c3c7cd3cdd8b699,4f4061658a12c907deabcbfd79715788,4853,sao paulo,SP
0aa65c8a7017c2e258a2f342fc9de96c,73aa4aebe5b6c731a6d23825b699528a,21210,rio de janeiro,RJ
0aa6cab885100eaf269905dc7e8f5b93,1f913844457627bf215281a9214393be,8830,mogi das cruzes,SP
0aa7617bfe67793528a4ea111f8a8d15,85348a924e845ce744bee27e179162e0,37554,pouso alegre,MG
0aa7617c001d7897e1b3e1efb95dc471,a44d8c451b62aee20189cf53906c9b40,88371,navegantes,SC
0aa76d5f7e9e7b8305d6a6759fe8120b,5f3c76215fd76f8ceea500f0a731a735,30672,belo horizonte,MG
0aa91d0cd690f66d4d4e1c9cc82652c7,78eb66fbac97124593fe5f03d545a9f1,74366,goiania,GO
0aaa9def0aba9123ce44d2d7ea4f44a7,20be0faca39cb65332e712f1060b24b6,5854,sao paulo,SP
0aad2e31b3c119c26acb8a47768cd00a,d00cb93157046651ca3e21a3fc422413,93890,nova hartz,RS
0aad653c95d2d993aebe800c60a35558,31380ad989067d1aac622b1eeadeabf4,25065,duque de caxias,RJ
0aae2862f8eac77f10a34f44860720ac,cd076285a12f40041b32f5ad8c98699f,5890,sao paulo,SP
0aaefb80e6a0c42a29ea9afc0a590791,1b606e10c049e49fdc3ce5401e8131f1,12506,guaratingueta,SP
0aaf8035b64dd152699c97ca990a7e78,458dae754f4a130f0eec08cb517da4fa,29101,vila velha,ES
0ab14736076aeefb2a545f8c89931f9f,be57fcdfe21fbc67a8724f4f8b020662,17800,adamantina,SP
0ab15f44d01c48d43ada758313530fd8,518011c65ce63c1fb5154ed66df8bbfe,9960,diadema,SP
0ab1722e3f8953ef04ed2b8db98bd0a9,1ee9e5c4b6f552e34fdd8a64d98f56c5,87065,maringa,PR
0ab25c3442ee73ec49864945b5366156,9d854d99750fbcf05b82a4c0adbe8703,4524,sao paulo,SP
0ab26918ea357128c0f6f9acdcf8f0f7,057c2691d1064a864c78eb7e34307b46,5372,sao paulo,SP
0ab29e5915ad4ba4c6d77931b038a1ce,25126926be8dbdb3264285caa7d0c40c,25555,sao joao de meriti,RJ
0ab303f6065bc9bf8d4ff5a56cf5c52e,ac58eba11e279c14834de56ed444f791,29885,ponto belo,ES
0ab3070066ef0b76972bc47348cc9163,5d5acf765f149414a3dc780bdade1ca3,27940,macae,RJ
0ab3d6b4dbec9970125fb421e7d69f75,36e3f35b8c181c500cef1d51c6a43d11,20540,rio de janeiro,RJ
0ab59d45d567a5ccce8b3404fb5b44bc,48109d2c6b2edba91c3146a83ba631ac,89235,joinville,SC
0ab5ac09913dfd3f247c7929a3799799,af5454198a97379394cacf676e1e96cb,11900,registro,SP
0ab5ac57aa93f5bc1a7da4ded0810294,9314b3483fb6e50ab88ebc930d821a9c,16050,aracatuba,SP
0ab6ad4341f96228118680e0b3ef1848,ca042e1c4a76949e979abfb74159e9ab,31930,belo horizonte,MG
0ab6b9678a73a7234a994d90cafcbc5c,889764541a3bd1cc777e70364dd00084,87920,santa cruz de monte castelo,PR
0ab760a37d890cd1ebc3bf0d7d5f5ad4,64652d43a3e2bbf0ce0ac8675b21b0c8,75828,chapadao do ceu,GO
0ab856797ba53f52538307a0b746c1cd,0468a0aa6f02d1eb845c74bf7ff68c63,38200,frutal,MG
0ab87fb389aa01d052cba00225ef7b31,83d8ec864bec28db4868c2181a9e9d6c,95170,farroupilha,RS
0ab8bf46aa552f5f1926e6a575afdf57,841139ef881163411bfa4288167f9ecf,12236,sao jose dos campos,SP
0ab91423d1e877aec33c6da6e9b5509c,66d916b6e4e889e481c2b7a32da0f10a,32602,betim,MG
0abafbbdbf470bb4d8b867ec525f25f3,f12af9712bc7f56ee59413b1a012077f,84940,siqueira campos,PR
0abb39b16686366b86f96d6c014146cc,f29cbfd17d3e53191eedbd919a793435,13503,rio claro,SP
0abbad9859d57687867b8fbb2650a5ce,9f45575a536109d829284ab1d98bff59,12120,tremembe,SP
0abda7ee9b75764b3bf4197b63ee7c0a,a28a5bf286affa0abc5f7dbc1ccb6a2d,73255,brasilia,DF
0abe81da869139a8b4a68d7740747d6d,eedd4dacd7eb88c68a6793ff828f86dc,89161,rio do sul,SC
0abfaf23dee18e9e25cac561ed01e909,95ee26f16ba5db4ea2b704d1cb3ce874,90820,porto alegre,RS
0abfc3708de5203597a8e7a5c14aa2ec,13b9a05fe8f9f08a09933cab3b0c2107,13780,divinolandia,SP
0abfec54bd6c23a5dbb81ee7854343f2,3bb1a92b090def91fe43e6ea554f9201,41830,salvador,BA
0ac0031856fb81fc012fbd6abc872085,5c877400f924dc7f63e90d9a54e6ca79,24230,niteroi,RJ
0ac1fd3d77dd30845993d7e84e5b6013,25e874d5e9610b2406ba7405aabb45ca,8330,sao paulo,SP
0ac2d5fc64bc66aaeaa727022aeb73f3,8f4dfd5a11090376a83318d419a46c18,6056,osasco,SP
0ac31c8ee3be833d9d1606a2887b8a67,c8a610514f8a0c1ec2ff86b24989cf0b,7744,caieiras,SP
0ac3283d04020b3ee091fe6496d9837b,043d3f81f906029ee41d34ea004929b9,89820,xanxere,SC
0ac36672d28d61ebe5ae59cfa1ea6291,5bffc788e7d1481ab835d84bc7df4b7d,25620,petropolis,RJ
0ac397ec20446825a099a646258cbf83,b2565548c75253c3b928dd94fe5baf03,7847,franco da rocha,SP
0ac3c36bd11a0622bf9656990f1bbf24,fa50269029bacc8c6b9af831e34d720c,64023,teresina,PI
0ac3d2e75de7f6c5c7db97c7ff7bda95,9773ce099955abc0b97ed596b01e5e1f,79490,sao gabriel do oeste,MS
0ac3e5d8a4a25d55e97ec2e592dd4b0b,cf84dd05532e0d88b3d578f6b57b5c93,20261,rio de janeiro,RJ
0ac53fe825d1296be3e877493b0ccf4c,10c14b8d65ccf290efb3018a713ce117,23905,angra dos reis,RJ
0ac5eab9699c1d891e914d6a279d4be6,6009d2857b194a47b8e54876c7a2c90f,1327,sao paulo,SP
0ac60131bb66f24dcdcbbd6cc502c0f6,62a1ff98f54eeafd0e86b697194cac9b,58035,joao pessoa,PB
0ac6284a32c5a5d0a62d9dd33d96a98e,f3b75d6f1b2a6555223b35fcb52dcf54,88705,tubarao,SC
0ac6e866456134e119bfe219a91cd925,e2439c7b04c3500e7a4aa7a208e78f70,3430,sao paulo,SP
0ac70273f5c48c825a5af97661eee95b,11cb441c8f7c79bf037f3d5a438faf6a,40335,salvador,BA
0ac72807529b3b3c9592c2eacb8d3684,ede8064a572a373a390821000abe917d,30360,belo horizonte,MG
0ac81c0790cd08bb157bdc505f4ab215,4e54f29fd9be5d3b95b2030c55d6c640,79117,campo grande,MS
0ac891fe3a0a4752f17f6003855f8779,84b4f0f5eb612956673c0c444b448713,88032,florianopolis,SC
0ac9820adc762a4eb29aca5b4df47847,effdafe34c3a8fd08ce7678cfb73e675,72151,brasilia,DF
0aca8fd65c9414894ca4c072b496bc3f,151bdb6d653a706699cee00174b5ab36,70384,brasilia,DF
0acbcf4c99216f66aeb7c583bca57fb9,c5a3b411f41e936cba27a68dbac0a35d,1310,sao paulo,SP
0accb2f17fab605eca8245890843e1c1,5a66e36a847a98dae73468778263cf81,22261,rio de janeiro,RJ
0ace2b9bd28eb550128cb036aef3c4db,fe4e64505d2a68284e44481fece7b807,26013,nova iguacu,RJ
0ace9ca5314b7bd412e2429479701719,8afaa5c30034dda70e2012dcb0c50817,8579,itaquaquecetuba,SP
0acea968cdada6a3801218d72ba2f8ae,3a93b058ab7eaad243c67fc2f88ec591,14300,batatais,SP
0aceb04f65bcdbef8dbda04e2a8f9e30,68ea2bc1718c8b2937503497480a484d,37260,perdoes,MG
0acec272a98f593837867858c336bc2c,e50f5773ee7f61a0751e1f587b92d5c9,35162,ipatinga,MG
0acee070a67f3d5f3a8a580020696395,dfc00ae7bdfecabaec1d540ce4c882d6,89703,concordia,SC
0ad19196f5e5abc8052e1d46a24a6522,7adb6f043d9770e3ba73daf87f9a760b,55330,bom conselho,PE
0ad27cddd2dac328fa921f963202263d,a3ef73edc977bdf570981ca7dbe28e14,84200,jaguariaiva,PR
0ad37f50dbe78d9c1292f4ab3217dea5,9577832effc61fd2df9e05cac75f04de,5586,sao paulo,SP
0ad5196ae2834fffcb35daba2d3304ba,da8ac849037c7201a41a4db0b1fa963e,3688,sao paulo,SP
0ad55d83ed9336fc724bcfc6d801dab1,a13d86d7a321b684e3a240d45e74fa2a,39620,medina,MG
0ad73a033a18bf40507b6a86e483b303,6e2b3a7037cf0a73a8c5d83e0f850a13,3267,sao paulo,SP
0ad75f229f9238883a44dee88ba6cc1f,d62eafab1c6e906b9517c4153b96a22e,37504,itajuba,MG
0ad7e82a4d0ffbd93647edb8df8e19f9,d88966914014227f6ac840cd31271a73,4829,sao paulo,SP
0ad829f98fc1e26d27a0d8f8df329ab2,57a7e4b99d307beb7d7f0f8ca175fd84,2915,sao paulo,SP
0ad854ccd5f47d7c60dc5f0312901d6d,e1e7a6e3c953147992de99d242421926,37480,lambari,MG
0ad8985d712b965bef0db41bd4331248,96b71af61d01165163b71ae61b354b25,8330,sao paulo,SP
0ad9634a1ba9f9a346b6925bcdde7ae0,3daab7e95e835a293a9cf858627e7c24,89700,concordia,SC
0ad97367914ab84e094499c86ff0057f,879f6c483f822dc770e5ff5c7b0e532a,29345,marataizes,ES
0ada8a74b033323d122247743366e898,701635fe6869cd63932e89043b1f192a,55385,lajedo,PE
0adafec56047601ede5352ba02a5c5bf,55bcd53805fcb08a83ef7555da0bf739,9771,sao bernardo do campo,SP
0adb885db398cb59b0bf5f19f8766205,accbd99783ae97d43479a3f60da26787,63700,crateus,CE
0adbcea65a531588e0a7c68142d54192,b5e6527dc5f242231eb0248668eb2646,96445,acegua,RS
0adbffeeef81b01449777e0ac65623bc,622be3abf5853ebb483f789b34b08d1b,6250,osasco,SP
0adc3e20e5189e89caeceafdbcb0646e,69d41ad993d5b4166d8ea595656c4c70,80220,curitiba,PR
0adc4805de3051fab8d98080c6cb2775,97e54323b78a86d896c273c9ff83c570,14780,barretos,SP
0adc6935a7eaa24f5b9d229ea701ab38,0d059932f9a38e9a1b3f0cd13246697b,99500,carazinho,RS
0add590abab4b6a32dd267427d4e0fa9,eb8707b8661dab96edd562cd748e3d25,22790,rio de janeiro,RJ
0add9bcc3d6e15ca9171f5bdc6b9ef7d,0f6ce0865448282132608fd50531ca7d,21230,rio de janeiro,RJ
0addc0618187d40767e6c49c395cc565,0d51dd334a2101e32f88b2caaf83e849,22461,rio de janeiro,RJ
0addd045c89ed918a0afcca4385c259f,68ca034260ae247f22e05c8fa34c386e,59900,pau dos ferros,RN
0addff26cd8066265f7c1535411f2b57,1cf49d830e164463dcce912ffac5b96e,17012,bauru,SP
0ae049347725b398cd98a9efdb2bcc29,015906d05142c9dc02e816c29c044bba,32421,ibirite,MG
0ae0de8878f54a5f877f99d19ce170da,06b041f2db357e073b00599455935f27,13710,tambau,SP
0ae0ecfb6b24ce4a6f6778023d0425d7,0af76bc62bc01cebbf98fd8ff78f4137,22640,rio de janeiro,RJ
0ae182964a91768e18dc1770c29f8d32,bce006e903be688f122a39f45b210090,91760,porto alegre,RS
0ae1f70aec3c222c780ca0bfae1f1ced,ec4ea83b730a66c09400b99656e03934,50770,recife,PE
0ae25c813041ba75ff447da9a7b449ff,af68495db2d2d3fc740b5f9799e9ca0f,4764,sao paulo,SP
0ae263db1fac3d2b8495a2b4b5b9517b,0a4cd4a1c4e99db007c6bae55ae07e0a,20550,rio de janeiro,RJ
0ae2a7fe487a9e59d21a1413570cae2e,7d35f5764e668c9deade51c2fd31758a,33130,santa luzia,MG
0ae2b2edee0a604c92ccf6ed3c64376c,dea3bbce56fc4ca0aae5b3bdb784815b,89251,jaragua do sul,SC
0ae2c954e68238f2a8f8ff8b24766bc7,aebd3b22b156e507f0c7ecfcbb567a3d,13820,jaguariuna,SP
0ae502ab7e72dc3b0a512dfa96baf3f4,1ea1d68c624077373615c64bd4ab6973,86080,londrina,PR
0ae515e96084b7cd1e63340172c0990d,e7039843c54c69530bbf70d926baaab6,2866,sao paulo,SP
0ae620f576d26975295e08ee55a6368d,086d763d4777ba017741e8cfbd922718,8671,suzano,SP
0ae66bc8267d2940841c0a53fba6efed,f94db96382118234d5b84eebf66a932c,55570,rio formoso,PE
0ae6c0e01ee23ba41231d29740c2a8d1,feb8c6afadc3c588d2b20b62968171c6,62870,pacajus,CE
0ae7de017434df230971260a258ed061,9767d14e28899150f5944ad8c3b128e9,43805,candeias,BA
0ae950a7f903b379c53be854ff1dae04,91d7fb2115b0e04c26e1c8fdac177538,12315,jacarei,SP
0aee1a6ecae235be1aa484212d0cf261,30a3bfa50c188354420a76b9051cd4fe,8572,itaquaquecetuba,SP
0aee8a6ccf2eafc62eb7beaaa47f4bbf,fb5c3647a694b8bbb8891cf08df7587c,12570,aparecida,SP
0aeeee00a80369aaa6d220e46d74e055,f3335c8623493fc04af3d66a5d4dfb2b,26010,nova iguacu,RJ
0aef4c77e341d8944b0e48f4decaaa47,94eae8afb0fdc74a7f77450aa491a074,38270,campina verde,MG
0af0d84c00114b0c3c81089011657860,545ec8e575c062f64beb052e6ba3296b,21230,rio de janeiro,RJ
0af1c58b035366f36dfa7bdde00b27ca,a41b86830f14039dc56fb5a1879879e9,4544,sao paulo,SP
0af2831dd8e096d67a27ba7cfba20f78,e61f0f032bc92cadf0ec55f9c1c8b5ec,13848,mogi-guacu,SP
0af38e7f9b4b79277daa0ad439dd8d8b,da084ca75160f5a56be294285789035a,62680,paracuru,CE
0af44c57d407f2f0e1d37f1489ca9463,afd7112b4c782950295ef71875629dd4,16400,lins,SP
0af4e8ff1f457449b9586c1ffc45ccc1,39dc893707cd584729686523e0eb0dd3,29057,vitoria,ES
0af4f4ee7ed623c51c524afd235ae5d5,ed96ddef619d26be2d39af9573b78590,18409,itapeva,SP
0af59dbe6e966baed8513b1093e7228b,c22839cc7d259c8d7f0bc03ba5f04cc6,35162,ipatinga,MG
0af639cd64d4187391e1dfe23890b54e,3ded2dd8761a9a256a6b04cdde8debe4,31742,belo horizonte,MG
0af7ee4eebf2aceb18354ceec83c9e05,d4cdd33337b376b897374338716860c4,75803,jatai,GO
0af7fa6075b712e4e90ee3b1ca759872,89adb0f485715b9290d1bc3ed400d27c,37501,itajuba,MG
0af80bbcdcbbfc41fc50994913479faa,598d2ad476b3ee4e37b59240df09fae8,79060,campo grande,MS
0af83a63def65b243f85cbb635e98b16,ee363145447e9d3cf3f3b9f83294857a,6380,carapicuiba,SP
0af8a25fb0b6f833724bb5818275807b,e2538fcd738167049ed245b8f2576bcb,21051,rio de janeiro,RJ
0af90dc6248673cdc112c7ce66a7372c,64510e766d989ff92d22b0b2c2c04884,7600,mairipora,SP
0afa45aa9b2befa48d4056a9037aeaaf,3ef6f3712c0d045d9546a3cbcb7d65d3,38065,uberaba,MG
0afb9f2fc0523d0e5463246808c31e1e,2c8360a0e6e2b719c070ff3a84179dc6,30550,belo horizonte,MG
0afbb6f8aba5a498f7798efad83ae3e8,7e346fe1fbb33fd82712c846d2313d16,29170,serra,ES
0afd3fc9533b6a435dab3f0c2f591b8f,6894859226b72a108f30b988fb60c71e,6397,carapicuiba,SP
0afdec8c17187b3049a69904ef1cab59,6e2f539e9e0e323859a81079581db712,7132,guarulhos,SP
0aff8fa1aa20ee1c70cbce19d7012a70,50e1096aa54dec2a298d27f60f079182,5416,sao paulo,SP
0b000057ede436dbb104e5378e0b8888,ba3ee39157b64298b0d0b18b5bae5e7f,83035,sao jose dos pinhais,PR
0b0021fc48717a02bcbd22404ed2f1f3,688f41aa35d278c66448d8c443304f51,2636,sao paulo,SP
0b00caf6f0d239c5bf7d9f992cae22d4,443ff1d55c98c47d9b5532cd4c693434,11930,pariquera-acu,SP
0b00e3566d4632a86df327b4b9f4fc28,1c3ea778384d2a4723e2dd575b6275eb,2938,sao paulo,SP
0b01e830348776e4260c95c0d450aa3a,e0c8c4cb49870b573b9904f44a4d0412,13140,paulinia,SP
0b0290e3b438fc7f16a9b256a7409bfa,26e940a41ad1fde3d911641c02cbe07f,28360,bom jesus do itabapoana,RJ
0b064f4278f75fcbc81349df482353aa,e81eebf02a8fd8f8a5b70ee29b40fce3,1544,sao paulo,SP
0b0681e989c43f272ef233e1a286b2b2,b39ec084a39c4989451b9fd7ca067755,85930,nova santa rosa,PR
0b06b92f20cf1c739acdceb0e6f6d937,36903c46142f0d9306077f4ac0bdfc7f,6810,embu das artes,SP
0b0744596a26951c22c400dcf85c6e96,77b32e765fd8cdded5c63bcb0ff889a4,17514,marilia,SP
0b07568bfcc48faa6a88e17970605a31,fc99edf80f878dcc87ff154a08cef437,93020,sao leopoldo,RS
0b076ac974923c786bc7129abb43ee10,406d771477be10699ab32e7383fc858f,39920,jordania,MG
0b0a4e9f5cbb2762f23341a271219afb,246ef4748f64c4e716b4356d570967a1,89235,joinville,SC
0b0ad226258e0b3560d3801a83094f8b,e81fd88d4a0e3f6d4db3abbc6550773e,30190,belo horizonte,MG
0b0cbf731fd9ea622226fc2d1fee5164,81f8131972ee35951154d9c0958c8986,11900,registro,SP
0b0d5ae8e7aba592f9c9dd016f74e884,51ae531a3e5465c51c286137b3795576,6260,osasco,SP
0b0d6095c5555fe083844281f6b093bb,e90598185d2427a35e32ef241a5c04aa,11075,santos,SP
0b0d7d1cf1fe43bd5ecafafb0e92e15c,f594e88b628dc49e8a6e46cbd876adbf,37584,congonhal,MG
0b0da9c1d9e04738eb91f38cce9a0218,2da24bd85b344f81bf18ebb313ee0da0,85900,toledo,PR
0b0dff8d1c3195cfe702916fe62b1564,d5272de949a4320cbdd14ebe5a996e69,9560,sao caetano do sul,SP
0b0e2a12cbf100c36a10fe8fb871d783,a1588c8835d1e73d889f5e116bbaa967,8543,ferraz de vasconcelos,SP
0b0e8ff0c3d490e69901bd6f0efa190a,bb5d40ed8c3448238563262b4700bae5,6515,santana de parnaiba,SP
0b0e95b0351bae7addd465ea17e4e4d9,1bdeec4c380b916acfc8143d53a2129e,87050,maringa,PR
0b0ffa4362977083ee9bf3b3fd8fbaa1,44016db6072d394d603eb8e7741554a2,12380,santa branca,SP
0b10808638c701826d8c83ed1a123fb1,5202bcf04ca5047d3fd3ec7fe7bde7f2,4576,sao paulo,SP
0b1112dc536e328e5ed2eddeed21b5de,e31987582a11ad40fd6ee847749fa907,30775,belo horizonte,MG
0b11c040dd62ea5e242382553c722a71,6c9eb4b9f14b1e94136aca884340b7cd,29175,serra,ES
0b12a2206dcf63cac81f822926a71363,d37d0e373c5ea67fce4aa1613c51bb5e,13231,campo limpo paulista,SP
0b1353eb976bcec7ee3c4a354954e055,a5b461313c449c6d2ad4c49d40468515,5847,sao paulo,SP
0b1386cbf11b90777319aabff481f5ab,5f2ec485da1fb5b4bce0fbf413845a90,83331,pinhais,PR
0b15496cbc114f48fa133a72bb4ab7b1,f530d11fbbe32732c41820751d933a36,45028,vitoria da conquista,BA
0b163d4fe7d6acebdcdcae6f4c0ca8ee,5bfa01161c636caa43bc56112149a41b,91130,porto alegre,RS
0b165e2187ea84f69dd139344260d974,db342a4737f95bcf63ea219f3809a9c2,72803,luziania,GO
0b169717fec8c12a53790ce862ee480c,25e1b5240ae610b163924a49e7e85bc6,13845,mogi-guacu,SP
0b16ce67087d02bf833c807e82b1992b,76a08544f95591acec0d4c976054c459,47850,luis eduardo magalhaes,BA
0b171140ee2baf7b6039c45ee04d8abf,dd27109e85436259744768c2450b2818,35590,lagoa da prata,MG
0b174050b751d2fad395123bd2a23568,4e05e6ade630691c027bee8270709c7e,58038,joao pessoa,PB
0b17547070772a7ce777870c5aefd09a,d04c6215922f50448442fa1752df2393,3694,sao paulo,SP
0b17d2df0220cfbe7b412e9a8059395c,a50efaf5e3d5302b391c39b0b3965cfc,35473,belo vale,MG
0b182c74e417ff5cb0beee59a395d861,bd9375aa66702f69c819a09179c69429,62390,croata,CE
0b1899150b4ee7ae778d02ecb621324f,dcd091605a479918374eb48b07493d4e,13340,indaiatuba,SP
0b18d4eda847aa4c48550e26283c5675,51bb3ee307c7368a97297c6f7d610897,24445,sao goncalo,RJ
0b19416215bceca38e7dcae2bdd64124,205144274ff504156c0acd6bc36ae315,5814,sao paulo,SP
0b195c8bd6f19b62c86b632913467703,1bd10a644c0d5c8ab09b87fc0e558038,3803,sao paulo,SP
0b1b2bec0274b05ba3d6773573b286e6,dd11aa654d333223157f530964a2d1cf,80240,curitiba,PR
0b1bf138748b7fa32060369844de26ca,0ac767d4cbf94a15dc8034ee73f5d3f6,41218,salvador,BA
0b1c5e7355b25ae7b5ae71fc81d47c1b,65e2735427dedd6a787e5b065b3cc41e,11705,praia grande,SP
0b1cbaf9e8123b00a50e3fbd846e10d3,3a65a0b7fc255e67261cca1112bc3c1c,57041,maceio,AL
0b1cfa043d7b3c657583172cfdcfee59,ac41608fab2f3cb75e39404ebbde704a,11075,santos,SP
0b1d44eb88413fe2e8981d81c8a989c8,a446360b75fe8bd0dd9241a59d32b2e0,37701,pocos de caldas,MG
0b1da960627c4ef05903277a9312bf13,0d607793b94a257e7b377b3cbcd7d4cc,35420,mariana,MG
0b1e0ce6b033ff2e254f452222ac14f3,87603dde65ee7120467ddda1a883bb24,74720,goiania,GO
0b1eba4495cff96b5050ccfcd08acbe7,0473a0ee10938a04a7ace300d0fa2f5a,82650,curitiba,PR
0b1fc574ab47a7abfdeb3a4109301b03,49e7b8b9e0340eda3efe286a8c35e77a,4144,sao paulo,SP
0b20fc582fea416e9e4d5b39dc2add1b,8201f0d0cd279f26987cf0df3b72f266,38180,araxa,MG
0b21617fb0d74d81d0cf3264cbe3b0f1,68f098aecfb27519b85489fba1468e36,89254,jaragua do sul,SC
0b217d8da6b2afcd904aa1240a06ef81,ea8bd00f6ef1d0351a5f0897b0696f45,4024,sao paulo,SP
0b23173df4256132c3b3e3fe16c7f255,018864afd6d3af6af6e3cf1245fc5ff8,5429,sao paulo,SP
0b23254194f2cb64d9fba926fc891d83,da58c4162e4dfc6cc337d94951b96c9a,13090,campinas,SP
0b240c246a1a3eceb71f40a707cc23c9,b2bd387fdc3cf05931f0f897d607dc88,14027,ribeirao preto,SP
0b26921a795182403d1c1ef0d8809e02,60644632d8dd09641b19ce98407815f2,24020,niteroi,RJ
0b26bb0f88ff2869dc89fc3703473cd9,d6602551afbb5caf929f554eb476f980,28053,campos dos goytacazes,RJ
0b27725e97cb4b6100a8a01b288cead5,5b788595ca5779d3a7c1e86834fe2e07,22795,rio de janeiro,RJ
0b2784a179b2e1327c5afd6df6a1b19a,98ec897f9bb84376ab275de90a8237e6,4581,sao paulo,SP
0b27c03a0e52a22dac95ab11d810cbd8,1e10e23a3c7357443557e7f3ea7ee96e,58135,esperanca,PB
0b280cd2ad379473688c1be86b9056e7,cbd059178a127dc1fe0171c00e743630,5542,sao paulo,SP
0b298086e30348fd0f51d04485f4a876,c4dac01995252230a5796d60fe502355,24344,niteroi,RJ
0b29b46052f69080a341a49dcd982955,36cb18374cd2f3eb0394ecde34691a9d,96930,candelaria,RS
0b2bbe8811e7f1cb2b3e25c95d276116,33a76918feef5cb88ff4b0b16f1611b4,87711,paranavai,PR
0b2c9a8124b568442db9107aa5467ace,7c80f075b3c63b2abe4d1111b1331c87,5734,sao paulo,SP
0b2db9c611876df5cc5333eb3621bbd3,3c78a1442e8669720e17af63a6a760a2,15940,fernando prestes,SP
0b312ed4cd3253176725070e0567b01f,5f9e57e6275e77379564f6b45b6c9565,13024,campinas,SP
0b31586b5082359faf1b2861230a17b7,4934acb6cb4376bcd391ce359a915564,2241,sao paulo,SP
0b325ef40af7bb04108befbdcc9b224c,70f0fca2435f0fa72fe85699630791fc,85415,cafelandia,PR
0b3266fa3a88c132be21f0cc1ab9a113,f799f3fb6001f51f8230e022db5de1b2,8041,sao paulo,SP
0b3278bf0e5d81dca450bb444e8bc6cf,a43a8246e8f5df31aa1a3bfbdda686ab,4777,sao paulo,SP
0b3295ce662be865aa56d5c7f78601ef,33e87f4cf23de91419bc2b65f9052789,72260,brasilia,DF
0b32a6f8b47212b01768e04e8a3bcbca,831519a1435b5ad9276f918e6dea9325,25640,petropolis,RJ
0b3361f7d8a0472d8977bb171d80a318,576e325a9c37a4784fba13135bd20129,31720,belo horizonte,MG
0b337ab429c8299074ace7216c267887,2275e8c3a55ae493da404450189633e8,5145,sao paulo,SP
0b34456a261dcc179512d6652e8cb276,e9dc392ca45bbd1c3faf921ccd7ebbd1,74180,goiania,GO
0b3495408fdeebce89762ce64a9ae7f6,1abb99e02611f2a9d4540470575ac3b8,12319,jacarei,SP
0b35cf387e2b991b1a6928a3cb351f0a,0b21a574354d2ed360d0b1b4762e41c9,12246,sao jose dos campos,SP
0b367775717574e7412c7b73c8bde1e9,759d68713a15c3b9a52b377694b94efd,24230,niteroi,RJ
0b37f01a95740e5ffc068dfae2738630,5c65a2076c901f375b01aad3a60c7447,25730,petropolis,RJ
0b39d705dbfe16398432a7a048591853,afb7052400f007bf6c166de1c9f683fe,9110,santo andre,SP
0b3a3c105d2d5b981fcf34c111fb18a4,0fbf5878a4372885f8eb1c827b348734,89620,campos novos,SC
0b3a8bc8ff126326a4c6bbc3a6cd8589,77ad9224083ef77343443cf772b6a872,2309,sao paulo,SP
0b3ab0f6523ee6d07688e1c9cc47b7f3,089bc915af34d9041b3a88a1aa84292b,5884,sao paulo,SP
0b3c2ca66f7847699dba330aeaa70690,45bb5ba248ce0878c360173c73263bc7,21675,rio de janeiro,RJ
0b3d0577a86f1ea8f68d60628e0d6e19,5cff1782c5290250e43038ecf89d41a2,13290,louveira,SP
0b3d0bf8648bf98fecf9551f0ac712ef,36c78d937ff07582adc957d4e91e8242,3220,sao paulo,SP
0b3d49ee61dd14be80fe19091b5b4b6b,907034015bf516ec49fad31887e42a40,6414,barueri,SP
0b3e90a83c52a1db4ffd061f30cbb865,cbe25a905d6b8b23fed683a7302f654d,81240,curitiba,PR
0b3f43c70b21e9af2c781e5e0380b2e8,67948f1629709246fc7c17ba811e0b49,81920,curitiba,PR
0b425602b5219a3697993d0d8595e414,20315d2fd2943f5ee5fd4b4cac993a7b,88806,criciuma,SC
0b42763d66e65a34f6e2978facaf93da,b2e9a05d23ea17713b5d7799f2004f8e,2411,sao paulo,SP
0b42990c6a03665bc6591652ed10d6ae,ecc79411bf35aa8d224e66ca9ca5d4ef,14094,ribeirao preto,SP
0b43997a4269e8d2aad0a3a3b05e3bb4,60c4adb977870c49b12eef72a1238f02,6341,carapicuiba,SP
0b4442cad8eab4b19f6f4bd2132846a0,ba8b8d51fcd882a56bc0a5871717d76c,7180,guarulhos,SP
0b451ba5ecdeaf9cb93c0a67c92c29c8,fadc694fb572f20bbf62f2edf3c8a2bf,94035,gravatai,RS
0b4655859a571e68c65fdd20ba7777d6,320f87e0bbf9af5a673dd836c7f91e2b,21921,rio de janeiro,RJ
0b47866f6acf641f66da758074842c0c,5739f4b81bcdb73c9345f66ef8e60494,4109,sao paulo,SP
0b47ec0351108af80246d8f74b65d63a,cb4f48aa5b4657435b012a65f2a122eb,35960,santa barbara,MG
0b4871c8b01354102ca66dbf3bb8fa62,83967b7b673d7b8944288fd0fbb2e811,94850,alvorada,RS
0b4b8bc586fb783756c6319409b476c9,bf88edbdba72bfdb8613522c5ea7b323,4612,sao paulo,SP
0b4bb47ad7433a75c47837b319077675,a2ec34c17bddf46369fb937db73f57c2,39893,monte formoso,MG
0b4e456c57095f6f805c6f0774fb79f4,65bcf4a3a37c16083a685d439fcf887d,15685,ouroeste,SP
0b5065817c2e406c9d9416fd353330d4,67ef79c4785a569d7ab5511473b019ca,13219,jundiai,SP
0b50844de62819a161d73310474dcef9,537fe5315288be6b20dc092311029070,37270,campo belo,MG
0b516b1985a3c37fc5b3e2d513d3f688,554b3464df5192ab58f085f1ea22bc76,39400,montes claros,MG
0b524da779a488d1550b3e717bfe03d5,eea7c506bed0997817f14da59e862db1,75555,vicentinopolis,GO
0b530e0541b196e2873192ff6cd44dae,b0276fd6017b7395aa781016653a087b,53437,paulista,PE
0b545118ce6dfb41c9a991d3bf766114,4559286d2b03589f123ec2373e96ce19,21931,rio de janeiro,RJ
0b55a7a7e7a10bc49daeb902156bf22e,df1bae0197085d251a5b7c89f87b65f2,88010,florianopolis,SC
0b55cee3f779e00e15de669f5da71d8c,f8ac03cb1226e6f2699b45df0032dcc2,4076,sao paulo,SP
0b55cfa61c39a208b1326f98e265dc32,e28538e3001edb06752b7fc98b6ed97e,70673,brasilia,DF
0b56b80573294f4d663d4abf0de19f03,e4d18909afd252a0289765acc614d3e0,2071,sao paulo,SP
0b574e7472d0b8de7d99f5dc7d1a0567,f0191b4ceae03cd29a5514934ec618ac,6856,itapecerica da serra,SP
0b5847467fff3d3f1361491567e6a84f,6b358d811b05ff63ce5f7086a521d543,33350,sao jose da lapa,MG
0b59665de8b9b2f0a3dd51fd1466300a,7dc0dfe8b96d050f7189970017a693e8,11430,guaruja,SP
0b5a1629eed016661c0b65ad74c64965,0cdc6bb18b566d7ef6635a7fcae5b312,4814,sao paulo,SP
0b5b5dbba2cc3894c03bea1a9d74a5e8,1db2eb86cd8c1dc45233524679afa266,12606,lorena,SP
0b5ba46cf03cfbe33cb831c793b78614,902814c1c8358134a2233279c4e8463d,19900,ourinhos,SP
0b5bb9a3a1efd74fa5cccd30d26f4cd1,a9763ff2a5c1b184d76bd5865435703e,4126,sao paulo,SP
0b5e1382879c6dfa001754baf54c6542,5b8cf1a4afc70dfb0344a6f9c98aa18e,35590,lagoa da prata,MG
0b5e596d717bd970cd5b3c5855ff3c6a,8e2d83373060244a2767c06b7b4e7a66,76871,ariquemes,RO
0b5ed41783e17d8e75af1284dff5b43d,37cb035c10492203946b0089366008b9,66045,belem,PA
0b5f60cff1a206e0bc33c120b8db0335,57739105dd34b4fa8b3c1974c0af2b38,41760,salvador,BA
0b5f6687d659478f1747caed607c4ec5,77367b6fbb034ca710d4f41aad009151,9185,santo andre,SP
0b5fa65bffab4bae44dbf000ed874ab2,ac43d10842889f8c06b6c615be7085f7,27933,macae,RJ
0b60138b038f460baefa261d66dac712,40aa7c86550b02c4f65d3e5ca344c7d6,38810,rio paranaiba,MG
0b607303227b58cbf5132b0107f083ab,4562e21decbf22093cf8b564863f2f96,28027,campos dos goytacazes,RJ
0b6131ef78d7b110b236c4e98bf65fd9,f89eb0bd70533417ab0ab55a038929d4,13820,jaguariuna,SP
0b6160d3adbecfd48f0d5ba84e77e913,f476c85e41c7e5d7d7b60ff48f32849a,14800,araraquara,SP
0b6176d7c46eb2e5d839fbd9f6d1bce7,96a9a44255930061d8f6a93d4893d986,38740,patrocinio,MG
0b61b5af3f45e32d2fba77c80abc3eba,880add2c1f7246c68c7bcd11b205da54,8683,suzano,SP
0b62558584ba5942cb07377647332e23,c9aa33473ec2343d8a2a0b11ebd36b1d,8761,mogi das cruzes,SP
0b625a2816bc92763dff9538ee30414a,7c109fe64245f4bbb7a68a877c45f637,7141,guarulhos,SP
0b63937f34f1967a105bc39a54c0e56b,0185fbd2271efbc59bbb96ad3e99a7b8,91530,porto alegre,RS
0b654c00a7c2ec822f72fb88fb0510f2,87f0a4b4837b52010b4bb2359cdc3896,88505,lages,SC
0b65a4d0707c6168a14491999220a2bc,d8e902319a9ed628de1ed00785b9e09f,35701,sete lagoas,MG
0b66b013c23aff19e0629f10dd2483f4,8d0661ab943668129b4b061fd3d76710,31515,belo horizonte,MG
0b66eb99b1af5a704c8bb97390d2ea76,fb76fb542caab10b86ecf698a3c49cfd,80610,curitiba,PR
0b6707dd98b94c2db232fc406ceb9077,da89c0afa6c6caee1f2621f57c83df39,39598,cristalia,MG
0b673beb4a9e4f57ebfd292e388e87fc,de524f3d927b9c575c2b86b07b3cbebd,2358,sao paulo,SP
0b67df0f3cd35096e2b545e0c11d7422,4ff9e0783ec8e612691b0c67b3099ae8,13085,campinas,SP
0b683a7e42b6c883d715590590b5f986,21ee1b03107428068f2e344c03276b4e,89300,mafra,SC
0b686b6cc50a4a516f7c2621e8d35287,547e8ae6a6b3beb0587f3dc6d2d62efd,13309,itu,SP
0b68c93058ee253e88751545308f2797,7ea594c84734eab39f86b4cdc75dc6d1,13184,hortolandia,SP
0b693c62802016ff7a09113efce583ba,bbab3816c5a428aa07841f42888d3c49,55016,caruaru,PE
0b698fd84ad40923ed1c5ca93965ab4b,93b298f93c123a14108dd43838ccbc8c,42841,catu de abrantes,BA
0b6a3d281b126b6fecdae5352da24cac,cd5cd7e22f2acfb5df74bd247bf41bc2,3053,sao paulo,SP
0b6a6db7c5e91f4bfd593b6e78206e6f,f9d518ce8def4aefba686655c57ac3e0,88106,sao jose,SC
0b6b18ebc85a97f659fa13bd9c05be58,041b73559a3c390b8d2e7e6874b4e620,95090,caxias do sul,RS
0b6b3c11e9adac61ab45c4905a1ae766,2892a27b71471ca74b1e623232b93657,75830,mineiros,GO
0b6c2ee27dbe0bcbffd424f2ddedd222,a6ea57f856565adf869941339028fa05,2731,sao paulo,SP
0b6c7af97ae369ddab1fec6d5d29afc3,55a97ac4a03a60a3a30e1d7a9423b911,29166,serra,ES
0b6d8536d3e0a2b1b73fad9f2c7179d5,131d6c8799911ca26a750d9241c791de,9240,santo andre,SP
0b6e67116678675d404842a14bc20e20,662b402621c98018ffc9c836321f15db,14075,ribeirao preto,SP
0b6eceb6d7f78319c58e4e91d10004d2,87c2eb529dbad6e0fef1b43f4cf94b35,62500,itapipoca,CE
0b6ed326f1c69e74848157dc00027c91,7b47476bd22d79e6c7989cde5164b31c,4707,sao paulo,SP
0b6f07bb76585814879c04843fdbe504,5717e85e7a0afe8a692e9820e5060445,99250,serafina correa,RS
0b6f35a17065f42b4737c5978235e61a,c186b8803a338a3bb82a7ccb0d9008d4,25510,sao joao de meriti,RJ
0b6f61f6034f1009da19848463ad280c,1d6f7c413799e94a179e9c079908527d,68515,parauapebas,PA
0b6f6a76f2c677c4da148eeef7c6458c,8e7462225161f1c794ab32396436b908,26551,mesquita,RJ
0b70134d7e2d9773897833e933c6ec5b,93360190b9375a40b65720ee99387a4a,87005,maringa,PR
0b702c79a0f15e9925c12db5779729b3,c5c348704121fa48b8c005478f8c8a5e,65700,bacabal,MA
0b70631e89b09a3dc8acc7d20d595b18,62dfd7fb99b98c3ff0bcd6776a261549,35300,caratinga,MG
0b706fbffec4cc332af5995e683ba779,d28251bfc9407265d899a7be71c0876c,18272,tatui,SP
0b70ffeae43a2bb3a00b1ea07b894e2d,301d3a28e56b52080aa1de9ef5541139,72737,brasilia,DF
0b712b6da4fc29dee43125037bead5fb,3cd80edbe9aa268593282e5d0143fa86,13360,capivari,SP
0b712ffa093a053e8b8de49f7dc88ba1,477a95dd4f4661ff000325d0d9cd2e71,2522,sao paulo,SP
0b7217d43bc1197dbb53b68db699798d,73ee177ac4ef603b3520cecd3c1de213,9570,sao caetano do sul,SP
0b724a70ab89854f2f367fd0a41f1974,9230d476bb769173246f63a45d0000f5,13155,cosmopolis,SP
0b7257e23cc2059f03898ef2efe234ce,9d1350449f6a329048b3e097330d0192,18076,sorocaba,SP
0b72a424f7acaba1d898d56478f9d964,d251a1124846b199b2cd71d7993c1570,2239,sao paulo,SP
0b735f09f901e6fd1903f1e76b4269e6,a1de09e1d68d100d7e79b415b8c60cb1,24360,niteroi,RJ
0b7406034474b610ba8efec701338267,fc051e0c442911d33c20705b7ef27942,14050,ribeirao preto,SP
0b740973d0afec9625bbd885a48c9faf,3c166bd80203dfb723ba32f64bedd87b,78390,barra do bugres,MT
0b749bca20d46dd7bcdd5a94fe54117e,97c3a87ab5d63e6debeb38c8fc2aa765,1138,sao paulo,SP
0b74ffe6ee712595a3d89e0cbda91be0,13b224838d6b1125c37c50e7160a1868,2750,sao paulo,SP
0b761918d6c1790b6f00322de8ec99f9,cfe76cf82ed58cb8e9cbdba455ca47de,18650,sao manuel,SP
0b7651ec101b5e85956d6cd186adcbc2,06e5b19a892adcc1764e70024306e84a,3380,sao paulo,SP
0b779368ba5d4d8f91414e244c260dce,6e48a742733b07300f4bc5ef5847a0b8,89560,videira,SC
0b79a7d7a6df52a649be6d91cf310590,ade51a63f55fb3bfb0a54b7340dd79aa,12240,sao jose dos campos,SP
0b79d160f327fc4788e780473c007513,55dabb8632ca885ec24652d9b2bb1137,32420,ibirite,MG
0b79f0da6032b5f6e932f3c603b16820,e81955e2057830e1f23747959afb0723,30295,belo horizonte,MG
0b79f3d959c1308c5ac26ad7eceb2e9b,46b061196b47dfe9318d38bab6a40ee7,11722,praia grande,SP
0b7a30ba373aeb55cf28add5b5477956,8c8173e547e020f411aa55b2fceed861,87145,paicandu,PR
0b7a32b0c1338452e8ee959a40fdfbae,f78c08243f34eaab3dc99f8401bc66f4,13940,aguas de lindoia,SP
0b7b49d1d52d6ad4477b62a11f9f653a,40e0ba58cd42a3472b7c726bbe0243cf,3406,sao paulo,SP
0b7b4c39c3d3a8846ea809fd5afbc1b1,b18336dae806782acf95a0c0dc1e267a,68695,tailandia,PA
0b7d758a3562abc14d8d39a2b66afdfb,f54b2ebefa4a4e43e7fcd3b4de96795c,75524,itumbiara,GO
0b7d82e753f361401ca599732423ae82,1d29a14c46ef620ab9328be1fa9ad423,20521,rio de janeiro,RJ
0b7f21f33e24667de2d6258aa72ab369,2b242c41ff41dd94d733c61d9edd5bef,5363,sao paulo,SP
0b7fc1bb205ec431fb3f60ce4960393f,1033ef00990979a963a8e94c31ded33a,1306,sao paulo,SP
0b813ddf68690d0aca83a20391ec4a19,c35c5c670ea2e345e3136b292df0e10e,62595,cruz,CE
0b81ac66ced97049984bd7faa500cdda,16e261d3a16e5ffbdf45706276e1cd40,71675,brasilia,DF
0b81ea8d0894eebe6bd8e8618d3ad548,da5ee76f279505de9d38705577767346,88107,sao jose,SC
0b8235b65e5edc54a726c674bf16661f,e1129eb7e3962a2ec5fa008e62d899e4,6774,taboao da serra,SP
0b82ef8137cfb5f47ebcc41131c03663,334099ce6fb2daf71f1077d6442eb9a5,15105,potirendaba,SP
0b83af8e524bbb2aa83ba090f5be21ff,aaf2d0137050d06ef2c8752f35c0d936,13287,vinhedo,SP
0b84194096e4c860bd0cc790b95ceb9f,9dce7716537cc16887de3a7b3d3357c6,93700,campo bom,RS
0b8520e0d24d4e14482e01e73e5740c0,d94137816541d7919b82c664a8f3937f,5387,sao paulo,SP
0b859d5b44d9d4882ace2e2dc93cc213,355c8e5dd7ea03b291a4057c4a8b7a4f,87005,maringa,PR
0b85fe0f29638fecccbd53288d8cf0f7,aab19b44415043c9cf141d90a59c2c4f,13070,campinas,SP
0b86a8c0b1664d2b4e10efbd1321f889,b89ba10870f6b2ad9ffb1b2f052df62a,59075,natal,RN
0b873e99a8f0f2b3432d1678dc3fd2a0,e7ed4f9558a25b5403b41224518d052a,97800,sao luiz gonzaga,RS
0b87eea12c9bc8ae36b6e4c551f4770e,945a0478f858996b861b5c9b1905e56c,22451,rio de janeiro,RJ
0b88a5c40d657148e615f4eb8513ac00,8507ef9879147bc27bc0f165730070d6,88990,praia grande,SC
0b88fc5d116430d2cd82962c039c3f88,7f48c2671dde965a4017d66d1f8ef9b2,11060,santos,SP
0b8c055126a79bb506c592eea2ddb8eb,9f86523d50f6768bc624252e42e938ff,11900,registro,SP
0b8cca6cd998b579f4a0556a31f388f4,4d5db20ccc7f8a5f045b475d9fc6d8ec,17250,bariri,SP
0b8cdab5bb179a572e61e283fe394cf5,f2ec1a335e59d379a9d4c78965f58b00,54100,jaboatao dos guararapes,PE
0b8d2ad15128237bd3cd846b803da9b0,3271b77a88ee13b0e8d040305b166d32,14930,boa esperanca do sul,SP
0b8d40b3e4564b081cddd81d7227344c,9c9db9057b02a4a1eb0d79e7caa1120f,4826,sao paulo,SP
0b8dc09e81f7b523bc035c545cd46c4b,b027a5e64b72907d4a6498caeb2e2fde,31030,belo horizonte,MG
0b8eb01b2a378b535126bdf817eb1761,ad7e2fa70d0db12bce950350ebc0e242,13177,sumare,SP
0b8f3578fcafc95887db21db6e68a9f1,74774e01db12966380199d9fb79102fd,51160,recife,PE
0b8f6ef5f2557dbf574cd499f975164e,d3bc2a31ade3c1705f9f432ac3034d61,6654,itapevi,SP
0b918f630623783e295db67659372d23,0781838872ec0cf61c6bd00af978d3ae,29338,itaipava,ES
0b921366e6cdd4a5fa81782d1e9e2de4,1f05e8e092a82c4672eb3a389fb85b48,1224,sao paulo,SP
0b92c3b2085fc6ca1af7d396612a2a93,f9e8fc5cd9cda3d485692b6dd3fa662c,30160,belo horizonte,MG
0b92d94401ad36507d63ada4b10badc3,69891f8e057781ffa216af51820ad1be,4650,sao paulo,SP
0b9381d1a69372ad15c2ea03f69d3413,f35afb6251ea2910e12f0e2da522de2c,17340,barra bonita,SP
0b938c5c0b785c5c10dc10a2f5d65783,e6fae271fd4393679d8ae159b0c5e04a,32185,contagem,MG
0b94e6ad540003cdc27b09854bd6f76f,1c74c4374e229167743e71a8c2235726,4278,sao paulo,SP
0b95c7c3e55a8aa954c1134686674215,836b2050fa44c82f1e6dadd7a1c9eac8,15063,sao jose do rio preto,SP
0b95e76c8ededa5139d9f8b5eed8f904,9571fc1b978dab6e1f488d52855ef622,13276,valinhos,SP
0b9607b0407236a9a7ef6f47227fc5c6,a60896ee4449908b09333a08c2113604,3307,sao paulo,SP
0b979f50eddf18236ac7b2174d4e9d00,05b82760216e5ec78270c2eb12bee770,85814,cascavel,PR
0b98703974a1b3855df622c21cd17c82,f1731fa7ae810577598d2d31a1888b4f,29103,vila velha,ES
0b98fd446f8fc5e42dccb4dd1b24ad4a,aef36fbff4da2bb3001ef080be790872,9070,santo andre,SP
0b990a3550b758bda642b10c7ff76cf0,96701d73665eab8fc6fecb9863266efe,3040,sao paulo,SP
0b9a169354c3525fe15c74baee76fcbc,0ff496711329d7a5d58e8a43716b3e6d,57080,maceio,AL
0b9a25915090ecc0db112277977fc2cb,88011e4997978a92a1d851b267f0038d,13405,piracicaba,SP
0b9a8afe0b1b0528e5f71368e7554722,f1c0a99b859f709be78ef0d292178403,2210,sao paulo,SP
0b9b76c2e963026cc36a78e2df24c913,0e0c8baf068d1c8c634f2a2aba06c1b7,57660,anadia,AL
0b9bceeae7e86e91ccf6f30fd63ac857,5c11dd5878243edd7c5766b8d7d35d8f,90010,porto alegre,RS
0b9c2c04285f9bccbbf9a41d6400ec24,1a75d590a6e6744b9732cd9feab4206a,45480,mutuipe,BA
0b9d5b8ca1d0aee387d35522fcf8785c,d00ba4e03045ecb66917ad9eb1b76bb5,1305,sao paulo,SP
0b9d93134b0eda9363dbda36958aa6f4,bc92ab36c0d3e4212c1d7f9fdb726e6d,14850,pradopolis,SP
0b9da151bab9f3b6d4add45b3bd7de80,b4d5acff9a18529ea0bc2f53ec3e0ac3,99700,erechim,RS
0b9e85491c194a97516c87f30a93abfa,cf50302e77f7141c5923c3bc84ceffaf,36884,muriae,MG
0b9e99e458210e5c7417a8bd7166ad48,82bdf2f11f9a5bf5af0801a168fe5c4d,49010,aracaju,SE
0b9f46b80e07d06f5a0d1135de59b31f,d4ab4dea403411a65262f8d3059a43d0,9071,santo andre,SP
0ba0a7a7ab459af5b3860fa8b784ddd7,4f922e1a973e7a72b422022f4aabfd47,29102,vila velha,ES
0ba1ff31fe01eb904f59628c2e2fbbc7,642b722279c9d9cfc519d58c46d0c035,8664,suzano,SP
0ba31c6990ca00aca5d0818cd491013c,85740013af25892ebf157244609328cf,74959,aparecida de goiania,GO
0ba384556b7e2746b54801301d662352,04bed05e978ff1060d21db616afb7c18,84031,ponta grossa,PR
0ba3ac8dad569436d0c77de79c102b01,242a653bd921522aba2f0ab9e661035e,41215,salvador,BA
0ba404d00159d8ce1548b956e1018c55,9239cc451fc7a6a08ea8afe790a27fae,13275,valinhos,SP
0ba74be179805cd74aeb7dc70fd0d054,49442f1aa89f3b0607299e77bd1b4792,2405,sao paulo,SP
0ba85ee41203875bced1c7d0a4102867,4988e02bf54481487f8af30a0c5ef7e3,89850,quilombo,SC
0ba9a803b182db080870a20acb7a7a28,96748a84ed9d28e85ab479fd7fa1ea75,3348,sao paulo,SP
0ba9e1497ca235e5ebf6719be14a8c66,06e6db55429bb82d5aabc4b2eeaad5f2,58200,guarabira,PB
0baab1610b0c82a7ae994257ffd792dd,3dea74ce7048f43ca3a2338f34f1bdcf,33115,santa luzia,MG
0bab2439d75a6b9559f2d49f3e499faa,8150b1391aedaa88da5dfffa55df6eea,12031,taubate,SP
0babcbd58b162c0717951ef799d3a3de,a9403b325f6e6619eaf3cfe9af0773bd,72872,valparaiso de goias,GO
0bad99a0dcb029ad7fd5130ab7461138,ac5e46d1db5f0fa318760ab53ed8147d,25243,duque de caxias,RJ
0baf61edad2e021f03dc5a4304aef983,00720f160ff500d3605a1bf403eb62d9,13201,jundiai,SP
0bb02979a8009c6c5b0306fb8120d6cc,21c363cc23467c0a77e0b8f34b219875,57035,maceio,AL
0bb10a5c4a815deda21cde1c4131e90a,05b072d40a72efe9dc9752cb3ac00dd6,16075,aracatuba,SP
0bb18eb234e80c2f203cac31f9b03078,35fd26e0b8e2aad867717d6e3227fc9d,88025,florianopolis,SC
0bb1934e205755a2bdf69b04687d6673,8d0615e684b7967c26746909cfe2c6ac,11410,guaruja,SP
0bb1df1c6ebb8a342e2d1b02d3c7c312,e273e73259bf36eb8301a79b0a76b0cd,24358,niteroi,RJ
0bb1f312072d547381118b5dc196c1e3,b8b0198139a9f6dcdca7ed18a94fc65d,11025,santos,SP
0bb22defe0dd478a90cff2c735610686,b3e368643782a907d9dee84bb01205c5,5089,sao paulo,SP
0bb2df81f240ddaa795107ec087ca5c1,dfffec82c4dcdc371c6cc868a389f634,17030,bauru,SP
0bb2f904940f8c35cde9dedb64488291,d6ac33439a2d21e66a32ff87c8be6506,8970,salesopolis,SP
0bb40a0d7f0a7d3380f5543254ee0dbc,db2f1a41ca73d34699805d7f4c1d4de7,31365,belo horizonte,MG
0bb4158d2611514ebcf615f2565d34fb,06b825ab0cda1781409d7188a56adb20,24451,sao goncalo,RJ
0bb6025d17db5fa2352692bc680873bd,96d3a3257161c32fe93aea0e38b16515,22451,rio de janeiro,RJ
0bb62e6f9d167ed22e1ee8e12276f947,2f14320b6cfbc04ac9c1d62145e33059,8260,sao paulo,SP
0bb74a467a1245f6b6b53a78b72e35a3,1181f63c18e3d0f7c0767ba05260da7a,15490,paulo de faria,SP
0bb79aff5bf618a6f3bf91fd9049b9d8,7c22edd8f6e95d1c4df595dfb60644a4,5338,sao paulo,SP
0bb7a259af35271edd61b190f9cb78be,f468e6ec723b96c71219660b45a1a1af,29101,vila velha,ES
0bb834758b9161844659f3d641da02af,4994e3301734485d0f0f448377068f3d,66070,belem,PA
0bb9be671290be8ce833fee7c0955eda,a11df07f55f14cdceae5609bcf4350a4,18015,sorocaba,SP
0bba7338d5cd321c76f2b47afca91c9b,30a81e307f19e822e7199139fe52b1b0,39820,novo cruzeiro,MG
0bba96d74b097f702d796d016ea4891b,9478384db2bccc092709b5b0b82f8ead,38178,pedrinopolis,MG
0bbae5720eecc2f859556a5bbc43466b,933185e32d51964d714e6cf19af7c9d1,12225,sao jose dos campos,SP
0bbb36dcf7fa22399f3ca7ec6f22e077,5979f0a30cb5874cac620fe3375d0297,13940,aguas de lindoia,SP
0bbbcba4fb2d97e129f2f2622d82eabc,521af0bcb7fe9f806c95e09422b38a43,9760,sao bernardo do campo,SP
0bbd16cf1f513dee4ef3394883e26770,0b439835fbf3ca0cc8d2ad49f06b1340,24210,niteroi,RJ
0bbd5833a02f8f7aae1c7692bfe25320,898a3ab803ea2aea5757bf334f8d559d,7866,franco da rocha,SP
0bbdbe9583119040379634b5ebf5a3f1,1815404d80ba1f8e55be9ac3fd32c1c0,25213,duque de caxias,RJ
0bc0850d0f0f4d17c5faac1f564e2a7c,b9f7eefb8f104a1c8aa4e08a9a50485c,39880,aguas formosas,MG
0bc0e9e36ef7cc3a227078978ea75d43,020f91981e05247250ccaa0ba69364d6,20720,rio de janeiro,RJ
0bc2b5ce8a4431c1888f01afcb9b3000,d9718ed52d1918815375e89fce46181e,13486,limeira,SP
0bc2c14672dbd55d2657dc1913bdd03a,e1d01ab557759cb60095b085ff6ade4f,36205,barbacena,MG
0bc2e73bd83fe784c8e9a761b7c89906,cf6526c2c89703d192e46254f78e8a7b,13563,sao carlos,SP
0bc333635d01d085aaf8c0c71dc9e4d0,dfb7f397991dbda2d975f5d7bfd915bc,37950,sao sebastiao do paraiso,MG
0bc43b91c520f4f56eda898ab9d0a4d3,c225d4512dd0d07fb643867537a991d4,96180,camaqua,RS
0bc54a02fdbcb70408167af288be3dc3,e9710c8ff387bd8030f5665e90e7c019,60530,fortaleza,CE
0bc5c0312057328e72e35cead3ee0db7,b59249f14479831a87cf867d8ed32ea6,5076,sao paulo,SP
0bc6abbafdd2f89eb203507e7f1fc11d,15721972ad68d86dbceffb155220c7ad,5596,sao paulo,SP
0bc8e98b6cd57c9fadeee5339a6e08ba,2c289d464b7ecadb63c763b3ce8ceefc,4038,sao paulo,SP
0bc91e14cb93aab1b6f6730922a31aad,c2a444c39a2d87b50039f910db917e3d,37551,pouso alegre,MG
0bc92ea0f454d4bce3665b5716cfa58d,c6b1d0d394ba367ae48f9bb69158231b,18090,sorocaba,SP
0bcafb4963830ff4916ab5c5adeb209c,3f5f986b9a3efc32fc26cdbc9df34fc9,13575,sao carlos,SP
0bcb83f11459548493b5bb7a3df7c996,10aedefb974a292765b5daeeb4177526,17212,jau,SP
0bcc6ae89ebd572cfccf2dd35a46987a,cc025521d96a3005316b61cde71907db,23087,rio de janeiro,RJ
0bcccd8f84ebe2f7721e760628fa5b42,dec14420257e5b4b17bade4b437ca56b,4576,sao paulo,SP
0bcea9b16dc81df6e830e8f3a61bcb30,5b14f2c0eda10f5f5048e97836726cf6,88130,palhoca,SC
0bceac9cc152b61d82f0956d301a63d1,1a3c5d92c5273cce2508cbbcf40d5267,13820,jaguariuna,SP
0bcefb6bd3a890ffc5ef5f2573cee9a0,ecb297840d7d64a51b8fab8a17af9ac5,2289,sao paulo,SP
0bcf0d29267c6b219e27f727bcb0ad88,d0ad4835472bc6937d187584dc5b34c1,89370,papanduva,SC
0bd00959bda7d317449b8ae1749225be,e22536e71959cb60d621313510f8e345,25780,sao jose do vale do rio preto,RJ
0bd07aa3b518a209f19344537fb1c5d3,5315ec6f9f93844fd3c64cadffd9aa24,72006,brasilia,DF
0bd0b101f44fe42c7046dbfdc9d22376,d6667d893ca322b67e7ba3c454d043de,4815,sao paulo,SP
0bd1e9072528aad3d346e72102bee4f5,b5177190a5290ab9335fd4f2537aaa4a,21231,rio de janeiro,RJ
0bd2dd26ea71e853a5c95cf31a7a9c8d,43cf7e69e43376c3fe22e0ac5b69846c,25780,sao jose do vale do rio preto,RJ
0bd38d9b7cd6d1fde9c2dbf6a45b2efb,dd47740f3c285d15d8c9c72fc204e78a,31035,belo horizonte,MG
0bd3f14716a8cac2b946dacd0a543d92,eb1e86363a9dc072bfbe0a428ba6a4f3,12244,sao jose dos campos,SP
0bd4b2650d06ce9880370c6b5e4ff2b6,1b231a7d116418a1a0becd7b0a9a6e28,32050,contagem,MG
0bd4cdb624200c39410664ca45d4ce25,ef47bc5bdb69b9aa62f3db4e3e434d72,41706,salvador,BA
0bd51eff36516c236f8eebce83579c43,5ae030cc626df7448a863aaae63920c0,39880,aguas formosas,MG
0bd601a41ab5cd6262b57cbb2bcf0f2e,c26714e5c4bdc619234e2c57c0798403,91210,porto alegre,RS
0bd6589cc150d21213487c73a45b7d3f,2ad3fd1a4a4c8dd70d848f625b27f4ed,90480,porto alegre,RS
0bd683b7ceca26b5bba4e327682275c5,a68cad6fa267ebb67ed54e2cef2b6a6f,23894,seropedica,RJ
0bd74f1b5a443003dd5671bf1eab744b,f93ab2cf61d78046d9e93ab7cb3b5285,31160,belo horizonte,MG
0bd8656da445cf7cf9f59a2fa41f9e91,a08b7a139f50986a7f6c70589d16aced,37551,pouso alegre,MG
0bd97783f923de852985314ab0ef2f53,983a584e1adcb4f3fad8211db435b162,68682,quatro bocas,PA
0bdaa2e4eb24874165d8a289092f7407,22fc43805362081852900eab46ec116b,40170,salvador,BA
0bdaf62bf3211420cb25a16386b56801,bf77f7e1f3be1c38f6686194ad96365a,12287,cacapava,SP
0bdb2764e5b4a297f0d500d8458c8593,abed9862c4d074ff11ca43acb962ebf9,66623,belem,PA
0bdb856d27087ad9c34ebc3335ace6c1,af8d07e04415b17eec6472d8f31e83ed,57010,maceio,AL
0bdb9c395e2e8642bd9a303c4e2725c0,e261fc64438c07bf3f12e82fe26c0682,31842,belo horizonte,MG
0bdc7d7710cc0598046e4134d8a6af75,144b5c6dd260fe9984a0963614b81f0b,95780,montenegro,RS
0bdca8cf66b7d24237c048c8992a8b7a,82e234f722a0424865f264e825423f24,86047,londrina,PR
0bdcc03d8ea14230b19bdb4efdc87963,f366cf5176bb3cd330e74d8e14b8e13c,18550,boituva,SP
0be04a8ef16bc25b5dc43d6077d9f87d,659ee59482fb5a41632c2c2f2b3fffdc,5056,sao paulo,SP
0be23035ad10fedb829249b612f907cc,9d70ea3ebe5c4a618a2cc65ea1336492,11089,santos,SP
0be267b9bd2ddb2eb1e6112612f5b513,5d01ac79738d2c0486e52d4ce873ccbb,45604,itabuna,BA
0be2b81be62adccc0f01bd6dffb0dad4,8183af415159fdfb156e806b3d97b25f,86050,londrina,PR
0be35675024b139cf0359dcfdf6b80f8,a9a503537308b220c7686c2189ddbf3a,22710,rio de janeiro,RJ
0be39985ec47a13a76f780957f516a6c,7ca6cb8e0b3525be15fb2ade182d7c35,25035,duque de caxias,RJ
0be3b3c1bd5eb9d58a57b0bda7d72ec2,455c17b35969ca198c17f2fc9e8eba1b,41610,salvador,BA
0be456ed130a857046b0b296e0f9badf,4046cc9e4828038b58ee191e1f713466,4213,sao paulo,SP
0be4ccac4dad0eece92dc788cd5e9260,383a372bb06ef1c032c7dc50636eee24,38550,coromandel,MG
0be6d364b9dcdb4fe3ccfd89b7a487da,942a51dad33958da2f641c42fce62f47,11543,cubatao,SP
0be6f5000bb956916f065d0d1e8f137f,2fc516534140390635b2aea2ea75e226,93534,novo hamburgo,RS
0be74c3190e29ed9550c7c2ca1417a14,1f8a812f37c3d595f72c0ff5b85066f6,16920,castilho,SP
0be79ac69f798b1d2b2556b82118940c,c8041a10065e6fa6ce24835541301658,85884,medianeira,PR
0be948a55db2c18553bc293d52ca6c61,0f23aa5e28cba5c5d50906a2ff6cbb88,89701,concordia,SC
0be97ebc9313a86e02d3b7cdd7e5f1a6,f2d12fb9cdae4493f4349e9d65a66bba,21710,rio de janeiro,RJ
0be9b4ddd7658cd89af3775f8109da15,7d11793f8c691eecbe91eabf56d0f3f6,12711,cruzeiro,SP
0beac38aa6cad393f933d71c2a4758b6,41b4b0d7d2b9c08e9379801336b0020c,72260,brasilia,DF
0beb6f83a9e13f0dc0645df5c1f8475f,04e9f64126040e692ecd89cac744fca2,13478,americana,SP
0beb758b86c7d48d1df5e50f18817226,edb3cefd445d2dc84fe05dc9be6f6bf5,14701,bebedouro,SP
0beba8a16f9047a73075e82b17892256,f949653081e19bb6217736e9a3799181,22450,rio de janeiro,RJ
0bebec3578296e4e4ff216ff6037cbba,d270eb25f6d487d94778d358b01c651f,7134,guarulhos,SP
0bed3cc69787fd4be8e3dcd07c3bb611,0d83b1f69cce44c6b8401433a2490be6,4015,sao paulo,SP
0bee1a6846b1292a8a44f283aa013338,339989a990e18a2a6ddf3e15563e8ab9,17022,bauru,SP
0bee63015f7900ba02c9b290aa59686b,d652d11973d7a734be8ad35da56b4e6a,36640,mar de espanha,MG
0bf12a8fb9260f4cb9fd1f79618fc2ff,2bed4c59b7941507fd6e2f1ebe216095,17780,lucelia,SP
0bf19317b1830a69e55b40710576aa7a,5ddb4fdd9cef2450d17ae20639815885,13218,jundiai,SP
0bf1cd44cdc21a2be05e1917aa554f0d,d78113394d16563b6cc3cb54ecc2db79,35700,sete lagoas,MG
0bf1d9ed15689a889e24bfa49096a1ef,79c3ef46b89f10777f5604a5e1ee22b5,22260,rio de janeiro,RJ
0bf35cac6cc7327065da879e2d90fae8,c4c0011e639bdbcf26059ddc38bd3c18,13225,varzea paulista,SP
0bf392eae6659457dfc09ca7c3ea9b42,1bbe92403f551af2702ed4bbd3c60f63,38600,paracatu,MG
0bf3dc9afa5fae5365b7bf3f44904704,a651ae23be31e21922b96bc68e3e8507,4763,sao paulo,SP
0bf412996fac82fa938b0bead2cf9489,00a1e8f160b36ccdcbca310933f12a3b,4058,sao paulo,SP
0bf5096392485d6f11ba8db5224e73a7,077cf183fbf968bb170f313cf8bfec68,4960,sao paulo,SP
0bf622b6f70b7f7f0af5948b9886af09,d7b4f3c9c89ba771ef099693c61d7085,33400,lagoa santa,MG
0bf644fc54b89e3ba5b32c2b9e618de6,9065ff1d98e9831c8b9444fa2710d313,37502,itajuba,MG
0bf752a3e1a9a91859d9760834a75acb,8040b6b69f77f454c1969f6f687edce6,29709,colatina,ES
0bf7fba27a51200f1752bedc3fbd2628,5f9460ae8f2c16bb9e57fcb504d93108,29047,vitoria,ES
0bf8a653959904db413cc2f379facfaf,df5206f3d3eb5b38ee2126705498a7a3,90840,porto alegre,RS
0bf8bf19944a7f8b40ba86fef778ca7c,8d50f5eadf50201ccdcedfb9e2ac8455,4045,sao paulo,SP
0bfa1bc373e0b5b09842638f464bd547,0422bf9c5455d76bf0906b94b42bdc2c,76857,nova mamore,RO
0bfb2278d83ff358645a588158d39b8f,b1fa8a69946f10ba9b6010afde8f4762,22245,rio de janeiro,RJ
0bfb2fed550e74483522a6712b69b7f2,2e8d1bd161dd6302acff9b4e4c6c75f7,2309,sao paulo,SP
0bfb62994cc769aeb5f2c9da92c922c5,cdc54dc1a43d23514775a03ca90964e1,9561,sao caetano do sul,SP
0bfb7d529667db8a81546aa992725f91,ebf2e859da14bffdc1b2837932d4593c,24933,marica,RJ
0bfbb7d2c85e85cedf327ac8cf74f3c8,3415897060d38eb38e2abf5b3ef0f320,13311,itu,SP
0bfc3cc0012bf277dce70f42fad57b95,dfc8ac166207b0887f4123d5df99b799,7176,guarulhos,SP
0bfd87b3237294958395d3cc81097e20,921a745c4d7724ca0fef71f67d9d02e9,9930,diadema,SP
0bfdd26f029a368b463a48a56b65f560,25314849bf706df0e00da89ccff9bdc3,17516,marilia,SP
0bfe07b61bfee66e26439b13efc8ea89,e9c905c9d93eadb270434d5f1de50fee,87970,nova londrina,PR
0bfe96ed9f807da029472429981cfa99,18f8e0ebb3ee98e9f3805f92c3ff7431,19300,presidente bernardes,SP
0bfea02831694ac939ae7d1ad14287b6,52d33af1de49df72589cf7e348835ba1,5404,sao paulo,SP
0c001e52f187db590c01e00cb5b8a1d2,ac8302986b817117d13bfec24517a5b8,68725,igarape-acu,PA
0c01464f5a36fcdf6ab41071e18efb26,701703848e75a5faef67d1e8d8cef763,99670,ronda alta,RS
0c01846ac6320d0699e23a6f593f192c,f5bb385a75a910718ab38e46a69b9cb7,39401,montes claros,MG
0c0202f6f6b9ce5a9aa8f9fa0a7580c4,6f028dec6f26ff16182703be1453bfd4,49030,aracaju,SE
0c03226afa90f20094fccdafcc422e62,d870a06834e68bdc8864f3a9a97e73ec,26525,nilopolis,RJ
0c03776e54dca1457ed2ce839749eb4e,5686df2ddde4aca6069befac8350a7d1,6543,santana de parnaiba,SP
0c03bb1318921424fbd501cf9072bf89,fe4a1cf1ccfff5726ea94d79f2ef51ae,11740,itanhaem,SP
0c03fefc7ed9571281380ababffe4e6a,1cdafb9c3a1392a00aa5710759319541,5867,sao paulo,SP
0c04473414f0ceb96390c9e26b968d9b,dc23a13738c34c6077a11d9746e68053,2013,sao paulo,SP
0c045d9e471667c05202939897cde7bc,3c068da825c04776514f05089b83ef6b,13033,campinas,SP
0c0466693c8e3f6f3c37044a0cf15447,54fa5bd3c92ef6ed4857894049443b20,12970,piracaia,SP
0c049e412a34041312b948a94570d51c,a484d6a80277ccf24d9980cf34c47546,2242,sao paulo,SP
0c0587c88385d7161f40e56d8ef653b4,0342671f965441203a37ba45931e64d6,29278,arace,ES
0c0603d07483f48b102fe37e1745befa,56d6d1ae03e95325991e4c77bf3cbe53,70687,brasilia,DF
0c069b7f921d428000da0ab8b26b629d,86c56da9eed3fa930aad2444f1232a06,78635,agua boa,MT
0c074e014f4b775ec78e28f3f35ee0fd,bfa0480701dfa99c637252d681929e3e,31110,belo horizonte,MG
0c0770e40680fcb4ae855ee1493ff116,ef7bbc96acc16599dbd8461a8eed42f6,21555,rio de janeiro,RJ
0c08720b120ac120b41b9a65b5ae30d5,cabe5d58a88948179aacb62c76c828c4,38400,uberlandia,MG
0c0876b2cca2dd85f4f6401182ab7691,a6823770173e1409a534bd38d8cd87ad,65075,sao luis,MA
0c08fe96c0e03914e28fb8678c66983c,de58375cb90c1b8387549427023e05d0,24346,niteroi,RJ
0c09a5955ceae2f951a26b5f0f562c84,6f932f011a8e866d632f58cc7580a7f5,68900,macapa,AP
0c09b433fb049996631021002c9cd554,4f39af72395297f994a1bc1ece7d7796,32140,contagem,MG
0c0a6bd19047d0bf4ec7752ec9c1b1d7,7c6494d4a4bee05409aef014c1e16300,20241,rio de janeiro,RJ
0c0a6ca52091617f1f287b4565b8ff0f,1c95632b153032986e6ab01c039a1ada,20021,rio de janeiro,RJ
0c0b4497d7324e5a4e31262c93fbc3c4,3595d21a3d79ff7a508581144acf0ed9,6020,osasco,SP
0c0bf0fde3d95689bc2241cf6d107032,e27a73a5d870af369e93eac58482ebba,37062,varginha,MG
0c0c378a0c0fbd00be4ea9cae4dd36ad,19ea2e6008a98e32959c62f5a5ac5107,9195,santo andre,SP
0c0cff01107d9555110f6a6f0df65dd6,130b2188edb1f787582e779853a02bd7,22750,rio de janeiro,RJ
0c1095f12f17b8a8814c3b52b94084b8,f614398f8fecd0568565d52203c67247,2404,sao paulo,SP
0c11fa556f26997671eaeb09e029bc73,445303938ffc592a9c9db7dacb942a25,13465,americana,SP
0c126624523e2691cdedb561b0eba625,119a9e6caa2b3ac9e23e898f3b74357c,36255,aracitaba,MG
0c137d76fe12fdf5abcbefed887f2b95,7e75aeef30d7e9d4ac860fcc8eaa8812,11520,cubatao,SP
0c13fc247a33558383e51e9021100f94,0f4b07a8468f03fbbe917a11f5e5ad86,65620,coelho neto,MA
0c155574f4f4d27594dbdd37731a6ecb,b8b3c435a58aebd788a477bed8342910,95585,arroio do sal,RS
0c15d66c29d5caa12e5da17d1e5e6077,9a84708d75a5320adb3be73dc62a8f53,99940,ibiaca,RS
0c16001ff6d159f5e4dc4da48e67905c,0d80abd296fb62391d82f427f5a45de6,85560,chopinzinho,PR
0c1699c37326ecf93e3a029ef1159431,b8d8f590f237077f3240ae6e29cf7fd6,4844,sao paulo,SP
0c16f77e243787b61748a79eb1634329,7d2a53716c3b4ab11b666372a985773a,9846,sao bernardo do campo,SP
0c17965e427088da168bf202d9847f7a,3f26a900e8a097011c321eb6eb66ded7,5014,sao paulo,SP
0c184ac73648d0a5017faf2430636ad3,87c907fa30dd1bd3709c84b912b50c7f,30170,belo horizonte,MG
0c18e52b37750f951f6ff01e8b9fc351,2d4dbc1758226792276e8e09d2e39402,85859,foz do iguacu,PR
0c19a1c2402dd9f603b519f1686b9e80,fcff1cddc01da8804e63ea5176fdbe49,22291,rio de janeiro,RJ
0c19a47cf78648bc68d3e9e3d4fce3bf,48d53c274b8fa24d790d2113ce1946f3,32341,contagem,MG
0c1a18f3a66287a0088e541e9df09e51,5d1ab8c4c79f6f25c2da105854c511f7,36015,juiz de fora,MG
0c1a1bd01d912098607c17888d4ca485,014593e48e9119391b9c70206fcadca8,14810,araraquara,SP
0c1afa15fb6abdf5203bfdc005ececed,d1495d03600fe3a8aa6591f6f804bb62,37490,sao goncalo do sapucai,MG
0c1b8fe94f005491d94941f2e54965ed,2213a3ad11848f11a0c23b16f44e31fd,3181,sao paulo,SP
0c1cbb5e025152139b7add7bd25df4b9,98e455d15e526b632b25af1254fb074d,2033,sao paulo,SP
0c1ce3452644c2df44c0162383acdd45,2e4172f7fd898dac91afe1173e9cfc37,16920,castilho,SP
0c1ce64a6c962bfba2c87a6515b0be91,7f4d8e5e443b1ac061c7d4eab0594be1,9771,sao bernardo do campo,SP
0c1d9404907345641777e5dbf8062c09,f8bb7b52f108696bf4b46a088b3279dc,39153,sao goncalo do rio das pedras,MG
0c1e0458ba5d882b1b85cf1b80528ef3,f979c9d4e25cb1df2e513a3e498b9505,65465,cantanhede,MA
0c1ef04b363af81d555ce9ba603b02f3,cd3dc56b23dcbca8cbd532115b6c1915,32678,betim,MG
0c1f4e7cf5b4d4254e19925c2464615d,fa0a8fe08fc2bff3b94c78cb442552de,18108,sorocaba,SP
0c1f8afa8316730b20388c1b0f7598fa,83de18b58eea299f673372fcdb6adb13,86430,santo antonio da platina,PR
0c1faf0b5e24b7a0c450332dba9a9324,f06bad5d5ced865164fd845e78074b9e,88750,braco do norte,SC
0c21938c6aa9cc9fc265a5b045b3658c,0903f7ca9c0e70462be300052e9ff255,29060,vitoria,ES
0c219b8cac1d2f177414f38c3167c4f5,3a2ee2dd9846be1336b673162b178b6b,87310,campo mourao,PR
0c21e6ca6ea55cba835f883bb68350c8,0f5a5218812ded0d641b87f580c47ca9,88037,florianopolis,SC
0c2350ac90a7c2d4a6f04bf7fa330125,c11b245955c65400b8302d44954906ed,23098,rio de janeiro,RJ
0c2454abafe19b2fed0ffb128f23aa63,9b4f9870718fc9f864d7d5494d91f477,22611,rio de janeiro,RJ
0c2473e5a7533f687f8e6aa29efbdc7d,102592d98b12c6656e777e602d0b4474,22051,rio de janeiro,RJ
0c24eb9748620ef4c1a57fbcb77f5ff6,d4bfb52232b293647e88915939ceb6ca,3227,sao paulo,SP
0c25c869d50456099b3026f0427afa64,1e6710617d45cc88fe235ce34480d5e3,45900,caravelas,BA
0c269f2f893647162407337e7d8ddc4b,3e91bbc20243d17052482d34de814085,90550,porto alegre,RS
0c292ba8f76828610bd7c666ffed392b,4a662185bcee16e495098724748fdcf4,6365,carapicuiba,SP
0c2c4e24715435524ad8df79a4ff9c39,3a72453c8e598485547faee4d5a8ce22,22231,rio de janeiro,RJ
0c2cbff091eeb8f51f5aff24dcf1e9a9,23b2d37ef78f3c8dcb31f5eefc30190a,14300,batatais,SP
0c2d410b960c5762f9c574cf779cbc02,5a21363c92f912e70cb482c96bc03af3,12942,atibaia,SP
0c2df703f6752ebd02a6c972086b4c80,460bb04758c9b4ee528d86a2504ee61e,88062,florianopolis,SC
0c2e7db0f28a375d8906d916eddbbaae,d14fd66d1813e705f9034059ac7af499,41830,salvador,BA
0c2f6a31ec4940b249ed3e65304a8a6e,adf4fe4a0c7455d38ce27058d4b85f97,17022,bauru,SP
0c2f74f093d807cf61e0efa724e6978e,8e1dd089152c63b8853df378a109d765,26116,belford roxo,RJ
0c30178309c1c4a738622c81ae3d2f3b,95d47153b9bc4d0fe3b9c714c4b19c3b,38610,unai,MG
0c302f4e4722a7b2c5b1899faad9d5b2,97241a595d1608f95eeabb4e5380349b,55750,surubim,PE
0c304fb37832102b8d85acbc63709bb9,3a5000ef81fd13a47220d0e2be38670b,21011,rio de janeiro,RJ
0c305f688ce08dc9402a2164fd6f29d6,f68cbab6cbaab1d6226e2dafed486578,74315,goiania,GO
0c3060b6e196ea68986b130a86c8ea08,b9aad088d2ce9501d59cae5754b67226,22410,rio de janeiro,RJ
0c307086df43cfe61d995c90c01a9607,dd40cca4776a4c919c238c96f298bba4,4264,sao paulo,SP
0c30d6931a3ecd7724601a0fbf5151e2,5156800ff5ccf6659645449f961c4de0,6386,carapicuiba,SP
0c31132b8ad88895a3412dac10738bdc,08f78b3fc7f82493561ab35c1bb32351,75813,cacu,GO
0c320426834dddd6c276e7b22b715831,a69bef5647b75971231f728de0fe91f5,20510,rio de janeiro,RJ
0c322573ba503cd7e758af29de300dc3,f058a2cc5e2d85f398f29928af6436d9,28685,japuiba,RJ
0c32394f859ee81240ce97610eb2b6af,929f9299271c7c31c370be4cd8e8675d,74120,goiania,GO
0c32da3090365f1c34eaa407bd52778a,6faf12196f13db59a69a92ff91568816,29550,jeronimo monteiro,ES
0c337f608f8ac9445aba813206134fbc,582a0b0552cc0678f7b96d538250c36d,23932,angra dos reis,RJ
0c34c39c897304ff49eeade3059c4c60,095ffc730d9d2da2f12a0bec18722aae,5711,sao paulo,SP
0c34c6b2040903846896ec9e587e61d6,1eba2c022ae2202d0999a7c547671f7f,49090,aracaju,SE
0c376c9c15aca35371617c653ede046d,d47e6c5305cc5d8d676aea5d91711095,28897,rio das ostras,RJ
0c37de9d0308364cdcfc8c1b2c5e7d11,8afeceaa56e63d90251c475ab609dc58,36400,conselheiro lafaiete,MG
0c37e6b998e499f5716f0f3dd4ea98f1,f1f592fb544276b17419f0f2ade09036,12010,taubate,SP
0c387de9b1d29c241fd527453fc9650f,bc0cac6a08345c4ba1cf54c98b255f13,22621,rio de janeiro,RJ
0c38911b449adfaaf4c34c0f28daec66,c0dab7eb07507ed9414cb4e6abae7f12,27937,macae,RJ
0c3a2d52180381fae19478346cfeff76,4e5709d7ccc38b314871a3a92171bff0,13612,leme,SP
0c3abed07592371aae8849458ab83360,fdb684aa2cf3f2290fab845ebc0f6cb6,33400,lagoa santa,MG
0c3c9fbd68d650006c7eef90d8d1f37c,ec80353a38ff10fe2b7bdf17101093d1,65110,sao jose de ribamar,MA
0c3dbd7a0e5c75e4aefa811858a2ef11,c959e2d1633b86473794539f77490f27,7987,francisco morato,SP
0c3dd62fda9b8c9acd32576cdb189057,4b652b7abac75861804c1ad973ee66cd,59110,natal,RN
0c3dfc99f2187c03f0e115be04ab0d72,eb69ead1e0da68c941a67677f6a39f3b,6162,osasco,SP
0c3e6bbb4d61582f912d3acb1adb8981,29e75e47742d649bc32e8f00133314d9,21635,rio de janeiro,RJ
0c3f1f9eb96b95c93273ec13bc77bf94,c27ff509c0ac6e84ba2cba73da8c253e,11702,praia grande,SP
0c3f40c66cabb9f44ca7431b719f37b0,66558281bfab454b13fe288d5dd79431,18550,boituva,SP
0c3f432e2cf7ebb3a2cd874a8da89541,7cad90d392c7fd3054ab4c48eaf771e4,74915,aparecida de goiania,GO
0c3f7c99a73c83fdf43aa51186a7b012,656d4ae23fefb8f2a2d6601c0f8f989a,4823,sao paulo,SP
0c3f9fbb8f56db0aa2128edf30ebe544,3e43fc8a00d1e9ef2879b0e842820155,96760,tapes,RS
0c409eadf7461d9e02860a7015a3f52b,19f28638c0f171b159350463cec68042,54410,jaboatao dos guararapes,PE
0c40a723722c34bc40d254a110efb3cf,b2b40a920c62b059105287c14b43691e,25963,teresopolis,RJ
0c4193409d3d33915a701485f8d6e0e8,4c7ddb7b5d196b2967554adca4964542,72125,brasilia,DF
0c41d3676a3676b647ac6a973f61badc,fa59f018cfc7cfcdf9bcf562c8b97d93,51030,recife,PE
0c42229f9ebb31ce346a983185d7743a,8d31197a7e5c636f67927bbf30bfc3a9,2230,sao paulo,SP
0c428325a6e5827165ead35a82e51f27,66898e94f5176e491671cd24527b9004,13185,hortolandia,SP
0c435831112cf4a6540e675f0590f1cc,f220ea4733c5c24a0db4903ca85ba020,35530,claudio,MG
0c43610fd930ed4eee8f18b6a89a1755,980349653e7fe046c6ecce32d729bab3,9560,sao caetano do sul,SP
0c43ce6eb8a94b14d8eacee4b844d0d7,5f44b92cf9c269ddbe36a97991a7ed3b,6040,osasco,SP
0c443d05e8d9a031f5a2f4d8eeeb3fd1,05af4d441293afa8f7d8a960b3caf4b0,18207,itapetininga,SP
0c449d43caee651308a153c58e09c9f7,50208f415cd5914be95dd2c42a3041a6,5713,sao paulo,SP
0c45155afd8ff99622c40824057f9b34,87ae4c644c15d9c6b6f826dfec33b340,27273,volta redonda,RJ
0c474fb968686213d3b8a6222196de97,026af3cfcaac056ac62feb8457cbfaa6,70856,brasilia,DF
0c47a5834e30cc2dc4302426ddffb136,417578c35961031ec2fa3232a6902e2d,22250,rio de janeiro,RJ
0c47b248d221de2c26aa1f823e15264c,913f5e4f97adfeb0e74fc6c60f3c3331,30514,belo horizonte,MG
0c4846a1d98b1cba181d10d8f391b827,dd83601747bb34ce580f777563e850d7,15620,macedonia,SP
0c48ca9e62f5ce6d270c3740c5f48cda,0915709aba5b9fea574a1347b513803b,9895,sao bernardo do campo,SP
0c493327ccf5fa774963c070600fbbb2,5b5a513d2e805bff55e5a8ade63315e9,78390,barra do bugres,MT
0c494e7b47af78f1d766a4f5548f0c08,49f8ff167da44aef10c1aff88b5c1f21,3185,sao paulo,SP
0c4a0b8d4ec522828d3c1cb06797222d,6c6e3b551c7a583ac16646981921ce6a,25900,mage,RJ
0c4a28dea9556c536b703f5039158dad,a11ae0d97ead5323440b4b5f0cc0e135,13408,piracicaba,SP
0c4a8b93effd07ade151a4961ae8791d,af4f1a4fc432b8480911a4d2f8e9dee5,6401,barueri,SP
0c4aa71dee29939b7e8c95cf38265ab8,447c2071517506f2d8617a89224afa08,4272,sao paulo,SP
0c4adbfa83c66d1e8272bddaa6574356,04a1a465d6b1d13bb7166474c639403f,23045,rio de janeiro,RJ
0c4c3d7ecb729f77fb18ddb0ba5442a9,cdd84ebb59cbe647a3bbafabdec45d15,40313,salvador,BA
0c4d8a4392b18fe20a9a5f0a9189e0e7,428b1908d7e8c637019379bf44dfec4e,12900,braganca paulista,SP
0c4e94327d4955e913fd4fe94f0217ae,1fb77d999ea30d0ad0e9f684088d2873,29106,vila velha,ES
0c514e0396feddf312e4522c38c22247,e5924273da1045d026a81bcb116086a3,13212,jundiai,SP
0c51809f15295468c70058026d64a711,72117da49c65cc26df0bb7246a4c16af,14403,franca,SP
0c5292f5e3690805390efddf53935915,59d66d72939bc9497e19d89c61a96d5f,2435,sao paulo,SP
0c5324c087cd266c3d99b0f1849bb8ef,626c4e025030a60d2c9be658298416b5,5077,sao paulo,SP
0c5391131aba8ccabf382480bb3bf660,1d345e543fe8f96784e306c0daa4eac0,99940,ibiaca,RS
0c54f6243242ca48102430ab0931270f,56741af99968c78688e558b5551c68ec,33400,lagoa santa,MG
0c5609d2ffeb93f99526462c979f5310,9b275afa65b2ddf85f643914901714e9,13065,campinas,SP
0c562074c5f964adc5bcfa39d647a834,bfec92e1ec04145002c3827e2246afd1,79830,dourados,MS
0c56a50d2954cbb894d48187542472fd,c3856a5af4849986cdf5caadd0b4513c,5754,sao paulo,SP
0c58662653c40d0aec41ff36c511c0e1,17fdbc7bf5923361a92c5630bdd80cd6,78600,barra do garcas,MT
0c5acfd4c2e4abe79d500e8340cf81da,98538bbc1d61e50cb8d72f66d3fc1a5f,27700,vassouras,RJ
0c5bc9b483fd56c74379ef5d96bfe494,6b88a221ce37fa2bb4f67acf27e56716,81150,curitiba,PR
0c5be6b354afcc24ff40642e4538268a,4f44a385b3f93b433eaa7936b1ae045f,13506,rio claro,SP
0c5c8c5d9a4416010c6174ee6d8c59cb,3e36d59a55c36aeb0c4c974c3c506246,11015,santos,SP
0c5ce79848f718f81dec0ee02829d074,7aaf11fd37a9580e5a7e74c59eec9428,12042,taubate,SP
0c5de0bf7d0d8900b388eaf6eb1a66d6,4348c924a0bc86f4a053fa7e3de73d87,59115,natal,RN
0c5e2526f505308526e91651e4ea4d5c,53cf7eb9e465763dc4d304c499183ceb,14887,jaboticabal,SP
0c5e68cf2c4cc1d8caee6a12ac6e1d58,ed91bb51c077a785ca72d2bac34335b6,9090,santo andre,SP
0c5eb0e9e15cf4e836c7188ece714fcc,a20ba663a5abf7b8341d5ba64f23775b,87050,maringa,PR
0c5f776f27bd2e3d271019993998b0d7,83fd2e966327fb235dba7f279badb8e9,13060,campinas,SP
0c5f7a031b2d75ca9866d5fba3382b9c,ca816559543d86f6229675d454014909,13277,valinhos,SP
0c5fac92d05500d45585d4a0ea36eea2,dfbb280b05ea506dc2d14628e635d797,79140,nova alvorada do sul,MS
0c5febd94332b38c1211a219137f2827,465a9ad50ff153a3de590fa8c6dbf65a,9111,santo andre,SP
0c61300017ebcb3358fe2d7c8578e12c,54cb075bf02ae0c87e88d3bd76739178,89887,palmitos,SC
0c61c4ef63f4af3d1947ae372c5eb9c7,68dc7a89f87830c6261e314dfed6faef,98300,palmeira das missoes,RS
0c61d5a89f3c2614ad54d1db39a03186,39d6e50625a51a618c2cf02a026231c1,22610,rio de janeiro,RJ
0c624662dad9870159b81a817fd1f147,7afecfba25309e87edb8cc95d6bdca75,2310,sao paulo,SP
0c63b4438ff050942153aaa4c19ad1d3,8ca747eb93e7b8d6a56532b8f074d185,38414,uberlandia,MG
0c63c9530d251ecd4dcb350537e9ed6f,618671719446aad2d578f97b9cfa915f,24230,niteroi,RJ
0c6402878bcf4a5a361d9008210101d4,94093e4a8945e283282180e6aaae4fc3,32015,contagem,MG
0c6473e9ab7d84f5b34b6aceaebd024a,37588c120b0cf79780234db155681a2e,22745,rio de janeiro,RJ
0c65144301b9eb1274a016aedd1248cb,0894227c11f8b1ac819ff943c6c0a612,1046,sao paulo,SP
0c65732c3188ecbb459118b999d18813,22072f2e301feb7ec9bbe5c1d16ef561,1403,sao paulo,SP
0c65e9ad8407c5104f5a8b48dd3d737a,5407d1975ce6ac91bbb793688b2cc16b,29129,vila velha,ES
0c65fbd1cc7175466e1bfd6d0978157b,b75c0220b3cede8690e6e7fbd1a528a9,79042,campo grande,MS
0c6d017a06cc5bc45470adeb745df3a1,e675b8023b34348c55ec1ad0c6db84d8,50721,recife,PE
0c6d158c02fecb2c22f93b1edb42846b,d1b681f344d65ec9ed3772b90de2d386,37810,guaranesia,MG
0c6d59647f04b19897e2fd48ae191f27,7be167d08449c66080dc4038459a4161,35162,ipatinga,MG
0c6d5aa201afc2ff4a43742e850fc3d4,b40193f3a1b51af5e5b65154cbb09d7f,22021,rio de janeiro,RJ
0c6ddd0fc46185e7fd0bb6d767bf4d36,daaa4bd4b2ac37cd00efc852878b626a,77360,parana,TO
0c6e1c99ede0af1d66df832917e4d7bd,b6e1611f308a8687ccd737d88cb6ce89,5775,sao paulo,SP
0c6e32ec71aa88984aedb1ee4e48fe59,305de3dfa6bea1cc1c67207a04ab943b,5210,sao paulo,SP
0c6e74d3848e590888f197074ee1f5ff,58aa424ba24df5dc745e1a3941abc5a3,8593,itaquaquecetuba,SP
0c6fd39752c6d0290341e66b6c357f3b,e016365b624d1755f3e2d0e8f1631ebb,68530,rio maria,PA
0c70d21dbd94ee2062ab588e53a9cfd9,7a6d185b1276f3f9ac5dc53898260709,11320,sao vicente,SP
0c71b597b4ce46a087162c4562843000,ccef77f3084b87408c1b76af981d925d,21735,rio de janeiro,RJ
0c7204ee9281f0da796c071ab64ea752,cfd8aec9d7d8a7eb62c58cebb4431877,17201,jau,SP
0c72332f2d8b30345087b0c5f24db393,432dd9cb2a2cd01825b04cd6a5b1adfd,2179,sao paulo,SP
0c72632077a893989155f0507aed5927,3f674fe4ac8e1484400c756eabdff69a,84920,japira,PR
0c7281e55bdba7b1cd1fa2b1cc88101f,801b0d06f80f85c5b7da52b025bf90e9,36301,sao joao del rei,MG
0c73d3ffa5eda2d98e6f4474a8e610b0,7fbcf0382792e1e2d10669c049e8fa8a,9060,santo andre,SP
0c74ae4dc7cfc64d2850f5c612bf9411,a0aca7b3db05546e683192165316eff7,13098,campinas,SP
0c755365dae19da070419dd40041098c,63d579b1efd1e32d91ce050e79d6c0a6,14800,araraquara,SP
0c759d0ffa38b978922b8a00506f6159,7c67f115342d01560cd438fad6346a3c,19700,paraguacu paulista,SP
0c7648ae4276c0a9da0f437e07836798,eb0132f1f18e9d7f803f46d90e763eae,28200,sao joao da barra,RJ
0c792d32a3251b4f69dae8646dfbedbc,6d394722d5fc5e721aee6875a218d8db,22775,rio de janeiro,RJ
0c79d230814815f24c232a4ba3efb445,fdab2167bfe7fa4465798b849eb777bf,85892,santa helena,PR
0c7a95280b3f80eadd81c829e093dbec,46a5335f5fe2f04744ec3535fc6e36f7,65066,sao luis,MA
0c7aa3b3d34237d58e07d8458c5683ba,22d75e219121547b55f0496759d32929,92420,canoas,RS
0c7ae540b88a62ff59ef9d1602317254,f0429420d07ad62d9c63fcf889284c12,22231,rio de janeiro,RJ
0c7b234e8c2cb37488e4077f7369bbd7,ac0bcd2ec5e7d025f90e3d46b02dd36a,39804,teofilo otoni,MG
0c7b9210b550cd224cda4f815573fc56,355deee75255c6f085f98c93ffab7723,39180,felicio dos santos,MG
0c7ba0b11923d9c8bad61bfdcd6b3b2b,34b0cd95480e55c2a701293a2b9671b3,5171,sao paulo,SP
0c7bb23d01c5c4c485b8967dbacb97b1,c490fbdee711156dcb40d434330896cb,45980,prado,BA
0c7c2c788608c5da62c9d1d0cfd7580e,5999816ff1d56338745213b9965e5f29,30170,belo horizonte,MG
0c7c88c4e8d60c782527fa7bb1a669cd,3fc348f5f598443996bc826c5160b417,53403,paulista,PE
0c7d17d2ae9a0c85566d9d58ea478a25,f6a1b401ed3ffaa8ed4de1a6da5079b0,72005,brasilia,DF
0c7e5a2123d793a5b2059cca7f650dc8,00db0070b3c3bd0215072323c8499407,15035,sao jose do rio preto,SP
0c7e81c095866ddce9df46721a8a158a,144b22ba90f9b1cf5bf278f0db20a355,15950,santa adelia,SP
0c7f99b2ed02dba92c6ea518906ab90c,0d2d2dc4e760037b354d794b53321cc8,9400,ribeirao pires,SP
0c80462b4eb06515209f3ebd6b6660e5,ac53a20823b3dc1430e69f57257720b9,96214,rio grande,RS
0c8050459705eab48d6faf4b118109be,23a77d53d020df90a645854f07cbd8ef,8735,mogi das cruzes,SP
0c807ffdeff9540b5a33d0fbcaaf07e0,6d03ba9c69f62589a0c43335c0e02cd3,44085,feira de santana,BA
0c819e18747f3ac08bd14625d4bde32b,ee6fd2a856a211c75cb7d55ccd5f4f75,9185,santo andre,SP
0c82057d8f7095f51c7b46cbe30229a6,e49711ef161d2a621285a0ddd51a7d98,29101,vila velha,ES
0c8211ae93a1392896f80bf97ac79163,8e58b718adf51f5928dd98dbae28d89d,35519,nova serrana,MG
0c8245c152ff3c334a3e64f49f7bc33c,4c0d422b30912265d955b6493dacbd5a,99150,marau,RS
0c828b1b8e436e8a4bbc26e8debd2895,dfbc1ad2d51bcbd0a1b2bbdc21498852,32072,contagem,MG
0c829e5443c9d6f5e02e90b8450a5dbf,8f5705a3f564ec3cbc8873d6255da3c2,29164,serra,ES
0c838ef80e244083eebe4db0da227bb2,b5f48e65c14e0e73846f1b0f8611c64e,93125,sao leopoldo,RS
0c848f157605bb2142c5ebea60f348e2,2c1e7c176d0336a1466da99b3c75d678,18560,ipero,SP
0c84917730287c0b7fd7fb02a8389a9c,9944b76be9da41b165d61c89598763d7,2324,sao paulo,SP
0c850bbaba81c6631a969cb47b48aaa9,624a71bb65cdfea296463b8e7590b63c,19060,presidente prudente,SP
0c851ae2a8765037fce6c6482ce93c8b,9ebed8d67f69d67295c405cce49e6fa4,69089,manaus,AM
0c872574e7c056c66a52c59cc9586883,a65230a5d1b282ea3be0a589ac3d76d3,29151,cariacica,ES
0c874ea1ad6b13fb0eb47582136b6b17,a510b9823dbdda87f552e0afbca390ee,96508,cachoeira do sul,RS
0c8759a1a356f990be39ac310965786c,ce20a70e4aa32839e16f339c67eede65,71699,brasilia,DF
0c877fbd5c91be5e1ab82f5df3f29fcc,e108d3c4637d026c11471f1a53b23eed,78880,vera,MT
0c899011c2b518fac4cf807a57f4fd7f,2fd67196b262395b933da4c1346fd26c,1323,sao paulo,SP
0c89a40b670ee7e1a48e5ff4fdbb313d,8b1aed2dad15fcad8eb2a5c555e2d26e,2441,sao paulo,SP
0c89a9e6294064d33266e47d26e79f15,a183c677676c01f0b06ed8a8ebdb1ac9,9725,sao bernardo do campo,SP
0c89c6b8a3eb1a427ae8f50fa500f009,1877e8a26a2618e9e3322b8f322c01fa,13504,rio claro,SP
0c8acd798290a82a8dbdebccdee32859,c163be7ad5ef5d370df6ac321b7bcb56,23573,rio de janeiro,RJ
0c8af5a21f97e8702d8a49fc3232036b,10543702272713afb6d70e53d48237cc,2410,sao paulo,SP
0c8d2c8d7de4b3bbb87eb8475d964252,c327e8d925f99e98ce94b739d78fe36c,8475,sao paulo,SP
0c8d6bbc798f3be3f8a28272dc070fc7,3de6c8f655bf017ab009aa49ceb9a580,38010,uberaba,MG
0c8f1fe40f0c95b4950b37803c3ca0ad,df486f450c1381f138211159ea8c650b,72885,cidade ocidental,GO
0c8f204b82c7f4baf4e6f909251663b3,6fb1f95db49889a35b454b93cfa9e259,13212,jundiai,SP
0c8fca0ebf003ce1352d04675da28d70,92b254d8ea10b8b91587f05411c648ae,8840,mogi das cruzes,SP
0c908dcc7f29807856cfd37265b8c938,9cfb0de54a4a9daa8aca4ffea86a82bc,30350,belo horizonte,MG
0c90e2e49b87f3b84262ad7f6f7b11af,fbed0fde7eb2b367863b9c434efe62a3,89035,blumenau,SC
0c90ee6ea682be0cd52f9d9513056ac7,6060f2b3fb37525b73537598fe4bfebc,3728,sao paulo,SP
0c920439841ba80f7c336fca333837fc,afedc37ba85d15c06734142fc243fe88,13214,jundiai,SP
0c9250b6e51b94c3250b3992631fb100,04544a89f79714c0abcc3ae49e884209,1303,sao paulo,SP
0c93424c2fb72cbfb2264a9d174d8513,3728b905b6f0cd9dfad3e26c3d273a5e,80045,curitiba,PR
0c94220b129baa8396dd8d3d11aaa012,efe3565a80fc9f9cb39c28c88ee17c23,17509,marilia,SP
0c94eecde2258c132a639159d8671cc2,97144e6271856b36d5cc681eecf291ce,36213,dores de campos,MG
0c958dd9059fdd562462f4268f573fbb,c82b80d63f63c5162fab931e14fe2d1e,9780,sao bernardo do campo,SP
0c958e86e19ad0bba6f1507ac50e764d,e6044396bf1b7496100b03528f7df782,22775,rio de janeiro,RJ
0c95ec410545d4fde2108fc69a4391cc,114dd55d6b883ed29636e4c66a412628,2018,sao paulo,SP
0c95f1404cdef95cb34818ac3c9bf02e,d599a7e610bea611bef41f645fafca0a,29100,vila velha,ES
0c96336240a1d7290a3d3b60198c6a96,7fde9b9f9d4350aa6d569b24c82c49ab,23061,rio de janeiro,RJ
0c9712bf6ecf766c8e85d92f7991eb54,1388412c79ec06a2c8bbeccacbc59030,28623,nova friburgo,RJ
0c972ffe540bb0560f264c58899f5dc1,083ca1aa470c280236380973a48f77c6,58051,joao pessoa,PB
0c97980a30d97a6bfda61a4f10264bc7,e550a3e35434ae49ef5fc19b03038f39,11441,guaruja,SP
0c97be3891f7e2598f4e113dbdb6e528,a1c931aa70c8e7361a50e7b3caa98876,20090,rio de janeiro,RJ
0c97e8cae92b456d9477d51b046cb813,7df29fec2ab7ea4fd3cddb21314c8f03,37706,pocos de caldas,MG
0c98695352c85d7b6f28a78dcbaff914,f941b66064e2381bd2ebf70aab0c9a33,30421,belo horizonte,MG
0c99b2b452519d45c5621c21b0f4ae12,6acf05191f069f9819ddaef370945f00,88034,florianopolis,SC
0c9a08f2ed5ab0d7ba020b38627c05fd,db3590b0c015c38383d5bd4f90564e2f,6286,osasco,SP
0c9a4971a6b2319c83049f113fb2eb48,6c01815e3234868f2c7816b02d9dc047,29200,guarapari,ES
0c9a9d3156fbb9d6d4d2ecdf35c8888b,c06a73a09a574512394fdd78ba568c18,13515,charqueada,SP
0c9ac93ad6076cff6698e19b74bda63d,481076c0b553cfcaf790314d557c0662,78721,rondonopolis,MT
0c9ad64da2a12f7b5f649f61eafb3f55,fa0cf5b25732a933725b83d2f716000a,3557,sao paulo,SP
0c9be1ec8a88da24743626fd0384ff46,5d6d845f58ded83805d69344479b27be,88130,palhoca,SC
0c9c3baecd7d29ce00d0f64e0f92bef9,be32c8c11559040d8e04384c0c4930e0,24320,niteroi,RJ
0c9dbbe49e16d15678ee755576e95a29,d692c705d77e922aa0a29bc3cd0d75b5,37980,cassia,MG
0c9e08509ff45e0c83521320abccc79e,4300cd67c6b7fb1a62cd046dd78e1897,12710,cruzeiro,SP
0c9e8b5af54bf6151ad92274c63bb913,8ff41cac6dc5c11fa1c5f47f111dc883,13201,jundiai,SP
0c9ea4a63a2c946b0a615a207cd3e465,7a311d62282fa63be12b02aef2fd21d1,4140,sao paulo,SP
0c9fdc5b4e2b1d8d52de981dd05d7222,f9e494e1e853b1ae259da70c7aaa317b,42807,camacari,BA
0ca135c2d4b81bb0234b5db12d9b7a8f,a608b2986016a54588f7fd3cbbac7db9,72006,brasilia,DF
0ca1fee2b0a940d345f188b63061bae7,2a2efb28272f090f2efaa256a5c57692,55500,escada,PE
0ca219acb9356eced4c5c3140f88f96b,2c136b31e3f187d6c1e251011183a29a,55540,palmares,PE
0ca30ecffdf9576a1fd10f70b32c5cf9,b885995d13d09ce79ac8d65856c5df32,14040,ribeirao preto,SP
0ca32b1a389a605851fe2da8b0e2420f,2d511553aed478aab7c9c1d8041e4be8,12285,cacapava,SP
0ca3dcec8d4eb3a6c7a7759fe9a74b82,75a7d872f548c66b47649a8ac547ca08,57045,maceio,AL
0ca441ec350a00d6fb6fcec25e2f266a,0305702e9d9a9df14d9b7565c214477d,8717,mogi das cruzes,SP
0ca483f116807018eaa073ff9ad84246,fd3c867c2bcd048675609cf2b0f1aedb,15054,sao jose do rio preto,SP
0ca4bbdbec6605e739a455a86c28e158,287ae0a02c99fcc6944ae8922beb860a,96810,santa cruz do sul,RS
0ca5257ba1280eb54d0e7c5823f8f9b4,e5f48bc167ddec4bc538a97e9d689ddb,2324,sao paulo,SP
0ca895968ec8e786ad4dae4a41f019ae,5d3002cbe1d063e8510d5a7ad59ba35e,13500,rio claro,SP
0ca908d0f8c65e51340cf28d99485d2d,ee5c5d0ff3ff8e904b5c2b66dd471b01,6434,barueri,SP
0ca951f1645620c999a12c845cda83ce,0bc6a141b17a9e42140deaa6e5cdb9df,11955,barra do turvo,SP
0ca98ea9ff99ae186116cee125f1d16f,3a95e219f52da2617ddc9e9c6d73dbb9,88032,florianopolis,SC
0cab59ec041d1c823de68602b879072a,913e4a0664572d0652473b98b808e7b5,38625,cabeceira grande,MG
0cae7459bca371e0607a9c1580c6dfed,1ba069cf440ec45a011e1f5848965a7b,13710,tambau,SP
0cb10e3c2af21e14547d1bfda472a2fa,a900fb9252593c059112316866aa6e6b,4146,sao paulo,SP
0cb1ec7f7b0d209fdfbb7c3592b32634,dc60c9d2751e2ec174e8d7cb3ac63147,81810,curitiba,PR
0cb3c058486712c7b9b00675fc04b402,b2e9a05d23ea17713b5d7799f2004f8e,2411,sao paulo,SP
0cb626f6bb027482159790ab08643c1b,c6b2c164bd41abc73502efd29be542cd,55590,ipojuca,PE
0cb635404b8b41e8351ae5578711143b,c740e4e1f1ea155587555c6ae3d89c76,22720,rio de janeiro,RJ
0cb784f306c422f2792472ad6607b540,e88fed3868f914d91d2dcdefc0d62ccc,95560,torres,RS
0cb9c2acb9820a501aa35c2209108cbb,d1354cbb8e551a07e14f00d4f063e91f,16600,pirajui,SP
0cba07be7f89557dbdf43a0e58663ff9,314e67684fb54502d819d66c0e3beb9b,25780,sao jose do vale do rio preto,RJ
0cba5ae69e1d511fdf214aa4ab92740b,90dc9cb47f1e585ff87ba74dbbc82e8f,32671,betim,MG
0cbaa090831f2717efb0aea6ade6c312,eda46d6e2c60876abff5c974b0523158,20730,rio de janeiro,RJ
0cbab479f583876bf94810bb85aca618,8626bd1c1bfc3055e51695cf4879917d,13760,tapiratiba,SP
0cbb7ef495187671b7344854d856afa0,6957ef7bed7dbd76c9c2fa39bf07dfbb,13343,indaiatuba,SP
0cbc00da55924e1b714a2884440e8026,fe8d4a61937a1fae6bf734851f6b4c32,38610,unai,MG
0cbce6934c79d9c012e64ce1daad6750,70d84d139444fa0508a14ddf7a50096d,39400,montes claros,MG
0cbd081962a78ce40305137da0c39b13,e41fffc26bbea3b2a68b17501f3828bc,37795,andradas,MG
0cbd2df3d6e9d8b1eaf5cfefc44886bc,1de8fb735d8252498d9a2f82a68c57e0,9411,ribeirao pires,SP
0cbe168a97e6c609efc3b68817fcc92f,076631f9ad2719c4fde47d451ce18104,22783,rio de janeiro,RJ
0cbfb11934fdfab3cd95e2224b6c84f3,028f21bc914b92ebd3d90710df2363b0,22231,rio de janeiro,RJ
0cbfc1862c3b8d862d15964d5ee3156f,f45f0c063463c2fc202e31511811bc8c,86900,jandaia do sul,PR
0cc04b55c0986143feb2ebb257239915,7f0a8c15fe7fd74978d493b888f611c9,9991,diadema,SP
0cc0541e7a0d369f4c5c164695166802,3ef33af26f37a0104f7e0e942c5188ac,22710,rio de janeiro,RJ
0cc16ad1d769d46165a88a693f53107e,1e8a5806ca2c2ea36811c73ba6acc6f9,4301,sao paulo,SP
0cc2d7c215c68e51c738257527a75324,79148ee10dbe803940a71bea3d486b5f,24040,niteroi,RJ
0cc57b6063fc8fc10e6fbc1abd93991b,37b3874297827e27150bb38e77f7ebca,7856,franco da rocha,SP
0cc5af9c8d63b5f7db48aa4e0085d256,d0a3f3bf639616bfd2f9e851fdcbb9b0,6900,embu-guacu,SP
0cc62071a707339f524e9c9520dd9b02,72f23703c5643b1ee93e42994e95a732,4304,sao paulo,SP
0cc776ad105d3e0339e5e3b846edd129,25ff2d5e834347cc0cd494cf13f0aae2,89870,pinhalzinho,SC
0cc966a6d82b632386cec199fba352a2,6a76d73b5b2832fc05736775f2369bd5,1401,sao paulo,SP
0ccb4c74c8bb23990e7430fa72df436e,45cabbb00b49a581e07756f58b367642,11676,caraguatatuba,SP
0ccc218a4ae96c625b76f6156fd0d65f,ae489dd437e52f25ef2e094a75141396,7094,guarulhos,SP
0ccc3b723e0fe398486c25a2de577c42,2ecd17bc697f188ad5408f7c675dfd08,28180,cardoso moreira,RJ
0cccc6bbb8bcb891c78b510b1e4632f3,fbbda1188d98fa1f747e9c031c8262ff,37485,jesuania,MG
0ccce07336490a0be9bbcc78b70ff35b,e34759a74542ebac6726b4d02394fe02,21031,rio de janeiro,RJ
0ccd415657ae8a6cd1c71b00155a019e,66cc90195ca44cc7ac6a1cd0e1e1e7b2,7053,guarulhos,SP
0ccda8ca5a2e6382c05ca6321324c14b,81332bd0a95775e25469d45e070b8e65,4401,sao paulo,SP
0cceca00fae637fe9d8eb79377d0da12,6be28ae15cd1e7b3f3f36ac483512822,95041,caxias do sul,RS
0ccf1f0589329113e44d4a03e4956d97,638c5abe0261e36797406e3d0cca424c,7063,guarulhos,SP
0ccf50bf1017b1678f3a155fe83dc634,f70881da54ccd70530924c5ebe0ee450,26050,nova iguacu,RJ
0ccfdd2d2cd158609cae8977fb5327fc,fd05b6e021b7593e665f0496aece3123,86050,londrina,PR
0cd004313277890ddd43f33d5b81a266,1d3f38a44bc78323403edc862d8001e6,13208,jundiai,SP
0cd029b854c225cdd97287e26e3369b6,2e2bcfda0974fc6ad38a009efaea8285,78613,ribeiraozinho,MT
0cd1a2bb6d3d5b3eb6baf77af2578405,32ff4aa9ad6876a4bf08e7afad79a2d2,25750,petropolis,RJ
0cd37b96e1f5c5d8152914365a58ba0a,15c9fa4304cd1887a9c3ab3d71c32a43,74565,goiania,GO
0cd40b29c5d9f3c41e71050ab7af3a7b,03d6d26278c85d9b4899c13c7d3929a3,15315,sao joao de iracema,SP
0cd43fdae479c385b043dcbe71f99bbf,b71c64d5f90f3116ff65fe1327f5bc5b,45605,itabuna,BA
0cd47abbc8d9c815ff586e5b21280105,23ae02cdcd126d779864e941c1202249,12970,piracaia,SP
0cd47d0f215e41d6ba8bbb5454aa8525,267be302d24a41f6bef3178c38dcc513,21920,rio de janeiro,RJ
0cd67820f456209bfe3d280797e577d6,ae1d1e3aace44aeae97187488325c43f,89650,treze tilias,SC
0cd6b3508de5b154bb090ec5d3b341e2,3deb9256b16c2ba3086834bcc57ad694,13041,campinas,SP
0cd75b7b90295f982887d4770190281b,220bcdd6ae284ed1a273d99003fa8a0e,4516,sao paulo,SP
0cd75fa65bd3e702e9c0ed57e9569c67,acd8f6063338b4b3a4f8be045c8e1695,3576,sao paulo,SP
0cd8afa06f9985eabdce1fc7b25c7de0,90903e514222249170252e90f6b358fa,89010,blumenau,SC
0cda9d1432384b83ab1be4549c311e28,832e1e486c8bc1f7274c0c2066a32625,22270,rio de janeiro,RJ
0cdc33b5a9c7b98659eaf508c5bb8650,548d76f0cb7f2f381a7ca342b792e7a7,35960,santa barbara,MG
0cdc56cae92a99834552b88218f2baa5,2c1fd85b76dbae1183e7f72866dde523,8040,sao paulo,SP
0ce02066b6e51b9fc335c98572058d4c,28e07ea72e001f7c0e41af944fb30d58,33400,lagoa santa,MG
0ce067e01bd19c82859f719f1e091883,2b2068de51eca14418a297e20062f7f9,72319,brasilia,DF
0ce079ec4ad92f74a0cb8141907547f8,256c321af58ca588b5af1b46e42b0fb2,13171,sumare,SP
0ce2e9b14cff24808d5d4aa835c7252e,85f9a39063d8b553306fca71d542f060,3286,sao paulo,SP
0ce39cdccf4001adee4ffacaeab5a0b7,75d884bcca2e43a850f7abff664a9ebf,21530,rio de janeiro,RJ
0ce3e08486c6d6768c5c7fded58a7fd1,6561811999d2598aecd7f3b9f1451f47,96206,rio grande,RS
0ce488af82f1ec50f3bcd08795f65a0c,9d5962629a89cdaa663b1fb7de1810a6,12233,sao jose dos campos,SP
0ce4bb6bb3b70f45dad963f27fa6ce5c,deaeb5c192ab7d747b3c18074c528568,6414,barueri,SP
0ce599987d368a757f0818f3eef800e4,26b0e1ea6c8e0976c527ff599e113ad9,6236,osasco,SP
0ce7a95e45a3f8c60b04c0feabd7fb95,cf77d16520cfa8872481da61af7dc93e,3275,sao paulo,SP
0cea363db5a2d424a276ed967b12b062,765f221989ff852ef0101e145946ad2a,1451,sao paulo,SP
0ceb28a00e14081b054eee1421d9d970,5318e121362ccfb8cd324d2ee75d20d6,2807,sao paulo,SP
0ceb4e966053cae65b559f959b705f27,943aa7acc4333d37d79989c6d9d74a0a,22733,rio de janeiro,RJ
0cec3ce8269e3f3a60be6d6dcf05e567,c6b51845f27053a7f956039660c1f539,8441,sao paulo,SP
0cecd74a34f636f301b750123dd4dd3c,06a52782a04f0086d16b9c22d0e29438,79826,dourados,MS
0ced2413547b35b60c68c5fae76e5b8f,946d9136133650c8e0348c71b47a3dc4,21860,rio de janeiro,RJ
0ced40c1deef4fcdc41987673efef092,ddd1978fc6cc93e214d580099768ff20,30870,belo horizonte,MG
0cede16ccc38deda442181edce152733,648d59cbe9009f8ef04a6923c8659fa5,29215,guarapari,ES
0cee073f6aef54fbabf3954ff549c244,62f542ed08eee27ee1f1e2de04886ee8,38081,uberaba,MG
0ceec0034a7684259a13e9be74338683,c54486ed1943a48b07997d84b575ad80,22470,rio de janeiro,RJ
0cf035c6dba87ba8ca506f64719663dd,721406d1edfabad2de3f86155356d8e0,77305,conceicao do tocantins,TO
0cf14158e95def517e2268fb9fb799ca,a12645da205c0e34d4c9f38904a4dd71,56280,araripina,PE
0cf2bd9833f4939265bd7fdb91a3f520,c99a310aa2d94c58c25c532640dc1721,79980,mundo novo,MS
0cf44a827f1bda40bb968f6c0393aec8,80d0037495c69b62744f1c230b693c28,8120,sao paulo,SP
0cf58b15631312d9ec4e4468d68b07c6,b72a9f21c1487bcf142a9772e140b6b3,28896,rio das ostras,RJ
0cf598c859665ba5b58f27857d26f5e8,cff05796c7ae76babed6402b0165f6b2,14500,ituverava,SP
0cf6581eab07e09cb466aed8cd26107e,77d9cb30f296c026560aa40dca3b2ea2,17523,marilia,SP
0cf6af50873c8ab4f2f4d4279c144860,0d974402f3086c8b57ab8d9f38eec4e0,21020,rio de janeiro,RJ
0cf6be58a1fa3bec5e5e3d20d43c6d2e,5dfceca2174efc8d570e8c5664a74790,88801,criciuma,SC
0cf80359c4d104530c6c2274d2263ac9,90ffb506f4c06b3e663f77ce344288cc,22773,rio de janeiro,RJ
0cf85e96be67cc55862fafdb2645cdbb,7ce47ba6982b3ce9bee72ab948481f9e,99495,lagoa dos tres cantos,RS
0cf9084f55a458155d34c0d55bd21b31,0dbd9554170d0b68344a9d1df4015141,1224,sao paulo,SP
0cf926baf656a5dd581dd4d8888745f0,c20897f7fdbf986ca80721ab3dcbd590,40301,salvador,BA
0cfaa39c9decea286fe63edb1cf51507,a95d231f95b332299c4134d1da77ffdb,14620,orlandia,SP
0cfc1b56e94c89b54751e54d295e2088,95a5e51e60e6e7968dbfa0a829149b13,61652,caucaia,CE
0cfcefc0ed0af6a2e601540feeac24e7,77cbda5b2227fa2e9de95536462fd31a,89052,blumenau,SC
0cfd6c91e5bb5b7ec6be6d7e793d20e1,6faf1e57266237600d268d6131cf1e5f,71010,brasilia,DF
0cfdcf557ac3190fe1a6d0cf88027b2f,973206107af40234a0f30dc9878a2311,88330,balneario camboriu,SC
0cfe7792c4a6d243bbd920c0d71a9c46,a41e937d755a54ca5d48e3e34d3a4de6,29163,serra,ES
0cffa37771adf197371fc9f829c6573d,c856450197a312c307ee94c49d3bdeba,85685,nova prata do iguacu,PR
0d002ec84d39123abdfe7ebffc04bb3e,a4833b3f96cacadd4c28d978287a4e2b,2406,sao paulo,SP
0d007bf3edacf8f9b4cf26e3065cb95c,d783a133728a005bdae67ba84bb52f29,37505,itajuba,MG
0d00ae3b37c3a20ceb4315a077f0d2a5,638d5f3481fc907161c69952a1571363,86800,apucarana,PR
0d00d77134cae4c58695086ad8d85100,8886115442775dd8a20c2dcc921c7cc8,88070,florianopolis,SC
