order_id,customer_id,order_status,order_purchase_ts,order_delivered_customer_ts,order_estimated_delivery_ts,is_late_delivery,items_value,freight_value,payment_value,gross_value
e481f51cbdc54678b7cc49136f2d6af7,9ef432eb6251297304e76186b10a928d,delivered,2017-10-02T10:56:33.0000000,2017-10-10T21:25:13.0000000,2017-10-18T00:00:00.0000000,0,29.99,8.72,38.71,38.71
53cdb2fc8bc7dce0b6741e2150273451,b0830fb4747a6c6d20dea0b8c802d7ef,delivered,2018-07-24T20:41:37.0000000,2018-08-07T15:27:45.0000000,2018-08-13T00:00:00.0000000,0,118.70,22.76,141.46,141.46
47770eb9100c2d0c44946d9cf07ec65d,41ce2a54c0b03bf3443c3d931a367089,delivered,2018-08-08T08:38:49.0000000,2018-08-17T18:06:29.0000000,2018-09-04T00:00:00.0000000,0,159.90,19.22,179.12,179.12
949d5b44dbf5de918fe9c16f97b45f8a,f88197465ea7920adcdbec7375364d82,delivered,2017-11-18T19:28:06.0000000,2017-12-02T00:28:42.0000000,2017-12-15T00:00:00.0000000,0,45.00,27.20,72.20,72.20
ad21c59c0840e6cb83a9ceb5573f8159,8ab97904e6daea8866dbdbc4fb7aad2c,delivered,2018-02-13T21:18:39.0000000,2018-02-16T18:17:02.0000000,2018-02-26T00:00:00.0000000,0,19.90,8.72,28.62,28.62
a4591c265e18cb1dcee52889e2d8acc3,503740e9ca751ccdda7ba28e9ab8f608,delivered,2017-07-09T21:57:05.0000000,2017-07-26T10:57:55.0000000,2017-08-01T00:00:00.0000000,0,147.90,27.36,175.26,175.26
136cce7faa42fdb2cefd53fdc79a6098,ed0271e0b7da060a393796590e7b737a,invoiced,2017-04-11T12:22:08.0000000,,2017-05-09T00:00:00.0000000,0,49.90,16.05,65.95,65.95
6514b8ad8028c9f2cc2374ded245783f,9bdf08b4b3b52b5526ff42d37d47f222,delivered,2017-05-16T13:10:30.0000000,2017-05-26T12:55:51.0000000,2017-06-07T00:00:00.0000000,0,59.99,15.17,75.16,75.16
76c6e866289321a7c93b82b54852dc33,f54a9f0e6b351c431402b8461ea51999,delivered,2017-01-23T18:29:09.0000000,2017-02-02T14:08:10.0000000,2017-03-06T00:00:00.0000000,0,19.90,16.05,35.95,35.95
e69bfb5eb88e0ed6a785585b27e16dbf,31ad1d1b63eb9962463f764d4e6e0c9d,delivered,2017-07-29T11:55:02.0000000,2017-08-16T17:14:30.0000000,2017-08-23T00:00:00.0000000,0,149.99,19.77,169.76,169.76
e6ce16cb79ec1d90b1da9085a6118aeb,494dded5b201313c64ed7f100595b95c,delivered,2017-05-16T19:41:10.0000000,2017-05-29T11:18:31.0000000,2017-06-07T00:00:00.0000000,0,198.00,61.06,259.06,259.06
34513ce0c4fab462a55830c0989c7edb,7711cf624183d843aafe81855097bc37,delivered,2017-07-13T19:58:11.0000000,2017-07-19T14:04:48.0000000,2017-08-08T00:00:00.0000000,0,98.00,16.13,114.13,114.13
82566a660a982b15fb86e904c8d32918,d3e3b74c766bc6214e0c830b17ee2341,delivered,2018-06-07T10:06:19.0000000,2018-06-19T12:05:52.0000000,2018-07-18T00:00:00.0000000,0,31.90,18.23,50.13,50.13
5ff96c15d0b717ac6ad1f3d77225a350,19402a48fe860416adf93348aba37740,delivered,2018-07-25T17:44:10.0000000,2018-07-30T15:52:25.0000000,2018-08-08T00:00:00.0000000,0,19.90,12.80,32.70,32.70
432aaf21d85167c2c86ec9448c4e42cc,3df704f53d3f1d4818840b34ec672a9f,delivered,2018-03-01T14:14:28.0000000,2018-03-12T23:36:26.0000000,2018-03-21T00:00:00.0000000,0,38.25,16.11,54.36,54.36
dcb36b511fcac050b97cd5c05de84dc3,3b6828a50ffe546942b7a473d70ac0fc,delivered,2018-06-07T19:03:12.0000000,2018-06-21T15:34:32.0000000,2018-07-04T00:00:00.0000000,0,132.40,14.05,146.45,146.45
403b97836b0c04a622354cf531062e5f,738b086814c6fcc74b8cc583f8516ee3,delivered,2018-01-02T19:00:43.0000000,2018-01-20T01:38:59.0000000,2018-02-06T00:00:00.0000000,0,1299.00,77.45,1376.45,1376.45
116f0b09343b49556bbad5f35bee0cdf,3187789bec990987628d7a9beb4dd6ac,delivered,2017-12-26T23:41:31.0000000,2018-01-08T22:36:36.0000000,2018-01-29T00:00:00.0000000,0,27.99,15.10,43.09,43.09
85ce859fd6dc634de8d2f1e290444043,059f7fc5719c7da6cbafe370971a8d70,delivered,2017-11-21T00:03:41.0000000,2017-11-27T18:28:00.0000000,2017-12-11T00:00:00.0000000,0,17.90,11.85,29.75,29.75
83018ec114eee8641c97e08f7b4e926f,7f8c8b9c2ae27bf3300f670c3d478be8,delivered,2017-10-26T15:54:26.0000000,2017-11-08T22:22:00.0000000,2017-11-23T00:00:00.0000000,0,76.00,16.97,92.97,92.97
203096f03d82e0dffbc41ebc2e2bcfb7,d2b091571da224a1b36412c18bc3bbfe,delivered,2017-09-18T14:31:30.0000000,2017-10-09T22:23:46.0000000,2017-09-28T00:00:00.0000000,1,109.90,8.96,118.86,118.86
f848643eec1d69395095eb3840d2051e,4fa1cd166fa598be6de80fa84eaade43,delivered,2018-03-15T08:52:40.0000000,2018-03-19T18:08:32.0000000,2018-03-29T00:00:00.0000000,0,79.99,8.91,88.90,88.90
2807d0e504d6d4894d41672727bc139f,72ae281627a6102d9b3718528b420f8a,delivered,2018-02-03T20:37:35.0000000,2018-02-08T16:13:46.0000000,2018-02-21T00:00:00.0000000,0,9.50,7.78,17.28,17.28
95266dbfb7e20354baba07964dac78d5,a166da34890074091a942054b36e4265,delivered,2018-01-08T07:55:29.0000000,2018-01-26T17:32:38.0000000,2018-02-21T00:00:00.0000000,0,129.99,57.58,187.57,187.57
f3e7c359154d965827355f39d6b1fdac,62b423aab58096ca514ba6aa06be2f98,delivered,2018-08-09T11:44:40.0000000,2018-08-13T18:24:27.0000000,2018-08-17T00:00:00.0000000,0,89.90,14.21,104.11,104.11
fbf9ac61453ac646ce8ad9783d7d0af6,3a874b4d4c4b6543206ff5d89287f0c3,delivered,2018-02-20T23:46:53.0000000,2018-03-21T22:03:54.0000000,2018-03-12T00:00:00.0000000,1,109.90,15.53,125.43,125.43
acce194856392f074dbf9dada14d8d82,7e20bf5ca92da68200643bda76c504c6,delivered,2018-06-04T00:00:13.0000000,2018-06-16T15:20:55.0000000,2018-07-18T00:00:00.0000000,0,130.40,97.28,227.68,227.68
dd78f560c270f1909639c11b925620ea,8b212b9525f9e74e85e37ed6df37693e,delivered,2018-03-12T01:50:26.0000000,2018-03-21T14:41:50.0000000,2018-03-28T00:00:00.0000000,0,47.90,12.79,60.69,60.69
91b2a010e1e45e6ba3d133fa997597be,cce89a605105b148387c52e286ac8335,delivered,2018-05-02T11:45:38.0000000,2018-05-16T20:56:24.0000000,2018-05-23T00:00:00.0000000,0,178.99,13.69,192.68,192.68
ecab90c9933c58908d3d6add7c6f5ae3,761df82feda9778854c6dafdaeb567e4,delivered,2018-02-25T13:50:30.0000000,2018-03-27T23:29:14.0000000,2018-04-13T00:00:00.0000000,0,30.10,33.24,63.34,63.34
f70a0aff17df5a6cdd9a7196128bd354,456dc10730fbdba34615447ea195d643,delivered,2017-08-10T11:58:33.0000000,2017-08-18T14:28:02.0000000,2017-08-23T00:00:00.0000000,0,279.00,34.19,313.19,313.19
1790eea0b567cf50911c057cf20f90f9,52142aa69d8d0e1247ab0cada0f76023,delivered,2018-04-16T21:15:39.0000000,2018-05-05T12:28:34.0000000,2018-05-15T00:00:00.0000000,0,186.90,38.00,224.90,224.90
989225ba6d0ebd5873335f7e01de2ae7,816f8653d5361cbf94e58c33f2502a5c,delivered,2017-12-12T13:56:04.0000000,2018-01-03T18:03:36.0000000,2018-01-08T00:00:00.0000000,0,49.00,14.10,63.10,63.10
d887b52c6516beb39e8cd44a5f8b60f7,d9ef95f98d8da3b492bb8c0447910498,delivered,2018-02-03T12:38:58.0000000,2018-02-22T00:07:55.0000000,2018-03-07T00:00:00.0000000,0,84.90,15.35,100.25,100.25
b276e4f8c0fb86bd82fce576f21713e0,cf8ffeddf027932e51e4eae73b384059,delivered,2018-07-29T23:34:51.0000000,2018-07-31T22:48:50.0000000,2018-08-06T00:00:00.0000000,0,179.00,9.41,188.41,188.41
8563039e855156e48fccee4d611a3196,5f16605299d698660e0606f7eae2d2f9,delivered,2018-02-17T15:59:46.0000000,2018-03-20T00:59:25.0000000,2018-03-20T00:00:00.0000000,1,78.00,28.95,106.95,106.95
60550084e6b4c0cb89a87df1f3e5ebd9,f5458ddc3545711efa883dd7ae7c4497,delivered,2018-02-21T18:15:12.0000000,2018-03-13T23:58:43.0000000,2018-03-29T00:00:00.0000000,0,39.90,26.89,66.79,66.79
5acce57f8d9dfd55fa48e212a641a69d,295ae9b35379e077273387ff64354b6f,delivered,2017-07-31T21:37:10.0000000,2017-08-08T21:24:41.0000000,2017-08-22T00:00:00.0000000,0,27.90,15.10,43.00,43.00
434d158e96bdd6972ad6e6d73ddcfd22,2a1dfb647f32f4390e7b857c67458536,delivered,2018-06-01T12:23:13.0000000,2018-06-18T21:32:52.0000000,2018-07-17T00:00:00.0000000,0,445.00,63.17,508.17,508.17
7206b86ea789983f7a273ea7fa0bc2a8,3391c4bc11a817e7973e498b0b023158,delivered,2018-03-26T17:12:18.0000000,2018-04-05T22:11:18.0000000,2018-04-12T00:00:00.0000000,0,36.90,12.79,49.69,49.69
1e7aff52cdbb2451ace09d0f848c3699,ddaff536587109b89777e0353215e150,delivered,2017-05-19T18:53:40.0000000,2017-05-31T13:58:46.0000000,2017-06-12T00:00:00.0000000,0,119.99,34.20,154.19,154.19
6ea2f835b4556291ffdc53fa0b3b95e8,c7340080e394356141681bd4c9b8fe31,delivered,2017-11-24T21:27:48.0000000,2017-12-28T18:59:23.0000000,2017-12-21T00:00:00.0000000,1,339.00,17.12,356.12,356.12
948097deef559c742e7ce321e5e58919,8644be24d48806bc3a88fd59fb47ceb1,delivered,2017-08-04T17:10:39.0000000,2017-08-12T14:08:40.0000000,2017-09-01T00:00:00.0000000,0,69.90,25.77,95.67,95.67
d22e9fa5731b9e30e8b27afcdc2f8563,756fb9391752dad934e0fe3733378e57,delivered,2018-08-04T23:25:30.0000000,2018-08-13T23:34:42.0000000,2018-09-13T00:00:00.0000000,0,99.00,22.62,121.62,121.62
ee64d42b8cf066f35eac1cf57de1aa85,caded193e8e47b8362864762a83db3c5,shipped,2018-06-04T16:44:48.0000000,,2018-06-28T00:00:00.0000000,0,14.49,7.87,22.36,22.36
6ebaec694d7025e2ad4a05dba887c032,4f28355e5c17a4a42d3ce2439a1d4501,delivered,2017-05-18T13:55:47.0000000,2017-05-29T12:47:20.0000000,2017-06-09T00:00:00.0000000,0,139.00,14.72,153.72,153.72
d17dc4a904426827ca80f2ccb3a6be56,569cf68214806a39acc0f39344aea67f,delivered,2017-05-14T20:28:25.0000000,2017-05-25T09:14:31.0000000,2017-06-12T00:00:00.0000000,0,36.90,17.92,54.82,54.82
25f4376934e13d3508486352e11a5db0,12fd2740039676063a874b9567dfa651,delivered,2018-05-17T16:59:11.0000000,2018-05-21T15:22:11.0000000,2018-05-25T00:00:00.0000000,0,69.90,12.43,82.33,82.33
5820a1100976432c7968a52da59e9364,2b56e94c2f66f2d97cfa63356f69cee8,delivered,2018-07-29T11:24:17.0000000,2018-08-02T22:09:11.0000000,2018-08-13T00:00:00.0000000,0,33.90,18.34,52.24,52.24
2ce1ad82022c1ba30c2079502ac725aa,7f2178c5d771e17f507d3c1637339298,delivered,2017-08-09T20:19:05.0000000,2017-08-16T17:16:44.0000000,2017-08-31T00:00:00.0000000,0,115.00,15.56,130.56,130.56
138849fd84dff2fb4ca70a0a34c4aa1c,9b18f3fc296990b97854e351334a32f6,delivered,2018-02-01T14:02:19.0000000,2018-02-14T13:41:59.0000000,2018-02-23T00:00:00.0000000,0,39.47,13.37,52.84,52.84
47aa4816b27ba60ec948cd019cc1afc1,148348ff65384b4249b762579532e248,delivered,2018-06-26T13:42:52.0000000,2018-07-03T18:37:46.0000000,2018-07-20T00:00:00.0000000,0,53.44,18.47,71.91,71.91
9faeb9b2746b9d7526aef5acb08e2aa0,79183cd650e2bb0d475b0067d45946ac,delivered,2018-07-26T14:39:59.0000000,2018-07-31T22:26:55.0000000,2018-08-16T00:00:00.0000000,0,120.00,31.04,151.04,151.04
641fb0752bf5b5940c376b3a8bb9dc52,f5afca14dfa9dc64251cf2b45c54c363,delivered,2017-12-15T00:06:10.0000000,2018-01-03T15:09:32.0000000,2018-01-16T00:00:00.0000000,0,369.00,17.33,386.33,386.33
e425680f760cbc130be3e53a9773c584,f178c1827f67a8467b0385b7378d951a,delivered,2017-08-31T08:15:24.0000000,2017-09-04T20:59:55.0000000,2017-09-20T00:00:00.0000000,0,38.40,11.85,50.25,50.25
40c5e18f7d112b59b3e5113a59a905b3,67407057a7d5ee17d1cd09523f484d13,delivered,2018-06-11T10:25:52.0000000,2018-06-19T00:31:13.0000000,2018-07-16T00:00:00.0000000,0,119.90,8.78,128.68,128.68
734e7d1bbaeb2ff82521ca0fe6fb6f79,2932d241d1f31e6df6c701d52370ae02,delivered,2018-06-11T08:18:19.0000000,2018-06-14T21:32:21.0000000,2018-07-05T00:00:00.0000000,0,29.99,13.47,43.46,43.46
66e4624ae69e7dc89bd50222b59f581f,684fa6da5134b9e4dab731e00011712d,delivered,2018-03-09T14:50:15.0000000,2018-04-03T13:28:46.0000000,2018-04-02T00:00:00.0000000,1,45.98,45.70,91.68,91.68
a685d016c8a26f71a0bb67821070e398,911e4c37f5cafe1604fe6767034bf1ae,delivered,2017-03-13T18:14:36.0000000,2017-04-06T13:37:16.0000000,2017-03-30T00:00:00.0000000,1,84.90,14.36,99.26,99.26
2edfd6d1f0b4cd0db4bf37b1b224d855,241e78de29b3090cfa1b5d73a8130c72,delivered,2017-06-13T21:11:26.0000000,2017-06-19T18:51:28.0000000,2017-07-06T00:00:00.0000000,0,113.00,28.15,141.15,141.15
68873cf91053cd11e6b49a766db5af1a,4632eb5a8f175f6fe020520ae0c678f3,delivered,2017-11-30T22:02:15.0000000,2017-12-05T20:28:40.0000000,2017-12-18T00:00:00.0000000,0,79.90,11.76,91.66,91.66
f346ad4ee8f630e5e4ddaf862a34e6dd,dd5095632e3953fc0947b8ab5176b0be,delivered,2018-08-05T13:09:48.0000000,2018-08-10T18:35:40.0000000,2018-08-15T00:00:00.0000000,0,39.90,13.76,53.66,53.66
8f06cc6465925031568537b815f1198d,9916715c2ab6ee1710c9c32f0a534ad2,delivered,2017-11-15T11:31:41.0000000,2017-11-22T22:41:07.0000000,2017-12-05T00:00:00.0000000,0,299.00,18.34,317.34,317.34
ccbabeb0b02433bd0fcbac46e70339f2,c77ee2d8ba1614a4d489a44166894938,delivered,2018-02-19T20:31:09.0000000,2018-03-09T22:22:25.0000000,2018-03-13T00:00:00.0000000,0,27.90,15.10,43.00,43.00
688052146432ef8253587b930b01a06d,81e08b08e5ed4472008030d70327c71f,delivered,2018-04-22T08:48:13.0000000,2018-04-24T19:31:58.0000000,2018-05-15T00:00:00.0000000,0,318.00,28.09,346.09,346.09
f271576bed568e896f99eb710cd3a6f8,5dda11942d4f77bee3a46d71e442aec4,delivered,2018-01-07T21:44:54.0000000,2018-01-17T20:26:31.0000000,2018-02-14T00:00:00.0000000,0,659.80,164.96,824.76,824.76
686541986ecfb7d9296eb67719973bf0,74805bc388861fa350ed2fade8444e0b,delivered,2018-02-10T13:26:59.0000000,2018-02-20T22:13:08.0000000,2018-03-12T00:00:00.0000000,0,24.89,15.10,39.99,39.99
68e48e68da1f50f7c5838ea75e3a20dd,4afc1dcca5fe8926fc97d60a4497f8ab,delivered,2018-06-18T16:02:23.0000000,2018-06-22T21:18:51.0000000,2018-07-13T00:00:00.0000000,0,339.60,53.00,392.60,392.60
b52cc4919de82b4d696a4380d10804a3,be8c14c16a4d47194ccdfe10f1fc5b1a,delivered,2018-06-13T13:47:39.0000000,2018-06-18T22:32:44.0000000,2018-06-26T00:00:00.0000000,0,42.99,12.03,55.02,55.02
fdf128b3630c21adc9ca4fb8a51b68ec,a9d37ddc8ba4d9f6dbac7d8ec378cc95,delivered,2018-07-15T08:33:19.0000000,2018-07-24T16:41:18.0000000,2018-08-02T00:00:00.0000000,0,27.90,18.30,46.20,46.20
a6aeb116d2cb5013eb8a94585b71ffef,bb2f5e670f7155dc622c57e4b31d0a69,delivered,2017-09-13T14:27:11.0000000,2017-09-16T15:40:08.0000000,2017-09-25T00:00:00.0000000,0,50.00,9.34,59.34,59.34
fa516182d28f96f5f5c651026b0749ee,55e6b290205c84ddd23ddf5eb134efd4,delivered,2018-04-13T08:44:17.0000000,2018-04-19T20:41:45.0000000,2018-05-08T00:00:00.0000000,0,190.00,19.41,209.41,209.41
6abaad69b8b349c3a529b4b91ce18e46,f5618502bee8eafdee72fb6955e2ebdf,delivered,2018-02-15T10:33:30.0000000,2018-02-24T19:15:56.0000000,2018-03-07T00:00:00.0000000,0,42.90,14.10,57.00,57.00
974c1993ab8024d3ed16229183c2308d,a90391a47de936d56c66a5366cba1462,delivered,2017-02-20T11:45:39.0000000,2017-03-09T14:27:58.0000000,2017-03-21T00:00:00.0000000,0,69.90,14.66,84.56,84.56
82bce245b1c9148f8d19a55b9ff70644,388025bec8128ff20ec1a316ed4dcf02,delivered,2017-04-20T17:15:46.0000000,2017-05-10T09:17:55.0000000,2017-05-12T00:00:00.0000000,0,190.00,77.80,267.80,267.80
a910f58086d58b3ae6f37aa712d377b9,afb19a4b667cb708caab312757ec3d3f,delivered,2017-09-15T09:19:48.0000000,2017-09-25T20:14:48.0000000,2017-10-11T00:00:00.0000000,0,113.98,31.68,145.66,145.66
bd4bd0194d6d29f83b8557d4b89b572a,636e15840ab051faa13d3f781b6e4233,delivered,2018-07-28T16:52:55.0000000,2018-08-06T18:44:46.0000000,2018-08-08T00:00:00.0000000,0,24.99,12.84,37.83,37.83
634e8f4c0f6744a626f77f39770ac6aa,05e996469a2bf9559c7122b87e156724,delivered,2017-08-09T18:32:47.0000000,2017-08-16T18:17:54.0000000,2017-08-31T00:00:00.0000000,0,219.00,15.28,234.28,234.28
6d25592267349b322799e2beb687871e,5bb39c890c91b1d26801aa19a9336eac,delivered,2018-08-26T22:04:34.0000000,2018-08-29T12:40:53.0000000,2018-08-30T00:00:00.0000000,0,186.00,15.82,201.82,201.82
b8801cccd8068de30112e4f49903d74a,f26a435864aebedff7f7c84f82ee229f,delivered,2017-07-30T03:06:35.0000000,2017-08-01T14:27:31.0000000,2017-08-16T00:00:00.0000000,0,19.99,7.78,27.77,27.77
2711a938db643b3f0b62ee2c8a2784aa,29cb486c739f9774c8eb542e07b56cd2,delivered,2017-12-22T00:17:37.0000000,2018-01-09T19:52:32.0000000,2018-01-19T00:00:00.0000000,0,45.00,14.10,59.10,59.10
3bc77ce8be27211bac313c2daa402d1a,bf141bf67fbe428d558bcf0e018eab60,delivered,2017-04-06T22:39:29.0000000,2017-04-11T12:31:36.0000000,2017-04-27T00:00:00.0000000,0,58.20,8.78,66.98,66.98
10c320f977c6a18f91b2d14be13128c6,b673f0597cb0c4d12778f731045f361a,delivered,2017-05-09T20:48:59.0000000,2017-05-18T13:22:35.0000000,2017-06-01T00:00:00.0000000,0,110.99,21.27,132.26,132.26
0a4a2fccb27bd83a892fa503987a595b,6772a0a230a2667d16c3620f000e1348,delivered,2017-04-20T20:42:44.0000000,2017-05-11T13:07:46.0000000,2017-05-25T00:00:00.0000000,0,38.50,24.84,63.34,63.34
e4de6d53ecff736bc68804b0b6e9f635,9f6618c17568ac301465fe7ad056c674,delivered,2017-10-16T14:56:50.0000000,2017-11-08T21:25:24.0000000,2017-11-21T00:00:00.0000000,0,179.99,51.13,231.12,231.12
6b860b35691d486e45dc98e3514ec5f6,fee181bf648906d1c57f84f216976286,delivered,2017-12-08T09:42:43.0000000,2017-12-19T18:43:35.0000000,2018-01-03T00:00:00.0000000,0,544.00,30.36,574.36,574.36
ec341c54a5ebf8ee0a67a8632aa7579b,df9b032b2ad0fd6bf37dfb48e5f83845,delivered,2017-08-26T16:53:30.0000000,2017-09-08T20:39:56.0000000,2017-09-21T00:00:00.0000000,0,14.82,15.10,29.92,29.92
cadbb3657dac2dbbd5b84b12e7b78aad,93ada7a24817edda9f4ab998fa823d16,delivered,2018-02-27T12:55:42.0000000,2018-03-16T14:59:01.0000000,2018-03-29T00:00:00.0000000,0,394.90,14.89,409.79,409.79
9defaf92cff22420e4e8ef7784815a55,64fb950e760ec8b0db79154a1fa9c1bf,delivered,2018-05-11T13:10:51.0000000,2018-05-21T16:09:55.0000000,2018-06-05T00:00:00.0000000,0,49.90,12.79,62.69,62.69
20e0101b20700188cadb288126949685,48558a50a7ba1aab61891936d2ca7681,delivered,2018-01-22T19:22:22.0000000,2018-02-15T20:08:15.0000000,2018-02-19T00:00:00.0000000,0,89.18,16.38,105.56,105.56
0e782c3705510e717d28907746cbda82,3a897024068ed42a183de61d5727d866,delivered,2018-05-01T08:12:37.0000000,2018-05-04T14:02:26.0000000,2018-05-16T00:00:00.0000000,0,29.99,7.39,37.38,37.38
d3d6788577c9592da441752e8a1dd5e3,8628fac2267e8c8804525da99c10ed0e,delivered,2017-09-19T22:17:15.0000000,2017-10-10T18:43:53.0000000,2017-10-13T00:00:00.0000000,0,58.99,17.66,76.65,76.65
86f21bf63784876b9fd6d35f46581d72,332df68ccac2f2f7d9e11299188f8bce,delivered,2018-04-11T22:32:31.0000000,2018-04-27T23:14:42.0000000,2018-05-21T00:00:00.0000000,0,98.44,22.40,120.84,120.84
8447ff843b2616c50c0ced28ab1dae03,e28dd4261bed9c7ba89ecaf411b88f7c,delivered,2017-12-20T23:45:07.0000000,2018-01-09T18:14:02.0000000,2018-01-22T00:00:00.0000000,0,219.90,18.79,238.69,238.69
f169bd689fb8b32ccd62df9050aebc0b,82f0b75bb50fcb30711e5277e36b3983,delivered,2018-04-22T23:23:18.0000000,2018-04-30T17:57:25.0000000,2018-05-07T00:00:00.0000000,0,759.00,13.08,772.08,772.08
77e9941864fc840be8e4b1ba5347c0f7,3135962ee745ef39b85576df7ddbaa99,delivered,2018-08-03T08:59:39.0000000,2018-08-17T00:49:41.0000000,2018-08-27T00:00:00.0000000,0,65.90,37.37,103.27,103.27
41bb5cee06dbf170878a9ef93ac7e7f5,1833a0540067becaf59368fe4cd4303a,delivered,2018-05-14T08:35:33.0000000,2018-05-18T14:48:38.0000000,2018-06-08T00:00:00.0000000,0,10.90,12.79,23.69,23.69
6a0a8bfbbe700284feb0845d95e0867f,68451b39b1314302c08c65a29f1140fc,delivered,2017-11-22T11:32:22.0000000,2017-12-28T19:43:00.0000000,2017-12-11T00:00:00.0000000,1,83.90,17.84,101.74,101.74
f7959f8385f34c4f645327465a1c9fc4,0bf19317b1830a69e55b40710576aa7a,delivered,2017-03-30T07:50:33.0000000,2017-04-10T02:59:52.0000000,2017-04-26T00:00:00.0000000,0,17.90,10.96,28.86,28.86
23f553848a03aaab35bb3f9f87725125,c622b892a190735ef81c0087973fa16d,delivered,2018-06-05T09:10:34.0000000,2018-06-18T12:36:54.0000000,2018-07-23T00:00:00.0000000,0,99.20,18.57,117.77,117.77
e3447938231fb6ba2fee0231b51eca59,2c3642e1392097fb4af76a76fec16a46,delivered,2018-08-26T11:04:26.0000000,2018-08-28T21:06:31.0000000,2018-08-30T00:00:00.0000000,0,160.00,12.14,172.14,172.14
e346cd9299371b18c0b28e8e29a5e376,fb9590a1e30e0ba8304ea73a31325797,delivered,2017-05-17T08:36:11.0000000,2017-05-23T13:32:30.0000000,2017-06-06T00:00:00.0000000,0,29.90,12.69,42.59,42.59
a5474c0071dd5d1074e12d417078bbd0,ef15b3240b2083e0487762ee2978d2b8,delivered,2018-07-30T22:41:44.0000000,2018-08-03T19:28:47.0000000,2018-08-02T00:00:00.0000000,1,13.99,7.39,21.38,21.38
0760a852e4e9d89eb77bf631eaaf1c84,d2a79636084590b7465af8ab374a8cf5,invoiced,2018-08-03T17:44:42.0000000,,2018-08-21T00:00:00.0000000,0,35.00,15.35,50.35,50.35
bb7c5cf4dff9994daeab7c8ee9d287aa,9a4900710ff76d73cb3a0d152e73adf0,delivered,2018-03-01T22:14:26.0000000,2018-03-09T14:48:21.0000000,2018-03-26T00:00:00.0000000,0,535.90,18.50,554.40,554.40
66d03fb3c4b0f80b5db04ef9c260336d,c39bde0d4030d5e31e654f0c20db9786,delivered,2018-02-06T21:09:10.0000000,2018-02-16T20:24:42.0000000,2018-03-07T00:00:00.0000000,0,69.90,26.11,96.01,96.01
a6cd683d4bd3b9b1f0aa37b27f8116d3,48f239e15744ed5e7ffbafc6bb6e882b,delivered,2017-01-28T23:45:53.0000000,2017-02-10T17:30:19.0000000,2017-03-10T00:00:00.0000000,0,589.90,20.00,609.90,609.90
bfe42c22ecbf90bc9f35cf591270b6a7,803ac05904124294f8767894d6da532b,delivered,2018-01-27T22:04:34.0000000,2018-02-09T20:16:40.0000000,2018-02-26T00:00:00.0000000,0,27.30,15.10,42.40,42.40
e1da8361c76cab67aa3588a1fbf1af54,dd854e24b40e3bc2b306946dee252015,delivered,2017-07-01T15:42:32.0000000,2017-07-12T20:17:57.0000000,2017-07-25T00:00:00.0000000,0,235.99,17.41,253.40,253.40
af5b0604e113e1526593d505a26ef39d,b896b244963dc7543d400ad82d6710e0,delivered,2017-09-27T12:07:22.0000000,2017-09-30T17:13:01.0000000,2017-10-16T00:00:00.0000000,0,19.90,8.72,28.62,28.62
9d531c565e28c3e0d756192f84d8731f,d4faa220408c20e53595d2950f361f3b,delivered,2017-11-28T21:00:44.0000000,2018-01-23T21:38:52.0000000,2017-12-22T00:00:00.0000000,1,25.99,14.10,40.09,40.09
4da3bd761ca73d692ae0f5c252495546,65ee4aa816cda8ad41e05c75e1cb691e,delivered,2018-02-01T12:31:21.0000000,2018-02-02T16:12:53.0000000,2018-02-19T00:00:00.0000000,0,18.50,7.94,26.44,26.44
80d817467dc3d0a4bb5ab8986c962b1f,a4a2abd07b1cdd4902cf245cdfa1451d,delivered,2018-08-22T16:10:29.0000000,2018-08-28T14:52:43.0000000,2018-09-05T00:00:00.0000000,0,99.80,33.08,132.88,132.88
c75acba615d2db29345327974641467d,2b47ff70d422cc3ada976dea40f48782,delivered,2018-07-06T23:36:15.0000000,2018-07-13T17:18:42.0000000,2018-08-10T00:00:00.0000000,0,84.99,26.90,111.89,111.89
210e60465099814a1d2c7635e4065153,fc849c5fbc7e2b0c7cfebc138886c693,delivered,2018-05-09T18:27:00.0000000,2018-05-22T00:08:26.0000000,2018-05-29T00:00:00.0000000,0,199.00,32.79,231.79,231.79
8fc207e94fa91a7649c5a5dab690272a,c69f8b33e62ecb30ff78ae46d7fb9241,delivered,2017-11-26T17:49:46.0000000,2018-01-20T13:42:22.0000000,2017-12-19T00:00:00.0000000,1,109.90,25.61,135.51,135.51
4b3a605942f29d490cb74bd6ace6b9f0,e8a332c3433fbd37920ec89fc295d075,delivered,2017-09-29T09:32:17.0000000,2017-09-30T16:55:39.0000000,2017-10-17T00:00:00.0000000,0,29.99,8.11,38.10,38.10
1c35ac660d7ef6691b25d20df3d6eccb,68c85132eb3b96fbe6cbddc09a568d24,delivered,2017-06-27T23:11:57.0000000,2017-06-29T10:16:35.0000000,2017-07-10T00:00:00.0000000,0,59.90,14.13,74.03,74.03
01a75ac3dd000b7628a684be97c29234,57ee2ef64f17a5f9a4bf30489b06326c,delivered,2018-01-23T10:32:39.0000000,2018-02-07T14:59:03.0000000,2018-02-21T00:00:00.0000000,0,42.90,15.10,58.00,58.00
0c6b011f8a4f87010c23995f5807d152,a78b75a2ad06180de06b82857ca442b3,delivered,2018-08-20T18:24:30.0000000,2018-08-28T13:43:41.0000000,2018-09-13T00:00:00.0000000,0,43.00,23.02,66.02,66.02
ee0c5c649e17808bc4a363d3a80ebf85,cc3590e4afbb4b3e056b50a80a6a7d0c,delivered,2018-01-30T07:51:17.0000000,2018-02-20T15:25:04.0000000,2018-02-21T00:00:00.0000000,0,25.00,28.20,53.20,53.20
f2fa3795760c35b8c05fa8e2f09d5143,fac60d7c4df3896a5af5db6c91e03797,delivered,2018-03-31T14:20:46.0000000,2018-04-07T00:06:33.0000000,2018-05-04T00:00:00.0000000,0,449.88,68.51,518.39,518.39
3923e3ade70348985bd2ca389905cf19,6454e6cba392b35aa21527063026fc92,delivered,2018-03-07T23:00:33.0000000,2018-03-19T18:46:32.0000000,2018-03-29T00:00:00.0000000,0,59.90,18.25,78.15,78.15
e37797aedc7cd4ef82278fbc169eecaf,4c9c7c2b6de6ee2568681b5599bb7495,delivered,2018-05-08T22:12:34.0000000,2018-05-14T18:55:59.0000000,2018-05-23T00:00:00.0000000,0,69.99,14.58,84.57,84.57
35660aec0cc42b6257e24281ee0e6255,b53cc3c992caaa45ec73cfdde4d839b5,delivered,2017-03-30T14:46:00.0000000,2017-04-27T11:08:55.0000000,2017-05-12T00:00:00.0000000,0,129.60,25.40,155.00,155.00
b01875821b8dcb6abc61776f0f971bce,818596f5b68adfe2c11498ebb6d39e02,delivered,2017-11-24T21:55:22.0000000,2017-12-01T21:11:40.0000000,2017-12-15T00:00:00.0000000,0,63.60,78.56,142.16,142.16
5164933efe0cd14f31424b9badf81f19,d0e71d7a6dbca8ac513ac63d08a81fa0,delivered,2018-04-25T22:18:10.0000000,2018-04-27T16:50:03.0000000,2018-05-14T00:00:00.0000000,0,129.90,12.00,141.90,141.90
06a6627d9cc91a04e9d146bf65fee0a2,61449fa1b8b8998c9c3f3a7f0ae954ef,delivered,2017-07-16T10:27:45.0000000,2017-07-21T19:59:36.0000000,2017-08-04T00:00:00.0000000,0,99.90,13.72,113.62,113.62
15bed8e2fec7fdbadb186b57c46c92f2,f3f0e613e0bdb9c7cee75504f0f90679,processing,2017-09-03T14:22:03.0000000,,2017-10-03T00:00:00.0000000,0,125.90,12.38,138.28,138.28
5447160f15621601fa9ba2b94f4906b3,9c338ea8093192e203bc16add78c123c,delivered,2017-11-21T12:08:32.0000000,2017-11-28T20:33:38.0000000,2017-12-14T00:00:00.0000000,0,146.00,15.77,161.77,161.77
01855f880aae9a984c7c33b26fcf2e02,2e068340b3037f667ce3224bd59260af,delivered,2017-10-19T15:08:48.0000000,2017-10-24T15:57:46.0000000,2017-10-31T00:00:00.0000000,0,78.98,16.54,95.52,95.52
65312c6e4ce03c0fb633a4ac541949d8,228da462edabbbc68e6d265087499705,delivered,2018-07-22T15:19:05.0000000,2018-08-02T21:08:57.0000000,2018-08-13T00:00:00.0000000,0,54.99,13.60,68.59,68.59
741fd1b80f015f170a7f458cf86769b8,df5c9e02596851fcbfc98804e4108bbd,delivered,2017-12-02T14:28:03.0000000,2017-12-11T16:17:04.0000000,2018-01-04T00:00:00.0000000,0,89.99,16.39,106.38,106.38
b16cec67cb3f5a4bb31abe8988b43d19,62ffae18a7ca4b2e681c6296180ae346,delivered,2018-03-26T09:14:26.0000000,2018-03-29T20:08:43.0000000,2018-04-20T00:00:00.0000000,0,129.90,11.77,141.67,141.67
e6190dea235662449d160357e46eaec8,b80feb27fb4955a21bca55fdb039af17,delivered,2018-01-09T06:37:43.0000000,2018-01-15T14:56:58.0000000,2018-02-06T00:00:00.0000000,0,69.90,19.98,89.88,89.88
8eeda294fab8a5ed70259afb59a10ff8,6feea03756fd7ef4fb37d8f7e44aaeb9,delivered,2018-02-06T18:25:39.0000000,2018-02-14T19:07:41.0000000,2018-03-08T00:00:00.0000000,0,161.80,25.40,187.20,187.20
89165e6d4c28047da0adf13ac8b3e1b3,4924a47e8cd5630b3564e26fac55c5ec,delivered,2018-07-18T13:39:54.0000000,2018-07-26T18:26:37.0000000,2018-07-30T00:00:00.0000000,0,110.32,8.03,118.35,118.35
f376081d7c5f1767fbc7fae2d19ca32e,d68901955dc622165460ba6cb4ac49f3,delivered,2017-03-28T16:03:34.0000000,2017-03-31T10:07:25.0000000,2017-04-17T00:00:00.0000000,0,275.97,33.75,309.72,309.72
4b87488fb6269f8321508923b95da4d6,e42998ccffc48dc87bf70b37e2d61f33,delivered,2018-06-08T12:19:58.0000000,2018-06-15T20:58:47.0000000,2018-07-05T00:00:00.0000000,0,25.00,13.47,38.47,38.47
e9ce52cd563d0124dced659e69eab10a,9a80c8377644236e27f59e83862f1ae2,delivered,2017-07-10T12:23:05.0000000,2017-07-17T17:03:47.0000000,2017-07-28T00:00:00.0000000,0,259.90,53.01,312.91,312.91
9344ccd01ff5fa7ec2aef0ee7e1c49c3,4fd75fb5ef1f01c7585bf746092a1544,delivered,2018-05-16T16:10:21.0000000,2018-05-24T19:04:00.0000000,2018-06-04T00:00:00.0000000,0,39.00,12.79,51.79,51.79
f4471dae8c482f51aa1826cd9f5d4433,167b9485947ed0a354a3f8dad04eb199,delivered,2018-07-05T18:40:47.0000000,2018-07-11T21:16:47.0000000,2018-07-19T00:00:00.0000000,0,215.22,16.92,232.14,232.14
aeb4c9d05ab11d7c6c9ca24f8c43bd70,fa5c31ea5a141cb29a683b6420f2693a,delivered,2017-09-20T17:12:34.0000000,2017-09-28T19:47:42.0000000,2017-10-18T00:00:00.0000000,0,7.00,15.79,22.79,22.79
33a3edb84b9df4cb49546859b990ac6d,35ec6c1ca9e5844c5ca94214cce16dca,delivered,2018-02-21T17:15:49.0000000,2018-03-22T00:03:53.0000000,2018-03-16T00:00:00.0000000,1,49.90,17.60,67.50,67.50
9885fff91f7c807525f8320e5292a3db,83257fb6f3a1edd3a75464178aa3f382,delivered,2018-01-10T14:18:40.0000000,2018-01-24T23:16:49.0000000,2018-01-31T00:00:00.0000000,0,126.99,29.68,156.67,156.67
e7a65190baa4e6fd192246157c0b81fb,7d986867cfcd083f25ad4f692bd2df06,delivered,2017-04-26T16:14:11.0000000,2017-05-12T14:04:02.0000000,2017-05-29T00:00:00.0000000,0,28.99,24.84,53.83,53.83
62a12e4d2a742b2491d7c00d2d79bf52,b60550c21000f91484c7d2aa2b8c522e,delivered,2017-11-27T19:24:52.0000000,2017-12-08T15:41:46.0000000,2017-12-27T00:00:00.0000000,0,281.99,17.73,299.72,299.72
90349f264a3d6a2525a34598d09dda6b,d19f254a07da73a055409256e9bfe40a,delivered,2018-05-11T16:35:19.0000000,2018-05-15T18:38:39.0000000,2018-05-21T00:00:00.0000000,0,270.00,44.34,314.34,314.34
95cf9f239f724799131f7ca949209bd9,7251aa758779438faea714941f1051c4,delivered,2018-05-25T08:54:21.0000000,2018-05-30T15:06:44.0000000,2018-06-12T00:00:00.0000000,0,89.49,8.39,97.88,97.88
04a59fe46fc5aa341da5378c195ed53c,2d8748fb35d51c2fd273ee67fff78b7a,delivered,2017-11-26T09:32:06.0000000,2017-12-11T19:03:18.0000000,2017-12-19T00:00:00.0000000,0,60.00,15.18,75.18,75.18
86b37610c0e86e94afe3d5ba4b73fa14,86ff82570097f39b2193254f540e4a69,delivered,2017-11-17T21:14:42.0000000,2017-12-05T20:23:33.0000000,2017-12-20T00:00:00.0000000,0,109.98,51.32,161.30,161.30
5c2d1d55c31db1cbe069dc9b6454b897,15bea20cd005ed59d34db54c6b32ec98,delivered,2018-07-23T18:27:07.0000000,2018-08-01T19:31:47.0000000,2018-08-10T00:00:00.0000000,0,93.99,23.46,117.45,117.45
1d067305b599c1e0dceb3864056ea527,0489975a325480c9e385e9f135bb13c3,delivered,2018-02-14T13:05:17.0000000,2018-03-09T21:52:36.0000000,2018-03-09T00:00:00.0000000,1,148.90,21.53,170.43,170.43
abc5ec9ecaec740b498a37f19c29a8c0,85aa7dc7ea24c96b5ac7864f13922495,delivered,2017-04-30T22:43:56.0000000,2017-05-12T12:04:38.0000000,2017-06-05T00:00:00.0000000,0,119.90,21.16,141.06,141.06
6942b8da583c2f9957e990d028607019,52006a9383bf149a4fb24226b173106f,shipped,2018-01-10T11:33:07.0000000,,2018-02-07T00:00:00.0000000,0,53.99,15.13,69.12,69.12
c3cb4c7c4b963ab08b07a5dca5baf05d,38ccd077e65d89b8a720be73bfaa9c6f,delivered,2017-05-15T16:29:03.0000000,2017-05-23T12:51:55.0000000,2017-06-08T00:00:00.0000000,0,119.00,15.58,134.58,134.58
af66c46c49bdb3bf2f862efb1eb67d81,9e3a06f863456c3934b9d26037c119cd,delivered,2017-07-22T19:16:47.0000000,2017-07-31T18:17:45.0000000,2017-08-11T00:00:00.0000000,0,48.00,11.85,59.85,59.85
14e6e050a57912543937e93051cc7b2c,d006bd8339ac9891923132af6408f557,delivered,2018-06-24T19:01:52.0000000,2018-06-28T13:03:08.0000000,2018-07-27T00:00:00.0000000,0,49.10,19.53,68.63,68.63
cefa8ee1540139ac77fa0c1b4ff1f04b,3b9388d1014c8090f77595c5e9f2ce94,delivered,2018-07-02T12:54:20.0000000,2018-07-06T11:52:07.0000000,2018-07-25T00:00:00.0000000,0,66.39,19.66,86.05,86.05
265f4e28ef8cf69f8445e2951bbe7343,c572fd6cdd98e87ea2bc433b6da21078,delivered,2017-03-06T00:14:28.0000000,2017-03-20T09:28:56.0000000,2017-04-11T00:00:00.0000000,0,39.90,24.84,64.74,64.74
34276839abbc2d596eb36540d36c624c,6968ea6ff6368619de4d031a15d5c9a6,delivered,2017-10-04T23:02:21.0000000,2017-10-20T16:18:59.0000000,2017-11-09T00:00:00.0000000,0,159.99,57.79,217.78,217.78
556bbf53c2c22fbb9ef31a414dd444a6,5883f965ac70043c2e908c3657c5d548,delivered,2017-12-21T17:43:41.0000000,2018-01-04T21:56:01.0000000,2018-01-22T00:00:00.0000000,0,49.90,17.60,67.50,67.50
36530871a5e80138db53bcfd8a104d90,4dafe3c841d2d6cc8a8b6d25b35704b9,shipped,2017-05-09T11:48:37.0000000,,2017-06-08T00:00:00.0000000,0,36.90,26.89,63.79,63.79
b2bd1f09c1b8a4a36940f6f6e49d5dec,8ed14e450a6268ec13f325e7c2eafeed,delivered,2018-02-02T16:15:41.0000000,2018-02-20T18:09:29.0000000,2018-03-07T00:00:00.0000000,0,199.00,16.14,215.14,215.14
e69e2290db6b2d3b7593a40112e1a82a,3a017955f82b5bf61bb51aec865a01ca,delivered,2018-06-01T11:26:06.0000000,2018-06-05T17:44:39.0000000,2018-07-04T00:00:00.0000000,0,75.99,50.68,126.67,126.67
c8627adf430caff83161acbeb344d8f5,078d86e7bf40b188f0e5ed6d866c21c4,delivered,2018-08-09T16:23:03.0000000,2018-08-14T19:12:05.0000000,2018-08-21T00:00:00.0000000,0,229.90,55.69,285.59,285.59
1370fae9b19ee5e01a2d609eb18b7c8a,22eb8142d6313bab19fa6c657170ae6b,delivered,2017-11-15T13:47:34.0000000,2017-12-06T01:12:12.0000000,2017-12-14T00:00:00.0000000,0,117.30,28.20,145.50,145.50
a7cd6af6e0519313887b3c3a120f20ca,a559b10d4f093640a0ed4693ce16ed02,delivered,2018-04-26T11:59:05.0000000,2018-05-03T02:52:58.0000000,2018-05-07T00:00:00.0000000,0,35.90,7.39,43.29,43.29
663830a477534735bbdec9de01113fa2,c1ddb7521d14db9071dccad0a94305c2,delivered,2018-07-15T12:37:12.0000000,2018-07-23T23:56:47.0000000,2018-08-13T00:00:00.0000000,0,24.90,13.51,38.41,38.41
b2f3763408103bc7173bb36ed02dbeea,d0e6cb83a3fc27f56be011b2941f54c6,delivered,2018-05-30T22:33:08.0000000,2018-06-18T23:07:33.0000000,2018-07-16T00:00:00.0000000,0,359.90,42.59,402.49,402.49
0dad6beca7ed0e352668498c29089900,2528510465c7572dedee4431a7d52e08,delivered,2017-12-02T14:08:33.0000000,2017-12-13T09:44:38.0000000,2017-12-27T00:00:00.0000000,0,98.70,12.19,110.89,110.89
93ec3e2c9a4beee38c28973d307093e1,330ca6b207006779da875ef48faef608,delivered,2018-03-29T14:27:41.0000000,2018-04-06T22:52:39.0000000,2018-04-11T00:00:00.0000000,0,179.90,24.55,204.45,204.45
5561adcb0fd46da4cad3048fa4e7fc00,819b0aa9b717f6d78c0f72211bafebe3,delivered,2018-06-25T15:36:18.0000000,2018-06-27T17:18:42.0000000,2018-07-11T00:00:00.0000000,0,99.90,9.45,109.35,109.35
6245ae0abd9de1ae647b5da78c0ea69b,d68585c54450af4bfc04cc6cccbcd607,delivered,2017-09-11T07:54:38.0000000,2017-09-16T16:12:24.0000000,2017-09-27T00:00:00.0000000,0,62.80,11.94,74.74,74.74
ce9feeba53c652dd6569cca62e2bb287,f7398fc942c8fa80e5419ae52e49f7fb,delivered,2018-04-15T19:42:06.0000000,2018-04-20T23:12:11.0000000,2018-04-26T00:00:00.0000000,0,45.00,11.86,56.86,56.86
565923f847aad52e7638eb189cce3b51,a2cb2bc236e62cf807925d6cecc245c6,delivered,2018-01-13T08:19:23.0000000,2018-01-23T18:22:46.0000000,2018-02-15T00:00:00.0000000,0,80.00,17.81,97.81,97.81
36ebb4199031e72a1fa964549b88c377,eecf2b94cdbe9ef6245fabb5e091c987,delivered,2018-04-04T08:39:50.0000000,2018-04-16T23:35:26.0000000,2018-05-02T00:00:00.0000000,0,109.90,23.35,133.25,133.25
232b75e8b6faa6ca2063184414e634a7,0a11cb0fb65032da800b780afcc1a1b7,delivered,2017-09-26T12:32:39.0000000,2017-10-09T18:32:42.0000000,2017-10-20T00:00:00.0000000,0,159.00,21.95,180.95,180.95
ee990334acb0ff9333b01afa465f3006,a8331c35b57d8fe09e8df1c06509de29,delivered,2018-02-28T17:00:28.0000000,2018-03-22T10:18:36.0000000,2018-04-02T00:00:00.0000000,0,410.00,35.32,445.32,445.32
780fe22baa36991bdbb1559f5b549596,e1862648f338ecaf4242e8e2b59126ca,delivered,2017-04-22T19:26:47.0000000,2017-04-28T14:37:16.0000000,2017-05-15T00:00:00.0000000,0,37.99,14.52,52.51,52.51
58ac1947c1a9067b9f416cba6d844a3f,ee8e1d37f563ecc11cc4dcb4dfd794c2,delivered,2017-09-13T09:18:50.0000000,2017-09-21T21:16:17.0000000,2017-09-25T00:00:00.0000000,0,110.00,14.16,124.16,124.16
ba4ddff2b9082f079de9a84d7a5605fd,fbfba770bf13f470f63d1854a765a2d3,delivered,2018-01-18T09:30:54.0000000,2018-01-20T17:56:44.0000000,2018-02-02T00:00:00.0000000,0,52.39,13.08,65.47,65.47
75351e48296ef42211a0b80c427aae57,cf9e2b07f78cce347089900f49fb4746,delivered,2017-03-14T16:25:43.0000000,2017-04-03T13:37:42.0000000,2017-04-10T00:00:00.0000000,0,87.37,10.79,98.16,98.16
64a2b20e6611bf80d933549f4c45ad84,de62761e79f4ae4169cab45ed5f36026,delivered,2017-12-20T12:30:40.0000000,2018-01-09T15:44:20.0000000,2018-01-19T00:00:00.0000000,0,24.99,15.79,40.78,40.78
775130c792f4c6460c63162e994a1114,d4cd9729eeca5306a2c039fe6e55601e,delivered,2017-12-04T17:24:57.0000000,2017-12-11T18:52:10.0000000,2018-01-04T00:00:00.0000000,0,257.60,15.67,273.27,273.27
b0928556a10706af462ca2ab2c91903b,0b9e85491c194a97516c87f30a93abfa,delivered,2018-08-03T22:23:06.0000000,2018-08-14T18:16:42.0000000,2018-08-23T00:00:00.0000000,0,83.00,23.73,106.73,106.73
5487a8ac1699754d975f853ce8bb9321,a51b373c427132a77b112ca10f502c4f,delivered,2018-03-29T14:29:44.0000000,2018-04-08T16:22:04.0000000,2018-04-20T00:00:00.0000000,0,159.99,27.20,187.19,187.19
00571ded73b3c061925584feab0db425,3c628393675b42c6b5ef89461f68ecef,delivered,2017-05-18T20:59:24.0000000,2017-05-30T09:12:44.0000000,2017-06-12T00:00:00.0000000,0,359.80,30.02,389.82,389.82
74ebfa44a323c96a7760bd693d690a3d,13fd7ce9f08449dec2533119379a2527,delivered,2017-06-16T00:22:49.0000000,2017-06-26T13:49:52.0000000,2017-07-18T00:00:00.0000000,0,359.50,33.96,393.46,393.46
37104fd8b73d0691fda9491fe8906808,328d7a69cb9cbaf088eed3ed778804bb,delivered,2017-07-05T09:16:49.0000000,2017-07-17T17:23:48.0000000,2017-08-07T00:00:00.0000000,0,90.00,32.22,122.22,122.22
b6b3633f97c686d8e188ac6fa29ff20d,8d3d362741da05c706eb55001bdfa1b9,delivered,2018-07-27T12:45:51.0000000,2018-08-06T17:20:53.0000000,2018-08-17T00:00:00.0000000,0,679.00,19.85,698.85,698.85
37e32b54f25d2472acbc642f7e539a36,0f5b40f9925b49675464fb74869c6547,delivered,2017-07-08T14:12:08.0000000,2017-07-17T20:39:33.0000000,2017-08-03T00:00:00.0000000,0,84.99,14.34,99.33,99.33
43d88b0e949865904334dd5b3ca63f50,aa601b3c45980c0918042d5ca7a25054,delivered,2018-03-15T16:59:11.0000000,2018-03-20T16:13:27.0000000,2018-04-02T00:00:00.0000000,0,49.99,8.29,58.28,58.28
5e99f3c445038a0709b2aea8e34ed593,243ee97e01766bf68c3e30f0fe572490,delivered,2017-06-25T19:30:09.0000000,2017-07-04T10:51:55.0000000,2017-07-14T00:00:00.0000000,0,59.90,17.13,77.03,77.03
f61b61c2cbb4192ccaf9c2c76a4cc971,525125633cfc0f64d4a991240953f2b5,delivered,2018-02-28T21:27:43.0000000,2018-03-09T13:46:21.0000000,2018-03-13T00:00:00.0000000,0,39.99,9.74,49.73,49.73
6d7de866a140b19d09e825b2a4e944c7,9e5ce657315b2bdb94033a494041ac25,delivered,2018-04-16T21:07:16.0000000,2018-04-24T20:38:55.0000000,2018-05-15T00:00:00.0000000,0,139.80,0.00,139.80,139.80
3f849648ffbabb0562c7668f212e3e88,a338f42b6e47cb49d5c5128a348b76ba,delivered,2018-05-15T19:55:51.0000000,2018-06-07T13:58:42.0000000,2018-06-06T00:00:00.0000000,1,69.90,16.46,86.36,86.36
7c18eddfcd24680d80a502346221614e,b7ee9b824b4a83b389379ac70585bf3b,delivered,2018-07-13T15:45:51.0000000,2018-07-24T20:16:30.0000000,2018-08-09T00:00:00.0000000,0,336.49,87.18,423.67,423.67
6fa204b6cf6dcfe6c9adca7dc53aa32a,56dfafb543cfa4c2edcc08b9b2c5f0c6,delivered,2017-08-01T18:52:12.0000000,2017-08-05T12:14:47.0000000,2017-08-21T00:00:00.0000000,0,95.00,13.01,108.01,108.01
58d4c4747ee059eeeb865b349b41f53a,1755fad7863475346bc6c3773fe055d3,delivered,2018-07-21T12:49:32.0000000,2018-07-25T23:58:19.0000000,2018-07-31T00:00:00.0000000,0,27.90,7.46,35.36,35.36
a840a7a89e3d9137358eb7b9408681fe,5e320e6a4f03e2e74bc22e1158237fbe,delivered,2017-03-09T22:17:49.0000000,2017-03-16T08:24:47.0000000,2017-03-28T00:00:00.0000000,0,289.90,15.80,305.70,305.70
40001f4b6e1a35f0b99fc4f44078ab27,1690401c1e48c9526a79e72ba8c069a2,delivered,2017-12-09T17:27:58.0000000,2018-01-04T21:23:53.0000000,2018-02-01T00:00:00.0000000,0,189.90,26.36,216.26,216.26
287c56aa824d8d1ea40246ad12013f62,5232c22d7ed2b631db6b2cab74b2c5f2,delivered,2018-08-01T10:48:19.0000000,2018-08-07T13:59:38.0000000,2018-08-10T00:00:00.0000000,0,69.90,13.15,83.05,83.05
694630e7a7713c116a9b7f0ba3377382,5a771152dd93d31af819d708942afec6,delivered,2018-04-09T13:56:45.0000000,2018-04-16T20:58:47.0000000,2018-05-03T00:00:00.0000000,0,99.90,21.78,121.68,121.68
f26f92a3da58e9c771820a7b4d9a6800,597950088114c1a9e2b27459051f40ff,delivered,2018-02-10T19:27:28.0000000,2018-02-19T15:07:08.0000000,2018-02-26T00:00:00.0000000,0,49.90,7.78,57.68,57.68
d1f54c6a2a7015c5687439d6d4e971ba,be0db8a12224c280772baf2ccb468e5e,delivered,2017-04-27T11:08:59.0000000,2017-05-15T12:00:17.0000000,2017-06-16T00:00:00.0000000,0,68.00,24.97,92.97,92.97
37d6c8f1b209eab8d1b6522a1a3e4d88,fe4b93d8b5d38fc72f20a95f93511cae,delivered,2017-12-06T15:26:09.0000000,2017-12-13T18:03:38.0000000,2017-12-27T00:00:00.0000000,0,25.90,9.34,35.24,35.24
f9f76d0f8ab416a42a2a3dad0d710162,e4a32f8f3648818820a821cd577ccdba,delivered,2017-11-30T22:37:50.0000000,2017-12-08T20:56:54.0000000,2017-12-26T00:00:00.0000000,0,269.90,16.64,286.54,286.54
a03ad7057fae696dd18f8967826c209f,7df71d1652cfba8b2a70cf665c960f74,delivered,2017-06-05T13:24:46.0000000,2017-06-16T14:04:09.0000000,2017-06-28T00:00:00.0000000,0,52.88,25.21,78.09,78.09
c93e4c73cba512f76817291e0de8bec4,9f5a2f912f123d541a318029712fe90b,delivered,2017-09-12T16:32:09.0000000,2017-09-22T16:43:37.0000000,2017-10-04T00:00:00.0000000,0,279.99,21.20,301.19,301.19
412fccb2b44a99b36714bca3fef8ad7b,c6865c523687cb3f235aa599afef1710,delivered,2018-07-22T22:30:05.0000000,2018-07-24T19:26:42.0000000,2018-07-31T00:00:00.0000000,0,102.00,38.88,140.88,140.88
67b47f35ec923e39f1203f3cfa80f5e3,0dd5a932b1e29daa12845dbf696cbb54,delivered,2018-06-03T18:24:33.0000000,2018-06-08T18:58:53.0000000,2018-07-11T00:00:00.0000000,0,28.90,12.79,41.69,41.69
b616f638cd86d92c7cbd06cf7484ee34,8458f7ae02bda5950ce48c01a720559a,delivered,2018-05-23T16:37:35.0000000,2018-06-06T14:06:48.0000000,2018-06-08T00:00:00.0000000,0,12.88,7.87,20.75,20.75
258f2e5dd769d9314b349f5650005dcc,148ecba880f508ca2d5b6744b6a7b6c5,delivered,2018-02-03T10:51:17.0000000,2018-02-23T20:59:12.0000000,2018-03-13T00:00:00.0000000,0,129.97,35.43,165.40,165.40
f90202d14e468090464aeb4b1f0372ab,d4c5a2a1316f738e72e179d6bb3b6d8f,delivered,2018-05-17T08:33:19.0000000,2018-06-01T23:27:31.0000000,2018-06-04T00:00:00.0000000,0,96.00,6.56,102.56,102.56
615ae1b88a25a4ac47fbf55c9c847b6e,25daddfce277eafad87c4d28d71d8229,delivered,2018-08-10T13:42:06.0000000,2018-08-20T23:38:44.0000000,2018-08-30T00:00:00.0000000,0,64.99,19.65,84.64,84.64
52f166ce5fa053bbb27d317e4fd231b7,1b848bc58de81ae1b800cf3a4571bedf,delivered,2018-04-18T20:13:31.0000000,2018-04-26T20:11:48.0000000,2018-05-11T00:00:00.0000000,0,428.00,18.51,446.51,446.51
22d17396ac4c177e0ea83929cd4f845d,a8b396cd7edcd4340e02a07685084cd6,delivered,2017-09-27T14:43:47.0000000,2017-10-13T21:13:13.0000000,2017-10-27T00:00:00.0000000,0,159.99,57.79,217.78,217.78
9ceb8ab5165cefecdddb546cb5a6362b,eb1c0e1ca3e17eccaefb7f0d4dc659b1,delivered,2018-02-05T17:27:54.0000000,2018-02-18T14:28:47.0000000,2018-03-06T00:00:00.0000000,0,120.00,18.09,138.09,138.09
95a74a28d622001aafb5dd088ea0d88c,b3519c0352b07bc3017acebea4ce6724,delivered,2017-11-16T14:32:06.0000000,2017-11-29T00:44:50.0000000,2017-12-06T00:00:00.0000000,0,37.99,12.69,50.68,50.68
d493148aa5f8d08914d29ec0524e1196,d7b9004ff34610bb3451b130ee2bf38e,delivered,2018-01-31T13:21:44.0000000,2018-02-14T18:04:45.0000000,2018-02-26T00:00:00.0000000,0,155.99,14.11,170.10,170.10
a0d5b8474423ddf55228373b81a46272,3f7d26944f7f68bd2ac23b5e8b500ab0,delivered,2018-01-11T16:51:17.0000000,2018-01-22T21:18:33.0000000,2018-02-07T00:00:00.0000000,0,69.90,19.98,89.88,89.88
cbec453ddd874ca620b8afc6393e3218,0fc25a3451d81cfe409466e229afdbb0,delivered,2017-06-04T10:05:59.0000000,2017-06-12T17:45:34.0000000,2017-06-26T00:00:00.0000000,0,89.90,13.65,103.55,103.55
61988b318aaf57d18336c629bc42cf1b,02731f7e9105dec7fc7fa715ccd821b3,delivered,2018-03-29T16:17:53.0000000,2018-04-13T20:03:50.0000000,2018-04-19T00:00:00.0000000,0,135.00,25.14,160.14,160.14
b88d7ae9bd78eac18e8b6ceb04695fb8,6dbe3c4683c66130a8e242bf4bb218d9,delivered,2017-07-17T21:55:56.0000000,2017-07-27T18:41:46.0000000,2017-08-08T00:00:00.0000000,0,31.90,14.10,46.00,46.00
908e767e28908dc5ec61fe0ef8ef03f9,64d181ef52b1829800c598942459061b,delivered,2018-05-09T14:32:09.0000000,2018-05-17T22:05:03.0000000,2018-05-28T00:00:00.0000000,0,49.99,13.47,63.46,63.46
c82a457d646f77c8f151e12a3e517ed2,c178d6d544925594fafab0ba493cd645,delivered,2018-08-08T21:11:25.0000000,2018-08-15T15:02:09.0000000,2018-08-15T00:00:00.0000000,1,136.78,8.22,145.00,145.00
edc531c3153d23614049077e7e1e6405,68b315ac209c92f15ec1f364f5d45e67,delivered,2018-04-17T11:25:39.0000000,2018-05-03T21:54:44.0000000,2018-05-09T00:00:00.0000000,0,117.70,18.70,136.40,136.40
e22b71f6e4a481445ec4527cb4c405f7,1faf89c8f142db3fca6cf314c51a37b6,delivered,2017-04-22T13:48:18.0000000,2017-05-02T15:45:27.0000000,2017-05-11T00:00:00.0000000,0,22.50,11.74,34.24,34.24
6efcd938092fe73904610b4bd39b2e7f,8ebe25aca53cef9a055de5c20eca76e7,delivered,2017-12-11T21:43:24.0000000,2017-12-18T16:53:32.0000000,2018-01-04T00:00:00.0000000,0,129.90,16.54,146.44,146.44
1e8c81805b92ff169971231458670460,33b0d5c2438d9cd6426c6568dfbb908d,delivered,2018-05-04T10:29:14.0000000,2018-05-16T20:37:03.0000000,2018-05-23T00:00:00.0000000,0,220.64,37.30,257.94,257.94
4d630f57194f5aba1a3d12ce23e71cd9,6d491c9fe2f04f6e2af6ec033cd8907c,shipped,2017-11-17T19:53:21.0000000,,2017-12-13T00:00:00.0000000,0,199.90,40.33,240.23,240.23
1da00355018ed3e0fdd548cf3ddada99,2c5c2fb51bbbcdcc297f3b37449627bb,delivered,2017-12-17T19:40:26.0000000,2017-12-27T13:47:01.0000000,2018-01-24T00:00:00.0000000,0,64.90,15.20,80.10,80.10
21c71f62d2554e1ad6c8ba9dc7af2c62,aa3d8c9eec8e52e90b117efe5e97a560,delivered,2017-12-21T04:59:55.0000000,2018-01-03T22:54:29.0000000,2018-01-19T00:00:00.0000000,0,59.99,14.17,74.16,74.16
93a21c10557cc1b1ecfe2c3a808c648a,45c9fcdb0cd88a5630cb4405c4d2e4a7,delivered,2018-02-27T10:05:56.0000000,2018-03-05T20:53:02.0000000,2018-03-22T00:00:00.0000000,0,320.00,18.00,338.00,338.00
38c4ae942b818085578157aabd4abf9e,c0cc17e4ee16598f33ce7ccc36e3b4d0,delivered,2018-03-18T20:59:28.0000000,2018-03-29T13:49:10.0000000,2018-04-24T00:00:00.0000000,0,129.00,54.65,183.65,183.65
f175d67589e059cbbda956f10f0702e6,a4555d257db29ef5f838cec4101c5208,delivered,2017-01-05T13:34:35.0000000,2017-01-17T15:52:28.0000000,2017-02-13T00:00:00.0000000,0,9.90,8.72,18.62,18.62
c263211bd219538f7c031591e87ef0d7,ed8c52327eecff596e141636d5b556d2,delivered,2017-11-24T16:56:46.0000000,2017-12-18T20:24:54.0000000,2017-12-19T00:00:00.0000000,0,719.40,34.54,753.94,753.94
7835af1856de332f2f3c9204b740a3a2,d1b370c90ad7dacb840010a6e89c7e89,delivered,2017-12-24T17:34:12.0000000,2018-01-03T21:12:08.0000000,2018-01-19T00:00:00.0000000,0,49.99,14.10,64.09,64.09
507240e305d631056d7ced5d5ab0eb9a,5cff2efe34e8e604619520cc86201235,delivered,2018-03-29T15:08:14.0000000,2018-04-05T19:34:29.0000000,2018-04-11T00:00:00.0000000,0,48.32,11.15,59.47,59.47
17c2ee64306efa76f1389315a974eeba,79c102ed4db4e20845856cd68660f8f6,delivered,2017-11-29T17:43:34.0000000,2017-12-12T22:32:47.0000000,2017-12-26T00:00:00.0000000,0,74.90,16.28,91.18,91.18
5ec8f4e8fe5ee3fd5460b244d0804f9e,3fd2baf81d32adb95c43e1d490a8979e,delivered,2018-04-03T13:47:14.0000000,2018-04-13T23:45:22.0000000,2018-05-03T00:00:00.0000000,0,65.00,18.33,83.33,83.33
7156f3e0b94405abcbad1a8c94557338,5134baea6a4f11251fc92a2f358dfb4c,delivered,2017-04-20T16:18:26.0000000,2017-05-03T11:43:59.0000000,2017-05-10T00:00:00.0000000,0,17.50,10.96,28.46,28.46
def622b4b003c4749c889dd9a0b43eca,e28087daa16ea2d4ef377fd789af20b4,delivered,2018-01-25T23:13:41.0000000,2018-02-08T18:38:55.0000000,2018-02-21T00:00:00.0000000,0,38.20,15.10,53.30,53.30
434d3eec8dd031c322077fb2452e53a0,7a7893d13f178fdf58daeff7347e2d94,delivered,2018-05-08T14:38:14.0000000,2018-05-09T15:15:10.0000000,2018-05-16T00:00:00.0000000,0,68.00,8.29,76.29,76.29
3ef7c7b43ae449415675a6c34720b78e,cae507afa38570ca8b08ae0cbcadd5d5,delivered,2018-06-16T19:05:54.0000000,2018-06-26T17:08:45.0000000,2018-07-12T00:00:00.0000000,0,383.50,19.82,403.32,403.32
7e3e92dc3eaf5389f32da97228f7dd0e,62d50e9a714ac024c196d9548594e2aa,delivered,2017-07-02T20:47:24.0000000,2017-07-11T20:22:31.0000000,2017-07-25T00:00:00.0000000,0,79.90,15.31,95.21,95.21
4d95703047b8a80cf5796b7478900ec7,da18c242eff18510c1df2f0337a9be95,delivered,2018-01-23T23:59:03.0000000,2018-01-30T14:36:52.0000000,2018-02-19T00:00:00.0000000,0,79.80,23.70,103.50,103.50
955e2b622db1a1f4031ef035ce9a861f,8d0c2ae2c7b532f0e90bdd06bc9a04b7,delivered,2018-01-16T22:34:16.0000000,2018-01-22T23:23:25.0000000,2018-02-06T00:00:00.0000000,0,199.00,12.89,211.89,211.89
cf8f7b73e35cb19ff895c2f45c1ded72,2d9cd6d6d59bfd360ba595e45d097409,delivered,2018-02-22T15:04:08.0000000,2018-02-28T21:09:14.0000000,2018-03-08T00:00:00.0000000,0,99.00,12.40,111.40,111.40
fd9b8ed51e5ffedf7a56bea36cc5b6f9,0385c03f2b10a0a50ee72d8e3649a4b3,delivered,2018-03-30T23:11:40.0000000,2018-04-19T18:03:46.0000000,2018-04-27T00:00:00.0000000,0,119.90,23.42,143.32,143.32
bb4f0c21ae6014e40ef007ff6fbcbeb9,94f7f1cb719dd707fd437e918d282537,delivered,2017-02-12T18:48:56.0000000,2017-03-01T14:09:10.0000000,2017-03-16T00:00:00.0000000,0,34.99,10.96,45.95,45.95
f31535f21d145b2345e2bf7f09d62322,ed532487db04478dfba09d112649fc13,delivered,2018-02-01T07:47:34.0000000,2018-04-23T15:49:34.0000000,2018-03-05T00:00:00.0000000,1,199.00,24.26,223.26,223.26
d86359a45e3f6c6d8b35f7b13e41abf5,a1acf95041edd043087a040e89449636,delivered,2018-06-06T14:21:47.0000000,2018-06-15T14:28:27.0000000,2018-07-12T00:00:00.0000000,0,105.00,19.70,124.70,124.70
248ff7b41bfa395f5ee828720889e664,754862f813b4662e840ff16a52db05f0,delivered,2017-11-17T13:12:47.0000000,2017-11-27T20:41:48.0000000,2017-12-12T00:00:00.0000000,0,24.90,16.79,41.69,41.69
2d5cdc856665603f1580e3586bde89a5,caecab08cac2be52d89f87462765b4f4,delivered,2018-01-30T17:36:43.0000000,2018-02-05T19:38:56.0000000,2018-02-21T00:00:00.0000000,0,199.90,17.03,216.93,216.93
b06112f703115e6d92f3baf4e2458a5a,1224a9f43655b57c469ab096e6ba5dc2,delivered,2018-03-07T12:08:37.0000000,2018-03-13T18:56:39.0000000,2018-03-21T00:00:00.0000000,0,219.80,21.94,241.74,241.74
45ac1d4b219993bf334080eac1585166,a7d1dc2de29fc011bf5f947f8a8636c7,delivered,2018-01-10T09:04:09.0000000,2018-01-17T15:44:12.0000000,2018-02-08T00:00:00.0000000,0,119.00,17.37,136.37,136.37
51fc12a7908ea200b269a6ecfb3e7740,abbfa19a38ba17ff02883ba523a9d42f,delivered,2017-02-08T18:00:36.0000000,2017-02-20T18:14:01.0000000,2017-03-17T00:00:00.0000000,0,20.00,10.96,30.96,30.96
c228d309379c3ae545cc6ca2d5aae1b2,eca5e1383292be5fc6c5b1aa3e1215b5,delivered,2018-06-30T21:57:55.0000000,2018-07-04T21:48:36.0000000,2018-07-24T00:00:00.0000000,0,35.00,13.83,48.83,48.83
f419e615bbdeb34741d4bdd661ff8599,271f76c70ce217ee656713b99097eaef,delivered,2018-08-08T10:49:59.0000000,2018-08-16T19:18:51.0000000,2018-08-17T00:00:00.0000000,0,56.90,18.20,75.10,75.10
c10ff28c81d0b9bd2a265bb0836c8b0c,05535d34af5324aaf6988e1d890a0d6e,delivered,2017-10-05T05:23:47.0000000,2017-10-09T18:32:38.0000000,2017-10-30T00:00:00.0000000,0,60.00,16.67,76.67,76.67
638f79643fd5681c6e6c6ef1f1ab700d,69d8d9775287ba592a957eba2211d351,delivered,2018-04-10T14:58:16.0000000,2018-04-27T23:17:26.0000000,2018-05-11T00:00:00.0000000,0,178.99,19.13,198.12,198.12
a094215e786240fcfefb83d18036a1cd,86acfb656743da0c113d176832c9d535,delivered,2018-02-08T18:56:45.0000000,2018-02-19T13:28:50.0000000,2018-02-22T00:00:00.0000000,0,122.99,9.06,132.05,132.05
86e574a0701d15590bf31783bc7de5dc,cacade100f1ef4bb325438538d726a76,delivered,2018-07-12T20:24:07.0000000,2018-07-23T18:09:27.0000000,2018-07-27T00:00:00.0000000,0,94.00,18.46,112.46,112.46
fb9b2930f4a30f96c7cc98eaaa85e5f0,02ed2cff54eb047cdbe79dd0535945d4,delivered,2017-11-24T14:15:53.0000000,2017-12-17T10:47:53.0000000,2017-12-14T00:00:00.0000000,1,70.91,13.52,84.43,84.43
8e24261a7e58791d10cb1bf9da94df5c,64a254d30eed42cd0e6c36dddb88adf0,unavailable,2017-11-16T15:09:28.0000000,,2017-12-05T00:00:00.0000000,0,,,84.00,
02aec12849744e266394182861265286,076dcea2eb6c8dbe9354f7c0d8670a00,delivered,2017-08-31T17:46:40.0000000,2017-09-12T20:59:50.0000000,2017-09-27T00:00:00.0000000,0,174.90,35.74,210.64,210.64
f11b36b3bc7bacf06deef862ed611f02,ae8db0691449a44352e7d535ddf78c5e,delivered,2018-05-15T09:10:20.0000000,2018-05-22T20:37:31.0000000,2018-05-30T00:00:00.0000000,0,109.90,14.86,124.76,124.76
2c3a5e5f5bc3ae78ed5748461e62d47d,5f2bc926ec92aa65c33b70ed59e74175,delivered,2018-01-22T19:22:26.0000000,2018-02-06T15:49:01.0000000,2018-02-06T00:00:00.0000000,1,59.99,9.74,69.73,69.73
4eeecb9e657525024b9b538730c5f974,b7a7e149c4a6120ec3938bd2752683c2,delivered,2018-06-16T00:01:56.0000000,2018-06-28T16:41:38.0000000,2018-07-13T00:00:00.0000000,0,12.99,18.23,31.22,31.22
6f954a919130aa1e8def4ed1b9fca432,d929280e89af72c9509d90a5912adaa4,delivered,2018-07-28T18:21:00.0000000,2018-08-01T23:57:28.0000000,2018-08-02T00:00:00.0000000,0,13.30,8.88,22.18,22.18
56bd45163229b35ca0ab490c1e3d3233,f8975f0842ae1e4670a410a02b1b5053,delivered,2017-11-28T21:07:26.0000000,2017-12-12T20:22:51.0000000,2017-12-18T00:00:00.0000000,0,64.90,11.95,76.85,76.85
6bb1e842418aac0c9c820afd3bb63a2d,032f25110f17bb0d65268257b10738bc,delivered,2018-02-11T14:13:54.0000000,2018-03-05T22:04:37.0000000,2018-03-23T00:00:00.0000000,0,15.90,16.79,32.69,32.69
28fa410eec232354726af94904c6fa9b,229755021cdd010bc07d4f5b35c78ef6,delivered,2018-03-17T15:21:11.0000000,2018-04-06T01:23:24.0000000,2018-04-16T00:00:00.0000000,0,79.97,20.60,100.57,100.57
f93af565de05d2427790ad8d0368a80e,abd4fba77f31f5efdc766a09851e4da3,delivered,2018-06-03T11:52:11.0000000,2018-06-05T18:19:32.0000000,2018-06-28T00:00:00.0000000,0,79.99,8.32,88.31,88.31
3f3913e8c7fd221ac82a34ffa20b93ee,a9c6cd6cf9583fa5820d55c21238f78e,delivered,2018-05-07T21:49:08.0000000,2018-05-17T16:56:33.0000000,2018-05-24T00:00:00.0000000,0,44.90,10.66,55.56,55.56
ed91235fc08276eed0470b26a6dbd4a3,977275bd3cd425aa9926a3388658f485,delivered,2018-03-09T14:58:05.0000000,2018-03-29T23:31:48.0000000,2018-04-05T00:00:00.0000000,0,325.00,38.96,363.96,363.96
7107c5823a581db0314f8f0fa95f61e7,2368e38c19fd581f0953057716cad811,delivered,2018-02-27T15:53:44.0000000,2018-03-22T22:12:59.0000000,2018-04-03T00:00:00.0000000,0,72.90,12.01,84.91,84.91
3a830ecb5338f0ff69822d388b64822e,f8c3d249c98f91b25409df45d4a095e3,delivered,2018-01-24T11:40:28.0000000,2018-02-15T15:08:38.0000000,2018-02-20T00:00:00.0000000,0,109.00,98.02,207.02,207.02
955ea2e3177592d909296220d7fcdebd,58ffe52cbd8077e75af00321bd152ce2,delivered,2018-06-09T11:02:51.0000000,2018-06-19T11:22:36.0000000,2018-07-04T00:00:00.0000000,0,394.65,24.47,419.12,419.12
6d231a099f98f5a590ad78db56ae82f1,6ee311afc0adb5663ad53868d46ba39d,delivered,2017-11-11T22:16:49.0000000,2017-11-16T21:48:37.0000000,2017-11-27T00:00:00.0000000,0,34.49,7.78,42.27,42.27
4bb6e6f5af26e1f5951d934386615406,f962bd6ee98fa707c3e2eb532bab37b0,delivered,2018-06-28T11:08:58.0000000,2018-07-09T16:02:28.0000000,2018-07-31T00:00:00.0000000,0,66.99,27.75,94.74,94.74
c4d2f075fc3bf3a06d1e68e113c35cbd,aa6edca5d83d4c8e9a2262b9847febd6,delivered,2018-08-01T14:58:41.0000000,2018-08-15T00:18:53.0000000,2018-08-27T00:00:00.0000000,0,54.90,24.73,79.63,79.63
52e5445828db681d83dccb33a15ecac4,d42ee2c04270ba237933c8bdd5e1c761,delivered,2017-11-24T17:37:41.0000000,2017-12-19T14:19:22.0000000,2017-12-27T00:00:00.0000000,0,170.00,24.06,194.06,194.06
879195f2460f97ab2f3bf119f2e8638b,09cdb569d94234872c468f2711ca0f91,delivered,2018-02-03T14:56:55.0000000,2018-02-23T22:59:22.0000000,2018-03-01T00:00:00.0000000,0,27.90,11.85,39.75,39.75
22ff7c206b68858435452298296c2fcb,5ad934ace4646e3dad70148a823eb138,delivered,2017-04-27T10:24:22.0000000,2017-05-11T17:22:55.0000000,2017-05-25T00:00:00.0000000,0,39.90,10.96,50.86,50.86
ebc8d4b1397747291b758772e9d87984,4d225460f83ea2b1ac705ad1d5eef02f,delivered,2018-04-10T16:22:27.0000000,2018-04-23T13:47:49.0000000,2018-05-04T00:00:00.0000000,0,89.99,18.21,108.20,108.20
9f882c1f904b7dd156572ada58d7a7ae,843ff05b30ce4f75b6170b39c78a8ee5,delivered,2017-11-13T10:07:36.0000000,2017-12-11T17:38:06.0000000,2017-12-22T00:00:00.0000000,0,84.90,17.84,102.74,102.74
5691d72069359cd293ac9a14f1bd5e9b,a8f76d9cb0f8db57cbbfe8d67b257893,delivered,2018-07-23T10:21:28.0000000,2018-08-02T00:42:53.0000000,2018-08-14T00:00:00.0000000,0,34.90,37.15,72.05,72.05
884cb4ce4a06390d35206de06f785d13,d19813c8754cc82d0add67df8bd8a38c,delivered,2018-04-03T20:44:15.0000000,2018-04-05T20:09:27.0000000,2018-04-13T00:00:00.0000000,0,16.99,7.39,24.38,24.38
8e9e2a5d159d5718b34b926a34a0498f,3e8da88b70b67f67a05f66a138bd7f14,delivered,2018-01-12T19:27:08.0000000,2018-01-17T22:08:50.0000000,2018-01-31T00:00:00.0000000,0,49.00,7.78,56.78,56.78
c0aa0e99afe6f6dac845326a854690fd,316540a76ab1fe860a9cddf7f2f6717a,delivered,2017-07-24T17:19:00.0000000,2017-08-08T15:07:39.0000000,2017-08-11T00:00:00.0000000,0,119.00,12.33,131.33,131.33
1d251ab94983c4adb11e4b168abb1439,230ab395e91b2421bd00ea45b60b23cb,delivered,2018-03-07T23:46:19.0000000,2018-03-16T13:58:58.0000000,2018-03-28T00:00:00.0000000,0,219.00,19.41,238.41,238.41
d9cfa4b0f995deb2fa9758d5534e1d13,24d47eeeee1e60eb5caf099281d0b3b8,delivered,2018-06-05T11:36:11.0000000,2018-06-11T21:38:34.0000000,2018-07-16T00:00:00.0000000,0,129.90,18.79,148.69,148.69
8a49984afb76dae66f3810e1b7093ec4,3cc640f13134a74f3bc34b9b0094d412,delivered,2018-02-15T23:27:21.0000000,2018-03-14T16:52:13.0000000,2018-03-20T00:00:00.0000000,0,89.18,27.16,116.34,116.34
c26b94aa87e95d1c1eb1b592f43eb223,7aed8da5ae4e0e34226c47f3bf041956,delivered,2017-06-29T00:10:49.0000000,2017-07-10T17:36:56.0000000,2017-07-19T00:00:00.0000000,0,179.80,24.26,204.06,204.06
06ae7271902bbb087fc093137fee6e81,1a1b5f9e903aa3c203caf5cb63fca2b1,delivered,2018-01-19T21:07:32.0000000,2018-02-20T19:27:20.0000000,2018-02-22T00:00:00.0000000,0,79.00,17.80,96.80,96.80
8373f5d7df6d9249999fd38f8513e6d7,690515766f9073c82cc07cfa11c4fc11,delivered,2018-03-29T12:00:11.0000000,2018-04-09T19:26:42.0000000,2018-04-17T00:00:00.0000000,0,115.00,15.69,130.69,130.69
3b4ad687e7e5190db827e1ae5a8989dd,1a87b8517b7d31373b50396eb15cb445,shipped,2018-06-28T12:52:15.0000000,,2018-08-03T00:00:00.0000000,0,844.00,21.01,865.01,865.01
4570fa83dbb31a563e06db0a554b951e,cdfe21141f5df77ba0fb20bef6621a9f,delivered,2018-03-15T20:23:45.0000000,2018-03-29T19:22:10.0000000,2018-04-06T00:00:00.0000000,0,299.00,23.17,322.17,322.17
04040ee654b248cdc512a68ecc83e4cc,53379b14e4048e025dc5a2185f461bb7,delivered,2018-03-27T22:14:59.0000000,2018-03-29T18:28:40.0000000,2018-04-09T00:00:00.0000000,0,259.90,15.29,275.19,275.19
0b584b729bdfec204ec2aa5d21d6ca56,da2fbad9b2235c67c9bc7c7a274ee389,delivered,2018-08-03T13:32:54.0000000,2018-08-14T00:28:41.0000000,2018-08-23T00:00:00.0000000,0,55.90,22.32,78.22,78.22
bd2623f3663c5daa3f89e6b527fd49da,b7b15ab12fa50616eee696a22f098e07,delivered,2017-01-21T17:08:01.0000000,2017-01-27T18:12:13.0000000,2017-03-02T00:00:00.0000000,0,29.90,10.96,40.86,40.86
343076b69aa1f03ee4beb49cf6baee58,a4156bb8aff5d6722dc68f605d8fa241,delivered,2017-09-26T11:08:38.0000000,2017-10-03T18:35:37.0000000,2017-10-23T00:00:00.0000000,0,174.90,31.97,206.87,206.87
b68d69564a79dea4776afa33d1d2fcab,de1e5517fb50896bbdcff5814fb31802,shipped,2018-02-28T08:57:03.0000000,,2018-03-23T00:00:00.0000000,0,245.90,16.47,262.37,262.37
f04bfdbef5359607d39e66fccc9cc0de,ddbd5d378c4a0981ba1ef29fb8e40b8f,delivered,2017-09-13T15:07:45.0000000,2017-09-22T16:48:51.0000000,2017-10-04T00:00:00.0000000,0,721.50,277.00,998.49,998.50
d74d2985a4c187334dc59722076a2e5f,5f49d01f1579c231565f6629a6cb3c0f,delivered,2018-08-09T20:36:13.0000000,2018-08-25T00:46:26.0000000,2018-09-05T00:00:00.0000000,0,191.80,65.62,257.42,257.42
bd3e89bd89fac4760b244047d795e2fe,046911a55a7bc12ca917758e9c4cb5ee,delivered,2017-12-07T09:40:04.0000000,2017-12-11T18:52:39.0000000,2018-01-02T00:00:00.0000000,0,49.90,11.85,61.75,61.75
fb6ba131bbeb30fd6db9c8900b5c5b92,af5b08db5f1a31a3b6856a8a6dc33167,delivered,2018-05-30T02:41:28.0000000,2018-06-22T22:41:09.0000000,2018-07-18T00:00:00.0000000,0,39.99,37.04,77.03,77.03
82daed31f80350ce51f518369a8d181c,d1240cdcdb9e6f08aa9a329bf1751c0e,delivered,2017-06-27T10:45:08.0000000,2017-06-29T16:45:36.0000000,2017-07-10T00:00:00.0000000,0,89.00,7.88,96.88,96.88
4906eeadde5f70b308c20c4a8f20be02,4e7656e34357b93f14b40c6400ca3f6e,delivered,2017-12-08T04:45:26.0000000,2018-01-09T18:04:58.0000000,2018-01-03T00:00:00.0000000,1,144.99,17.26,162.25,162.25
ae17bb94dfb3eaf396cd393eace1de80,9cd169cea5076bf383e40a261d7b7142,delivered,2018-03-09T15:09:28.0000000,2018-03-26T21:07:18.0000000,2018-04-03T00:00:00.0000000,0,43.99,13.47,57.46,57.46
6379750dac6a8a1e11378e34278ae8df,6729078b4efa4371e61e6ec7df327846,delivered,2017-09-11T11:50:32.0000000,2017-09-19T21:47:09.0000000,2017-10-04T00:00:00.0000000,0,59.90,13.44,73.34,73.34
7ac1f3de2cdc809de6aa1e6719451f53,13a4684a5a46fcbafb42d8e30af15219,delivered,2018-06-12T09:52:46.0000000,2018-06-19T17:57:35.0000000,2018-07-12T00:00:00.0000000,0,21.50,18.25,39.75,39.75
aa466a92af916f9f68e56fce7d3a21b1,2c5491a76ec0a56db58282ea7ae70617,delivered,2018-07-03T01:17:32.0000000,2018-07-11T22:52:20.0000000,2018-08-08T00:00:00.0000000,0,139.99,19.08,159.07,159.07
c619ac0f9cdcfcebdfb9490451166da4,e5f6020aa61432f0dcb0fcda1c5113d9,delivered,2017-05-23T15:28:58.0000000,2017-06-12T16:48:13.0000000,2017-06-23T00:00:00.0000000,0,99.90,59.14,159.04,159.04
31ef15cb5a3faa4df17e96b09cd8c1a1,19c6be9e0d7588d54ad848d44abeae95,delivered,2017-11-29T18:27:30.0000000,2017-12-11T21:44:51.0000000,2017-12-22T00:00:00.0000000,0,19.90,14.10,34.00,34.00
dc400373e624e9b0435847a79813c658,4a00f00d951c167739888a1f16c56e8e,delivered,2018-01-14T18:49:14.0000000,2018-01-20T14:28:43.0000000,2018-01-30T00:00:00.0000000,0,39.90,9.34,49.24,49.24
09d3f9f1be63c067456cc619076685a1,b6f05b99667a02c3722610a7bb6b4062,delivered,2017-08-23T15:40:22.0000000,2017-08-29T21:36:55.0000000,2017-09-13T00:00:00.0000000,0,52.00,11.86,63.86,63.86
e3a83a19707a6f27e4fde8d6b13d43f4,39f944145e00598d075faec0bb1f447a,delivered,2017-09-10T22:32:14.0000000,2017-09-18T18:48:54.0000000,2017-09-28T00:00:00.0000000,0,159.00,18.36,177.36,177.36
7d2286ec219f58023352077d938dee48,5d6e19aed6284c2fcb4b1a0eba6820de,delivered,2018-08-21T16:45:44.0000000,2018-08-23T21:03:46.0000000,2018-08-27T00:00:00.0000000,0,132.00,11.94,143.94,143.94
ec1fc57b72a7bbe5b32f9c606510db76,559f9d302aa523b2dd718e956f248db5,delivered,2018-05-27T17:59:00.0000000,2018-06-12T20:48:48.0000000,2018-07-03T00:00:00.0000000,0,139.90,34.52,174.42,174.42
16c24987724018f73b746aacfbb5f8e8,ffdc2af7160aed3bad21cbc8ec68c0c5,delivered,2017-05-20T02:48:00.0000000,2017-06-16T16:52:02.0000000,2017-06-09T00:00:00.0000000,1,135.00,45.45,180.45,180.45
d3c8851a6651eeff2f73b0e011ac45d0,957f8e082185574de25992dc659ebbc0,processing,2016-10-05T22:44:13.0000000,,2016-12-09T00:00:00.0000000,0,267.00,32.84,299.84,299.84
75f433fd5ff62807235cb08b520c3c49,c40c7807639289e3f1308ac6e5bc104f,delivered,2017-07-28T11:25:16.0000000,2017-08-07T20:41:57.0000000,2017-08-17T00:00:00.0000000,0,153.00,12.57,165.57,165.57
bca3dc20a3ec02261c5b17dc270e9e65,90065cd5c7c581bf099b1b9bd589a3fe,delivered,2017-12-05T10:34:52.0000000,2018-01-04T16:57:16.0000000,2018-01-05T00:00:00.0000000,0,84.99,16.35,101.34,101.34
bbd64b019b5ea3ed83a114cc665328ff,3e87356efef361b40b30fd699f9e5638,delivered,2018-03-07T15:37:22.0000000,2018-03-10T00:05:13.0000000,2018-03-20T00:00:00.0000000,0,59.90,9.42,69.32,69.32
74c951ce0835b2741d3014321ae9c480,e26eb46e8146dedecc6524e5d9771047,delivered,2018-08-20T17:38:55.0000000,2018-08-22T19:29:04.0000000,2018-08-24T00:00:00.0000000,0,129.90,9.66,139.56,139.56
4e2160ff7a61b2bf4fbd2e527ea924d3,ea36ec29b56eded534644f21b9561efc,delivered,2018-02-09T13:48:17.0000000,2018-02-22T17:14:00.0000000,2018-03-06T00:00:00.0000000,0,38.25,16.11,54.36,54.36
b75b4f6e7c5fe3fa05707992a88d9d38,83da8aec5d2e8b2847e6ca45bea5588f,delivered,2018-08-02T14:41:02.0000000,2018-08-10T22:12:19.0000000,2018-08-16T00:00:00.0000000,0,412.00,24.70,436.70,436.70
6f841dde94727854eaff3f66432c80ea,a9c9532060c9d245f06526c633d2dfba,delivered,2018-01-02T19:20:35.0000000,2018-01-27T14:27:59.0000000,2018-02-05T00:00:00.0000000,0,168.90,24.05,192.95,192.95
2b72a32a2c3e93fa260ca7655073886f,5265029daa29cc08d86b9f96cd99d03f,delivered,2018-04-18T15:40:36.0000000,2018-05-03T13:03:03.0000000,2018-05-18T00:00:00.0000000,0,1148.00,107.43,1255.43,1255.43
f373335aac9a659de916f7170b8bc07a,f06a94a401e52fb019c72f2e8bbf6a2f,shipped,2018-03-17T15:32:31.0000000,,2018-04-13T00:00:00.0000000,0,35.90,23.28,59.18,59.18
3d087f98b006ae162b5e3b56e7bfdb4a,993a76ab0714792eb45d4ebdd58e9a1c,delivered,2018-01-05T11:04:11.0000000,2018-01-23T17:41:57.0000000,2018-02-14T00:00:00.0000000,0,55.00,17.64,72.64,72.64
a7076e7aba13de8b66d95a55811290ed,1ae196062dab95e434e781a5319f0ab9,delivered,2018-05-14T11:04:55.0000000,2018-05-21T20:32:38.0000000,2018-06-04T00:00:00.0000000,0,39.00,12.79,51.79,51.79
d7f4e2f755cf2f40aa7c39804cfe01c4,18ad705482141f60ad05945506ef2b9e,delivered,2017-11-26T12:50:56.0000000,2017-12-08T17:02:43.0000000,2017-12-20T00:00:00.0000000,0,69.90,20.98,90.88,90.88
6f5a2dbe5ccce73a9d053a542baabd1c,4d6793a25de1f63ca63869c6cd4b7b1f,delivered,2018-06-26T10:58:48.0000000,2018-07-07T17:37:38.0000000,2018-07-26T00:00:00.0000000,0,279.00,28.64,307.64,307.64
66f6b3a33b0339acbf55dd71977c4293,282d52f23f7c0ece9340d411c4d2cdd9,delivered,2017-12-01T20:39:26.0000000,2017-12-18T22:29:05.0000000,2018-01-03T00:00:00.0000000,0,69.99,15.25,85.24,85.24
2f246ee329fce6932458bc7a10625d2a,45f9053fc8b24a6d5afa05b6d1b330ab,delivered,2017-05-26T18:35:51.0000000,2017-06-09T08:26:30.0000000,2017-06-28T00:00:00.0000000,0,24.90,16.79,41.69,41.69
d65c179a817be22977e263fbc1a4fef4,e20e5dab42cf2fc3a11d1c89e087122b,delivered,2017-08-09T21:43:53.0000000,2017-08-18T21:09:45.0000000,2017-09-04T00:00:00.0000000,0,75.00,21.02,96.02,96.02
2babe10ce6bcb68b1e3bd35e24424466,debcdbb31583da1dbb6560b95ee39b18,delivered,2018-08-09T22:52:27.0000000,2018-08-15T00:27:44.0000000,2018-08-20T00:00:00.0000000,0,18.90,7.39,26.29,26.29
ac64f79a33bfa575fc5a17e7926df3d5,51a8d592336a414fea21f12534b0f797,delivered,2018-04-01T18:27:01.0000000,2018-04-04T19:47:44.0000000,2018-04-12T00:00:00.0000000,0,1099.00,20.60,1119.60,1119.60
727412faf7aef5ef3c7e0f03350d80c7,df01594ad086f53bdbbf927198981446,delivered,2017-04-19T13:45:55.0000000,2017-05-09T09:03:57.0000000,2017-05-25T00:00:00.0000000,0,65.90,17.20,83.10,83.10
cedd898e1a953e9a8f3d763a364f6717,d44c356f894fa28cffe33c455abb72ba,delivered,2017-08-17T17:03:31.0000000,2017-08-25T17:45:17.0000000,2017-09-13T00:00:00.0000000,0,28.90,15.10,44.00,44.00
858505c5992f35429d07aae37bad60a8,0fa5382628eea6bbb19fde8b076dfdfb,delivered,2018-08-16T10:39:48.0000000,2018-08-27T22:53:39.0000000,2018-09-21T00:00:00.0000000,0,22.32,22.09,44.41,44.41
6cb134bb285a64b0425d1fdaa00d4214,d854800a320bbb07b484f76894e4638f,delivered,2018-07-01T20:54:21.0000000,2018-07-10T22:12:13.0000000,2018-07-26T00:00:00.0000000,0,1999.00,32.09,2031.09,2031.09
f11e9516ca2b6091b64f2e2ea0ebebb3,7d527c98f408420a9d5c953e5b89215e,delivered,2018-02-22T20:53:14.0000000,2018-03-28T22:04:44.0000000,2018-03-19T00:00:00.0000000,1,204.00,18.68,222.68,222.68
4d4ef6cd8147028ffd8c18dc0f6e3050,9afa8a81202f94d96ffed6977f09ea63,delivered,2018-08-24T19:01:02.0000000,2018-08-31T01:13:33.0000000,2018-09-12T00:00:00.0000000,0,69.00,18.58,87.58,87.58
0438fc3e115633e11a93c878a1591016,369ec69ef76c47e51980b88a5740dc1b,delivered,2018-08-11T20:58:44.0000000,2018-08-20T22:57:43.0000000,2018-08-28T00:00:00.0000000,0,249.00,15.22,264.22,264.22
3faf126d8a3b0684272791cd3c6cf3fe,824841f5112b77c04e832f5a46c2d733,delivered,2018-02-25T14:13:44.0000000,2018-03-07T18:31:53.0000000,2018-03-28T00:00:00.0000000,0,349.90,18.21,368.11,368.11
0b0f3c7a9bcb6ad1fccab28f9240da6f,7bb3b0d45b4e1a13cd914e4a135e6bd9,delivered,2018-07-11T17:22:56.0000000,2018-07-13T20:56:37.0000000,2018-07-23T00:00:00.0000000,0,64.99,31.48,96.47,96.47
65f78a0e1f8b80c4f6d8d5c6073b8601,1910935b7377a45bca463c844d7a071e,delivered,2018-07-31T16:16:19.0000000,2018-08-06T17:36:34.0000000,2018-08-14T00:00:00.0000000,0,185.90,35.38,221.28,221.28
b7e4aca3e798d20643faacb681272a9c,be64f74b2773efd8d765f8417b65d276,delivered,2017-10-11T17:31:49.0000000,2017-10-25T20:21:43.0000000,2017-11-08T00:00:00.0000000,0,154.90,17.52,172.42,172.42
b52d29abb97a3978df1d8922bfe36fbe,ed034127e0801850ca9162dd9de7a106,delivered,2018-05-09T17:11:41.0000000,2018-05-21T15:38:36.0000000,2018-05-29T00:00:00.0000000,0,249.22,34.32,283.54,283.54
3f596c69e8e78788530d898331118c7c,6230e4c4b38009c58b83aa90c2603ed9,delivered,2017-11-25T16:23:49.0000000,2017-12-12T00:35:02.0000000,2017-12-21T00:00:00.0000000,0,21.15,23.22,44.37,44.37
0c228d925a49aa5e3b35febb948f4f72,ee4a4b5842e03fbaff366b9459e08b95,delivered,2018-07-24T12:45:26.0000000,2018-07-30T16:56:35.0000000,2018-08-08T00:00:00.0000000,0,144.90,16.11,161.01,161.01
6cc4eb51469dec50a6130fe1cd07b7f9,a207382f0f563c1f430ef732ade9d9ff,delivered,2017-05-08T12:22:44.0000000,2017-05-19T15:55:47.0000000,2017-05-19T00:00:00.0000000,1,131.00,8.17,139.17,139.17
4709741e829775567b92abc42437b461,bd13582471af02ce718568d9cf8bbd93,delivered,2018-03-29T22:46:19.0000000,2018-04-09T23:52:06.0000000,2018-04-25T00:00:00.0000000,0,94.50,23.24,117.74,117.74
0341b60065c49221a27293793f11b117,cf4604a56d4e374de013f1ec35280d00,delivered,2018-04-22T14:26:17.0000000,2018-05-20T18:19:35.0000000,2018-05-24T00:00:00.0000000,0,102.90,22.43,125.33,125.33
25ebb07a1069a75d3cb9baf0a94f22d0,d76dc2ed3d9f58905f39deea067fd40f,delivered,2018-07-22T06:24:50.0000000,2018-07-30T18:05:46.0000000,2018-08-14T00:00:00.0000000,0,182.00,19.42,201.42,201.42
c2d07d9078b700b9198a126183867c16,20c5718e5f50e1e3800046039376e216,delivered,2018-08-14T17:48:09.0000000,2018-08-21T14:06:44.0000000,2018-08-30T00:00:00.0000000,0,18.00,12.79,30.79,30.79
25d47ee9a060a0359e8a10a858fc39a1,3271f9dc34c1d718be03cff03dec7acd,delivered,2017-12-19T13:02:13.0000000,2018-01-12T10:46:56.0000000,2018-01-17T00:00:00.0000000,0,166.99,23.49,190.48,190.48
cf0ac4e12ad66c28302fc103670222fa,70ab5e994ea383619a19687837eedbbc,delivered,2017-10-25T13:32:46.0000000,2017-10-28T13:03:21.0000000,2017-11-07T00:00:00.0000000,0,25.99,7.78,33.77,33.77
43488f856ed3fa3e7d3f8228755d383b,5a58afc695ee03b9baca01d4afa52cec,delivered,2017-07-31T19:05:32.0000000,2017-08-14T15:07:37.0000000,2017-09-01T00:00:00.0000000,0,29.99,25.63,55.62,55.62
32bda40452bf0485c310bca24eb53886,ebfb3f2e532c37d5a959ded000c9f603,delivered,2018-07-06T18:16:06.0000000,2018-07-16T13:11:06.0000000,2018-07-27T00:00:00.0000000,0,31.99,12.88,44.87,44.87
2728209b1b0553533bce4afc52716b60,8e2e23cac1496c337274b16fb7d57886,delivered,2017-10-24T14:23:58.0000000,2017-11-01T19:18:41.0000000,2017-11-14T00:00:00.0000000,0,350.00,33.98,383.98,383.98
b335cf4d393acc627b82e83b3b3711fe,47c42b50ab59928b531c450e672ce223,delivered,2018-06-12T20:54:25.0000000,2018-06-22T15:48:47.0000000,2018-07-05T00:00:00.0000000,0,60.00,23.22,83.22,83.22
59d34e1064930d037d30041b73683aa7,8397274a8680c08c3208912c33d63809,delivered,2017-11-09T21:08:01.0000000,2017-11-16T16:52:00.0000000,2017-11-29T00:00:00.0000000,0,84.94,12.93,97.87,97.87
6f6665c1d76e55561978ccb45bdcafc6,12ae89712aa5a178c22147486d3cd310,delivered,2017-02-23T08:03:00.0000000,2017-03-02T09:23:07.0000000,2017-04-03T00:00:00.0000000,0,65.70,43.56,109.26,109.26
db5fdbee9ab29d55f24c329246e6fe51,3487bedbddf4797d7308d0aa43dcf30b,delivered,2017-06-17T13:16:44.0000000,2017-06-26T15:58:13.0000000,2017-07-11T00:00:00.0000000,0,89.00,15.37,104.37,104.37
9cf566da5a3277749dbd61fa060e8110,a4c79e8a9d9fcb82de5dddf33918fb47,delivered,2017-05-29T12:35:44.0000000,2017-06-12T13:28:32.0000000,2017-06-29T00:00:00.0000000,0,159.99,45.58,205.57,205.57
15fb9c745e91eff5482a9af2a5fad0e6,3c14bd3e2287a1b895bc9af622d3f79a,delivered,2018-05-24T12:16:48.0000000,2018-06-04T17:16:36.0000000,2018-07-05T00:00:00.0000000,0,99.99,37.39,137.38,137.38
141ad0192cfa16174e4fd0a1a7e7ba4a,00eb2bf26ade27447b6532561c6a402d,delivered,2018-06-03T21:08:31.0000000,2018-06-05T20:32:10.0000000,2018-06-28T00:00:00.0000000,0,94.50,9.58,104.08,104.08
5869074071e0f56e9085dc3742c97b2a,7203eb38fea2b4a15dd6c39575314aa4,shipped,2018-06-08T20:06:48.0000000,,2018-06-28T00:00:00.0000000,0,300.00,20.18,320.18,320.18
e5d931ebd7214cd492fff71fb6a2aeff,f19622365d4c40c686c8ca3bec559e48,delivered,2018-05-14T17:56:57.0000000,2018-05-23T20:31:55.0000000,2018-06-14T00:00:00.0000000,0,189.90,32.80,222.70,222.70
7842147864c0425541edd55923f3c0f1,218874412ede29f4f2cf826409ad90aa,delivered,2018-01-29T13:38:02.0000000,2018-02-17T09:32:39.0000000,2018-02-22T00:00:00.0000000,0,79.99,14.31,94.30,94.30
6b7c5703bdc03335b37020877a06625e,9ce1401cf82bd5420fe255e02d6292ba,delivered,2017-11-24T01:34:00.0000000,2017-12-03T15:36:44.0000000,2017-12-15T00:00:00.0000000,0,65.00,14.20,79.20,79.20
cbbb524a0e1646aa6cf7a3c0bbe517ad,dacb079d55ffb1d3955c5d923df3ebb7,delivered,2016-10-05T07:31:49.0000000,2016-10-16T14:36:00.0000000,2016-12-07T00:00:00.0000000,0,75.00,20.58,95.58,95.58
77af7c6e42549e58f42977d5be538d0d,fbf8e675c5adcf8c482b04c517814924,delivered,2018-03-07T16:27:30.0000000,2018-03-18T16:21:49.0000000,2018-03-28T00:00:00.0000000,0,109.90,18.65,128.55,128.55
7e05645577366863a93350aac5cc7de5,21809d6b8acb4ca628358610aea9435c,delivered,2017-03-22T17:25:28.0000000,2017-04-06T10:35:15.0000000,2017-04-25T00:00:00.0000000,0,68.90,79.86,148.76,148.76
ed01ce003df13cab401ba2ff57ea2542,fd24f53c8ce3ad467b44627306e0db30,delivered,2017-11-06T18:20:00.0000000,2017-11-14T18:05:15.0000000,2017-11-17T00:00:00.0000000,0,119.80,18.68,138.48,138.48
b7a4a9ecb1cd3ef6a3e36a48e200e3be,c3d8fc500d86b1c961ee144395c13a57,delivered,2017-05-19T18:13:54.0000000,2017-06-08T07:53:42.0000000,2017-06-16T00:00:00.0000000,0,26.00,15.10,41.10,41.10
f09942b1e1419e69f7509158f2a9c1d6,b40a130a36dc28cdbdabe856f1eee283,delivered,2017-12-16T13:51:18.0000000,2017-12-23T16:21:44.0000000,2018-01-05T00:00:00.0000000,0,64.90,7.78,72.68,72.68
d10090be5f75fb89b6817469f0ce1a30,321d2bc7c3bcd8475d52d2cf4a179c37,delivered,2018-04-18T13:13:47.0000000,2018-04-23T14:44:35.0000000,2018-06-04T00:00:00.0000000,0,16.90,15.23,32.13,32.13
5342acb7b183acec77f59e4d78f7c804,4d493a5e3a53373d3bc26a01575a71dc,delivered,2018-03-29T20:53:48.0000000,2018-04-24T16:10:44.0000000,2018-04-24T00:00:00.0000000,1,112.00,38.21,150.21,150.21
72ee4a26e767e55282ac10e63c7b1227,ab4e4f11610404b4184fb812e47bb0ed,delivered,2018-06-23T19:24:21.0000000,2018-07-09T18:21:32.0000000,2018-07-24T00:00:00.0000000,0,60.00,52.77,112.77,112.77
6cd474b81add3c3d62536cab3e34aa23,796e0c6b3690401bd5592b7ce89be9f2,delivered,2018-08-06T09:12:33.0000000,2018-08-14T18:11:36.0000000,2018-08-22T00:00:00.0000000,0,170.00,10.32,180.32,180.32
4f7e398a1ddb1c349465b42b6865c60b,364fbe9334877bc7ca3da92913b2cdbf,delivered,2017-06-02T14:00:19.0000000,2017-06-12T17:38:13.0000000,2017-07-05T00:00:00.0000000,0,149.99,21.85,171.84,171.84
05387d537bd2e5027aadbfb6a5123e4b,1fc77bb785f297743a18fac02b30de62,delivered,2017-11-06T16:24:03.0000000,2017-11-20T18:36:52.0000000,2017-11-29T00:00:00.0000000,0,27.99,15.79,43.78,43.78
59b32faedc12322c672e95ec3716d614,5baa82a2c45fa3220cb57d9881db3211,delivered,2018-06-27T11:10:11.0000000,2018-07-06T16:37:36.0000000,2018-07-26T00:00:00.0000000,0,69.00,18.58,87.58,87.58
c158e9806f85a33877bdfd4f607b72e7,25456ee3b0cf84658015e46686025224,delivered,2017-04-14T22:06:32.0000000,2017-05-08T11:10:26.0000000,2017-05-18T00:00:00.0000000,0,79.90,21.01,100.91,100.91
19721d59a9764437477eff0730b48665,b1757da2a461d581e1a3b280ca181b7c,delivered,2018-03-26T11:02:31.0000000,2018-04-09T21:53:23.0000000,2018-04-27T00:00:00.0000000,0,185.00,20.26,205.26,205.26
08652363092b158440e2422e7c3ccaf4,03b3813a78be4cf5205e70977ad78d29,delivered,2017-12-04T18:26:12.0000000,2017-12-19T01:15:07.0000000,2018-01-04T00:00:00.0000000,0,64.89,17.70,82.59,82.59
e92f3505810692cd4a0350b19e2d9045,24c63a7108d652ad0ed85589c4575297,delivered,2018-06-13T22:54:20.0000000,2018-06-22T17:46:42.0000000,2018-07-11T00:00:00.0000000,0,29.99,22.93,52.92,52.92
38c1e3d4ed6a13cd0cf612d4c09766e9,18c934f4cdc994cd04eb13bce3f47a18,delivered,2018-02-02T15:26:38.0000000,2018-02-03T15:05:56.0000000,2018-02-20T00:00:00.0000000,0,179.49,9.45,188.94,188.94
5a63a60ea2852393994270157cd61e0a,e615ca09613c8f72bf3a0bd5e2d349fb,delivered,2017-08-10T19:47:29.0000000,2017-08-21T21:00:03.0000000,2017-09-01T00:00:00.0000000,0,59.99,17.67,77.66,77.66
1b9ecfe83cdc259250e1a8aca174f0ad,6d6b50b66d79f80827b6d96751528d30,canceled,2018-08-04T14:29:27.0000000,,2018-08-14T00:00:00.0000000,0,25.00,8.34,33.34,33.34
409e4a6eadbdc33f16ccf0bda01eec1f,0e8ada3654b94e0d569b44233db3c9dc,delivered,2017-09-05T18:24:22.0000000,2017-09-17T15:31:51.0000000,2017-09-25T00:00:00.0000000,0,179.90,16.02,195.92,195.92
4fc42727f0b542099a7568206da01fa6,fc6788a31c7a99fec01c62063032bc12,delivered,2017-12-07T20:38:37.0000000,2017-12-14T19:42:26.0000000,2018-01-05T00:00:00.0000000,0,84.99,15.35,100.34,100.34
b0ff8ff92f8d916fa2e8005cd8e1a135,610a4163b8ab832daf93b4fbb48e9119,delivered,2017-11-19T16:12:34.0000000,2017-11-24T20:32:37.0000000,2017-12-07T00:00:00.0000000,0,59.90,13.44,73.34,73.34
bb27f9e70d5cdc66d0c616aee3dbb387,225743267e630cdf226d130d80c4aa5e,delivered,2017-12-08T23:41:49.0000000,2017-12-26T23:15:01.0000000,2018-01-12T00:00:00.0000000,0,471.84,27.56,499.40,499.40
b60b53ad0bb7dacacf2989fe27ad567a,2f9902d85fcd930227f711cf47012bdf,delivered,2017-05-10T14:03:27.0000000,2017-05-23T13:12:27.0000000,2017-05-18T00:00:00.0000000,1,292.00,9.30,301.30,301.30
db0d194c127a36909de3bda3edad30bc,33bfc91146c9eea42397a0430585ee59,delivered,2017-11-30T13:34:43.0000000,2017-12-10T17:53:31.0000000,2017-12-22T00:00:00.0000000,0,119.98,25.52,145.50,145.50
884b1394fc8888e6a877df86eb19e74c,7ee968b8ed74301e0cbd3e44416cad9d,delivered,2018-03-19T21:50:14.0000000,2018-03-29T17:32:05.0000000,2018-03-29T00:00:00.0000000,1,47.65,7.39,55.04,55.04
ac7a92560a9e99f0a0ab4988102f491b,6abf781c5304890987047e9aa239caa8,delivered,2018-03-04T15:58:09.0000000,2018-03-22T23:44:33.0000000,2018-03-23T00:00:00.0000000,0,89.99,17.88,107.87,107.87
197edbaa61a8a349f382553fd2180ee1,42bb82a17b70bebcc6090d38d894ea3f,delivered,2018-07-02T13:58:59.0000000,2018-07-11T14:18:51.0000000,2018-07-23T00:00:00.0000000,0,296.50,9.66,306.16,306.16
da8be3bb62e9bf01e2e1a3bfd74ebd1a,3f083b9f62e687be8d84684c7d54c8db,delivered,2017-04-06T13:44:08.0000000,2017-05-08T10:52:06.0000000,2017-05-04T00:00:00.0000000,1,2690.00,61.24,2751.24,2751.24
dcbd516c0f39081a5e542ef76bbc3fe4,75932cfd72b87bd6079cf17786726807,delivered,2018-08-12T12:04:03.0000000,2018-08-22T17:09:01.0000000,2018-08-30T00:00:00.0000000,0,49.90,41.33,91.23,91.23
c2215076050fa358934105b15c34cf3b,19e7a88b34ef70d108e660c6eb33e82a,delivered,2017-07-16T10:04:36.0000000,2017-07-26T20:32:17.0000000,2017-08-04T00:00:00.0000000,0,89.90,12.13,102.03,102.03
8bbbef97d763f4dcf2e12cc5b5e0cee6,61ce7eba15a872699599957e5d18f0e8,delivered,2018-07-28T20:07:49.0000000,2018-08-07T14:17:49.0000000,2018-08-16T00:00:00.0000000,0,106.90,47.80,154.70,154.70
6de3383be650cfe96aed26171ad65c47,cae5d18352d2eb7396bd594c706f3624,delivered,2017-10-18T16:44:45.0000000,2017-10-27T20:48:58.0000000,2017-11-06T00:00:00.0000000,0,324.00,31.77,355.77,355.77
b8c38cf37cd17fd645f2e84101c8a679,940526d0df4938d234d0a900268106c4,delivered,2017-08-28T22:47:13.0000000,2017-09-06T20:56:55.0000000,2017-09-18T00:00:00.0000000,0,89.70,48.33,138.03,138.03
21f4a37ec131158f1615d0f186f190af,84b100e334843870e95ff29421ab66bd,delivered,2017-12-21T20:11:07.0000000,2018-01-10T14:26:57.0000000,2018-01-17T00:00:00.0000000,0,199.98,12.90,212.88,212.88
c186ebe3937470a2f562a2dc0bc74dd7,20b5aae6a3e31111009f9a7ecc31a232,delivered,2017-11-27T13:33:35.0000000,2017-12-04T20:33:19.0000000,2017-12-14T00:00:00.0000000,0,56.99,8.72,65.71,65.71
56a4ac10a4a8f2ba7693523bb439eede,78438ba6ace7d2cb023dbbc81b083562,delivered,2018-07-22T13:04:47.0000000,2018-07-28T00:05:39.0000000,2018-08-06T00:00:00.0000000,0,19.90,12.80,32.70,32.70
d62387acb3914789e712406e9882e549,ad4da04c9e20699c6ad1843af39846d2,delivered,2018-05-08T19:48:01.0000000,2018-05-14T19:05:08.0000000,2018-06-12T00:00:00.0000000,0,99.90,0.00,99.90,99.90
e659b8223be6f632acb24fb80cf50ca9,9ac71dee8847ffe35fb2c087da733cc4,delivered,2017-11-18T11:30:58.0000000,2017-12-08T17:29:17.0000000,2017-12-18T00:00:00.0000000,0,61.50,25.71,87.21,87.21
b693d6c35867fa1937455e04f2547df2,eec909ab0da04f0d3e92f898c6994d37,delivered,2017-05-11T09:13:17.0000000,2017-05-16T09:42:08.0000000,2017-05-31T00:00:00.0000000,0,94.90,14.41,109.31,109.31
0f9dc92df0635605588c51ec2e4c58a0,4f31c34bf33334525417bab91b4794da,delivered,2017-12-27T19:19:44.0000000,2018-01-10T18:10:04.0000000,2018-01-26T00:00:00.0000000,0,99.00,34.35,133.35,133.35
8efc076145638bcd5298053ddde6ff0c,faa299ecd22a2998858efc7cb87011bc,delivered,2018-01-09T11:19:49.0000000,2018-01-11T13:51:51.0000000,2018-01-23T00:00:00.0000000,0,41.30,8.11,49.41,49.41
35b7d83c8629ba8d0f718d9d293cf436,61544bf6d5b15f5dcec75603b22fcda8,delivered,2018-06-23T18:07:30.0000000,2018-06-28T18:22:32.0000000,2018-07-25T00:00:00.0000000,0,160.00,19.22,179.22,179.22
418764469a9e73f76f56783c1863bd05,b3c3c1b58dad3d55671825fe3715321c,delivered,2018-07-03T19:34:23.0000000,2018-07-11T15:08:35.0000000,2018-07-30T00:00:00.0000000,0,124.17,17.80,141.97,141.97
45ed6e85398a87c253db47c2d9f48216,8eab8f9b3c744b76b65f7a2c0c8f2d6c,delivered,2017-06-08T21:18:45.0000000,2017-06-22T17:44:53.0000000,2017-07-10T00:00:00.0000000,0,56.99,14.15,71.14,71.14
0bc4a984d79279c843421830f595273c,e93fa47188d998ecd355fdb87a5e62e3,delivered,2017-10-17T18:22:05.0000000,2017-10-25T17:07:07.0000000,2017-11-03T00:00:00.0000000,0,72.00,13.52,85.52,85.52
bb3b61a129aba9eeb10bb81a4770f3b1,e986427e3d822269e0b7e998d86cf267,delivered,2017-09-08T13:37:07.0000000,2017-09-15T22:36:27.0000000,2017-10-02T00:00:00.0000000,0,229.00,43.80,272.80,272.80
7876404b81dcee26d47be1c7131b16ec,e20b5cad78dd8fc3006244b5397d5a0f,delivered,2017-07-17T09:29:02.0000000,2017-07-21T17:15:29.0000000,2017-08-14T00:00:00.0000000,0,50.00,17.60,67.60,67.60
0ac645ddb846d1373321decb39c9956f,46d8521966b3f64cce626dfc6b655d1a,delivered,2018-05-07T20:57:42.0000000,2018-05-11T22:08:57.0000000,2018-05-29T00:00:00.0000000,0,98.20,36.46,134.66,134.66
711f6009f8bf028b3fa426696b581432,5613454932b2c4229250680708f8c0b8,delivered,2018-08-01T16:54:38.0000000,2018-08-10T16:57:43.0000000,2018-08-23T00:00:00.0000000,0,40.00,23.08,63.08,63.08
cf18c0b77059499a99818871229ab994,d21eee9c29efbbd504b464caab82b5f1,delivered,2018-08-21T10:19:27.0000000,2018-08-28T15:58:50.0000000,2018-09-18T00:00:00.0000000,0,132.00,17.85,149.85,149.85
6147a4d49752afd35a119d794e481588,938698ae953596e231326da5ff220f68,shipped,2017-04-25T13:35:09.0000000,,2017-05-29T00:00:00.0000000,0,29.90,17.78,47.68,47.68
d977821da81b766c90bcd3351f0dbf19,5295c0f1f2053aa636bc034c2a85ab44,delivered,2018-05-04T21:40:39.0000000,2018-05-16T19:08:52.0000000,2018-05-24T00:00:00.0000000,0,27.90,18.23,46.13,46.13
5c1f2bd7eff419c165428371164d750c,ac4e328e156057d602bb4d7b146d5468,delivered,2018-03-08T15:59:11.0000000,2018-03-18T18:26:36.0000000,2018-03-20T00:00:00.0000000,0,309.99,16.37,326.36,326.36
5a00ef28abf9645038a7d37c1639d2c2,60134a69479bd4d54c03fd5076bbe984,delivered,2018-06-11T13:00:02.0000000,2018-06-25T15:26:32.0000000,2018-07-13T00:00:00.0000000,0,180.00,20.23,200.23,200.23
5a0e5ad33542c79b10be87a344ee0086,917149651e472bef5b609eb58e742eb4,delivered,2017-06-13T11:13:38.0000000,2017-06-19T18:06:01.0000000,2017-07-04T00:00:00.0000000,0,73.90,12.77,86.67,86.67
0d25f1b15acb59ceff22667265743132,52dee0d644b6d10016569eae238ebc67,delivered,2017-08-04T21:44:43.0000000,2017-08-17T18:23:07.0000000,2017-09-01T00:00:00.0000000,0,355.90,18.25,374.15,374.15
f0a82a328fd64b2796242bbfddb7e1d4,500f22fc596ab5a23d2e5ce64ee64859,delivered,2017-10-06T18:22:19.0000000,2017-10-30T20:54:05.0000000,2017-11-06T00:00:00.0000000,0,359.00,19.83,378.83,378.83
bba5aa837be7e597e91c6ddedf604cd8,94e56a6d6f8b3e26ad64c605e67b48d2,delivered,2018-05-19T12:14:08.0000000,2018-06-01T19:41:03.0000000,2018-06-12T00:00:00.0000000,0,119.00,15.71,134.71,134.71
72144791fc7fd8048eafc90d7f82ba54,229c98245e2b6995b67be1e1921e62d1,delivered,2017-08-05T19:30:41.0000000,2017-08-16T17:04:55.0000000,2017-08-29T00:00:00.0000000,0,12.88,15.10,27.98,27.98
664c5e57eb8479a79caeb79fc79699ca,d1460df3c5915f60fcc35d265ac392ea,delivered,2017-10-31T09:59:07.0000000,2017-11-13T17:38:40.0000000,2017-11-14T00:00:00.0000000,0,49.90,14.08,63.98,63.98
f97a6e53615dfc1488e4bcf3dfe1cb2f,f3223fd3b2517fa73ebb06dd5f1b0e99,delivered,2017-09-11T09:40:11.0000000,2017-09-19T19:54:09.0000000,2017-10-09T00:00:00.0000000,0,29.00,15.10,44.10,44.10
faa911f9ff46e53aedc9408c5d6a24ad,77dccd21b005b20fc1f1418c979ca354,delivered,2018-03-07T16:42:57.0000000,2018-03-18T17:17:03.0000000,2018-04-04T00:00:00.0000000,0,74.78,38.08,112.86,112.86
72344ea1113e3227494c465a64ae58aa,99907dc980230daa7bc0c7e6fb0b08fc,delivered,2018-01-13T15:43:58.0000000,2018-01-23T16:32:29.0000000,2018-02-08T00:00:00.0000000,0,49.00,15.79,64.79,64.79
b3fb87dd5ffb58351fd40c4f9fe03cdf,156a795ddee88514dace920fe888c46e,delivered,2018-06-19T00:26:23.0000000,2018-06-24T17:41:36.0000000,2018-07-11T00:00:00.0000000,0,108.90,11.78,120.68,120.68
95e42e6aaf6264cd3e77c06b32dc3003,29ef1f160ce630146dafa02052e2c5bf,shipped,2017-11-24T09:23:33.0000000,,2017-12-08T00:00:00.0000000,0,85.00,7.85,92.85,92.85
690199d6a2c51ff57c6b392d7680cbfd,19bacb562bd43bd4eaf05b6c0a59dad0,delivered,2018-03-16T11:31:18.0000000,2018-05-14T12:28:56.0000000,2018-04-11T00:00:00.0000000,1,54.99,18.26,73.25,73.25
56ecd129e9283080044e40f77065b350,a57a381a12573edc7711887551fc961c,delivered,2017-10-12T23:11:44.0000000,2017-10-26T19:09:48.0000000,2017-11-01T00:00:00.0000000,0,72.00,14.25,86.25,86.25
3b881091c6fc2687191b01c705287c13,f31eb05ebdef1ede72cebeba759e7c92,delivered,2018-08-06T22:25:10.0000000,2018-08-15T20:38:36.0000000,2018-08-27T00:00:00.0000000,0,170.00,19.34,189.34,189.34
86f408a9212aebbcddb41c1e8c65ebe0,a81e8424b6bfd433cfef8d7bcb36b26d,delivered,2018-06-16T18:31:23.0000000,2018-06-21T17:48:49.0000000,2018-06-29T00:00:00.0000000,0,27.99,7.46,35.45,35.45
1cb6cfd9e6306cfe607017391834999a,05aa1cdcd7c5f9e297b3b5d89ae5e1df,delivered,2017-04-29T20:09:24.0000000,2017-05-24T12:59:33.0000000,2017-06-27T00:00:00.0000000,0,149.80,58.90,208.70,208.70
6c2953724cd30669e1b904e179a2346f,f5b92e56a780e1573737b5ad7d15ab19,delivered,2018-02-17T10:33:27.0000000,2018-03-12T12:53:26.0000000,2018-03-22T00:00:00.0000000,0,49.99,16.79,66.78,66.78
567653c46861b54519b6f4cdee500f0a,5471b1f70a167766bc7eb4ed0f4d1b8d,delivered,2018-08-01T17:57:54.0000000,2018-08-10T20:34:56.0000000,2018-08-24T00:00:00.0000000,0,42.99,27.07,70.06,70.06
7b58fca3faf09217a36d5febee5739a5,0966fbba1c0e8c5e26e31166c2fd3ce8,delivered,2018-03-04T22:59:50.0000000,2018-04-12T21:04:01.0000000,2018-03-28T00:00:00.0000000,1,59.90,16.86,76.76,76.76
f30607daae66843552e00843c6de88ef,8e1769459d9b9a9989799f6c79a4a663,delivered,2018-02-21T13:18:37.0000000,2018-04-12T11:36:51.0000000,2018-03-27T00:00:00.0000000,1,550.00,145.99,695.99,695.99
4207ad8e0e4e4070f271c930d25f72d7,2d2b1b42705b2f080c47fb2c46db46f6,delivered,2017-10-09T19:42:43.0000000,2017-10-23T19:23:48.0000000,2017-10-31T00:00:00.0000000,0,119.80,35.34,155.14,155.14
38b7efdf33dd5561f4f5d4f6e07b0414,021e84751ba0ead75b6d314a6ead88d9,invoiced,2017-08-01T18:17:41.0000000,,2017-08-28T00:00:00.0000000,0,29.99,14.10,44.09,44.09
4f7ce3efe568a5e57290a9fa3e45b1f5,2569d6c5ed547bf0feaf37e32677fdaa,delivered,2018-01-26T13:32:22.0000000,2018-03-08T11:15:57.0000000,2018-02-21T00:00:00.0000000,1,1695.00,32.67,1727.67,1727.67
3440f090efa1949bc4e9ebd0b89b2b6c,2acac3dfe4fa0e75b07461873a67e7e6,delivered,2017-01-27T00:34:10.0000000,2017-02-10T18:43:38.0000000,2017-03-09T00:00:00.0000000,0,39.90,29.55,69.45,69.45
b34523b3a1e3a1ad856985080738c879,62d788fe5abe032aad2a3e5ce86b37c6,delivered,2017-09-18T01:02:11.0000000,2017-10-03T18:24:04.0000000,2017-10-04T00:00:00.0000000,0,279.90,19.85,299.75,299.75
550a019d25590b5b3b6d31c0fd3edbbb,1f7945736d0f303827055ca99168ad20,delivered,2017-04-03T23:09:50.0000000,2017-04-11T16:18:08.0000000,2017-05-05T00:00:00.0000000,0,30.90,10.96,41.86,41.86
0d09617395364c88c4ad7c457b439314,016c5c3fb572754f302fdac24aa9cfa4,delivered,2018-06-04T08:33:09.0000000,2018-06-20T18:52:50.0000000,2018-07-11T00:00:00.0000000,0,122.99,20.91,143.90,143.90
e5a7c745f93cb381d78042cdef65b05b,9438adb7579bb0133f0173f39f85ae01,delivered,2017-09-14T18:32:52.0000000,2017-09-19T14:42:16.0000000,2017-10-02T00:00:00.0000000,0,19.90,11.85,31.75,31.75
f112b9fc8967a675670bedf5a2bc6b2b,4913f37a6cb9e2ba061770efb2ea4e58,delivered,2017-02-17T17:37:52.0000000,2017-03-10T13:06:28.0000000,2017-03-24T00:00:00.0000000,0,59.00,36.24,95.24,95.24
580c882a5805c78546ea65ec6d3690e4,a4f6fc82eefc6a54376eea73b27df682,delivered,2018-02-05T17:40:34.0000000,2018-03-06T16:59:05.0000000,2018-03-02T00:00:00.0000000,1,153.00,18.32,171.32,171.32
8adafb3466daa5395694d3a906ff9d40,b7919647bde69acc948baa47823d6c75,delivered,2017-01-25T15:47:27.0000000,2017-02-14T14:03:35.0000000,2017-03-23T00:00:00.0000000,0,168.00,50.02,218.00,218.02
66cf92fc3ec94fbafc4edd77e0814818,5072cf2f4cbec30b8ba917d5d7b6b125,delivered,2017-04-27T14:17:37.0000000,2017-05-09T11:17:09.0000000,2017-06-08T00:00:00.0000000,0,29.90,14.52,44.42,44.42
e54613f3313c396f77d8280b9121ea2e,fdb50c069d85c482f1ecfde317595741,delivered,2018-06-15T21:45:12.0000000,2018-07-02T17:19:07.0000000,2018-07-17T00:00:00.0000000,0,380.00,33.53,413.53,413.53
eb270c4cbf3671961f3883e8b888571b,64e006a132d86c9189f9656a1cb41939,delivered,2017-12-06T09:53:36.0000000,2017-12-22T17:37:06.0000000,2018-01-08T00:00:00.0000000,0,89.90,17.07,106.97,106.97
a87f63f16c37c383775f476c6f22b635,fd673a07896aec385c5287234605f166,delivered,2017-01-14T15:42:20.0000000,2017-01-30T11:21:56.0000000,2017-02-20T00:00:00.0000000,0,28.00,17.78,45.78,45.78
dc05a07c0cc70e26e10e274313034ad3,d9abf57c9a7f1cd9865625d2cba96053,delivered,2018-08-01T16:37:54.0000000,2018-08-11T15:54:34.0000000,2018-08-20T00:00:00.0000000,0,299.90,129.74,429.64,429.64
ec3d63b91b19bedcbe453ea0df14dd50,379792aa619482a6545bd1db3905ab2b,delivered,2018-05-20T10:33:47.0000000,2018-05-24T00:35:33.0000000,2018-06-04T00:00:00.0000000,0,110.32,7.64,117.96,117.96
d4922affdd87d3e42657243354c7acd1,3a6586139c630a9648d74d1da4a11cd8,delivered,2018-07-01T21:12:33.0000000,2018-07-06T16:50:48.0000000,2018-07-30T00:00:00.0000000,0,35.90,23.05,58.95,58.95
6e09e14cbfbf46215f17805edfb79aae,90d2e6f72916e728253129378a36fdcc,delivered,2017-05-21T21:10:35.0000000,2017-06-02T18:03:04.0000000,2017-06-14T00:00:00.0000000,0,29.99,14.10,44.09,44.09
f847298c3beb552989d31c5f673da6fc,c2ea1149b67ac4b480ff15b3b31110ee,delivered,2018-03-14T11:22:37.0000000,2018-04-02T22:17:31.0000000,2018-04-03T00:00:00.0000000,0,56.97,19.37,76.34,76.34
b1b5b604a5e207c764779ffb50527018,40eb5b16b04bc62c59d4905857958e82,delivered,2017-10-31T21:47:13.0000000,2017-11-14T01:32:39.0000000,2017-12-01T00:00:00.0000000,0,104.90,13.07,117.97,117.97
c3fd670b03599718895218d479f660b6,8f437c018d57b705d06574998fc4f348,delivered,2017-10-04T17:56:28.0000000,2017-10-18T20:27:31.0000000,2017-11-01T00:00:00.0000000,0,899.99,21.05,921.04,921.04
a57a5bbb57b15b49050bc6a58a2f240e,d5ef6eb2e7cb3280ee294b63ecc10fbb,delivered,2018-01-17T09:55:37.0000000,2018-01-23T21:45:13.0000000,2018-02-01T00:00:00.0000000,0,39.90,9.09,48.99,48.99
267e5fff0e80197e6553c5596ed81dbd,e8f72a39e55da80935caccd9abb4d831,delivered,2018-07-20T11:46:49.0000000,2018-07-26T00:26:49.0000000,2018-07-30T00:00:00.0000000,0,27.90,7.46,35.36,35.36
5a630e3d4aeb6fca86404481eb19cfe7,6928be51d9496f1aab5da8f15a21aba6,delivered,2017-12-14T09:06:34.0000000,2017-12-27T17:42:05.0000000,2018-01-09T00:00:00.0000000,0,149.99,14.07,164.06,164.06
dcb4a1d21593a108db61f12a4b3d61db,2ed973ea37080a94b7beaef7458b2e15,delivered,2018-06-19T13:22:15.0000000,2018-06-25T13:11:20.0000000,2018-07-19T00:00:00.0000000,0,178.00,46.84,224.84,224.84
3b14820d642ea72e95df3289b6539c1c,4248fddd68e3375c24e743290ce2d9fa,delivered,2018-04-02T13:01:06.0000000,2018-04-12T17:12:13.0000000,2018-04-23T00:00:00.0000000,0,75.90,19.50,95.40,95.40
32e4fa9bb468884309b58b9348de70c3,e54367d4b00c5cb76d2dfe71b9bdb89c,delivered,2018-07-04T16:49:21.0000000,2018-07-07T14:41:18.0000000,2018-07-23T00:00:00.0000000,0,118.00,26.14,144.14,144.14
813f8916cd12b887b0fa271f3263a4d3,bf22881f1f23a79916784ac5b4319c56,delivered,2017-04-13T17:26:06.0000000,2017-05-09T12:49:59.0000000,2017-05-10T00:00:00.0000000,0,27.90,14.52,42.42,42.42
4df92d82d79c3b52c7138679fa9b07fc,ba0660bf3fffe505ee892e153a2fbd49,delivered,2018-07-24T11:32:11.0000000,2018-07-27T18:55:57.0000000,2018-08-06T00:00:00.0000000,0,196.80,12.40,209.20,209.20
27f9fff9f14236589804b62bce39f526,f3318c51c9a6779c89f2567475b4a6b9,delivered,2017-07-05T11:55:58.0000000,2017-07-17T19:02:35.0000000,2017-07-31T00:00:00.0000000,0,122.50,18.11,140.61,140.61
142ac5357e541e5881d26fc5eb5f3754,660c817af06c2d842014a12d5871c1f9,delivered,2018-04-30T20:24:33.0000000,2018-05-09T19:50:37.0000000,2018-05-15T00:00:00.0000000,0,279.99,31.82,311.81,311.81
f833a0260cb98fa615a517d4e4a8cdf3,6b74fa3521fe75edbeff9948022f13d1,delivered,2017-05-03T14:31:43.0000000,2017-05-10T11:34:12.0000000,2017-06-05T00:00:00.0000000,0,89.90,21.08,110.98,110.98
9d48a2dfef2e0cb6155f816b9bf8489c,c4e12dfa6412f54cb99c38787dca987f,delivered,2018-05-25T22:10:13.0000000,2018-06-01T14:46:48.0000000,2018-06-19T00:00:00.0000000,0,12.65,7.39,20.04,20.04
9dc8d1a6f16f1b89874c29c9d8d30447,d9442164acf4b03109425633efaa0cfc,delivered,2017-10-12T13:33:22.0000000,2017-10-24T20:17:44.0000000,2017-11-06T00:00:00.0000000,0,895.00,21.02,916.02,916.02
d83706c29baf36eedf5e8adfb0da304e,26545a1a15e77138e98380c49a76053a,delivered,2017-03-13T11:36:11.0000000,2017-03-27T14:12:27.0000000,2017-04-12T00:00:00.0000000,0,27.90,16.05,43.95,43.95
9472d3c8a0ad463cbfc89897334431da,7e016f9ea275279784f42e0642214284,delivered,2017-11-20T16:21:04.0000000,2017-12-21T14:22:54.0000000,2017-12-12T00:00:00.0000000,1,69.99,19.03,89.02,89.02
e811880120e802367a37c73fdbc0a7a2,6441d665c5a1058502eb8ad0a2e2282b,delivered,2017-11-26T15:47:51.0000000,2017-12-14T00:37:09.0000000,2018-01-02T00:00:00.0000000,0,559.00,37.27,596.27,596.27
d4ab8a264235be36f72a07621046d082,7a5846ef7b6f7d58630bb4b0aafe2858,delivered,2018-06-01T15:34:15.0000000,2018-06-12T16:32:33.0000000,2018-07-12T00:00:00.0000000,0,195.90,19.25,215.15,215.15
b417d44c131fe6470b3226c7b59f6a8f,82f6d48ad3a75669934efe3988ce9b25,delivered,2017-12-23T15:50:03.0000000,2017-12-30T01:39:04.0000000,2018-01-23T00:00:00.0000000,0,59.90,15.18,75.08,75.08
f049e19134a95d09c806851a5ea1872e,cb1b31ec399f6183dee790a4c349e712,delivered,2017-12-01T07:15:07.0000000,2017-12-14T15:08:57.0000000,2017-12-26T00:00:00.0000000,0,19.90,11.85,31.75,31.75
e5d48f5d3719ee190629a850e362dc57,1670832aa0263adfa1337adf89530561,delivered,2017-12-03T20:22:53.0000000,2017-12-11T22:47:16.0000000,2017-12-20T00:00:00.0000000,0,39.99,8.72,48.71,48.71
407408433ee2a9ed77984aa5a06e2b2e,9f4c898706bf2b467ace0539e0319fcc,delivered,2017-10-04T11:31:15.0000000,2017-10-09T23:02:53.0000000,2017-10-31T00:00:00.0000000,0,59.99,16.18,76.17,76.17
a0411a1811cf1c3c1312372cb0495c6f,d156b6d121b154d0eae17d8993d4dd40,delivered,2018-08-21T20:36:22.0000000,2018-08-27T23:05:55.0000000,2018-08-31T00:00:00.0000000,0,179.90,13.92,193.82,193.82
0fc34e566d3273325c404c113f4a8b2a,ae9cc596d22235c547acce001f90fc33,delivered,2017-11-02T14:51:11.0000000,2017-12-01T18:06:48.0000000,2017-11-27T00:00:00.0000000,1,189.00,16.07,205.07,205.07
50c71607b83f5edc9a65e7c7d9910b1a,d3a7f01174c7a3d2905734b89cacedad,delivered,2017-06-23T11:23:50.0000000,2017-06-30T15:27:34.0000000,2017-07-17T00:00:00.0000000,0,89.90,15.38,105.28,105.28
3c3fa8869e142a240f57aef59c095f6c,d1c40bfb050a09047a4c4426fe9a2893,delivered,2018-05-10T16:04:42.0000000,2018-05-21T23:56:39.0000000,2018-05-29T00:00:00.0000000,0,208.00,20.43,228.43,228.43
5b96fa278c2b3c1e29c190ef1b651d08,207ac9416941d5b76d64875a33fe3659,delivered,2017-02-13T09:35:10.0000000,2017-03-01T11:37:25.0000000,2017-03-14T00:00:00.0000000,0,22.00,14.52,36.52,36.52
b3206cf64b7cd1480a6c6f9912b20666,da757be0eb9978feb09365ed3bdfc679,delivered,2017-09-13T20:30:02.0000000,2017-09-19T20:12:37.0000000,2017-09-29T00:00:00.0000000,0,179.90,17.97,197.87,197.87
33209e0f87b2ed543a0876812c9c5c40,bab0c43a2325bbc9ea398b00f8db0717,delivered,2018-04-11T14:59:05.0000000,2018-04-13T19:04:19.0000000,2018-04-27T00:00:00.0000000,0,159.90,37.05,196.95,196.95
ea337f88a8c5cab4e99da87460f1b99e,9aed6fa0db5da18a5433bbff4ef320b8,delivered,2017-03-19T23:15:51.0000000,2017-03-30T14:43:16.0000000,2017-04-10T00:00:00.0000000,0,198.00,15.56,213.56,213.56
c82430e4a84f03b67cc2a82fecd873f0,a625f7cf467b00ae83700201dce9a6d0,delivered,2017-11-03T12:56:49.0000000,2017-11-21T18:23:02.0000000,2017-11-29T00:00:00.0000000,0,283.02,17.74,300.76,300.76
c3664571c21d82f7d8ada5770af419f9,3c6de6b65568723360510737edb81465,delivered,2017-11-27T19:41:55.0000000,2017-12-11T15:28:55.0000000,2017-12-15T00:00:00.0000000,0,24.50,11.85,36.35,36.35
ad7ddb009f1bcd6c40cb1106471c292c,26495cdb066f046945177209f10b67fb,delivered,2018-07-18T16:16:28.0000000,2018-07-24T15:08:39.0000000,2018-08-06T00:00:00.0000000,0,480.65,21.47,502.12,502.12
a865adb8bec2475e30e835eaf1b9e7d6,047d2000bf864a26eb2559021ec958e2,delivered,2018-05-06T10:27:56.0000000,2018-05-14T20:31:36.0000000,2018-06-04T00:00:00.0000000,0,318.98,20.11,339.09,339.09
ac85808794ef111b4689bbdb5ea7f2c9,62082173db63a1a735d81f64754914e4,delivered,2017-11-11T12:10:02.0000000,2017-11-25T13:51:57.0000000,2017-12-11T00:00:00.0000000,0,19.90,16.79,36.69,36.69
9d513821c0477231fc7c1bfd684d13d8,00a6e2753fc2652cb87386ffbf5792b2,delivered,2017-02-20T21:31:59.0000000,2017-03-21T10:35:41.0000000,2017-03-17T00:00:00.0000000,1,160.80,31.34,192.14,192.14
39a0eaa2a980c810beaf68d76e52fa96,d1c6e90ab127d42b75ef2e548b4461ac,delivered,2018-03-07T17:53:30.0000000,2018-03-14T18:48:51.0000000,2018-03-23T00:00:00.0000000,0,179.99,18.17,198.16,198.16
cf3d593f97ce4a58adbd6b488579fa36,4156c48bdc8d1ecbfbcfabfefee2d0c7,delivered,2018-06-24T08:21:25.0000000,2018-06-27T12:58:33.0000000,2018-07-05T00:00:00.0000000,0,12.90,7.39,20.29,20.29
8ca57f2b32c00588cab243b2115441f5,284e326e8a71e55bdb0b210ddfabaa27,delivered,2018-08-06T18:45:01.0000000,2018-08-18T11:48:58.0000000,2018-08-30T00:00:00.0000000,0,1349.00,131.73,1480.73,1480.73
65d7e9625cc211f641191203e231ac24,08999a20d9741d9513c368676f5531c1,delivered,2017-08-04T10:46:33.0000000,2017-08-15T14:43:59.0000000,2017-08-28T00:00:00.0000000,0,179.80,30.76,210.56,210.56
ad2b0f4fd912cd3c834e5976c46b75b7,a942d13c8e40155ee446ae0909993bfc,delivered,2018-05-03T14:31:13.0000000,2018-05-09T17:08:50.0000000,2018-05-22T00:00:00.0000000,0,335.00,10.46,345.46,345.46
c432ba5b3bb83966c1b66696c395a2fb,973e21d9b220229aedc9ac566294568f,delivered,2017-12-02T07:55:59.0000000,2017-12-06T19:04:52.0000000,2017-12-27T00:00:00.0000000,0,25.00,7.94,32.94,32.94
62fe29a53926ef67e73c4b5f3e1ba6f3,fda187c74a59672dfd4c786231565791,delivered,2018-01-01T23:15:14.0000000,2018-01-09T17:09:16.0000000,2018-01-24T00:00:00.0000000,0,27.99,14.10,42.09,42.09
769cad60df1d40dccfd5ec163be24654,ce0518f0279ef8b73d94633720e70b9f,delivered,2017-09-03T15:21:44.0000000,2017-09-25T20:56:56.0000000,2017-10-10T00:00:00.0000000,0,299.90,24.42,324.32,324.32
48a928c553c276852b35ce90fedfeee2,9ea999ddb251e229b1c8b4925884743e,delivered,2018-02-03T00:18:09.0000000,2018-02-24T17:38:49.0000000,2018-03-07T00:00:00.0000000,0,25.90,16.79,42.69,42.69
40ef667b4259d5f521a0fd1a093d0415,bb8bd97c39739129411746c4ca7c754f,delivered,2018-07-11T19:25:07.0000000,2018-07-13T17:45:33.0000000,2018-07-20T00:00:00.0000000,0,53.99,9.13,63.12,63.12
7f97f025c45cac922275120fdee4e062,695449e690b9ed39a1afa2dc5f3e900f,delivered,2017-02-07T12:01:07.0000000,2017-02-17T17:06:01.0000000,2017-03-02T00:00:00.0000000,0,23.90,10.96,34.86,34.86
00125cb692d04887809806618a2a145f,8afb90a97ee661103014329b1bcea1a2,delivered,2017-03-23T12:21:17.0000000,2017-04-07T15:32:47.0000000,2017-04-20T00:00:00.0000000,0,109.90,25.51,135.41,135.41
eba75422c6a2414d3cd8289123e64200,d7c4d8b45b0a33ff6df7a3950800d4e8,delivered,2018-07-30T18:25:18.0000000,2018-08-07T14:21:45.0000000,2018-08-24T00:00:00.0000000,0,99.00,41.67,140.67,140.67
626e4ba4ac663dadb68a6fe4b0d7b8d4,6b9aa554bd8240e377eb1aca688e6e39,delivered,2018-02-09T15:26:21.0000000,2018-02-28T20:07:13.0000000,2018-03-09T00:00:00.0000000,0,115.52,16.57,132.09,132.09
3ec2c982a9497e2aa32da12b18ce7266,8181e01938f34902ad6d883bf57f803d,delivered,2018-05-04T20:19:38.0000000,2018-05-18T16:03:07.0000000,2018-05-25T00:00:00.0000000,0,41.90,35.48,77.38,77.38
98e54ac24cb241c366307ed88ae84902,3d2b9ce5685b7810c56c6b8babb0432e,delivered,2017-11-26T12:15:07.0000000,2017-12-21T21:17:03.0000000,2017-12-27T00:00:00.0000000,0,355.79,44.86,400.65,400.65
18d686f1bb1270182c646fe337459d79,bbf7be5b7db9baf4509ae4573c8570b4,delivered,2018-02-15T15:07:11.0000000,2018-03-11T19:28:52.0000000,2018-03-07T00:00:00.0000000,1,44.90,12.69,57.59,57.59
93b82c635931ca55e5d20e0d095507ce,7e22aa38ee8f6869c7efd3348b63be3d,delivered,2017-08-31T05:31:43.0000000,2017-09-12T19:43:56.0000000,2017-09-13T00:00:00.0000000,0,88.60,13.18,101.78,101.78
c5e754f77f6f127371e929ccb707fce3,19ce60e416e5f9342e80d5ddcc814b03,delivered,2017-02-11T10:53:48.0000000,2017-02-24T10:37:39.0000000,2017-03-17T00:00:00.0000000,0,119.60,11.45,131.05,131.05
0f8532e6a9c1e86b215fda5c13f37fad,48c83ab1910a8d95f8702dde180d658b,delivered,2017-05-08T14:59:40.0000000,2017-05-24T13:25:09.0000000,2017-05-29T00:00:00.0000000,0,677.94,105.18,783.12,783.12
4fe2fd5509bca02cbd39aa5b3eeb2a8f,c5064807abdc55acd37860160154ed1a,delivered,2018-08-27T13:57:36.0000000,2018-08-30T00:36:25.0000000,2018-08-31T00:00:00.0000000,0,39.90,11.30,51.20,51.20
46c22ce0488991c798933effd2b57574,d022cc2c5b40e84f1c19866f337c7a68,delivered,2017-02-06T15:43:18.0000000,2017-02-20T17:08:04.0000000,2017-03-03T00:00:00.0000000,0,117.30,22.29,139.59,139.59
cd864dfff08db3d739750d749ec053b3,e5b70244ffbbac9f5ebde9ecdfc049f9,delivered,2018-01-16T10:02:20.0000000,2018-01-23T21:25:49.0000000,2018-02-14T00:00:00.0000000,0,32.00,15.10,47.10,47.10
b65067f5a1e9e4aea30dae0dc505119b,cb1d99010eebd5ee5b64dc9e37caa9d4,delivered,2018-05-18T11:26:45.0000000,2018-05-21T18:08:30.0000000,2018-05-28T00:00:00.0000000,0,24.60,7.39,31.99,31.99
31426d292a5d34315a18ac11d6eef7eb,bf4fe999a2d7bc0465cbd817fac3bbee,delivered,2018-01-22T19:19:21.0000000,2018-01-26T18:59:01.0000000,2018-02-14T00:00:00.0000000,0,79.00,13.57,92.57,92.57
eafef0e6c44f121531569a69a318c3b3,084dab2db2bf5d42677b135e633a15ba,delivered,2017-11-29T13:03:33.0000000,2018-01-09T16:32:21.0000000,2017-12-27T00:00:00.0000000,1,65.99,15.22,81.21,81.21
1f6405caa14a2debb88594b0471ed340,5ca6f3218e411dcbb9c27ad61bdc3d1d,delivered,2017-12-26T02:35:27.0000000,2018-01-05T20:32:44.0000000,2018-02-05T00:00:00.0000000,0,133.00,15.68,148.68,148.68
2ed75ffbf396fcdc6341f17d1a16ef5d,7c5f8c2e42af586aa1b1cc8d6bc40732,delivered,2017-12-12T20:54:42.0000000,2017-12-14T22:57:41.0000000,2017-12-29T00:00:00.0000000,0,79.00,9.37,88.37,88.37
c0e59bb74c6b71dbd39b3073120e957d,387752a856ae611e11987f531cf59966,delivered,2018-08-04T09:09:37.0000000,2018-08-09T21:05:48.0000000,2018-08-16T00:00:00.0000000,0,79.90,13.22,93.12,93.12
10918fe4d665fda80034712895c2b92f,e05a24d2c1d2cd3ae0482ecc1b4d069f,shipped,2017-06-26T07:04:39.0000000,,2017-08-03T00:00:00.0000000,0,33.80,42.38,76.18,76.18
64a9f2b487f66506d463ca18152280e8,90714b0e62fe1fbd304fb45fd644ebdd,delivered,2018-02-24T08:45:01.0000000,2018-03-02T21:51:59.0000000,2018-03-27T00:00:00.0000000,0,116.99,18.53,135.52,135.52
e5e6a20a4c3fbe6ee280c01f8fe279cc,e1cb13d47d802da7d23d6253ed8d7959,delivered,2018-08-05T11:05:53.0000000,2018-08-14T18:06:37.0000000,2018-08-15T00:00:00.0000000,0,49.00,22.27,71.27,71.27
6d46f8b7f485ad93146f9880682d4eb2,ed91cd9ea6e333288382a4adbefaffcf,delivered,2017-11-26T11:38:04.0000000,2017-12-05T19:23:37.0000000,2017-12-15T00:00:00.0000000,0,49.39,12.69,62.08,62.08
011b142c9e082a5c1d10e0a88cd9c8e8,0c7a95280b3f80eadd81c829e093dbec,delivered,2018-03-23T11:43:13.0000000,2018-04-14T19:18:26.0000000,2018-04-16T00:00:00.0000000,0,243.37,53.83,297.20,297.20
cd0019d8419b82109ff269d8b4e18791,17ebae22126d3df35f5e1fa1efedab94,delivered,2018-05-17T07:17:54.0000000,2018-06-03T13:06:33.0000000,2018-06-07T00:00:00.0000000,0,249.00,58.00,307.00,307.00
fa859e78da068661b096bfb4466ded18,065415930d45ace4ad39039b5d0d9341,delivered,2017-12-09T17:13:50.0000000,2017-12-19T11:59:06.0000000,2018-01-18T00:00:00.0000000,0,119.90,25.68,145.58,145.58
7753606fb1d0067848f8a1a7ae5abefa,5c4a6f6b98ec2d780b10f1cc88ef208f,delivered,2018-05-02T13:17:54.0000000,2018-05-23T17:51:15.0000000,2018-05-16T00:00:00.0000000,1,119.98,17.76,137.74,137.74
3606d0126c19d4197f835572f5162c20,366e99a4996b3f8f781b60d7549f9e38,delivered,2018-01-25T19:46:47.0000000,2018-02-22T23:49:20.0000000,2018-02-20T00:00:00.0000000,1,289.00,46.48,335.48,335.48
4d2d8a4224215f680cc5221011347401,5957d9ae822bcbe88c00fb8286362339,delivered,2018-03-01T12:43:37.0000000,2018-04-05T17:12:42.0000000,2018-04-02T00:00:00.0000000,1,117.00,15.57,132.57,132.57
87386e2485df1ab61a6d060a092e4d6f,0728f6d108255cb411a50fb646c3c7dc,delivered,2017-11-16T23:40:17.0000000,2017-11-29T10:41:33.0000000,2017-12-13T00:00:00.0000000,0,35.90,17.92,53.82,53.82
91bcade2288597459e1dbce52d6d0ef9,449057269c318304d8a753f64c181b07,delivered,2018-01-04T13:14:34.0000000,2018-02-09T00:44:50.0000000,2018-02-02T00:00:00.0000000,1,124.90,38.42,163.32,163.32
df8e5e994bcc820fcf403f9a875201e6,05f1c2a8e913a4084727ac728bbdbec2,delivered,2018-08-01T13:30:12.0000000,2018-08-06T22:28:21.0000000,2018-08-17T00:00:00.0000000,0,75.00,21.17,96.17,96.17
3480c6733692db0895d7f240dc18d9d6,511565b2987c19e165331306886f10f8,delivered,2017-10-17T15:58:05.0000000,2017-10-21T15:01:19.0000000,2017-10-27T00:00:00.0000000,0,49.00,7.78,56.78,56.78
b028c30dc8af213ae4c26a64446211db,55521b1f0b80672b3c61939a06211691,delivered,2017-11-16T16:20:02.0000000,2017-11-23T22:58:27.0000000,2017-11-29T00:00:00.0000000,0,139.00,15.73,154.73,154.73
7845a2492ab1b4f2cf3d56c7b8da1446,386e96046ce0e77e5c9a9a4e818da93c,delivered,2018-01-18T12:35:45.0000000,2018-01-23T21:51:48.0000000,2018-02-09T00:00:00.0000000,0,29.99,14.10,44.09,44.09
b3ceb7d2c66651bd0f6531ffba8745fb,0473034ec8cbbdc1db543b6c3615c625,delivered,2017-09-08T14:56:50.0000000,2017-09-20T19:27:41.0000000,2017-10-03T00:00:00.0000000,0,159.90,23.99,183.89,183.89
c4cffa375b754170e9823a1fe9ac75bb,47e47955af2683fa8896688e8aaa279f,delivered,2018-07-29T00:48:48.0000000,2018-08-04T18:26:54.0000000,2018-08-10T00:00:00.0000000,0,85.00,11.62,96.62,96.62
d44b754260def6c94daa9e661e530044,50c065ad9fbbc477d28bbb56dcb61600,delivered,2017-04-25T21:33:39.0000000,2017-05-09T16:43:57.0000000,2017-05-16T00:00:00.0000000,0,129.99,17.65,147.64,147.64
f9fe35b6ddb4b18faa9a9a683e20eaea,3888989235e31a1848cb782a04a14334,delivered,2018-04-26T09:49:09.0000000,2018-05-03T22:41:04.0000000,2018-06-06T00:00:00.0000000,0,110.32,19.95,130.27,130.27
d52140bee663636aa4f6057e50bc06a3,32fa597a3b06db1949ee96c416335b6b,delivered,2018-03-01T20:30:22.0000000,2018-04-16T16:24:45.0000000,2018-03-27T00:00:00.0000000,1,119.90,27.38,147.28,147.28
cfa4fa27b417971e86d8127cb688712f,7093250e1741ebbed41f0cc552025fd6,delivered,2018-08-16T09:44:23.0000000,2018-08-29T01:41:41.0000000,2018-08-22T00:00:00.0000000,1,34.90,11.26,46.16,46.16
3ad68235680db3c8a491e0362402fd96,2ae1291d11904be5f9315472cc178cbe,delivered,2018-01-25T08:43:46.0000000,2018-01-31T18:51:53.0000000,2018-02-09T00:00:00.0000000,0,14.60,7.78,22.38,22.38
df6e64a3be9ccea48c3bfe8e096e8749,1f184001b4cbba29eb3ddefd7b0a195b,delivered,2017-08-16T08:00:13.0000000,2017-09-01T20:41:04.0000000,2017-09-08T00:00:00.0000000,0,89.90,17.88,107.78,107.78
bcdbb3b243d4e882503b919785e2343f,4146dd1b456444cd54142b5a7c4b9405,delivered,2018-05-21T13:16:36.0000000,2018-05-28T16:38:45.0000000,2018-06-13T00:00:00.0000000,0,625.00,71.15,696.15,696.15
3acf8c12de0c5a31ce57671e97cb48a1,3c74489596d98affbe4a9388a39bf482,delivered,2018-05-12T00:18:28.0000000,2018-05-17T21:52:12.0000000,2018-06-04T00:00:00.0000000,0,219.99,16.42,236.41,236.41
112f6cd3047e7f158607233e26206398,f9ed63010ec897e6fb2c5ce868195a18,delivered,2018-01-03T16:29:52.0000000,2018-01-12T23:18:59.0000000,2018-01-26T00:00:00.0000000,0,74.90,44.99,119.89,119.89
598cd40a798aa27cded050fe918ffbe7,f36d397e361b66b7220f849320541fd8,delivered,2017-08-31T09:31:20.0000000,2017-09-06T14:43:50.0000000,2017-09-13T00:00:00.0000000,0,519.80,68.14,587.94,587.94
ac244956f757aeeb76242334254bf9a5,80f70f0ca0bcd19bf71e848e51206d68,delivered,2017-07-12T18:45:24.0000000,2017-07-25T21:54:23.0000000,2017-08-14T00:00:00.0000000,0,75.00,15.28,90.28,90.28
4c460fdf49b517270b6258ba2d3c1ef9,ffe82abbde8061e75c4c0b72f3b2accf,delivered,2018-06-14T18:37:58.0000000,2018-06-16T10:12:15.0000000,2018-06-29T00:00:00.0000000,0,127.50,11.91,139.41,139.41
118045506e1c1dda060171af43fe11b4,638c6674418fc58283a73c078bcb076f,delivered,2018-03-08T19:06:05.0000000,2018-04-11T12:53:50.0000000,2018-04-04T00:00:00.0000000,1,225.00,135.40,360.40,360.40
18bf036204cea32b152a8e2a2f2bab40,75c1cc8ffdfa39cfba5b62056e1c0f56,delivered,2017-05-08T16:31:38.0000000,2017-05-15T19:27:34.0000000,2017-06-12T00:00:00.0000000,0,119.90,27.69,147.59,147.59
ec07555943e04d757937a8bea3a75ed7,cf3c35f463f6a234d0dc10d33dacb41e,delivered,2017-11-16T13:18:14.0000000,2017-11-27T21:59:13.0000000,2017-12-08T00:00:00.0000000,0,109.80,16.53,126.33,126.33
825c221a4e981f278e9c5ec6ead83a3f,933bf00ad9a4f8bfd36bd85e09bd6cba,delivered,2017-06-29T23:08:50.0000000,2017-07-10T13:48:36.0000000,2017-07-19T00:00:00.0000000,0,73.90,13.54,87.44,87.44
371f13dd168ce30a881e0db8cf3929fb,f411a040a2fa31babc72e93f3a947e07,delivered,2017-08-26T10:26:53.0000000,2017-09-12T20:52:38.0000000,2017-09-27T00:00:00.0000000,0,599.00,66.87,665.87,665.87
6699d7eb202a80ad0dd024134fe5ed60,18715b86f15b55cc06dcaef3708656c7,delivered,2018-01-15T00:14:21.0000000,2018-01-24T20:18:57.0000000,2018-02-19T00:00:00.0000000,0,19.90,16.79,36.69,36.69
c046779e1ef14c11e325b9b9a46d610d,c3de914e671cb1e98797f42b2f797274,delivered,2018-06-05T19:53:27.0000000,2018-06-09T20:03:11.0000000,2018-06-21T00:00:00.0000000,0,19.90,7.39,27.29,27.29
4b81496f1e0fd587a7394ba1e1b8aebb,ea0b7ca96e72354232c17d72b8bdf66d,delivered,2017-03-04T09:55:08.0000000,2017-03-14T07:24:12.0000000,2017-03-23T00:00:00.0000000,0,7.80,10.96,18.76,18.76
b3e2b81932a8bc32dfffd128937c3c5e,cb633030180d869d7bb76aa783a78b6d,delivered,2017-07-04T23:29:52.0000000,2017-07-10T19:07:41.0000000,2017-07-18T00:00:00.0000000,0,205.00,15.04,220.04,220.04
62fcfe5da58296dface200da2e196fcd,02860b05257510a255778043ce042794,delivered,2017-05-19T14:12:50.0000000,2017-06-01T16:15:31.0000000,2017-06-12T00:00:00.0000000,0,59.90,16.18,76.08,76.08
ac71263052acddd3b2031b5937f8fc30,ffdaff86e5834cb843ada60a745d4222,delivered,2018-04-24T22:18:53.0000000,2018-05-04T21:18:36.0000000,2018-05-15T00:00:00.0000000,0,120.00,13.28,133.28,133.28
9db49839ad325c2bf4303df727694be2,3be5a877ceebea2954404c6ef8e70be2,delivered,2017-09-13T17:53:28.0000000,2017-10-03T21:13:43.0000000,2017-10-16T00:00:00.0000000,0,45.95,16.79,62.74,62.74
390d4039e108e33c6a93031f5f3f9e0d,f33b3d6c9af33c35f9a32f66285a6b7a,delivered,2017-11-20T11:44:11.0000000,2017-11-30T22:04:00.0000000,2017-12-08T00:00:00.0000000,0,419.00,36.29,455.29,455.29
f633c884a99eb63866600655356d973e,b6e18008af6aeb4a5ce5574c15ca2b48,shipped,2018-04-04T00:33:47.0000000,,2018-04-25T00:00:00.0000000,0,599.00,20.90,619.90,619.90
b8bfafcbe46deea4900feeffb2d6afaf,73f826bc89f03a161feac9beef6ed964,delivered,2018-01-19T18:07:37.0000000,2018-02-01T00:08:55.0000000,2018-02-14T00:00:00.0000000,0,55.80,30.22,86.02,86.02
16e38caa92e342c7780f68832f832d4d,d29935fdaf4a76f34653da3def4f2a24,delivered,2018-05-07T01:09:09.0000000,2018-05-24T00:31:18.0000000,2018-06-07T00:00:00.0000000,0,189.90,53.46,243.36,243.36
c272bcd21c287498b4883c7512019702,9582c5bbecc65eb568e2c1d839b5cba1,unavailable,2018-01-31T11:31:37.0000000,,2018-02-16T00:00:00.0000000,0,,,97.68,
6d710101fb9f067dd5385ea1b6021946,6e001b127d62e0c00c0dfb63778ae9c0,delivered,2018-05-31T10:16:12.0000000,2018-06-13T18:22:44.0000000,2018-07-11T00:00:00.0000000,0,13.90,8.88,22.78,22.78
d5af7f6e2db2c527fe19decfc2d37a83,bf59771b1ab3559105d03691c8c99794,delivered,2017-07-31T20:47:50.0000000,2017-08-04T21:04:49.0000000,2017-08-25T00:00:00.0000000,0,179.70,40.32,220.02,220.02
49e19ca07e42bde08630a08e50ad980e,cb67357747667b594aa6d47770e7334c,delivered,2018-05-31T17:47:23.0000000,2018-06-15T19:14:38.0000000,2018-07-05T00:00:00.0000000,0,109.90,23.35,133.25,133.25
ed3b269b4badaf0126050c9d4f7b854c,8df348aaafe2a0df5f1ad620b64095f9,delivered,2018-07-12T22:14:06.0000000,2018-07-23T17:48:39.0000000,2018-07-27T00:00:00.0000000,0,43.00,12.96,55.96,55.96
6ac882284d5fcde113962e178ba0edbb,1bd00f336a9c3b3c35a720f715e7fe58,delivered,2017-12-07T15:40:14.0000000,2017-12-20T19:05:03.0000000,2018-01-09T00:00:00.0000000,0,33.50,15.10,48.60,48.60
5e0311cb517d342851ca3b346cd4c5ab,3ac33dfea62e0b085b5cfeb64bee5f21,delivered,2017-12-10T23:35:48.0000000,2017-12-27T20:41:46.0000000,2018-01-16T00:00:00.0000000,0,54.99,15.13,70.12,70.12
4efb9f3d8ba57d35f9f884744e757265,b1daab0190e21f1b1702791e68fcd940,delivered,2017-07-24T16:14:28.0000000,2017-07-28T18:15:51.0000000,2017-08-15T00:00:00.0000000,0,49.99,14.10,64.09,64.09
f4b76dbfe0f911217da5adaa458f5b5b,c2d9ace6123e42fa913bd6fad131bf09,delivered,2017-07-27T23:29:11.0000000,2017-08-07T20:32:51.0000000,2017-08-22T00:00:00.0000000,0,149.90,15.81,165.71,165.71
3783e0b4f1ef0985e0d9aca4629f756b,264d02bf55980e2934f42a50c221e97c,delivered,2018-04-19T19:34:08.0000000,2018-04-23T15:32:11.0000000,2018-05-08T00:00:00.0000000,0,149.90,12.14,162.04,162.04
1b5bd1070a7857f30e0856e204f30f25,e30b71f331d7484590d41e75507583fd,delivered,2017-11-28T08:02:38.0000000,2017-12-22T17:17:53.0000000,2017-12-26T00:00:00.0000000,0,29.90,16.79,46.69,46.69
4d315c56f2d8d8d27bf1a1365d41c923,1a064684f3096efdbfb11a78ea4f97c9,delivered,2018-06-28T10:28:34.0000000,2018-07-23T17:54:34.0000000,2018-08-03T00:00:00.0000000,0,112.94,34.87,147.81,147.81
68a001baa8dbd45ba5096b470f57a498,355971cbe54e13e55beb25fab74f6988,delivered,2017-10-16T18:26:48.0000000,2017-10-27T21:44:26.0000000,2017-11-10T00:00:00.0000000,0,45.00,14.10,59.10,59.10
bb90b02637daa6d6ea968529eed50699,cb85fd1337a9b227e49fbcb893babd71,delivered,2018-01-23T10:15:38.0000000,2018-02-05T19:53:12.0000000,2018-03-01T00:00:00.0000000,0,293.50,14.18,307.68,307.68
186d50e82bb60fc547f3dbf7aa6f6f8a,ff0a44202beb5310644a0ea439973f4d,delivered,2018-08-19T11:28:11.0000000,2018-08-27T14:11:55.0000000,2018-08-28T00:00:00.0000000,0,44.90,8.47,53.37,53.37
2042abeefae68e63a8aa30edd4b0eb48,a37a37235d7b3be3e2f95747ca589bda,delivered,2018-05-26T23:52:17.0000000,2018-05-30T15:48:56.0000000,2018-06-20T00:00:00.0000000,0,149.90,12.14,162.04,162.04
f9c8a2771f663e15460ae6ba93205354,de6878ac6d0e66c06927865e86f28f60,delivered,2017-09-21T22:33:55.0000000,2017-09-27T16:32:39.0000000,2017-10-17T00:00:00.0000000,0,59.90,13.44,73.34,73.34
b2ce866408709e3ba155f339e97b8405,8dd1c4e88c1db62830ab1f7c56b6ee42,delivered,2018-05-04T00:12:31.0000000,2018-05-16T17:19:18.0000000,2018-06-12T00:00:00.0000000,0,199.90,27.48,227.38,227.38
2e1b28b55908e9904e59370fa0ecbb8e,e0c153dd9802d047fc86fbbc9da1a59b,delivered,2017-12-20T14:00:18.0000000,2018-01-09T00:45:19.0000000,2018-01-24T00:00:00.0000000,0,107.90,21.56,129.46,129.46
a98012aa8c697f2bcff9f8c2183e0f2b,3e337c99e0f5ff7ba9a4b98fbf7412fd,delivered,2018-05-13T22:50:32.0000000,2018-05-18T22:46:45.0000000,2018-06-01T00:00:00.0000000,0,79.82,79.15,158.97,158.97
302e27012670f8e2db4418e6c619f54c,4221d4ffdad18996eb11c8a829d6a073,delivered,2018-02-16T09:17:44.0000000,2018-02-27T18:28:43.0000000,2018-03-15T00:00:00.0000000,0,79.90,17.00,96.90,96.90
f3d418a0887dbfd5bd41c788c87ac28b,1fabee44ed07815c74f684fe4826c686,delivered,2017-12-10T16:46:22.0000000,2018-01-02T19:43:30.0000000,2018-01-12T00:00:00.0000000,0,96.95,75.86,172.81,172.81
31b157fa9491800710e3feeb482ccee9,55490de47a9c2abff0a27a5296ae9c2c,delivered,2017-12-11T23:18:07.0000000,2017-12-13T12:57:23.0000000,2017-12-28T00:00:00.0000000,0,109.90,12.47,122.37,122.37
315ab79b5d15b5e9304d729579d36a42,04c70b7e1a619d16dbd79757e543cc59,delivered,2017-03-10T11:45:28.0000000,2017-03-15T16:15:42.0000000,2017-03-29T00:00:00.0000000,0,23.90,10.96,34.86,34.86
9f2da077d2d1eb6e8abcacef8776e941,2386792ff4818fe030a3b1364994f51e,delivered,2017-10-28T21:26:26.0000000,2017-11-13T22:33:12.0000000,2017-11-22T00:00:00.0000000,0,39.90,14.10,54.00,54.00
b92fa055c4f004d4ae52eccce4efbe5f,36d3a1fdfe49d86395c631a7ea4dea63,delivered,2018-02-22T14:54:45.0000000,2018-03-05T20:29:54.0000000,2018-03-14T00:00:00.0000000,0,29.99,12.69,42.68,42.68
d396adb7e51ca1bcb4a84cb786fee813,33a366be73843c5da3d68f3d3427afd6,delivered,2017-07-03T16:42:42.0000000,2017-08-01T21:10:36.0000000,2017-08-04T00:00:00.0000000,0,699.90,22.15,722.05,722.05
714fb133a6730ab81fa1d3c1b2007291,e3fe72696c4713d64d3c10afe71e75ed,canceled,2018-01-26T21:34:08.0000000,,2018-02-22T00:00:00.0000000,0,69.90,26.11,96.01,96.01
f3381b1e6c37c70f2b3c9d211b166412,77eca4439004e4aad223924d6f254f3f,delivered,2018-04-24T10:29:25.0000000,2018-05-04T22:19:10.0000000,2018-05-17T00:00:00.0000000,0,89.18,19.59,108.77,108.77
b9afddbdcfadc9a87b41a83271c3e888,85c6af75161b8b2b1af98e82b5a6a5a5,delivered,2018-08-16T13:50:48.0000000,2018-08-24T14:58:37.0000000,2018-09-04T00:00:00.0000000,0,56.10,19.58,75.68,75.68
bc024a50e4e6ff5212d0febb0f4b4a37,b037df006f291d0cdbc837d78c48ff5f,delivered,2017-08-28T20:27:54.0000000,2017-09-19T16:58:58.0000000,2017-09-28T00:00:00.0000000,0,21.99,14.10,36.09,36.09
4630b9ea86d473a936d6dd589cee8b22,5b6e97fea8528cf0060d86dbd82f9c4a,delivered,2018-06-27T16:11:38.0000000,2018-07-03T04:42:39.0000000,2018-07-19T00:00:00.0000000,0,22.90,15.26,38.16,38.16
0e31f844aae10fe7dc2369bc0340bf21,b8733d346bac6859519abd26e409fd6a,delivered,2017-10-17T17:02:32.0000000,2017-10-23T20:54:05.0000000,2017-11-06T00:00:00.0000000,0,89.00,15.37,104.37,104.37
98cc17e56c367cbbe628aca0bbf9f08e,242b387a8eebcaf8ea3c588cdc79eb5b,delivered,2018-01-06T21:37:54.0000000,2018-01-22T15:25:33.0000000,2018-02-07T00:00:00.0000000,0,38.99,15.10,54.09,54.09
21fc1ff2a7ed8b2ec6ff62ac18d7a1b7,08fe63b02e7e846c85b8a49b9fd540d9,delivered,2018-02-15T11:58:49.0000000,2018-03-05T19:08:17.0000000,2018-03-09T00:00:00.0000000,0,55.00,16.64,71.64,71.64
ea12bd9ee4b9a167ce287004482769e1,787b46588e96b01ea8bb3a4bfbccd352,delivered,2017-10-26T20:30:28.0000000,2017-10-31T20:22:51.0000000,2017-11-14T00:00:00.0000000,0,79.00,13.57,92.57,92.57
7958d9e7f3083099780539e0054d0c54,ab23dc90e86086221732547085a7f9e3,delivered,2018-03-03T17:11:33.0000000,2018-03-09T20:13:22.0000000,2018-03-15T00:00:00.0000000,0,35.00,13.08,48.08,48.08
4cd9478b63edacb631dcf780b036b157,f1b66f0324a631de414bc2bf62b5e915,delivered,2018-06-23T19:29:12.0000000,2018-06-30T13:50:47.0000000,2018-07-23T00:00:00.0000000,0,14.00,12.79,26.79,26.79
ba863950726dd067d21b2262ab48df78,74bd614c81cbbb1e75aad1b2dd120304,delivered,2017-10-22T14:25:40.0000000,2017-10-27T21:23:49.0000000,2017-11-10T00:00:00.0000000,0,46.90,13.23,60.13,60.13
9f035a4126d6f9cf43447e9b8eb6abae,ac7e3d34240c0ebfc003455c2e04d10a,delivered,2017-09-20T11:35:09.0000000,2017-10-18T19:32:17.0000000,2017-10-19T00:00:00.0000000,0,229.90,65.10,295.00,295.00
c514dba8d0ed614c6a397d2f0f3fe202,2fdffca8dcdf01547529d45f7f4e8e8f,delivered,2018-07-31T20:47:41.0000000,2018-08-07T19:32:24.0000000,2018-08-20T00:00:00.0000000,0,109.00,13.42,122.42,122.42
b7ed5b357d48b6c8f588c5cf0d7ddf5d,92148a85c89c0da621cdc0e1810a23f7,delivered,2018-03-10T23:24:50.0000000,2018-04-17T17:37:54.0000000,2018-04-02T00:00:00.0000000,1,149.90,23.63,173.53,173.53
05ae7d6bd78e2a61f4c0076a9d690aa8,2e21846cd2112929ca821e9716281192,delivered,2018-07-20T12:25:03.0000000,2018-07-25T14:08:33.0000000,2018-08-01T00:00:00.0000000,0,219.00,16.83,235.83,235.83
d9a79759e192eeea9d5227b706bb6155,9ade348c95b66ce157cad614dc61fe1e,delivered,2017-10-04T23:23:34.0000000,2017-10-10T21:27:50.0000000,2017-10-30T00:00:00.0000000,0,37.90,15.10,53.00,53.00
1a08b06cb8b9b557453b70b83fdc69cb,5b0403fc813ee1da7cd9a0816d205016,delivered,2018-01-21T16:46:04.0000000,2018-02-02T19:24:24.0000000,2018-02-14T00:00:00.0000000,0,69.90,13.51,83.41,83.41
c3716204ec5bc2bc5593bee858279148,99ae056139c928155fbb6789440c8824,delivered,2018-07-31T21:51:41.0000000,2018-08-06T16:12:24.0000000,2018-08-20T00:00:00.0000000,0,69.90,18.59,88.49,88.49
f86b24a45dc34d1b7fcdeb817bf503da,f6cc975f9ed5f7d6d78d5f8ac711a7ac,delivered,2017-03-06T21:15:37.0000000,2017-03-28T13:20:16.0000000,2017-03-30T00:00:00.0000000,0,173.92,52.22,226.14,226.14
bac5dc94cc5dbf0810f1919c2aac13cd,85fe96297110ae68dd33043dc65a5221,delivered,2017-07-08T17:35:03.0000000,2017-07-13T20:27:55.0000000,2017-07-28T00:00:00.0000000,0,69.90,9.34,79.24,79.24
01835ef41c5ac66dd9ec6084fa1d0533,6a4ea2081853cd8dd8d7c69cdf86925a,delivered,2017-05-11T21:36:10.0000000,2017-05-23T22:13:35.0000000,2017-06-01T00:00:00.0000000,0,56.99,15.15,72.14,72.14
26e7beff0239dc6ed3a8f2bb5972911c,6c5aeca0152670c75e44c9c67eb7c1f3,delivered,2018-01-22T15:24:44.0000000,2018-01-29T21:49:43.0000000,2018-02-14T00:00:00.0000000,0,53.00,12.71,65.71,65.71
e995d128a5a5bd59d704a736c4a75fd5,2137fd565c784123ceb5a62528749c89,delivered,2018-03-10T20:39:19.0000000,2018-03-21T20:32:39.0000000,2018-03-28T00:00:00.0000000,0,59.90,13.78,73.68,73.68
d92d62eadcca8fd6509c4d0afad5b2c2,a00009bf8489ae779a18179b4716f195,delivered,2018-08-07T14:12:05.0000000,2018-08-10T19:12:18.0000000,2018-08-15T00:00:00.0000000,0,89.90,8.79,98.69,98.69
22bd668810988f93e2c335459e72a312,314675b44a38443e4ba09ab0f462c8c7,delivered,2017-12-27T20:24:42.0000000,2017-12-29T13:17:54.0000000,2018-01-16T00:00:00.0000000,0,64.90,11.73,76.63,76.63
9a886ac42ca6eb5571fbdd1bdd8be02e,c7f920a7b4aed73af416b5fa6f5c5584,delivered,2017-04-15T23:53:50.0000000,2017-04-20T17:38:07.0000000,2017-05-08T00:00:00.0000000,0,26.90,10.96,37.86,37.86
0ab63e307694f40a88a0ecd358c0939d,f239edc4401c9043a2c8f37fe164b273,delivered,2018-04-15T22:11:11.0000000,2018-04-25T18:11:42.0000000,2018-05-09T00:00:00.0000000,0,148.00,15.13,163.13,163.13
f8ebe0a43498e8d689afbbfec4b3eaba,b59948a7b140d0a16d1683138820eed9,delivered,2017-09-11T15:39:11.0000000,2017-09-24T11:29:16.0000000,2017-10-09T00:00:00.0000000,0,89.90,17.88,107.78,107.78
d2741de337666d1bb01913f415e6643f,cb1e2bf26acb98ef66bb11447a218cc2,delivered,2017-02-25T14:34:40.0000000,2017-03-11T08:32:59.0000000,2017-03-28T00:00:00.0000000,0,18.99,17.78,36.77,36.77
f29d0fd6d4e6d5ce550e0b2f9335116c,55216cd56c9eaadec16f03d5aaf11d86,delivered,2018-05-17T16:34:49.0000000,2018-06-09T00:14:23.0000000,2018-06-13T00:00:00.0000000,0,69.90,0.00,69.90,69.90
d30680568af2e9f0aeba3420292df26d,8eb5e45df7b0f27cc1a3b7ba46219180,delivered,2017-09-16T09:20:26.0000000,2017-10-22T14:16:51.0000000,2017-10-09T00:00:00.0000000,1,109.90,16.21,126.11,126.11
2d8f8f85abccae68275f423d878f2b7e,8ca53db6e60cffad03828535d1fcc1a2,delivered,2018-02-27T08:31:17.0000000,2018-03-23T14:34:43.0000000,2018-04-04T00:00:00.0000000,0,61.90,16.19,78.09,78.09
cfd355e6233b9854f7decc72472f9c3e,dfd239feb53ae84d8c50baab69d38133,delivered,2017-03-24T15:50:46.0000000,2017-04-04T17:18:03.0000000,2017-04-24T00:00:00.0000000,0,18.99,17.78,36.77,36.77
fc66798245e4d173bcc7eb36eb72a278,43831164a0be75b0bd8fd92cc8c6b232,delivered,2018-06-15T20:16:34.0000000,2018-06-26T19:14:58.0000000,2018-07-17T00:00:00.0000000,0,160.00,19.22,179.22,179.22
1a7ee01992a69255a005e9db8a96d898,6ba47b28c84367f0c27769d78f1c3adb,delivered,2017-05-31T20:57:49.0000000,2017-06-19T20:13:30.0000000,2017-06-23T00:00:00.0000000,0,243.00,35.06,278.06,278.06
6ffdb56df83717770ba1d34001f4686a,147f69d3f50f2d2bc3797f20fe452ab2,delivered,2018-07-13T19:38:58.0000000,2018-07-27T16:18:46.0000000,2018-07-30T00:00:00.0000000,0,19.30,18.24,37.54,37.54
d0d828105d7a6106d4b6cfd55607c278,e7fb8d2c8a581e31b93defd84ee988fe,delivered,2018-04-30T11:18:47.0000000,2018-05-02T20:24:30.0000000,2018-05-09T00:00:00.0000000,0,145.00,18.52,163.52,163.52
d0d85933667e8a90939ca37947942b62,e74208f5cce1258bbbb9a55463f0d37a,delivered,2017-03-08T19:55:23.0000000,2017-03-16T13:35:37.0000000,2017-03-27T00:00:00.0000000,0,37.99,10.96,48.95,48.95
41de3b8bbb80e2cc80c8d446a752d2fb,0df487c45aada9cfdf07f6876f970af6,delivered,2018-05-06T19:45:32.0000000,2018-05-14T16:39:50.0000000,2018-05-22T00:00:00.0000000,0,17.80,15.42,33.22,33.22
be82da060fda4b85c7fe6ea6512f67e8,4a2d2e5f1e7d78c701d998b92fe72bd7,delivered,2017-05-02T16:35:06.0000000,2017-05-15T12:47:31.0000000,2017-05-25T00:00:00.0000000,0,90.00,73.50,163.50,163.50
14676aebeb151a1fa4f20e8fc3544621,e8515276707fdd0900308f2cbde32131,delivered,2018-02-17T16:39:44.0000000,2018-03-10T00:12:46.0000000,2018-03-13T00:00:00.0000000,0,96.00,14.42,110.42,110.42
2f4545bda1b1c794a9a35a3fbe4257ba,d436bce514752338004b26a232f21008,delivered,2018-05-16T13:47:51.0000000,2018-06-05T15:38:50.0000000,2018-06-05T00:00:00.0000000,1,94.99,23.24,118.23,118.23
e6c3435aca88a50c893f06b6b13e9242,0dae7978fb6595f295dd3fd9ede02cda,delivered,2017-06-19T18:00:01.0000000,2017-06-26T16:21:57.0000000,2017-07-10T00:00:00.0000000,0,51.90,12.49,64.39,64.39
5f69f6bf68dce110479aa0bb515b47c8,4cd274ce8ba240b1cff6480fa9911df1,delivered,2017-11-26T11:20:27.0000000,2017-11-30T13:08:44.0000000,2017-12-12T00:00:00.0000000,0,30.00,8.72,38.72,38.72
cafc9b2f7d35ec42bdb74347cc6e8a70,c9573cc1e246dadca50b2a74f795def3,delivered,2018-01-19T00:48:30.0000000,2018-04-04T17:12:36.0000000,2018-02-16T00:00:00.0000000,1,38.00,17.63,55.63,55.63
2978901accabf6eef42711d8133a62f1,6248396b64eb57dc8522ecd345312daa,delivered,2017-11-23T14:31:36.0000000,2017-11-28T22:18:26.0000000,2017-12-07T00:00:00.0000000,0,199.99,23.98,223.97,223.97
fb4c699559386e0b6b970181177d99bd,e7ba6d56b812cb7e8c4a285d95f4e476,delivered,2018-04-16T14:21:02.0000000,2018-04-24T14:31:22.0000000,2018-05-09T00:00:00.0000000,0,414.00,65.70,479.70,479.70
a2ea081c06c12c25c068089e4985745a,fdabedbba76cf0308dedcd99afc66626,delivered,2018-05-05T09:22:24.0000000,2018-05-26T00:08:34.0000000,2018-06-08T00:00:00.0000000,0,110.00,0.00,110.00,110.00
7fd4d653725c9338a9c3eae892dbf616,7ac9814735089053e51d2756d3cdedd9,delivered,2018-03-06T14:21:57.0000000,2018-03-15T22:05:41.0000000,2018-03-26T00:00:00.0000000,0,49.90,13.47,63.37,63.37
0bb0dd89956cc5f44ff556c2189e7160,db925a533d94cee42707026949892c7e,delivered,2017-06-20T13:08:17.0000000,2017-07-03T16:05:05.0000000,2017-07-12T00:00:00.0000000,0,39.90,14.10,54.00,54.00
e2676f5f513bf595fcbd506999db7c26,99f297c1c95e0dda633b7e584ec2a4f3,delivered,2017-08-02T15:36:19.0000000,2017-08-14T14:25:40.0000000,2017-08-15T00:00:00.0000000,0,329.99,13.51,343.50,343.50
3c9a3ff1e41cb58bb8a24ae6f6eea080,e413b51d04fdbe619c2cb28cda3046d6,delivered,2018-04-28T22:02:50.0000000,2018-05-03T19:58:28.0000000,2018-05-15T00:00:00.0000000,0,299.00,15.21,314.21,314.21
a4b79dbc2ad1b141dcc00a17f2450a11,6a3dbc73fd55e0c6ecbee56656482225,delivered,2017-10-12T20:26:33.0000000,2017-10-27T21:12:51.0000000,2017-11-09T00:00:00.0000000,0,85.00,15.34,100.34,100.34
376a342d70faa7a733b871acc701def8,8563b07a84656ff32968702daa37c468,delivered,2017-12-11T11:50:54.0000000,2018-01-20T01:36:58.0000000,2018-01-05T00:00:00.0000000,1,28.00,14.10,42.10,42.10
acbe07f22f29ad7e5a78f30008cc6ec7,b4afeb58ac51bc903c5362286c6a5cfe,delivered,2017-11-18T14:33:04.0000000,2017-11-29T17:58:43.0000000,2017-12-05T00:00:00.0000000,0,77.20,46.92,124.12,124.12
07fbc4f433fc8754c492bc6dfb0b1c52,6a562d22d4e2ce223ae7ad8bfd834ab0,delivered,2017-07-05T08:49:56.0000000,2017-07-25T19:42:50.0000000,2017-07-27T00:00:00.0000000,0,94.98,21.15,116.13,116.13
16cb3a72f04e248a1244b076ce0d9bb7,ff9c535af2f9325df8f3c81f30f60b8b,delivered,2018-05-23T14:21:17.0000000,2018-06-19T18:50:58.0000000,2018-07-05T00:00:00.0000000,0,149.99,74.78,224.77,224.77
6f36c999f8ef8d1a3a999079a5b637aa,ac055528f5a69cba5e02d73ad1ee9a74,delivered,2017-12-16T15:29:46.0000000,2018-01-12T22:04:29.0000000,2018-01-11T00:00:00.0000000,1,230.00,32.86,262.86,262.86
cc66dee6fbc18bb79903c3a2cc14ff52,19d3b3a2d4756af17603e2c35c7c2815,delivered,2018-04-12T14:37:29.0000000,2018-04-20T17:28:56.0000000,2018-05-07T00:00:00.0000000,0,117.70,18.70,136.40,136.40
f15ee2f37da0500e278ec213c201edf3,1bb26cb73f617c0b4eed520cc297ea8d,delivered,2018-07-27T11:58:46.0000000,2018-08-03T20:38:29.0000000,2018-08-16T00:00:00.0000000,0,329.90,17.41,347.31,347.31
14d68c5b215a31950340dc9cb3f73efe,f6f80187601754d61deb547e6d5b5a06,delivered,2018-01-28T11:47:10.0000000,2018-02-05T19:17:15.0000000,2018-02-21T00:00:00.0000000,0,122.99,14.61,137.60,137.60
b6a50dc1cfeb4ad7219d3577ab9a2454,81ae5da9106d9b5af38c42eb81cce399,delivered,2017-08-31T07:27:54.0000000,2017-09-14T15:43:52.0000000,2017-09-25T00:00:00.0000000,0,51.00,19.60,70.60,70.60
446e20f85f1b9cf552376d6f31c983b2,db6505328f042b7f4fae7d80f3b0515f,delivered,2018-02-23T13:12:12.0000000,2018-03-06T23:49:06.0000000,2018-03-15T00:00:00.0000000,0,59.90,29.21,89.11,89.11
6ccac061be472c84db514aca9acd26e0,ae2164e850f39dce431cb74974daa355,delivered,2017-12-11T07:50:11.0000000,2017-12-14T16:32:01.0000000,2017-12-28T00:00:00.0000000,0,13.65,7.78,21.43,21.43
4a5cc9b4e332e03d76bf553a7f2fa5d3,a4a00c41b5e3ed88bf0e0bb96576c2b2,delivered,2017-12-15T23:33:32.0000000,2018-01-03T23:13:15.0000000,2018-01-16T00:00:00.0000000,0,159.90,16.88,176.78,176.78
555e4d40fb6beea866d46eb6a5a01b41,d77e4c0bfd0085b029605683a846abca,delivered,2017-09-17T18:52:44.0000000,2017-09-19T18:57:33.0000000,2017-10-04T00:00:00.0000000,0,89.89,22.03,111.92,111.92
191a0013ee3ec32e27da5f85cf028081,8fd044742f99625dc8f08f7d3e731fb5,delivered,2018-03-31T11:48:59.0000000,2018-04-07T00:21:58.0000000,2018-04-20T00:00:00.0000000,0,120.00,34.38,154.38,154.38
1b00c4d80c81cdbc36487c96c6e92f07,6f392cfb40b84e0857b16c23c773aa31,delivered,2017-05-14T09:36:36.0000000,2017-05-23T07:52:33.0000000,2017-06-02T00:00:00.0000000,0,95.00,17.92,112.92,112.92
eb1873ec4d6a2af1c0626a7d08bd9c09,1531106e1c467cea04c233e54a383098,delivered,2018-05-10T17:48:41.0000000,2018-05-18T15:56:43.0000000,2018-06-01T00:00:00.0000000,0,799.90,28.18,828.08,828.08
38971812f1db9e4a30885e5574dcbe53,735774ca9e99d1d85ae5f53b4958e6cc,delivered,2018-06-24T13:38:07.0000000,2018-06-28T21:46:43.0000000,2018-07-24T00:00:00.0000000,0,217.55,42.43,259.98,259.98
ee3fad68d0f56d60e91a2363ec879e44,aaaa6531d040b9cef69bf13af9be2fd6,delivered,2018-07-25T07:39:35.0000000,2018-07-31T17:08:30.0000000,2018-08-08T00:00:00.0000000,0,247.88,16.19,264.07,264.07
cf771efcb04c578f9d3619f2632d8333,fe55fedfef0683a529b51a9444214ea7,delivered,2018-02-12T17:33:54.0000000,2018-02-24T15:28:49.0000000,2018-03-15T00:00:00.0000000,0,74.90,12.65,87.55,87.55
d3c64cf55752f7821e85e7ea9b9b3f30,a14b17e55f117e4bf24cdd9d0e586c35,delivered,2017-05-06T11:20:18.0000000,2017-05-19T16:59:52.0000000,2017-05-30T00:00:00.0000000,0,328.90,10.96,339.86,339.86
37553832a3a89c9b2db59701c357ca67,7607cd563696c27ede287e515812d528,unavailable,2017-08-14T17:38:02.0000000,,2017-09-05T00:00:00.0000000,0,,,132.46,
3d34d8e3ea34d73617a75deea86ced48,b89010d4a6acaa06d4ef89043869838e,delivered,2017-11-30T11:05:02.0000000,2017-12-19T14:36:15.0000000,2017-12-22T00:00:00.0000000,0,89.90,16.26,106.16,106.16
de81104d0d1d1a5d4dd09e89a7ea4cd1,b9f21de0cf737e46054822f6082eaf31,delivered,2017-02-10T16:37:55.0000000,2017-02-21T15:36:07.0000000,2017-03-13T00:00:00.0000000,0,119.99,16.05,136.04,136.04
2d9ea2efa410b1efd6bbd47d126819b6,3a3fc10a053a684ea7b581c82916e794,delivered,2018-02-19T00:38:22.0000000,2018-02-28T23:53:38.0000000,2018-03-12T00:00:00.0000000,0,82.00,16.82,98.82,98.82
9f2ff91a3b8c4c34b7847c9c68971cfd,623438e09482cf7300ffdf9b95ffd9dd,delivered,2018-08-24T09:55:31.0000000,2018-08-28T16:12:10.0000000,2018-08-30T00:00:00.0000000,0,104.00,15.24,119.24,119.24
498a0b00b1c51a95e61baebf6379d76b,e60e08d06effbf35575193d851fd8007,delivered,2018-07-20T11:28:33.0000000,2018-08-07T20:28:32.0000000,2018-08-20T00:00:00.0000000,0,150.00,42.03,192.03,192.03
db115077a7bd949a515922eb40aea6c3,46ec8bcd9649f0f7bbb179bb59d6702e,delivered,2018-07-23T11:30:12.0000000,2018-07-31T11:02:27.0000000,2018-08-14T00:00:00.0000000,0,318.00,124.52,442.52,442.52
794f771a39b24c7c47aa9eb198f066ed,661652a4ba9255d6a913c339ee78d5bc,delivered,2017-11-26T13:24:33.0000000,2017-12-05T01:27:40.0000000,2017-12-15T00:00:00.0000000,0,24.90,11.85,36.75,36.75
75d4b0b71e66d09b6070bd54c61e20fd,88196bd808ae8abe1b944efe1807b508,delivered,2017-11-19T20:06:12.0000000,2017-11-23T16:39:05.0000000,2017-12-01T00:00:00.0000000,0,19.90,9.34,29.24,29.24
2cb414479754a8e1ed07eed0ccfc0778,a00cedaaa02a3875ce936ecf15c567b9,delivered,2018-06-03T09:59:42.0000000,2018-06-18T18:24:40.0000000,2018-07-16T00:00:00.0000000,0,399.00,39.48,438.48,438.48
b5e23127e5bc161906c1d23be69f7e16,6e916919988c15d61b259bc9494db0f8,delivered,2017-11-13T16:23:17.0000000,2017-11-24T18:03:13.0000000,2017-12-04T00:00:00.0000000,0,130.00,17.16,147.16,147.16
afe207b8795179c5b29bc4c2f0052178,712230fb56aeb8d9084bb813e3249a84,delivered,2017-11-30T15:27:05.0000000,2017-12-08T00:52:11.0000000,2017-12-29T00:00:00.0000000,0,110.00,14.50,124.50,124.50
ac2b7c522d811acba0aa270ed3e112e4,ef21aebbb093a6db29ccc6aa0b89c347,delivered,2016-10-05T15:08:00.0000000,2016-10-13T15:44:27.0000000,2016-11-29T00:00:00.0000000,0,294.90,20.34,315.24,315.24
1b99333d39cf95f48be3864b2e1e88b3,01b2ab1c903b4ecd0442a3ce48d89caa,delivered,2017-05-23T20:19:03.0000000,2017-05-28T12:22:32.0000000,2017-06-05T00:00:00.0000000,0,39.90,9.94,49.84,49.84
633dfa0c56ae5c0c7f2e90620ad55b2f,22e62a7227eb91f93cb55ef14a20cbd4,delivered,2018-06-22T13:43:19.0000000,2018-07-06T14:23:14.0000000,2018-07-31T00:00:00.0000000,0,29.99,26.51,56.50,56.50
8a0b2bc5c7a1c524635f4de8bae9dffe,764fb80689629a0092fa11ada23a0c4e,delivered,2017-11-23T22:27:55.0000000,2018-01-20T15:26:28.0000000,2017-12-22T00:00:00.0000000,1,970.00,38.30,1008.30,1008.30
fa4c0ad484374bf0485f99f6a57255a5,aaafc20a8e58530ecb72c7ec1f497fd8,delivered,2018-01-26T18:30:17.0000000,2018-02-01T19:18:05.0000000,2018-02-22T00:00:00.0000000,0,110.00,15.52,125.52,125.52
54bc2449fbe0368b74470e4280fe494e,bd2215daa338b34c697773ceff4e013b,delivered,2018-04-24T13:35:49.0000000,2018-05-06T16:42:23.0000000,2018-05-18T00:00:00.0000000,0,99.90,32.50,132.40,132.40
1f7ef4e37ca10d4ed60f43c7cf81e181,cfeec5b515f027e2d4374a9ed829307d,delivered,2017-12-15T21:32:23.0000000,2018-01-09T13:53:45.0000000,2018-01-17T00:00:00.0000000,0,24.90,15.10,40.00,40.00
d5211af24819d319c02a285e7bb51750,a6d8c2fa92836346256c28d885d9eea0,delivered,2018-08-03T16:29:05.0000000,2018-08-09T15:09:10.0000000,2018-09-05T00:00:00.0000000,0,159.78,26.97,186.76,186.75
db6a3a98e587a2b75215bf8f467d43ec,bff45358be29fb889f469bf4c74a1825,delivered,2017-12-01T21:39:03.0000000,2017-12-28T21:58:42.0000000,2018-01-02T00:00:00.0000000,0,115.00,18.06,133.06,133.06
477ee3f21cb7374ecfa12433c30f53f5,384a027682b0ddc9d88f4aab723d9730,delivered,2018-06-21T10:46:55.0000000,2018-06-26T17:07:43.0000000,2018-07-18T00:00:00.0000000,0,169.90,25.27,195.17,195.17
15d086bbbae9b9e4b50c916c919479ed,fa07ada3f850284255c79f6c93490991,delivered,2018-07-22T23:18:54.0000000,2018-08-04T10:31:38.0000000,2018-08-16T00:00:00.0000000,0,49.99,23.50,73.49,73.49
0daf1f0e67b534ad873ba61c5d6ad7d3,1681471e9172d7e12ba08e9ac9e8628b,delivered,2017-09-05T10:54:17.0000000,2017-09-19T15:35:03.0000000,2017-09-25T00:00:00.0000000,0,135.00,18.20,153.20,153.20
234c056c50619f48da64f731c48242b4,44e460a655f7154ccd9faa4dbbbaf68a,delivered,2018-08-14T14:49:15.0000000,2018-09-01T18:14:42.0000000,2018-08-23T00:00:00.0000000,1,59.99,15.72,75.71,75.71
62a56f9bfe98de42bcdbe6cc57284dfb,aa0a85e355a784775696142c2f29aa48,delivered,2018-08-08T01:23:58.0000000,2018-08-18T12:08:54.0000000,2018-08-24T00:00:00.0000000,0,25.89,22.90,48.79,48.79
a11ebb9e9f1a018eea99fe7105f2d897,10ee14e89676c9f43e64a67cae62823b,delivered,2018-07-18T18:42:47.0000000,2018-08-03T14:43:03.0000000,2018-08-13T00:00:00.0000000,0,94.95,38.94,133.89,133.89
bb2dfe6031f35f7abc9a3c7dad5e4467,01e0d4fb731e6ee47df3f3f179cc0a0b,delivered,2017-01-22T14:09:03.0000000,2017-01-30T12:37:55.0000000,2017-02-16T00:00:00.0000000,0,636.00,15.84,651.84,651.84
4dcc01481b7ab4f5f37c8eb4c4c67841,b2859fd419788314d84da3852630e56a,delivered,2018-04-08T13:20:21.0000000,2018-04-17T19:38:22.0000000,2018-05-07T00:00:00.0000000,0,53.99,18.26,72.25,72.25
662823ed689412b9a2e5085620e06070,b4214b2e14c916724d94efe51fcbd1f0,shipped,2018-03-15T15:57:24.0000000,,2018-04-05T00:00:00.0000000,0,39.90,22.93,62.83,62.83
4380bb6c7d8375926bbea2c8b514dc8c,11617a4c5fc72fccb4c2a53ea21c5a3c,delivered,2018-01-29T21:09:10.0000000,2018-02-14T21:43:34.0000000,2018-02-21T00:00:00.0000000,0,21.90,14.10,36.00,36.00
169f6274660e528484fd239aa7d27097,4cd756c714ca569c2450c24782004147,delivered,2017-06-27T17:58:14.0000000,2017-07-04T13:59:41.0000000,2017-07-10T00:00:00.0000000,0,89.90,34.79,124.69,124.69
bfafa269a969ef03e5db5dc7d7a72471,062328becf66582e5849b4f2b364b143,delivered,2018-05-02T22:17:41.0000000,2018-05-07T14:57:45.0000000,2018-05-21T00:00:00.0000000,0,72.00,19.19,91.19,91.19
a4163ebff79ff34a631c57d5350215ae,0b70134d7e2d9773897833e933c6ec5b,delivered,2018-03-30T20:27:16.0000000,2018-04-11T01:19:34.0000000,2018-04-27T00:00:00.0000000,0,97.00,51.18,148.18,148.18
7b2f3756c235e93b2ad6330c54805401,d79764082a836f215312d98c964ce478,delivered,2018-03-12T16:54:01.0000000,2018-04-09T22:08:51.0000000,2018-04-03T00:00:00.0000000,1,63.99,18.33,82.32,82.32
a890088df39d4c062a07081527034784,42532fb94eca7866bb4915e5cd46300b,delivered,2018-02-21T18:47:50.0000000,2018-02-26T21:28:51.0000000,2018-03-07T00:00:00.0000000,0,110.99,14.17,125.16,125.16
476984a30a6929077bedabbefc98ce38,98647ebe3068d5566c1c2cf026d72239,delivered,2018-06-20T16:44:28.0000000,2018-06-26T18:58:22.0000000,2018-07-19T00:00:00.0000000,0,68.00,30.28,98.28,98.28
48b7d84507eb52608a007fde9d641daa,cad2dc8d82cd9ccca487589a7fe62e6c,delivered,2018-05-07T15:38:06.0000000,2018-05-11T01:48:54.0000000,2018-05-17T00:00:00.0000000,0,40.80,8.29,49.09,49.09
d0e9849de800fdb4cb3b5e6d42c6b367,b634dded0d0e31b899f16cb02e0ed1d0,delivered,2017-08-31T11:38:18.0000000,2017-09-26T16:48:01.0000000,2017-10-05T00:00:00.0000000,0,56.99,28.80,85.79,85.79
7d1ac7d65c6b5d59a9ac241fa41da57d,dcc13a2d32ff7ec6e1920580280f704c,delivered,2017-06-16T23:17:41.0000000,2017-06-29T11:06:37.0000000,2017-08-02T00:00:00.0000000,0,19.99,15.10,35.09,35.09
4dadcd5f9e682c17fdc6dded70c048e0,e40265c6ceebf38ea830b695d9340bda,delivered,2017-05-07T13:53:39.0000000,2017-05-19T12:57:35.0000000,2017-05-31T00:00:00.0000000,0,26.33,15.10,41.43,41.43
8ad3f1d0f96992e43566c4c82c9f6c58,948b29e24216a05fea13a18d8db45ea5,delivered,2018-07-17T21:25:29.0000000,2018-08-14T04:04:40.0000000,2018-08-03T00:00:00.0000000,1,67.99,25.60,93.59,93.59
cdbe906438125d1d5bf88bb289f8ed61,af684ccf558442d5fa8d9daa7456ac76,delivered,2018-08-02T12:25:18.0000000,2018-08-06T13:28:35.0000000,2018-08-09T00:00:00.0000000,0,123.47,9.02,132.49,132.49
1107e64e1795b6cf551a7044612e8bd8,698e55af1f6f37f7f304a74eb93b85b0,delivered,2017-02-26T17:33:51.0000000,2017-03-21T11:43:57.0000000,2017-03-24T00:00:00.0000000,0,143.99,17.85,161.84,161.84
e9280658289b5c5215dcc3b7183c0541,74bbe1a0e4f06bd62ede6b5f239bfb0c,delivered,2017-10-24T09:13:05.0000000,2017-11-03T20:23:02.0000000,2017-11-16T00:00:00.0000000,0,18.90,16.79,35.69,35.69
ca290a06ee0945b956f79c93b5191633,acd575d7382968889f41a5a3f37510dd,delivered,2018-04-09T22:02:30.0000000,2018-04-25T13:33:24.0000000,2018-05-10T00:00:00.0000000,0,120.00,55.10,175.10,175.10
50fe82ce977520094518dd8618d7331a,80f93f1fabe7772d559a7c349667af0e,delivered,2018-05-24T18:32:11.0000000,2018-05-28T17:24:48.0000000,2018-06-11T00:00:00.0000000,0,6.00,7.39,13.39,13.39
443a73a22cd4e0078a47c275b358b786,317072fd23410f845f2d3beba3747e62,delivered,2018-05-16T12:22:12.0000000,2018-06-07T15:58:37.0000000,2018-06-08T00:00:00.0000000,0,51.80,36.46,88.26,88.26
d3ca7b82c922817b06e5ca21165c5ea2,d23df2c6c3e51d875f458d123b2b3c90,delivered,2017-11-16T13:54:08.0000000,2017-11-17T13:49:40.0000000,2017-11-29T00:00:00.0000000,0,99.00,9.51,108.51,108.51
962debbd5f682617761de8b0f7789bc5,5ed8d20445c356efaf39b27949caa8c3,delivered,2017-06-05T08:45:30.0000000,2017-06-13T16:48:22.0000000,2017-06-30T00:00:00.0000000,0,32.64,15.10,47.74,47.74
d57e15fb07fd180f06ab3926b39edcd2,470b93b3f1cde85550fc74cd3a476c78,unavailable,2018-01-08T19:39:03.0000000,,2018-02-06T00:00:00.0000000,0,,,134.38,
d8e2d2a26010eb732a91d8b6952e2c9e,9a516f56e5f6f198350066cc99339bb0,delivered,2018-01-11T12:20:07.0000000,2018-02-06T22:33:04.0000000,2018-02-07T00:00:00.0000000,0,69.90,29.90,99.80,99.80
f6f6a68d78c7dd4b319f6df3c846094b,aa012a8928021b41ea6de61e855880bc,delivered,2018-04-13T12:10:45.0000000,2018-04-27T11:58:45.0000000,2018-05-22T00:00:00.0000000,0,69.90,19.46,89.36,89.36
9d047c83463a30fcc3f2b361d9a33d2f,21f1477f3d02e7fd1ba28dc6c596dc17,delivered,2018-04-06T19:17:22.0000000,2018-04-26T15:03:49.0000000,2018-05-04T00:00:00.0000000,0,28.70,18.23,46.93,46.93
6a6c7d523fd59eb5bbefc007331af717,d954782ec6c0e911292c8a80757ef28d,processing,2017-11-24T20:09:33.0000000,,2017-12-20T00:00:00.0000000,0,129.00,47.61,176.61,176.61
0d5cbb8e4c1c7a7fc26899126197a6b9,6ca4c791dfb84fbc05cbe68d7d7a95be,delivered,2018-06-27T11:57:05.0000000,2018-07-05T15:18:47.0000000,2018-07-18T00:00:00.0000000,0,140.00,15.29,155.29,155.29
c1f0e475378c6500b5907a2134bda1da,5da0ca7784ca3dee567abe4c07800952,delivered,2017-10-18T15:53:45.0000000,2017-10-26T18:30:45.0000000,2017-11-10T00:00:00.0000000,0,37.99,16.11,54.10,54.10
80d36d94a5ac668fd0479b5e848207c9,3fb8a3a262c0e12894b068f551c9f006,delivered,2017-11-16T17:01:14.0000000,2017-11-29T22:48:59.0000000,2017-12-21T00:00:00.0000000,0,299.99,20.00,319.99,319.99
e91398c99556f8519e116e6ca4f774e1,e71b7daec09cf1f42e8764868665e5b0,delivered,2018-03-21T15:30:57.0000000,2018-04-06T02:02:43.0000000,2018-04-10T00:00:00.0000000,0,44.99,15.23,60.22,60.22
7d219bd2feeb13ad311a00db33c06a3c,3740f4d0edef80f567eca55830ec9e8f,delivered,2017-05-25T13:50:11.0000000,2017-05-29T16:52:10.0000000,2017-06-07T00:00:00.0000000,0,89.99,15.38,105.37,105.37
c9c52a849ead8fc8b85d828ae740ec78,411744ebdffbea1216c657a60472edce,delivered,2017-11-28T00:34:46.0000000,2017-12-09T17:42:09.0000000,2017-12-22T00:00:00.0000000,0,58.99,17.66,76.65,76.65
76a1ee4ee17ea3b77f3c483c0a73e9c1,e54533a3ffc29ddafdcfa45434b9b218,delivered,2017-08-05T14:39:14.0000000,2017-08-23T16:24:07.0000000,2017-09-06T00:00:00.0000000,0,45.00,34.15,79.15,79.15
3ec275bc012162de739c7ab6dcf11677,62b45594e877bd203ce2e49134b8ad03,delivered,2017-08-20T11:07:39.0000000,2017-08-25T21:12:14.0000000,2017-09-01T00:00:00.0000000,0,75.00,13.08,88.08,88.08
3c333445207b077f35c9e81a7e7c7273,346b61007a25104a5a1b25e1e68b16b0,delivered,2018-07-13T13:42:50.0000000,2018-07-25T14:02:27.0000000,2018-07-31T00:00:00.0000000,0,59.90,14.73,74.63,74.63
682fba8f9ac0c164d162ff702d6bcc23,2c07e5f16a6a9c98a3837783b7e6fc4a,delivered,2017-12-05T15:24:25.0000000,2017-12-28T22:19:10.0000000,2018-01-05T00:00:00.0000000,0,29.99,16.79,46.78,46.78
e897d96adf4da16805cd6faf2913ce48,ede6d420b95b2d4145c3e0de07483597,delivered,2017-05-06T12:28:42.0000000,2017-05-19T16:36:08.0000000,2017-06-02T00:00:00.0000000,0,798.00,56.89,854.89,854.89
1a4cc55b483d875e3b8bbd64a1b31bba,1a3fcb72ec1f37b5385e08237a40409e,delivered,2018-04-12T14:05:08.0000000,2018-05-09T15:08:44.0000000,2018-05-09T00:00:00.0000000,1,49.99,17.06,67.05,67.05
58b198357d2b68044f885a370a585ff3,8d7cf6fc4668c48859673a8e0fc8fa6a,delivered,2017-04-15T22:00:21.0000000,2017-05-10T12:48:08.0000000,2017-05-08T00:00:00.0000000,1,99.99,12.09,112.08,112.08
4190ab61a7fced69f3ee84d1da1120cc,3df7ff0b86935d5249e4d6cd56b89131,delivered,2017-12-08T11:38:00.0000000,2018-01-31T19:08:40.0000000,2018-01-11T00:00:00.0000000,1,172.50,38.76,211.26,211.26
0d13e311818a800d01cd46fb35dd3c27,7d61bddcc4435ac5dd586d751ebca204,delivered,2017-03-29T23:16:20.0000000,2017-04-18T14:29:48.0000000,2017-05-11T00:00:00.0000000,0,129.96,36.74,166.70,166.70
a06c43ed81f5c604287461f4d21949ce,da82d24c21654f951fedc813df8a5dc6,delivered,2017-10-24T17:39:10.0000000,2017-11-23T21:48:41.0000000,2017-11-17T00:00:00.0000000,1,108.90,28.14,137.04,137.04
f3c916d220c67cd493a09b5bb17bfc23,25175de148ab2040aa6fe34ca5eb0d15,delivered,2018-03-23T16:39:38.0000000,2018-03-28T18:21:15.0000000,2018-04-11T00:00:00.0000000,0,119.90,20.18,140.08,140.08
ccd7d6d23c5d29de6367dd5332aab16d,0ff9dc143472cb3ff41b9ae4a058b421,delivered,2017-06-05T11:44:22.0000000,2017-06-07T17:40:04.0000000,2017-06-19T00:00:00.0000000,0,14.99,7.78,22.77,22.77
919a615149354b4e074eff65adaeae81,ba8a4209b5b60ac17ac458fdf1d34ddb,delivered,2017-12-28T18:40:56.0000000,2018-01-16T18:43:16.0000000,2018-01-31T00:00:00.0000000,0,45.99,14.10,60.09,60.09
49e76d6a1b1f9ff4d04f85b2304ad378,c1055f5a8a55684492575d082da04127,delivered,2018-01-26T15:52:15.0000000,2018-01-31T22:57:06.0000000,2018-02-19T00:00:00.0000000,0,149.99,14.64,164.63,164.63
ed24759a0ae96582e88fdca0c0997d22,869c947685e4deaedb87bb36764949be,delivered,2018-03-24T11:58:06.0000000,2018-04-23T14:57:48.0000000,2018-04-23T00:00:00.0000000,1,79.98,22.87,102.85,102.85
27a78fdbe7b915a0596af3a5803a41cb,107d449d8a73c9dfd9673df8ea684348,delivered,2018-05-14T16:18:26.0000000,2018-05-17T22:54:50.0000000,2018-05-28T00:00:00.0000000,0,220.00,26.42,246.42,246.42
d118d545516947d2d82fda28e9d631af,8918dedf08a051aff27479246e74a5bd,delivered,2017-08-02T13:18:30.0000000,2017-08-11T14:40:06.0000000,2017-08-22T00:00:00.0000000,0,99.90,12.20,112.10,112.10
f343624eab419250ad81f1ce6be22c93,3fc0d940852ab274e532e80b1c1d5c2f,delivered,2017-03-07T11:47:20.0000000,2017-03-17T12:42:09.0000000,2017-03-28T00:00:00.0000000,0,69.90,15.70,85.60,85.60
1d5b194c01e762aa59a47ae8dca7199f,e5b2dea74bc86ced6b86f103ca99bcd9,delivered,2017-06-10T18:02:25.0000000,2017-06-19T18:33:40.0000000,2017-06-28T00:00:00.0000000,0,219.99,15.14,235.13,235.13
f98ae4bbfd1a32ea2104c8cf1f64dabf,427ebd67be61503c00a75d8915080a71,delivered,2018-02-25T18:53:53.0000000,2018-03-27T22:06:48.0000000,2018-03-27T00:00:00.0000000,1,27.90,15.10,43.00,43.00
7209ce21354cff1e1957b42ea0a76cd1,d2000bb65d12d7c93b7e27e6c961757d,delivered,2018-01-11T22:59:49.0000000,2018-01-18T21:42:54.0000000,2018-01-26T00:00:00.0000000,0,149.90,12.75,162.65,162.65
0132451f29a10b66a5cf1bacc85f9afe,1c5b37d20011c637ad1a5b6d423c7483,delivered,2017-11-08T17:08:56.0000000,2017-11-17T18:58:42.0000000,2017-12-07T00:00:00.0000000,0,179.80,35.76,215.56,215.56
f9f15e02ed74cf8a21b8266a55498942,e1f67a370030c2c5695ee3f95c44cd90,delivered,2017-10-12T21:46:31.0000000,2017-11-17T23:59:11.0000000,2017-11-13T00:00:00.0000000,1,89.99,22.95,112.94,112.94
d445a6e277eaa62900bc18d453d96d76,c2cd065252fa7ad04274d9d69dd9c09e,delivered,2017-08-03T10:39:39.0000000,2017-08-14T20:37:25.0000000,2017-09-06T00:00:00.0000000,0,199.00,26.42,225.42,225.42
e55e8c9f6f33a8562db1430444f22092,b16cd1296147fe2153a24ae9be382d68,delivered,2018-06-13T11:29:48.0000000,2018-06-25T16:34:43.0000000,2018-07-11T00:00:00.0000000,0,39.99,18.44,58.43,58.43
bd5c9d506fee7419ee3c669d0123a067,2f005421793ec9f86d5d654b8af675e1,delivered,2017-03-25T23:51:57.0000000,2017-03-29T11:45:41.0000000,2017-04-13T00:00:00.0000000,0,18.99,8.72,27.71,27.71
1f69e4870ffb8313df2fef3df0af2718,ff20530ce012df37828978c25f3dacac,delivered,2018-03-06T17:12:14.0000000,2018-03-14T16:04:34.0000000,2018-03-22T00:00:00.0000000,0,380.00,35.83,415.83,415.83
a236ae70310b60403c3adac81f96d5e6,972e7c5340efc85efad5a12e49eff86a,delivered,2018-07-16T23:40:37.0000000,2018-08-06T17:40:28.0000000,2018-08-06T00:00:00.0000000,1,122.99,63.11,186.10,186.10
673426deedf113369fd0f139e97ed084,133cb7dc019947e49b9541c6c2795ac8,delivered,2017-07-10T20:58:17.0000000,2017-07-28T19:03:09.0000000,2017-08-14T00:00:00.0000000,0,130.00,34.71,164.71,164.71
64ea4c51ad1203229ba011693f35da54,f384d3d46a938ede0333121a810b4d7d,delivered,2018-01-29T13:09:31.0000000,2018-03-02T22:15:36.0000000,2018-02-22T00:00:00.0000000,1,89.49,15.38,104.87,104.87
fbbd2907c49e21c3c105257b12772380,d177bd6051d525711221cfe59b43aa3b,delivered,2017-10-22T16:11:06.0000000,2017-10-30T20:54:30.0000000,2017-11-09T00:00:00.0000000,0,198.00,24.38,222.38,222.38
47cdb12caf2067098633bc9a0d3679f7,4d833833ec5cc5bb9e6c230820e4bc54,delivered,2018-06-24T11:32:26.0000000,2018-06-28T22:03:55.0000000,2018-07-16T00:00:00.0000000,0,119.99,25.00,144.99,144.99
aa2e81559d88cca16ac122e7627078c8,0d49e6cf6c6049404ab247c5d1ea4aa3,delivered,2017-03-27T14:04:58.0000000,2017-05-05T14:56:03.0000000,2017-05-02T00:00:00.0000000,1,99.00,26.43,125.43,125.43
c0e6116a3c6c2d732ec1b43bb7b5f307,b073fa2486ffea654bcd31968d03d8a1,delivered,2017-10-27T19:00:02.0000000,2017-11-01T19:32:24.0000000,2017-11-09T00:00:00.0000000,0,27.98,15.56,43.54,43.54
fe91d55ea129eb6d5a2d5fc82bcacbd0,a5d6b2f5be2eca026d50b24773ef1113,delivered,2018-07-16T08:52:35.0000000,2018-07-24T20:15:34.0000000,2018-08-07T00:00:00.0000000,0,29.00,18.30,47.30,47.30
a33e52fbf9a20b226a588f30d9aab612,8d8b4e6ab11b7c08be542cfa4ff6913b,delivered,2018-01-11T18:37:55.0000000,2018-01-31T18:58:36.0000000,2018-02-09T00:00:00.0000000,0,12.98,15.10,28.08,28.08
fdbd371c335ecb94ccb8a65c37d8ebba,021ccba47cb1118dfba3213180ffb44d,delivered,2017-12-25T20:14:34.0000000,2018-01-10T20:46:45.0000000,2018-01-15T00:00:00.0000000,0,37.99,13.08,51.07,51.07
c788aeedf593229d4ee84e790c2e5483,838aa327b0491d3cb3e9c1c6d9bb382c,delivered,2017-03-05T22:44:58.0000000,2017-03-20T07:23:36.0000000,2017-04-04T00:00:00.0000000,0,89.90,27.10,117.00,117.00
c4d5588c1ee36814fc302422334e67f5,4338285648648cd4a82f4498801ea736,delivered,2017-12-17T11:25:52.0000000,2017-12-27T10:19:26.0000000,2018-01-11T00:00:00.0000000,0,295.00,18.78,313.78,313.78
dd6d0f11a9c3d2abdc91e95b9598b332,e6c386cfd321a1708aa60ff6b8f46449,delivered,2018-01-11T21:42:30.0000000,2018-02-21T21:26:15.0000000,2018-03-01T00:00:00.0000000,0,1599.00,93.05,1692.05,1692.05
61e7365ad2e2ce5a3dbf650586623b7f,884e5773f9ec5902aec38d330c7daa7f,delivered,2018-08-14T16:20:40.0000000,2018-08-20T21:05:18.0000000,2018-08-29T00:00:00.0000000,0,81.35,16.76,98.11,98.11
18905a8655f8255bf50d2eeadce2641e,1aed7bcb3469dbda3ebc61b12938a4ba,delivered,2018-01-25T23:32:16.0000000,2018-02-07T17:27:46.0000000,2018-02-26T00:00:00.0000000,0,12.90,17.63,30.53,30.53
4ef04edb491b8cc23eabe782ced6715c,5db7793e5ba9211bf9e8176cb8bb3ecf,delivered,2018-01-19T09:51:37.0000000,2018-01-31T18:33:28.0000000,2018-02-14T00:00:00.0000000,0,56.99,27.25,84.24,84.24
af500adf58ab55b8bdd27be8cf81aeba,6fafe51f43d9aff93174e020cd452f66,delivered,2018-05-21T12:21:48.0000000,2018-06-07T20:06:04.0000000,2018-06-28T00:00:00.0000000,0,79.90,15.44,95.34,95.34
ca0400dec2c292340c373e63b1c2c597,2c8be64d4c648b0bbf8412c53761ae27,delivered,2017-11-28T10:27:09.0000000,2017-12-20T17:22:29.0000000,2017-12-22T00:00:00.0000000,0,679.96,77.72,757.68,757.68
965c963c874eedc47cd261cbe057121b,cf801016b25bee7696b5f84e5c944b34,delivered,2018-06-16T19:48:05.0000000,2018-06-27T18:28:25.0000000,2018-07-16T00:00:00.0000000,0,89.90,34.39,124.29,124.29
305b0101ce8f8fd2d7b32f7480340018,06872c61a13a4d027504dd0c15d43b72,delivered,2017-04-30T18:34:22.0000000,2017-05-16T08:57:50.0000000,2017-05-25T00:00:00.0000000,0,29.90,14.52,44.42,44.42
c5d58ec8e7e7184d9a9d42b75ffa002d,18e42e6a3b2022561588b6d32c036b52,delivered,2017-02-12T12:30:04.0000000,2017-02-20T12:29:30.0000000,2017-03-16T00:00:00.0000000,0,50.00,16.05,66.05,66.05
911fba382ab724c847ae5577e47949d4,838bc2ff67963202eb29e748923c15fa,delivered,2018-02-27T10:31:04.0000000,2018-03-23T18:42:48.0000000,2018-04-09T00:00:00.0000000,0,149.99,27.59,177.58,177.58
ee43d4bf4491386fa4837c502b9c3f4e,0324667bb97f2048e83f77d282a75fb4,delivered,2017-03-07T06:35:43.0000000,2017-03-20T15:04:03.0000000,2017-04-07T00:00:00.0000000,0,109.99,29.70,139.69,139.69
06bafdd8b6d0b5befb44337a7674a1ec,2b655432dbb2d5e62b02aee3eafada73,delivered,2018-02-10T11:48:42.0000000,2018-02-21T13:39:15.0000000,2018-03-06T00:00:00.0000000,0,79.00,12.05,91.05,91.05
492bed007520827cbed51959e4ce4385,ba5166acad480f24f1633e1b8ce21741,delivered,2018-05-28T12:53:12.0000000,2018-06-14T14:51:45.0000000,2018-07-11T00:00:00.0000000,0,75.90,18.41,94.31,94.31
df82ea7ca7f0f799161e0fd92c3ab96a,8f121fde1f03b4865ac871202143016b,delivered,2018-05-14T11:28:58.0000000,2018-05-19T11:18:41.0000000,2018-06-18T00:00:00.0000000,0,238.00,117.38,355.38,355.38
bd3f8b3f4ff1469c0709218f7fde9fe8,bcc8d940cce330c07102f7857ae2da79,delivered,2017-11-13T11:16:06.0000000,2017-11-29T19:11:53.0000000,2017-11-27T00:00:00.0000000,1,34.50,8.72,43.22,43.22
b23b43e19386862a7c0aaa27c80e782f,86de6692e6fdfad3c3221414dc73d4a9,delivered,2018-04-12T09:52:07.0000000,2018-04-17T19:24:33.0000000,2018-04-26T00:00:00.0000000,0,44.90,11.86,56.76,56.76
5f674c43ef69fe052df34f1519f7bc12,62c4b72afa074a0214ebbca36c89cbcf,delivered,2017-10-25T18:57:29.0000000,2017-11-08T21:33:01.0000000,2017-11-13T00:00:00.0000000,0,114.94,18.52,133.46,133.46
d965c84427fa1d6daad237adfbf75554,f481cadc657dd238cf73200b92292644,delivered,2017-11-17T13:00:10.0000000,2017-12-01T21:38:57.0000000,2017-12-15T00:00:00.0000000,0,388.00,25.59,413.59,413.59
7d7b903bbd7d3b762ad60115c30185f2,bf5f428a6f809242d47242a4159db97d,delivered,2017-08-14T21:13:44.0000000,2017-08-21T17:58:06.0000000,2017-09-01T00:00:00.0000000,0,107.00,16.38,123.38,123.38
0197cb265e2c84b9f89dfd784095d2f6,3971ac136496b4368c1431bb5bce0929,delivered,2017-12-21T20:55:24.0000000,2017-12-28T16:37:08.0000000,2018-01-30T00:00:00.0000000,0,320.00,58.91,378.91,378.91
103355b1bc5b63508c20e2b7eeb58961,f3d40ccfde2d918c886b7f2633a33d74,delivered,2017-03-01T18:29:06.0000000,2017-03-09T09:26:09.0000000,2017-04-03T00:00:00.0000000,0,110.00,29.81,139.81,139.81
6be749c0e984143242faa174d084889f,6c347ef65dd574fb9c2d654c3650fc43,delivered,2018-08-10T08:35:14.0000000,2018-08-20T22:03:36.0000000,2018-08-27T00:00:00.0000000,0,199.00,24.54,223.54,223.54
d2b9580c38485b5aa4eb815c689c3164,6133c673d6332117825558e7fbffba34,delivered,2017-07-19T16:45:17.0000000,2017-07-27T19:04:48.0000000,2017-08-10T00:00:00.0000000,0,132.90,15.68,148.58,148.58
90855e99e15fa22aff68cdb4323b27c9,b8f2034a26d0832f43daa3a588a9131e,delivered,2018-07-18T21:37:46.0000000,2018-07-26T20:44:34.0000000,2018-08-08T00:00:00.0000000,0,99.99,15.80,115.79,115.79
f3c95cc4d7074e5b709ac1a9c10dea1c,e05df6dee2d1b0a7782f771120b9e826,delivered,2017-01-22T16:10:09.0000000,2017-01-30T15:06:11.0000000,2017-02-16T00:00:00.0000000,0,14.50,10.96,25.46,25.46
802ee584365ed44c00f4207fb17ae67b,e66e06fdb34d8289533411b7061d19b0,delivered,2018-07-23T10:11:13.0000000,2018-07-28T00:40:52.0000000,2018-08-09T00:00:00.0000000,0,39.90,18.08,57.98,57.98
75d1b089800a77f3c4b653e297632423,5a5bee06f22d5f03e2d648c82571b4ba,delivered,2018-08-14T11:16:44.0000000,2018-08-21T11:48:48.0000000,2018-09-05T00:00:00.0000000,0,24.90,16.36,41.26,41.26
c761a8b74f1e876bc5efc4186f720e27,a8ed087e25b26fb64cbb99033eb243a7,delivered,2017-04-03T19:07:32.0000000,2017-04-11T14:25:21.0000000,2017-05-15T00:00:00.0000000,0,69.80,32.10,101.90,101.90
6d60cc495dfb5a5851f56f188c4e4059,2f49811c845d9978f54ea3f61741516d,delivered,2017-04-20T21:03:10.0000000,2017-05-12T12:22:06.0000000,2017-05-17T00:00:00.0000000,0,24.90,10.96,35.86,35.86
746347ecc5cc9cb88a346545608fb635,16110c3e157d455044ea08de22990cac,delivered,2017-07-26T13:47:20.0000000,2017-08-03T17:37:44.0000000,2017-08-15T00:00:00.0000000,0,32.70,17.06,49.76,49.76
6051e6d3da9a50b7325cbe9c81025062,c25122206bfcb3ffa950706e1cb10f2b,delivered,2018-07-03T23:40:16.0000000,2018-07-05T22:52:28.0000000,2018-07-19T00:00:00.0000000,0,249.49,9.01,258.50,258.50
f9ca536e1ef897f153c183d72ba141bb,a9f353609242c268174ec433f45f8440,delivered,2018-04-05T18:34:49.0000000,2018-04-19T15:38:45.0000000,2018-04-26T00:00:00.0000000,0,209.42,37.22,246.64,246.64
99fe1f54d97630a40c549779ea00e8c9,fa124303523931c3e5f132f33e9110fe,delivered,2017-05-16T21:30:59.0000000,2017-05-31T08:18:34.0000000,2017-06-08T00:00:00.0000000,0,189.90,17.09,206.99,206.99
03f83b59e7c7355647462745b18119f1,c1865c11ead00a1bcd19971382032e8a,delivered,2017-07-14T16:49:26.0000000,2017-08-07T17:43:07.0000000,2017-08-09T00:00:00.0000000,0,12.50,15.10,27.60,27.60
88c588c116fd06fb8e48dd83af88ec4a,8787c72a20002592238d7b80721ab729,delivered,2017-11-19T13:23:27.0000000,2017-12-22T17:44:27.0000000,2017-12-12T00:00:00.0000000,1,14.39,15.10,29.49,29.49
cf1bc456a0d5c63bb6c94d3b8b2c56e7,3957cd0afb5bb497ebba4cc825703737,delivered,2017-09-06T10:15:27.0000000,2017-09-19T17:54:20.0000000,2017-09-26T00:00:00.0000000,0,57.00,14.27,71.27,71.27
4f38a875c972c4803a792f62b999b4cd,00f73459a4d3be97ff307dc869da0aa9,delivered,2018-05-28T10:31:05.0000000,2018-06-07T12:21:51.0000000,2018-06-28T00:00:00.0000000,0,228.00,19.68,247.68,247.68
3bbbeac55063ea854a8b5d32a2cbf8b0,d0e3351321cbbc1e4928cac9201c4729,delivered,2018-06-09T18:56:00.0000000,2018-06-16T18:32:49.0000000,2018-07-03T00:00:00.0000000,0,139.00,19.94,158.94,158.94
1d767ef13195f2cb3337b6b077e1f752,9deaacc2a9d6b105c1e27790708843b4,delivered,2018-07-23T14:56:35.0000000,2018-07-30T19:44:49.0000000,2018-08-20T00:00:00.0000000,0,139.99,17.17,157.16,157.16
46f3c70ec2c3e58a0c126aeb5d10d9b9,627b92adad5c3e29a2c4518bfcf13fec,delivered,2017-09-11T19:42:40.0000000,2017-09-25T18:46:24.0000000,2017-10-11T00:00:00.0000000,0,599.00,96.61,695.61,695.61
7ab9c55c59eaeea579d047e2d8aaed81,feca0f935fcce79dd42d409d96af9645,delivered,2017-01-22T13:04:20.0000000,2017-02-01T00:52:30.0000000,2017-03-16T00:00:00.0000000,0,11.50,10.96,22.46,22.46
20a6605d8265ca357d15eaf4f6710f63,f3b9b8b6d11fc7c446254660648ca292,delivered,2017-05-14T14:56:41.0000000,2017-05-23T13:19:32.0000000,2017-06-06T00:00:00.0000000,0,89.90,15.38,105.28,105.28
8e96f3e6633f7601ec50f3a904c3a3a2,c5827b73d67d474d76a268f0dda54396,delivered,2017-08-28T18:43:50.0000000,2017-09-06T19:46:59.0000000,2017-09-08T00:00:00.0000000,0,44.99,9.34,54.33,54.33
d8917c684fbf577ca5d76423b29f29da,24e773830688359e8fbf7f89b2a303da,delivered,2018-06-30T19:46:13.0000000,2018-07-05T21:48:42.0000000,2018-07-24T00:00:00.0000000,0,109.90,13.43,123.33,123.33
6a3cdd7762dfe7bfa407496303097855,d4af21206f409c5ba8408216b06b00b6,delivered,2018-03-17T12:39:10.0000000,2018-04-09T13:32:46.0000000,2018-04-13T00:00:00.0000000,0,90.90,67.01,157.91,157.91
f312113915f8f85b447cbbb41a3bda73,228fa0775b9f2dd5df796a94425f18d2,delivered,2017-08-10T13:51:49.0000000,2017-08-16T20:34:51.0000000,2017-08-30T00:00:00.0000000,0,46.99,12.69,59.68,59.68
95d9d2979d40161be87292ff88563cba,e4721b61e8d2b4b85d606809f6baa292,delivered,2018-06-07T23:42:37.0000000,2018-06-16T16:44:34.0000000,2018-06-26T00:00:00.0000000,0,49.80,14.78,64.58,64.58
263ba12390d0fbce329dd16da8cd20f8,0005aefbb696d34b3424dccd0a0e9fd0,delivered,2018-06-20T09:46:53.0000000,2018-06-22T17:58:39.0000000,2018-07-03T00:00:00.0000000,0,134.90,12.43,147.33,147.33
a9b151f0c0471d9b2534fa73c9c0e123,2238c417bc745d8fa7d7389d8b22154b,delivered,2017-03-09T16:18:47.0000000,2017-03-16T12:45:39.0000000,2017-04-06T00:00:00.0000000,0,159.90,46.61,206.51,206.51
ddb0d201c7d2c8ce0e966d98128d16e9,254e327149dc394a4edc7ff695098547,delivered,2017-10-01T10:11:40.0000000,2017-10-05T21:56:00.0000000,2017-10-18T00:00:00.0000000,0,33.00,8.72,41.72,41.72
1446390485bfa8ea593dbd273d725218,60ed0bdf61ebb2ee39c9b7fa7dbb9ee6,delivered,2018-01-10T13:58:09.0000000,2018-01-17T18:47:03.0000000,2018-02-01T00:00:00.0000000,0,89.00,13.64,102.64,102.64
eea0eb694d4eb8ffa2ed9279f4c348e5,8a1218a76be2cca9f86e2a9618f61af4,delivered,2018-03-08T16:00:56.0000000,2018-03-14T16:27:39.0000000,2018-04-04T00:00:00.0000000,0,67.00,14.55,81.55,81.55
b323a1bf3949211f3d9fbc43772534e6,4ad5a269a2d59d2c83ac551b5c948c0a,delivered,2018-05-07T10:59:47.0000000,2018-06-09T19:36:43.0000000,2018-05-30T00:00:00.0000000,1,64.99,37.14,102.13,102.13
93483f560d46ab6fb3fbf571c59d78dd,6ce9b26c054b6e299e017f732a862b87,delivered,2017-12-17T22:49:34.0000000,2018-01-11T15:23:50.0000000,2018-01-19T00:00:00.0000000,0,129.00,20.14,149.14,149.14
f644267f332fbcb9fe143fbb7478441c,03c27921f605f0385f319ba1bbee389b,delivered,2017-11-24T22:21:21.0000000,2018-01-04T20:26:46.0000000,2017-12-19T00:00:00.0000000,1,84.90,38.14,123.04,123.04
351126ee473c51592cb591efea295181,73e06cdd33db85da3e3df5c0c8404718,delivered,2018-06-28T22:11:43.0000000,2018-07-05T16:08:33.0000000,2018-08-13T00:00:00.0000000,0,91.99,18.99,110.98,110.98
3d4359c9a8031f632995e7923608dd4d,a7b54e5d33e657bd68a2d411fbace435,delivered,2018-07-27T15:25:51.0000000,2018-07-31T19:18:49.0000000,2018-08-06T00:00:00.0000000,0,119.90,9.59,129.49,129.49
6c12feac9a308e1382d9b19cca7f20b2,5371894984937a27cf40c7d20699a786,delivered,2017-05-05T13:48:37.0000000,2017-05-10T09:03:40.0000000,2017-05-26T00:00:00.0000000,0,208.90,12.07,220.97,220.97
cc06813c8d9909633f390ed9b5df999f,640246e27e1df1ffe19d062550d0d5ab,delivered,2018-04-14T18:31:02.0000000,2018-05-17T21:43:34.0000000,2018-05-09T00:00:00.0000000,1,119.00,54.59,173.59,173.59
9a40a61b2f04271f655c7423a3fb82a7,9a28e3a685c60162824386a74a34771f,delivered,2018-03-27T15:55:38.0000000,2018-04-09T19:16:42.0000000,2018-04-16T00:00:00.0000000,0,115.00,15.69,130.69,130.69
14986dd5b5dc6b4203bda6666311e4d0,93f0c8eaf1b7a1c951d234d56b232e35,delivered,2018-08-25T22:17:18.0000000,2018-08-28T15:11:50.0000000,2018-09-20T00:00:00.0000000,0,155.00,14.30,169.30,169.30
338d39656f66d84fdf7b2d9b578121bf,66a1ad480e947477de23aa06e861feb9,delivered,2017-06-17T16:54:26.0000000,2017-07-09T13:43:40.0000000,2017-07-13T00:00:00.0000000,0,64.90,16.21,81.11,81.11
a027919471097ed720c04340e1495e1c,6df6c2eeaad604627aa688ae063741b2,delivered,2017-11-24T21:04:41.0000000,2017-12-18T18:42:42.0000000,2017-12-26T00:00:00.0000000,0,299.00,16.84,315.84,315.84
db2351cb5d7dbd5c45ac607d32f2cb9b,eb3203704b8613482fed4eb17ea5d66a,delivered,2018-01-25T11:11:12.0000000,2018-01-29T15:48:31.0000000,2018-02-19T00:00:00.0000000,0,54.90,13.40,68.30,68.30
a678d97aa95d0393384c211a82455e50,cc64309188751727fe403d8570630495,delivered,2017-06-06T00:11:09.0000000,2017-06-16T21:37:34.0000000,2017-06-20T00:00:00.0000000,0,16.50,7.78,24.28,24.28
7ce20b22753ccc86fdb3b6f7efefcc75,738612606cc6f7e646b915359c71ee4c,delivered,2018-07-25T13:25:20.0000000,2018-07-31T19:22:12.0000000,2018-08-15T00:00:00.0000000,0,58.32,20.36,78.68,78.68
f083654dfd0f9ad9ae0356bf7c68f246,2b4c285c63cde3581cb7d06b70db65c4,delivered,2017-07-23T17:53:00.0000000,2017-08-05T13:23:52.0000000,2017-08-17T00:00:00.0000000,0,299.00,18.53,317.53,317.53
53239db74c7835641f106ef90b3d0100,54f60df7bf8415b9714bd26eec037b2c,delivered,2017-07-11T17:46:45.0000000,2017-07-18T19:53:36.0000000,2017-07-24T00:00:00.0000000,0,119.90,35.00,154.90,154.90
7297f6bfea2a33ef176cff30f467aa41,b19a370495e4d833f7351b777ef67b4b,delivered,2018-04-16T13:44:10.0000000,2018-05-17T22:28:30.0000000,2018-05-10T00:00:00.0000000,1,19.90,18.23,38.13,38.13
9855054362f487c4f25172bd0b8a44cf,3ad37c1be46629ea6935f7eb2362b380,delivered,2018-08-15T16:30:22.0000000,2018-08-22T17:32:28.0000000,2018-08-27T00:00:00.0000000,0,112.01,15.88,127.89,127.89
95bf775f5db872acb7ac9cf5cdbbc292,ffc25a124da207c0b90a002ebfaa7184,delivered,2018-07-16T11:56:49.0000000,2018-07-23T14:42:45.0000000,2018-08-02T00:00:00.0000000,0,36.00,12.91,48.91,48.91
563404de47cdc6763e7eced487016b66,41a0f53af758a122ca3c491b62ee4949,delivered,2018-01-02T17:46:40.0000000,2018-01-10T15:57:20.0000000,2018-01-24T00:00:00.0000000,0,12.50,11.85,24.35,24.35
bcdbca456c84595f3dadfbef9eeeaf51,59cf1a479d104e38587b9fe9d60febe3,delivered,2017-04-03T22:19:08.0000000,2017-04-19T13:53:15.0000000,2017-05-04T00:00:00.0000000,0,34.90,16.05,50.95,50.95
2ba4074f243f2ec78961779a7c89b1c3,3e5d28a6beee2449a50a07da9866d2ba,delivered,2017-06-24T17:11:53.0000000,2017-07-03T13:39:31.0000000,2017-07-18T00:00:00.0000000,0,99.99,17.95,117.94,117.94
b2908d9328eb32bdb9b7ac1e197c05fe,65c295c5ac6110fc4214f32ab7df512e,delivered,2017-10-27T12:07:08.0000000,2017-11-14T17:47:07.0000000,2017-11-21T00:00:00.0000000,0,45.95,15.10,61.05,61.05
a69bb719ee2c8b4a25bf1a1a5f3ae686,561812638ef3a092f78f0c4a5f0c58c8,delivered,2018-06-13T09:46:14.0000000,2018-06-14T22:28:26.0000000,2018-06-28T00:00:00.0000000,0,99.90,9.45,109.35,109.35
02610d88ac343ed64988d2706ce3ebfd,e7214f2cd8744c2d6d53e74e226ad9de,delivered,2018-02-04T19:34:05.0000000,2018-02-22T13:27:53.0000000,2018-03-06T00:00:00.0000000,0,28.00,15.11,43.11,43.11
00bdcdda88e6b02977fc6ce3d412c600,45ba03e2c6bbb5dc48131ba32ec3ae5e,delivered,2018-06-12T09:51:55.0000000,2018-06-18T18:20:48.0000000,2018-07-24T00:00:00.0000000,0,118.90,18.93,137.83,137.83
b5ae10bf67afb6e14718789096f22787,f69cf4381400f65b36639b8e1c11092a,delivered,2018-08-12T19:28:01.0000000,2018-08-16T23:21:14.0000000,2018-08-22T00:00:00.0000000,0,1045.00,30.12,1075.12,1075.12
f7fd9088963ee4f442fd642219d80fb5,ee339bc1fd51a275cd44985a84e2515d,delivered,2018-04-23T10:50:18.0000000,2018-05-01T01:15:45.0000000,2018-05-17T00:00:00.0000000,0,69.90,0.00,69.90,69.90
bb2e64c3040ceb9b7ca2bfc602adca08,753bd08248a5fa2c21da47c01cfd83a3,delivered,2017-11-03T11:29:00.0000000,2017-11-08T02:42:06.0000000,2017-11-16T00:00:00.0000000,0,248.00,9.36,257.34,257.36
39e9813f11fbc948f71cfaf189976662,355474d121f6ea4623bbf34bbe80739b,delivered,2017-04-24T09:37:26.0000000,2017-05-11T20:16:48.0000000,2017-05-16T00:00:00.0000000,0,23.90,14.52,38.42,38.42
895e066de0072faddf0044db8e490353,82e5f3c993ab34fe01c61b83e0bd7efc,delivered,2018-04-03T15:03:21.0000000,2018-04-16T20:08:25.0000000,2018-04-20T00:00:00.0000000,0,359.00,17.39,376.39,376.39
3dddd02cc38fbaa0a544a1e928aee40e,d2157e41ca09bbe3a232a528d658195c,delivered,2018-05-17T16:46:58.0000000,2018-06-01T16:12:31.0000000,2018-06-11T00:00:00.0000000,0,49.90,12.79,62.69,62.69
96f182413ae321e91ee91f3e422c6416,fe4a4b61b1485be6c8e635377ea8f0ec,delivered,2017-03-15T15:54:53.0000000,2017-03-28T13:48:15.0000000,2017-04-05T00:00:00.0000000,0,76.49,15.30,91.79,91.79
eba18dfa91e31cf748f9f52b779f9ae8,7ffae0a2b02796d8e66fdbf0fa6e08b5,delivered,2017-11-14T08:13:32.0000000,2017-11-20T22:42:38.0000000,2017-12-01T00:00:00.0000000,0,23.99,7.78,31.77,31.77
5f071a8534fb6805fa6ec902f04219e4,a13d2d3b615e7782205484d9c603cbe7,delivered,2018-08-20T20:28:26.0000000,2018-08-25T19:04:45.0000000,2018-09-17T00:00:00.0000000,0,77.00,15.64,92.64,92.64
a41753c6a1d8accb89732e36243432d7,9c2f403519bcb363683a7179f0f94bd4,delivered,2017-05-12T10:51:43.0000000,2017-05-19T14:13:02.0000000,2017-06-05T00:00:00.0000000,0,29.90,15.79,45.69,45.69
d0a72f8bcc1f2045167eaa548647e77c,4f444b3b5cd86e70e2c49210020c5ba9,delivered,2018-07-03T10:03:33.0000000,2018-07-13T16:28:52.0000000,2018-08-02T00:00:00.0000000,0,159.00,63.13,222.13,222.13
1ac605c3c8e2ee53279c7b0bd52c6aec,4f86e2b6bb393847cfaca4bf4b1b82f6,delivered,2018-03-08T09:26:27.0000000,2018-04-06T17:45:29.0000000,2018-03-28T00:00:00.0000000,1,159.00,18.02,177.02,177.02
a17fec30c4ce5a766edee3f4c7701c0f,6b5ab683c44fe7723cc4dd9ad28ce19e,delivered,2017-03-25T19:13:03.0000000,2017-04-06T12:38:15.0000000,2017-04-20T00:00:00.0000000,0,49.90,14.52,64.42,64.42
0917636d789ce3b3eac37895935af5c2,fcba45767e1f02cc6c09f78e21e4e643,delivered,2017-11-24T22:09:42.0000000,2017-12-06T17:37:11.0000000,2017-12-15T00:00:00.0000000,0,69.90,15.24,85.14,85.14
9c1becadc6a0c6445eb02167b8d1bbff,fc788d5e3648d52793588cb90a77b5a1,delivered,2017-09-08T10:57:39.0000000,2017-09-18T19:47:50.0000000,2017-10-04T00:00:00.0000000,0,19.90,16.79,36.69,36.69
675bc8cd15e6b9225582b9161288670f,8a2d6290feaba2aea18c2b8a5a60cc32,delivered,2018-08-25T23:32:01.0000000,2018-08-28T17:36:21.0000000,2018-09-04T00:00:00.0000000,0,249.00,9.90,258.90,258.90
9dc9f2ae74e006656a3312dd31e76b5f,37d017dda9c2b37e56166ddeebc44140,delivered,2018-02-18T00:10:50.0000000,2018-02-27T17:28:30.0000000,2018-03-12T00:00:00.0000000,0,79.99,20.05,100.04,100.04
cfb361b2049fa0ddeb6ca3959fa0767d,6ab90ea7ad807500313f796a2b704335,delivered,2018-08-20T23:06:39.0000000,2018-08-22T22:34:34.0000000,2018-08-28T00:00:00.0000000,0,59.00,8.57,67.57,67.57
9370fc845feb5045400765a17c075cae,d020628b224f6a7738f735fa3f648cfa,delivered,2018-02-07T08:04:29.0000000,2018-02-16T14:53:06.0000000,2018-03-07T00:00:00.0000000,0,65.99,16.71,82.70,82.70
b26eb89dfb4e2d970274ef0c668fd43a,2ca8b7b3830f1551de4a0e4ea27a5e39,delivered,2018-03-17T19:59:25.0000000,2018-03-23T18:45:50.0000000,2018-04-11T00:00:00.0000000,0,55.90,13.51,69.41,69.41
61898b3ad4d51459e014bc6d4c2e7166,a9b67ff10261665661f54c364e82d9b2,delivered,2018-06-10T15:44:20.0000000,2018-06-15T17:27:44.0000000,2018-06-28T00:00:00.0000000,0,110.00,18.85,128.85,128.85
f76b895a9902ad634abed7eec3211a10,7ea778a6a19290dee846148b45c64f6b,delivered,2018-05-10T11:04:45.0000000,2018-05-28T16:08:59.0000000,2018-06-21T00:00:00.0000000,0,649.51,56.68,706.19,706.19
b9f23a5c0cbae81d8a326804b0c7513d,02a7a75320e787aa980907d0f647e508,delivered,2018-02-19T19:18:16.0000000,2018-02-24T15:27:31.0000000,2018-03-15T00:00:00.0000000,0,50.00,15.10,65.10,65.10
0ae7144116fa718b3bb90cd8d855713a,bb02acc51461fe7e45f7fdf63d18072c,delivered,2017-04-18T16:00:31.0000000,2017-05-10T07:47:41.0000000,2017-05-23T00:00:00.0000000,0,79.80,53.22,133.02,133.02
84398110dbaecfbc9ef3dc592c6b189b,add72faa5e3cf873054bb6ecd9472e4e,delivered,2017-04-12T02:16:32.0000000,2017-04-15T06:52:47.0000000,2017-05-04T00:00:00.0000000,0,49.90,8.72,58.62,58.62
c09652e16426e2ecbb85f2617192904a,d265ebaf9a745999a30e6a9eb778fe3f,delivered,2017-10-29T23:44:13.0000000,2017-11-07T21:28:49.0000000,2017-11-28T00:00:00.0000000,0,308.80,90.45,399.25,399.25
6f209510f34ce1a8c89d11273039981d,3523a3beae4b3f9d398b0cf0b2bcb630,delivered,2018-05-12T09:58:38.0000000,2018-05-21T13:44:46.0000000,2018-06-07T00:00:00.0000000,0,40.00,11.42,51.42,51.42
16e62e9da7d33d61b6f26ccf68bc962c,becd44b937217776c659d9465b22808d,delivered,2018-02-21T13:48:55.0000000,2018-03-12T23:36:07.0000000,2018-03-13T00:00:00.0000000,0,380.00,35.93,415.93,415.93
80b0f4fc350532f6e0ce9aa81ccde91c,d06f910929d7ece5e8090c5b4ef80b08,delivered,2018-03-01T16:51:27.0000000,2018-04-05T21:37:26.0000000,2018-03-19T00:00:00.0000000,1,204.00,14.45,218.45,218.45
0b50bea7ba1e8ba7a21b01b7c9d1350b,8c976a55940af1dcecf9aac47249aca9,delivered,2017-10-25T10:03:39.0000000,2017-11-08T10:55:38.0000000,2017-12-06T00:00:00.0000000,0,31.90,42.38,74.28,74.28
8ac7bcd85522aa82e2d89d27ea9cb818,0482519d5e3d179e7a3b00d6722bed50,delivered,2018-03-23T20:57:50.0000000,2018-04-04T00:21:27.0000000,2018-04-12T00:00:00.0000000,0,25.00,15.23,40.23,40.23
6a4b06a2b62d1f2c69cf1f7a4eae074a,a0d430c59b700550f20303fa1d6b2ba4,delivered,2018-04-13T21:18:46.0000000,2018-04-19T00:34:37.0000000,2018-05-23T00:00:00.0000000,0,29.90,16.95,46.85,46.85
6abaa1126b7b6ae01eb168ec3da96dac,6c2a5ea4fbd1854c3827a5e3b8eaf8cd,delivered,2018-06-16T19:42:55.0000000,2018-06-25T20:21:34.0000000,2018-07-16T00:00:00.0000000,0,49.00,18.44,67.44,67.44
f2e97c3464ad5fb53d6be7afcd0e3eaa,23a892e7d6549061e95045636c1c338e,delivered,2017-07-29T12:18:53.0000000,2017-08-07T20:45:46.0000000,2017-08-18T00:00:00.0000000,0,21.90,11.85,33.75,33.75
045c9852284420b9c02d156436e1481c,16c0be52bf7bf9069c6fa0d850c660ac,delivered,2018-05-16T16:38:10.0000000,2018-05-22T18:12:23.0000000,2018-05-30T00:00:00.0000000,0,39.90,15.23,55.13,55.13
3bb580c88504df63102b61f70164fb75,636f42c08bfabc00ce49edb5af4d4423,delivered,2017-09-14T19:12:49.0000000,2017-09-27T17:32:26.0000000,2017-10-10T00:00:00.0000000,0,249.90,69.21,319.11,319.11
1c5998a66da200447c5cbb528969a95a,42791e4b0de64923954b7905a4d523c6,delivered,2018-01-17T07:22:36.0000000,2018-02-06T17:13:15.0000000,2018-02-16T00:00:00.0000000,0,42.90,14.10,57.00,57.00
4edca0186e467f58fe99ab648f604ce8,1d06482d82c32c8752f4decbbffe7623,delivered,2018-03-14T15:55:57.0000000,2018-04-23T10:41:24.0000000,2018-04-16T00:00:00.0000000,1,104.00,24.86,128.86,128.86
714e2644ab665027234ed7a6b3e82274,a2ae1a05b2058776ab0138c75da742f8,delivered,2017-08-11T08:41:43.0000000,2017-08-29T08:15:48.0000000,2017-09-18T00:00:00.0000000,0,49.95,16.79,66.74,66.74
d16d35b47ec2d842e3846a4c7f4586d0,7b05d440176a2b2e195cc8957cbdfc8c,delivered,2017-04-04T13:15:05.0000000,2017-04-10T20:48:13.0000000,2017-05-04T00:00:00.0000000,0,59.90,17.85,77.75,77.75
54912035e047f9834df97cdfef0d2768,a28774056a751c7e8affbaff81fcd933,delivered,2018-05-13T19:57:13.0000000,2018-05-17T14:48:44.0000000,2018-05-25T00:00:00.0000000,0,13.65,7.39,21.04,21.04
9e5e54c4be8f6625005c76b7f8801ee8,6bfd1870443dc5b9f1297214b35e865b,delivered,2017-03-31T11:30:55.0000000,2017-04-05T12:42:54.0000000,2017-05-03T00:00:00.0000000,0,69.90,17.23,87.13,87.13
c7172e1a6b8de65fbc6e9e77afda672d,b1aa70fb1fe24bb15603aba207510343,delivered,2018-02-01T17:15:54.0000000,2018-02-16T12:33:48.0000000,2018-03-02T00:00:00.0000000,0,65.00,15.20,80.20,80.20
56472b840118d1bfb244c6cb42581ae6,98748c370ddce9072c32164a357de627,delivered,2018-04-20T12:53:58.0000000,2018-05-02T19:20:53.0000000,2018-05-29T00:00:00.0000000,0,299.90,19.98,319.88,319.88
fd180ff2363b236f823a4fa8a2a729f1,c8d8df677303b51ceb3ebd595969502b,delivered,2017-05-18T09:34:58.0000000,2017-05-26T14:45:57.0000000,2017-06-08T00:00:00.0000000,0,19.90,11.85,31.75,31.75
7c3e6d9d783f5fb5927a500abf1cfbaf,b1e99a86b163f1f25e7e0fa3360ad93d,delivered,2018-08-22T01:35:54.0000000,2018-08-28T16:46:41.0000000,2018-08-28T00:00:00.0000000,1,49.90,11.37,61.27,61.27
44fdca9e41cfd8248c3ac1e369447eff,21e121469a31f5b4e2eb5b6574359c4c,delivered,2018-07-02T14:20:11.0000000,2018-07-06T18:48:35.0000000,2018-07-20T00:00:00.0000000,0,132.20,16.03,148.23,148.23
90e4c72e836cb3e0bea6a31fd981a346,3ce8f9a70471f7eb4e9f4de10402dbec,delivered,2017-08-24T19:35:00.0000000,2017-09-01T20:13:10.0000000,2017-09-14T00:00:00.0000000,0,89.90,12.13,102.03,102.03
c6174e20db037528301ee8eaf325a469,a06d5e88e559441070e2c1e9d4be49b0,delivered,2017-11-07T09:23:40.0000000,2017-11-16T21:31:55.0000000,2017-11-30T00:00:00.0000000,0,199.80,35.90,235.70,235.70
eb366fe32c33e3b4037e9c3290b3ecec,998dd72620169c5d4946a893f4f8152b,delivered,2017-11-20T16:35:55.0000000,2017-12-02T21:08:47.0000000,2017-12-11T00:00:00.0000000,0,129.99,15.67,145.66,145.66
8dbdb81783a3c754dc9441826510a36a,2d0c34b4b379c290f079d39df12304e2,delivered,2018-08-10T14:54:25.0000000,2018-08-17T20:51:49.0000000,2018-08-30T00:00:00.0000000,0,102.90,14.30,117.20,117.20
8b37f436aea079bd73bbcbe103d14a0b,63d3bc89cf22616c68960d0d11258a5a,delivered,2018-01-24T20:07:10.0000000,2018-02-17T19:19:00.0000000,2018-02-16T00:00:00.0000000,1,579.00,15.55,594.55,594.55
5713bef560364e39ec1630ff62449492,793864114259d54262b38703f165acd2,delivered,2018-02-16T20:16:34.0000000,2018-03-12T23:56:17.0000000,2018-03-13T00:00:00.0000000,0,28.00,11.85,39.85,39.85
5a88502f6bbc1f8c972aa98c64830616,2fdfe901849d16dcfd92d3d8f4c5def3,delivered,2018-01-31T21:04:47.0000000,2018-02-07T22:58:39.0000000,2018-02-22T00:00:00.0000000,0,86.90,16.24,103.14,103.14
5d7f0dc1e401127edfe8b79e174a52c8,35014cd0cb1b0f81a7abee599b4d051d,delivered,2017-10-13T10:15:28.0000000,2017-10-18T19:32:50.0000000,2017-11-06T00:00:00.0000000,0,51.80,16.12,67.92,67.92
97d3d89c5b932c10e6d3d4d8c2ba7dd3,4fea6b3a96c9c399aef5540b38c7025b,delivered,2017-11-24T15:54:35.0000000,2017-12-05T18:19:02.0000000,2017-12-08T00:00:00.0000000,0,125.02,12.83,137.85,137.85
06ad94997dd34a7c2186b82d8e9be6a5,edc2830530b7d989c82121b21e1c229d,delivered,2017-06-15T16:02:23.0000000,2017-07-12T19:59:22.0000000,2017-07-20T00:00:00.0000000,0,59.90,16.86,76.76,76.76
99fa6518deac14b2890b49d1645d64be,c495ae8dfa83b158b111fc7b8304f032,delivered,2017-12-01T09:21:49.0000000,2017-12-13T17:35:03.0000000,2017-12-26T00:00:00.0000000,0,81.99,13.59,95.58,95.58
efe9bd98be3cb5cb5c87e7ca27abe613,37751e1671512ad89943d1615b563b1d,delivered,2018-01-21T13:28:36.0000000,2018-02-24T13:12:53.0000000,2018-02-15T00:00:00.0000000,1,45.00,16.11,61.11,61.11
83d47a55a238c75386e31ef70f5d8b45,99de3252658ad6466297273b6047f3cf,delivered,2018-02-01T14:44:21.0000000,2018-02-06T21:56:52.0000000,2018-02-26T00:00:00.0000000,0,52.00,11.73,63.73,63.73
cd81fccdeffb11e33de701e2c53c85c6,e07792fb0958a7d0faff87fb1aa58f8e,delivered,2018-04-26T22:47:26.0000000,2018-05-15T14:15:31.0000000,2018-06-01T00:00:00.0000000,0,53.90,29.71,83.61,83.61
7ebe19943d85e81a7b0eb108681276b7,fa3a8736d5ae8f7df9b0a4154d0b14dc,delivered,2018-07-22T10:28:14.0000000,2018-07-26T16:42:42.0000000,2018-08-15T00:00:00.0000000,0,169.85,42.09,211.94,211.94
2b0ff3c2ec4265091bba2e1e5d9aa762,ac9fafb8efe7023c1126fc949eaabdc9,delivered,2017-05-14T19:00:05.0000000,2017-05-18T14:44:11.0000000,2017-05-24T00:00:00.0000000,0,89.97,23.34,113.31,113.31
114e12eca60507f3e3153182f258684d,a7b3bd7ba727dae2bc4a68b78b7a7c64,delivered,2017-08-15T11:14:25.0000000,2017-08-29T19:41:49.0000000,2017-09-13T00:00:00.0000000,0,115.97,45.27,161.24,161.24
db0b67b642c6fdc947608f6b2108f802,4229505b5f66e1c3cc7cacd14af16a8f,delivered,2018-01-28T15:50:29.0000000,2018-01-31T17:08:35.0000000,2018-02-16T00:00:00.0000000,0,29.90,7.78,37.68,37.68
1133f2dfc033ba92bf6c470b20f6f332,e583c743a5c26e0870b08e4e6efeac7f,delivered,2018-05-21T13:31:41.0000000,2018-06-08T18:48:24.0000000,2018-06-14T00:00:00.0000000,0,34.99,18.23,53.22,53.22
275950acf4956dfc3d23514eb61f1d9b,b8c5e65ce798bc0c841638ea0960093b,delivered,2018-02-14T16:38:58.0000000,2018-02-27T13:39:14.0000000,2018-03-07T00:00:00.0000000,0,67.90,12.61,80.51,80.51
f5218a2401f92542f87b1de5bc3f92ff,997070d4812561b1a8ededcbb6c2429e,delivered,2018-03-02T11:04:18.0000000,2018-03-06T13:38:58.0000000,2018-03-14T00:00:00.0000000,0,38.98,16.54,55.52,55.52
e311f8fc30348d6213964a43f70f87fb,6ca7c0e971c24ce0931f148588ef23ce,delivered,2018-04-17T16:54:48.0000000,2018-04-24T19:28:56.0000000,2018-05-07T00:00:00.0000000,0,179.00,8.87,187.87,187.87
747996a66f5aa711deb8ae58f5ae46a0,ed1793d2d1e4175d5846ce7ebb4a01f5,delivered,2017-01-05T15:25:10.0000000,2017-01-16T15:18:08.0000000,2017-02-13T00:00:00.0000000,0,9.90,8.72,18.62,18.62
f396e1280028fa9c8c83111abee5f2e9,20f5a1cf347e797ab4f304906b1557b3,delivered,2018-07-13T20:58:24.0000000,2018-07-23T15:51:06.0000000,2018-08-07T00:00:00.0000000,0,417.00,38.38,455.38,455.38
08763574782690116475ea62ffdecadb,a2f475be29f915fa902863f62308df8f,delivered,2017-11-28T07:50:35.0000000,2018-01-03T19:24:57.0000000,2017-12-26T00:00:00.0000000,1,69.99,15.25,85.24,85.24
87afd3fd1ec1b984a228c772b5dd2a4c,7f47f37aa5317f1a00d397962a0dc7b7,delivered,2018-06-06T21:48:46.0000000,2018-06-13T20:41:21.0000000,2018-07-18T00:00:00.0000000,0,78.00,18.43,96.43,96.43
2d816b6a11ddd3843f307d1333321091,95303e4c9c23d67877e4b20afb04bfa8,delivered,2017-08-22T18:53:15.0000000,2017-08-25T20:12:31.0000000,2017-09-06T00:00:00.0000000,0,18.90,7.78,26.68,26.68
0f02ea56e4c9e7d30adb19a0c3e07b02,010099752e4ca60e61c8a4a669ea9fe5,delivered,2018-02-28T23:42:55.0000000,2018-03-14T00:58:46.0000000,2018-03-19T00:00:00.0000000,0,69.90,16.12,86.02,86.02
97fdf3115437c18e71138bdaa80ec60b,e3c94f7080293bcec3facb041c6d0f7b,delivered,2017-07-26T11:29:35.0000000,2017-07-28T21:10:50.0000000,2017-08-15T00:00:00.0000000,0,69.00,12.61,81.61,81.61
bceafe41324f7de517b199a7b4e2a074,86f9e3637836ff95e8e339223d2a136b,delivered,2017-08-06T23:40:08.0000000,2017-08-10T15:08:35.0000000,2017-09-06T00:00:00.0000000,0,18.99,16.79,35.78,35.78
86e6162676905a8c6ad0bcbd7df8debe,9846fec8bc074e976b741b9d766afded,delivered,2017-07-16T09:15:31.0000000,2017-07-31T13:35:52.0000000,2017-08-11T00:00:00.0000000,0,25.50,15.10,40.60,40.60
91d7491c6b0eada151a7e307697841bc,baa9fd7c59cbbfb067439f4ecd72e848,delivered,2018-08-17T07:59:51.0000000,2018-08-23T18:40:41.0000000,2018-09-04T00:00:00.0000000,0,66.00,7.72,73.72,73.72
dd480c63548e3c0b7219520e3784ebd2,a83a89abd16a03e6376fb659ca7b6612,delivered,2017-01-26T16:25:36.0000000,2017-02-08T14:47:25.0000000,2017-02-22T00:00:00.0000000,0,186.00,15.47,201.47,201.47
8cd615f11b504c1ea4ea2d07e7ac2930,ce022d7f2e8d5b3ea5884c8bdea62226,delivered,2018-03-16T13:57:53.0000000,2018-04-03T20:42:52.0000000,2018-04-11T00:00:00.0000000,0,26.74,18.23,44.97,44.97
a2fc0d6559cd85b95e1a02c8d97d55ec,2bdb2502a9b89d8f94ccf1ef7a9f0292,delivered,2018-04-18T09:55:14.0000000,2018-04-19T23:31:32.0000000,2018-05-04T00:00:00.0000000,0,19.99,7.39,27.38,27.38
a1ba9164e568e28f6977c343fb78e9b1,72600f002ba1550d6432cb91464f6969,delivered,2018-03-11T22:14:38.0000000,2018-03-31T14:18:36.0000000,2018-04-03T00:00:00.0000000,0,72.40,15.36,87.76,87.76
09bb35a3939c3181b4a5619cb3918976,b84438b09aa33a6e08673fe173f9796f,delivered,2017-11-26T03:42:06.0000000,2017-12-11T23:13:13.0000000,2017-12-28T00:00:00.0000000,0,99.00,17.94,116.94,116.94
760312f5735ee281f01e56d5ddee05e3,4b003ee1eabaffe8ff8e6d75394a9b42,delivered,2018-06-11T15:32:06.0000000,2018-06-20T23:08:27.0000000,2018-07-17T00:00:00.0000000,0,149.98,51.16,201.14,201.14
eb7aac057d7c17adb860b770451ae250,74df30b888082a6cfaeb6bbee623e6a2,delivered,2017-02-02T23:24:24.0000000,2017-02-15T18:51:40.0000000,2017-03-21T00:00:00.0000000,0,207.98,120.84,328.82,328.82
b9383cd99539eb0ccb11ab1a62bd0621,bd0c57b418e8b1cd0f10d87da71a403f,delivered,2018-08-02T20:38:59.0000000,2018-08-08T13:48:22.0000000,2018-08-17T00:00:00.0000000,0,59.90,18.52,78.42,78.42
92a9ef7f0a0d392c9ad0d5f44e86b4ba,4d8c75952e09254a602a3a059d0ac367,delivered,2018-03-25T16:43:56.0000000,2018-03-29T16:19:02.0000000,2018-04-06T00:00:00.0000000,0,35.61,22.17,57.78,57.78
dcc3610bd6745b8ec0d84354631fbd3d,060a46f3e1097e08371f2c8c7064156c,delivered,2018-07-22T20:04:02.0000000,2018-07-27T21:41:38.0000000,2018-08-08T00:00:00.0000000,0,120.00,20.03,140.03,140.03
939e85580cc5404abd2ba9df25330fb8,df059d8e5672ffde042a480870e4fbea,delivered,2017-07-10T18:12:09.0000000,2017-07-18T17:03:18.0000000,2017-08-10T00:00:00.0000000,0,39.60,17.60,57.20,57.20
d8a7be3bdd16ebaf4601bc8252f54a08,0308cb020fb67d56a42bf1296f77dfce,delivered,2018-08-14T01:13:48.0000000,2018-08-16T19:58:31.0000000,2018-08-20T00:00:00.0000000,0,119.99,8.10,128.09,128.09
a062c240bb299fa3f0ce55cf05ec8390,c305a666dd035c61be69f500d3a2ea36,delivered,2018-07-13T19:00:27.0000000,2018-07-27T16:58:54.0000000,2018-08-02T00:00:00.0000000,0,59.00,18.51,77.51,77.51
59a0b1e1b934789d033dfb98797d9d34,2fa6eb7ad02d5495e29bebb6d4774257,delivered,2017-07-20T23:51:43.0000000,2017-08-02T17:37:22.0000000,2017-08-21T00:00:00.0000000,0,121.90,38.40,160.30,160.30
af42887f85d980291a066176c4d13709,8f0b436a1be5cd29776f9ddb3bef133a,delivered,2017-06-18T19:51:54.0000000,2017-07-04T14:41:48.0000000,2017-07-11T00:00:00.0000000,0,71.80,28.20,100.00,100.00
0adf4c5c9a1399ceefdb7ba880df1ca7,eab22d3171e51fc2a3b380f5da7c7310,delivered,2017-02-22T13:22:13.0000000,2017-03-28T16:23:53.0000000,2017-04-06T00:00:00.0000000,0,115.00,30.01,145.01,145.01
7e3f9f89f31e57c84fe4ef9a5bb9bc1e,87b5d2464401b73336fefb8b1e3b91c7,delivered,2017-08-26T12:43:02.0000000,2017-09-05T16:00:03.0000000,2017-09-29T00:00:00.0000000,0,199.00,25.94,224.94,224.94
32931b358e8eb9042cf278a4e233321f,a791256150a6975326b329cad239f6f7,delivered,2017-07-02T19:37:07.0000000,2017-07-14T14:57:56.0000000,2017-07-25T00:00:00.0000000,0,488.99,23.91,512.90,512.90
83ea47ad24b5fce57aa5ade0fd069c94,6e8a9c87724e18b7e567193cdd3e4b45,delivered,2017-09-26T01:25:02.0000000,2017-10-13T18:32:35.0000000,2017-11-30T00:00:00.0000000,0,23.99,34.15,58.14,58.14
1f3fcd02b6ab99b6b499dcd412076175,4f0986f70a792beba9dcbf15c32ecd87,delivered,2017-07-17T13:51:31.0000000,2017-07-26T00:59:25.0000000,2017-08-01T00:00:00.0000000,0,145.00,9.76,154.76,154.76
1cbcc355e275e5143ab1dbf260ca14f1,1110eb4465d18a9b7c632cfc80fb53ab,delivered,2017-03-12T19:04:41.0000000,2017-03-22T09:08:52.0000000,2017-03-30T00:00:00.0000000,0,6.00,8.72,14.72,14.72
28b2d19e3d604381f30089a68a4e0831,3d8cfa48830149a95028f6dc880e13eb,delivered,2018-04-29T14:31:40.0000000,2018-05-09T23:12:02.0000000,2018-05-17T00:00:00.0000000,0,66.99,11.15,78.14,78.14
568b0f8bb1f7efe803f006abfd707e5e,05f92287b410b4a1b426167861698d3e,delivered,2018-02-26T11:06:56.0000000,2018-03-09T20:03:55.0000000,2018-03-22T00:00:00.0000000,0,46.99,17.63,64.62,64.62
ee038389c9f437f7c0e2d1b105a26038,5ad5c913900581e3ebd6c20ba68c5760,delivered,2017-07-02T12:03:31.0000000,2017-07-11T22:03:39.0000000,2017-07-25T00:00:00.0000000,0,269.00,37.11,306.11,306.11
5711d8a02451fd508dc8911ee1fb4ac9,1181d20ba074543832905275fd087e73,delivered,2017-10-27T16:44:14.0000000,2017-11-03T19:48:27.0000000,2017-11-22T00:00:00.0000000,0,199.00,18.10,217.10,217.10
9b2fa9acfe395734a133a58bcbfb9776,aeb0c5aea1d62b3e494a86bad308f85e,delivered,2018-04-25T01:03:27.0000000,2018-04-30T16:03:32.0000000,2018-05-23T00:00:00.0000000,0,274.90,43.47,318.37,318.37
7535955a5fee70328e9fe079653e03f1,68de9ab6df869e6c10cac725487ff831,delivered,2017-04-30T14:48:53.0000000,2017-05-09T08:03:01.0000000,2017-05-30T00:00:00.0000000,0,199.90,9.77,209.67,209.67
54d591a90dbfa19ae578252a9b5a2720,17b02ec522ef587a82a5b69450648f1b,delivered,2018-05-30T17:38:11.0000000,2018-06-11T18:03:59.0000000,2018-07-12T00:00:00.0000000,0,113.85,23.38,137.23,137.23
06875ab72c5b9bb2eb303a70031bfeb0,686ca7499141a82f95123c370af061b0,delivered,2018-01-11T20:04:57.0000000,2018-01-15T21:06:54.0000000,2018-01-30T00:00:00.0000000,0,39.90,7.78,47.68,47.68
4f32c93f66aadbd682294f5cedde7c18,3ca18278aa462567e7bb52302cff31c4,delivered,2018-03-10T16:15:17.0000000,2018-04-03T19:52:40.0000000,2018-04-10T00:00:00.0000000,0,199.00,38.08,237.08,237.08
8736140c61ea584cb4250074756d8f3b,ab8844663ae049fda8baf15fc928f47f,delivered,2017-08-10T13:35:55.0000000,2017-08-16T19:03:36.0000000,2017-08-23T00:00:00.0000000,0,75.90,7.79,83.69,83.69
39ca4fbb87367cf7440fc32125b86202,d43f72374abc7601531c7c806e7af444,delivered,2017-04-24T20:32:15.0000000,2017-05-02T13:11:43.0000000,2017-05-11T00:00:00.0000000,0,28.00,10.96,38.96,38.96
c9205528d5e1b823f414b4f15314c03f,525bd2d51afa1e21386ca55e0d0e2824,delivered,2017-08-21T19:33:15.0000000,2017-09-01T19:11:46.0000000,2017-09-13T00:00:00.0000000,0,44.90,15.10,60.00,60.00
25b6b32773813a83fe535d412fa6e805,71cc75a603db03ef612d52f9f223e68f,delivered,2017-11-26T17:47:17.0000000,2017-12-13T22:57:29.0000000,2018-01-03T00:00:00.0000000,0,79.00,28.95,107.95,107.95
d262943abbea3ae2db6528a4261ba247,6eae55140163e2af86907a15a478f2d2,delivered,2018-04-02T16:10:57.0000000,2018-04-08T21:19:30.0000000,2018-04-12T00:00:00.0000000,0,123.90,64.41,188.31,188.31
50c67fc0ce3ee7959b7dfeeabfbe6b78,4d69348be3bb86e3326bc320185c5438,delivered,2017-11-27T17:19:58.0000000,2017-12-04T17:54:51.0000000,2017-12-11T00:00:00.0000000,0,159.90,13.67,173.57,173.57
e5e7f892785fbe21a339bcd77efdae86,eb14560bdf0397941f4146f43f653496,delivered,2017-12-01T20:48:11.0000000,2017-12-07T22:29:32.0000000,2017-12-19T00:00:00.0000000,0,74.90,8.72,83.62,83.62
54c48a1401020a79d5d52ff20cb07aa7,64a321dafa36e657f430cd3c2d0c64a0,delivered,2017-04-06T13:45:15.0000000,2017-04-17T15:47:02.0000000,2017-05-10T00:00:00.0000000,0,99.90,11.31,111.21,111.21
4652332a6a0d39960cdec082ef7b52b8,877b18b6aaa2faadfbf88c43a9bd5c42,delivered,2018-05-25T13:28:45.0000000,2018-05-29T20:10:51.0000000,2018-06-12T00:00:00.0000000,0,139.80,24.86,164.66,164.66
0f93b20928bc59f8571a39b03ed0c1bb,027efc2251512b9150aceb9a5e5b7f53,delivered,2017-09-25T09:48:34.0000000,2017-10-10T22:58:36.0000000,2017-10-19T00:00:00.0000000,0,59.90,17.67,77.57,77.57
eb79e3366c1e8ef5a331f96b5c73995f,901f6c008611d3f7cd4a4a094c475408,delivered,2017-09-04T11:39:25.0000000,2017-09-18T16:09:57.0000000,2017-09-29T00:00:00.0000000,0,119.80,35.34,155.14,155.14
444ebbf5602b5acdad22e0b4a9951bda,a94259e3111386ff1ae6f1c3712fe6fb,delivered,2017-11-29T11:24:18.0000000,2017-12-09T15:36:43.0000000,2017-12-20T00:00:00.0000000,0,299.00,73.72,372.72,372.72
0acdae809654a2de1235d18a12cf73f3,3180b241917d07e27bd46aac80ded579,delivered,2018-06-14T11:29:22.0000000,2018-06-19T21:46:19.0000000,2018-07-05T00:00:00.0000000,0,42.97,23.10,66.07,66.07
38097aba0f729783af8bf48eabf5e496,5a07aa8c5c8860866b5557e83d75a4e2,delivered,2018-05-01T13:44:06.0000000,2018-05-14T14:08:54.0000000,2018-05-28T00:00:00.0000000,0,119.70,53.79,173.49,173.49
a3a3b0aaa23eddcb93f63fad71f13391,1bc91f030639254f22bf57fba7c51376,delivered,2017-09-12T08:16:19.0000000,2017-09-28T21:47:45.0000000,2017-10-05T00:00:00.0000000,0,46.90,26.89,73.79,73.79
a82922658c32130591989ddab7111ed6,841cf7b045782b0ef207f4d8305ea6fc,delivered,2017-11-02T09:30:52.0000000,2017-11-09T20:09:34.0000000,2017-11-23T00:00:00.0000000,0,599.90,17.79,617.69,617.69
b436fd24a04e7267307e1d900faa8eb1,20217ca968adf8f08c5916bf09c33d7f,delivered,2018-05-30T12:58:00.0000000,2018-06-04T22:46:39.0000000,2018-07-20T00:00:00.0000000,0,39.90,22.85,62.75,62.75
91c75b7ba1ec17918b96773bc0f8f443,41280f8f9f6be62c061b8af89ba9ef54,delivered,2017-05-05T13:35:44.0000000,2017-05-24T14:39:39.0000000,2017-06-01T00:00:00.0000000,0,5.99,16.05,22.04,22.04
ef5b03340b5839974405018a62e03f29,7c1e106bfe425aafa689ac08293ee6b8,delivered,2018-05-04T16:08:55.0000000,2018-05-09T17:57:27.0000000,2018-05-17T00:00:00.0000000,0,102.90,14.78,117.68,117.68
674b530698f9bd8a9167b30ed86bd51d,aa5dfb0872b3828aa250acb54d387266,delivered,2017-06-02T10:18:35.0000000,2017-06-03T10:57:54.0000000,2017-06-19T00:00:00.0000000,0,219.90,9.73,229.63,229.63
97c6f98cd025659444b815df5050d8d7,db5374a5a0de70b9b226cc07f00c7de3,delivered,2017-09-12T17:49:55.0000000,2017-09-18T21:44:59.0000000,2017-09-28T00:00:00.0000000,0,149.90,14.07,163.97,163.97
e2493d49c7ac426207fb7575814ebbd4,660e0dca520294ab5ff435d0298627f9,delivered,2017-12-04T17:16:55.0000000,2017-12-21T21:17:08.0000000,2018-01-09T00:00:00.0000000,0,27.99,17.63,45.62,45.62
be6e034d294e425c514e215bf0b7120a,ba7c84cd4d0db9d73b66a79e4d3e130c,delivered,2017-05-22T15:57:42.0000000,2017-05-30T12:13:30.0000000,2017-06-09T00:00:00.0000000,0,78.87,12.89,91.76,91.76
777ee9a9950b655601a65012d4e45584,14e5f1e56b5d74d9fe35c39e8ba04699,delivered,2017-10-08T14:53:58.0000000,2017-10-13T21:36:49.0000000,2017-11-01T00:00:00.0000000,0,210.89,38.81,249.70,249.70
f056d4857c146c38ff02566b3e152bca,fc6408fa8083f3c01b1f287709714321,delivered,2018-05-17T16:37:03.0000000,2018-05-22T02:40:39.0000000,2018-06-07T00:00:00.0000000,0,169.00,14.13,183.13,183.13
8e3f8be6e1ce8ec5b39dae59e0aabcff,6520161e793f944073a132d97e9af083,delivered,2018-03-23T11:07:13.0000000,2018-04-11T23:41:16.0000000,2018-04-16T00:00:00.0000000,0,118.00,36.58,154.58,154.58
12764e11143d316ea2257118daa2e3bc,3b06aeea8f6124ae0e66e6fd1fc97ade,delivered,2018-05-23T16:12:01.0000000,2018-05-25T20:49:46.0000000,2018-06-13T00:00:00.0000000,0,19.90,7.39,27.29,27.29
41f5e1d98c342beaa1234b59c89d9f6b,ea23ab6bcf9413b8841a1a69b9af0686,delivered,2017-08-11T10:47:58.0000000,2017-08-18T19:12:36.0000000,2017-08-31T00:00:00.0000000,0,299.00,13.59,312.59,312.59
ec3b583694db9a04ad2928a8f0546207,660673ec54a8b7fe75dcaea60f3f3e0d,delivered,2018-08-12T20:18:08.0000000,2018-08-16T19:31:58.0000000,2018-08-24T00:00:00.0000000,0,99.90,19.00,118.90,118.90
cc86a65e920aceb9fe3bbe49bab2bd52,23fa7a1513fdc2b37c2b1ebd9e1db2da,delivered,2017-11-24T11:34:37.0000000,2017-12-02T18:56:40.0000000,2017-12-19T00:00:00.0000000,0,29.90,16.11,46.01,46.01
1b462189eca41fdd61ad58561176b49c,65e5225058cf3dbaca1cdffb7c575dc1,delivered,2018-01-11T09:46:16.0000000,2018-01-17T18:14:24.0000000,2018-02-06T00:00:00.0000000,0,64.80,23.21,88.01,88.01
8944f7ffacbf68290782beb6f6d21ece,3b1cbf321a120453df51216a651815af,delivered,2018-04-06T18:05:05.0000000,2018-04-11T22:45:31.0000000,2018-04-30T00:00:00.0000000,0,99.00,23.46,122.46,122.46
c5e1ff5a434a0e128ac186bd92c1060d,9408366cfabe249cc4e4680dffb79c5c,shipped,2018-03-10T13:39:36.0000000,,2018-04-06T00:00:00.0000000,0,159.00,15.99,174.99,174.99
175455df986fe6b05091b1c9506897dd,c2a29d0111d9af12100ef59be89f5a2c,delivered,2018-02-03T13:49:19.0000000,2018-02-16T11:27:07.0000000,2018-03-08T00:00:00.0000000,0,22.00,15.11,37.11,37.11
f25bdf0565e54301739c402947f7644e,3b8927e91517d7827a76105d1fdd0e3f,delivered,2017-07-15T06:41:01.0000000,2017-08-10T20:27:28.0000000,2017-08-22T00:00:00.0000000,0,105.90,29.14,135.04,135.04
96c3a40e38272781dd5b3dfc4797e8f7,76ba803a22ca2f0892036acaead6a065,delivered,2018-06-19T14:58:03.0000000,2018-06-29T19:12:52.0000000,2018-07-20T00:00:00.0000000,0,246.00,19.84,265.84,265.84
a14f7f38d99c7aba5db1566db11660a2,ca08ac90cf5b8ff42d87a9d754c2374b,delivered,2017-10-15T01:57:18.0000000,2017-10-23T21:10:09.0000000,2017-11-07T00:00:00.0000000,0,79.90,19.80,99.70,99.70
51c68b0aedaa22a0b426f5635ac439b1,80f5dbd6c402fa67462768a508de4168,delivered,2017-05-22T10:27:43.0000000,2017-06-03T09:39:37.0000000,2017-06-29T00:00:00.0000000,0,370.00,29.44,399.44,399.44
da3c95552f6afd61ddc95ce17dc71606,9625c9b960cb2a2645738ad08d8fd709,delivered,2018-03-20T14:27:23.0000000,2018-03-27T13:21:08.0000000,2018-04-02T00:00:00.0000000,0,47.65,7.39,55.04,55.04
044d94a4ac73b24fe28ff5293ac35bd8,482d1baa7d2f9c4d4b54ae09215d39c8,delivered,2017-06-19T14:56:36.0000000,2017-06-26T08:23:37.0000000,2017-07-19T00:00:00.0000000,0,39.90,25.63,65.53,65.53
6c1d10d32b895709c06d162678e6bac6,c5cc9a7ee25b3dde1ed09c7568ff9f9f,delivered,2018-05-13T11:00:51.0000000,2018-06-02T18:12:20.0000000,2018-06-01T00:00:00.0000000,1,58.50,18.29,76.79,76.79
00946f674d880be1f188abc10ad7cf46,9583b047c90d4aa1c5c68b4065ba7f4e,delivered,2017-12-09T19:11:22.0000000,2017-12-17T10:19:09.0000000,2018-01-05T00:00:00.0000000,0,199.80,32.92,232.72,232.72
45bfddf12e8fd3de8dbda7b7208ec90e,a1882adbacee1e44d96f0635e70d7b2a,delivered,2018-08-01T19:18:06.0000000,2018-08-09T13:58:52.0000000,2018-08-16T00:00:00.0000000,0,96.80,14.98,111.78,111.78
c830f223aae08493ebecb52f29aa48ca,af626bcc9c27c08077b02e6d3aa00c36,delivered,2017-04-22T15:50:30.0000000,2017-05-05T13:27:50.0000000,2017-05-18T00:00:00.0000000,0,89.90,16.33,106.23,106.23
a72c97c2e824d70b13a34ed812529337,e32d47c3c13f1fcb93a32ce60f59e0d8,delivered,2017-12-09T09:29:19.0000000,2017-12-28T20:37:13.0000000,2018-01-04T00:00:00.0000000,0,21.99,14.10,36.09,36.09
911ac4b6a3d83be295853192aa63fbaa,4a9a0fbfec7f28adc3a7ab9ef3bdef08,delivered,2017-10-07T20:37:26.0000000,2017-10-11T19:28:53.0000000,2017-10-25T00:00:00.0000000,0,27.99,7.78,35.77,35.77
d873fac825acde118d8302108e56afff,8fc86d31af29c9a6ef80c6c950666adc,delivered,2017-07-13T09:00:21.0000000,2017-07-26T19:13:42.0000000,2017-08-16T00:00:00.0000000,0,199.00,29.79,228.79,228.79
4bf27cd715a4b7ccb0ea582b5b5fd639,56df3acf6826046c875a51d0db805524,delivered,2017-04-22T18:27:36.0000000,2017-04-29T11:04:15.0000000,2017-05-17T00:00:00.0000000,0,64.90,15.75,80.65,80.65
5246f33ed41cfa5f5b8f64e7bc8cf0c2,299f7b5125c8fbe1761a1b320c34fc7d,delivered,2017-05-05T08:45:28.0000000,2017-05-17T15:00:14.0000000,2017-06-08T00:00:00.0000000,0,52.00,17.20,69.20,69.20
250fc7597b92f3bb967c2c0a6bd70e1b,dfadcb615c5579faa9613dde872fa694,delivered,2017-09-09T19:37:39.0000000,2017-09-13T21:57:52.0000000,2017-09-21T00:00:00.0000000,0,60.00,8.72,68.72,68.72
5739eb8dc1389c46e5ff8fc605a6ba44,ef6ea276070642bfc9f21c5cd9cbdb43,delivered,2018-05-21T19:44:09.0000000,2018-05-23T16:33:19.0000000,2018-06-13T00:00:00.0000000,0,20.90,7.55,28.45,28.45
9e3239dcd0d89b2b4e9315e93f265c84,94fa5fb873b594639bd9eb8ebb2bbe8a,delivered,2018-04-16T10:16:00.0000000,2018-05-03T09:46:56.0000000,2018-05-15T00:00:00.0000000,0,59.99,22.13,82.12,82.12
a3de74fbe2db7081a1c0262272cd4283,bf565aadf676f4dd804dd19aa89aba19,delivered,2017-05-02T22:36:47.0000000,2017-05-24T11:28:58.0000000,2017-06-06T00:00:00.0000000,0,129.99,29.26,159.25,159.25
d2f2458326a050b121e7acd0e3506d8d,b807407e782f3147f465c29dbf75d286,delivered,2017-05-31T11:02:39.0000000,2017-06-19T21:29:44.0000000,2017-06-27T00:00:00.0000000,0,279.90,16.71,296.61,296.61
b3eb2b2fa446ec1d83a9ccb2dead8871,69fc759c2dd1b4ca51e0ffc8fa632455,delivered,2018-05-06T19:27:01.0000000,2018-05-10T16:15:54.0000000,2018-05-24T00:00:00.0000000,0,92.00,13.90,105.90,105.90
49b1ad01e0a81bc85a617086103e415d,476a4abbe9551a54f5a9d06bccd2fca5,delivered,2017-05-24T10:11:27.0000000,2017-06-12T10:29:38.0000000,2017-07-03T00:00:00.0000000,0,109.90,34.57,144.47,144.47
ad982819d59bc6c0fc50e08c0ee19e05,6aee223ad482dc78a0d4fe2f893c203c,delivered,2017-12-08T22:24:48.0000000,2018-01-11T20:18:26.0000000,2018-01-17T00:00:00.0000000,0,26.99,28.75,55.74,55.74
95fa26b6ea476ed040e592e0a825d6f0,9aad6db5643769b3d802a87328ec31e2,delivered,2018-06-06T13:48:42.0000000,2018-06-11T16:55:40.0000000,2018-07-12T00:00:00.0000000,0,149.65,14.04,163.69,163.69
8f08b9fbb16d480bcb3c53db1eaf49da,c0cec5fc3063db1248cadc8347e223ab,delivered,2017-12-28T10:54:18.0000000,2017-12-29T17:27:25.0000000,2018-01-17T00:00:00.0000000,0,109.99,8.02,118.01,118.01
88a01a140aa9a9b29927d71752e9b7cd,d420ffd55c04ab7659d5e02b1ea6e298,delivered,2018-02-27T07:37:02.0000000,2018-03-02T17:12:21.0000000,2018-03-13T00:00:00.0000000,0,274.00,31.51,305.51,305.51
b2bee079651c0bf6a1a92b39c2dbe5cf,abd052c275218899a215aa3dc9e1494a,delivered,2018-08-25T22:28:18.0000000,2018-08-28T14:21:00.0000000,2018-09-03T00:00:00.0000000,0,299.00,19.30,318.30,318.30
1913cee0f26c9b117da013a2efd6374f,7089a41f6a02e9b5784c67fbec78e82a,delivered,2018-04-04T12:35:08.0000000,2018-04-11T14:51:26.0000000,2018-04-20T00:00:00.0000000,0,37.00,12.79,49.79,49.79
6a1dff28da32815c94da401e19d2a7f8,29251d6a551cedc7040b152221744460,delivered,2017-03-21T11:33:31.0000000,2017-03-31T15:34:11.0000000,2017-04-13T00:00:00.0000000,0,30.00,10.96,40.96,40.96
f3edc8c0a39fd1b01507928af2a47448,0b859d5b44d9d4882ace2e2dc93cc213,delivered,2017-05-17T23:39:36.0000000,2017-05-26T11:56:47.0000000,2017-06-12T00:00:00.0000000,0,139.90,17.42,157.32,157.32
1c07c0999a3f88b8c1b95e9a07cf5564,b83d1e4c6e630ab8dd058360d47b4c17,delivered,2018-07-16T15:24:53.0000000,2018-07-27T17:56:37.0000000,2018-08-01T00:00:00.0000000,0,99.90,15.01,114.91,114.91
297a7adc75a9a48c518c7048426b9675,152d5eeccb9cbfd05ed8ab2395a14b66,delivered,2018-04-15T20:12:35.0000000,2018-04-24T13:13:03.0000000,2018-05-10T00:00:00.0000000,0,339.00,105.54,444.54,444.54
8368e1a19aceeac973a9eff4ac3245cc,271b5cf8d44f5321d8a512c459472fbf,delivered,2017-08-21T00:01:31.0000000,2017-08-30T17:27:46.0000000,2017-09-22T00:00:00.0000000,0,59.90,17.67,77.57,77.57
afffe744c625af23449137b8f832e630,b48ad91d707041578581aefae1f7c385,delivered,2018-02-25T19:13:33.0000000,2018-03-28T17:23:42.0000000,2018-03-23T00:00:00.0000000,1,179.70,53.01,232.71,232.71
5e8d0f2f1e06e715aee3eefe4c175e52,743dd95aefb65359afe92a764748251a,delivered,2017-11-28T22:50:22.0000000,2017-12-26T17:38:50.0000000,2017-12-19T00:00:00.0000000,1,597.90,21.44,619.34,619.34
947ee6ab639791b5711558a7e55cf98e,92a24fa199710ba33bab157e838a86e7,delivered,2018-06-11T22:04:34.0000000,2018-07-28T16:32:17.0000000,2018-08-10T00:00:00.0000000,0,2139.99,83.13,2223.12,2223.12
d85553b6a0d18ab73d361def4c79d08f,7181fcde3f0ce4dc47a9d1c64ed15b3b,delivered,2018-06-09T12:33:46.0000000,2018-06-20T18:52:08.0000000,2018-07-11T00:00:00.0000000,0,134.99,23.52,158.51,158.51
bd74c36a843f8560d4b4b2a902dfb22e,5c49d0bcb0f397a3a5dec5512755f848,delivered,2018-02-23T19:28:03.0000000,2018-04-03T19:28:37.0000000,2018-03-26T00:00:00.0000000,1,204.00,18.68,222.68,222.68
fa2cc48dfd7ce0f97490bb4ab4c98eb2,599eb3fb43b36d43156a5157c94000ee,delivered,2017-08-22T23:46:00.0000000,2017-08-25T18:06:57.0000000,2017-09-05T00:00:00.0000000,0,56.99,8.72,65.71,65.71
e8ba75632d34b2349d68fd8e37bcf6a4,aff6c1cbd702e9650fba803f5d7dc83c,delivered,2017-11-11T19:36:00.0000000,2017-11-21T01:54:25.0000000,2017-12-06T00:00:00.0000000,0,284.90,19.24,304.14,304.14
5881ef8fbe92b12cbfbe1a210afd221a,a95304becd09a127c1f2d609e2d6d34f,delivered,2018-06-12T09:56:21.0000000,2018-06-18T13:07:51.0000000,2018-06-29T00:00:00.0000000,0,49.90,20.99,70.89,70.89
38171cba31c7211ce21559574998ffdd,3b0f5b493b8a54c1298ae4edaa002fb0,delivered,2017-11-24T14:27:49.0000000,2017-12-22T21:09:18.0000000,2017-12-19T00:00:00.0000000,1,119.90,20.08,139.98,139.98
511c9c59155679bf85e46829de6bf067,8ad4ecbaa69e3b0119cadae300bd88f9,delivered,2017-02-08T11:04:56.0000000,2017-02-24T13:18:43.0000000,2017-03-13T00:00:00.0000000,0,242.00,19.82,261.82,261.82
a10231eb95955f12c2bbc1e34e25c950,ebc886e9e3226e7da3ccb10bba7c5c4e,delivered,2017-01-31T17:14:07.0000000,2017-02-14T18:09:22.0000000,2017-03-07T00:00:00.0000000,0,59.90,14.59,74.49,74.49
31ebb964e83b9262b17cf1583a3eb45f,2698695709c21e561e5aedcd0f297a69,delivered,2018-03-06T19:56:34.0000000,2018-03-22T21:14:52.0000000,2018-04-03T00:00:00.0000000,0,259.93,43.83,303.76,303.76
16dda44df2095f93a8e1390b77c2c048,21b4986e79d2c4215a20b1d560b9c51a,delivered,2018-04-11T10:49:26.0000000,2018-04-17T19:32:10.0000000,2018-04-27T00:00:00.0000000,0,25.77,7.39,33.16,33.16
c57d8a1fea15380a18f9f81e1096ac9b,2ef4b4c4630ad3c0f379af495307470a,delivered,2018-06-01T23:24:48.0000000,2018-06-11T19:08:48.0000000,2018-07-05T00:00:00.0000000,0,84.90,16.56,101.46,101.46
652c3ffc10b11f6bb6567b4976d901c6,bf766ad0f00b31ea37a0cd27a0e2b64e,delivered,2018-08-28T10:44:03.0000000,2018-08-29T20:48:39.0000000,2018-08-31T00:00:00.0000000,0,28.90,8.36,37.26,37.26
a611321b36103c43fd31f578c7c6e459,edfe8350920188f5738ab4ef3af21d62,delivered,2018-08-11T23:28:46.0000000,2018-08-18T00:22:36.0000000,2018-08-28T00:00:00.0000000,0,114.00,19.15,133.15,133.15
241a57ba96decfbe134f5c84f585f57f,b8426f2cfe27d43ae8077d218a3622ad,delivered,2017-11-10T17:21:48.0000000,2017-11-22T00:22:48.0000000,2017-12-01T00:00:00.0000000,0,31.00,15.79,46.79,46.79
3a129877493c8189c59c60eb71d97c29,0913cdce793684e52bbfac69d87e91fd,canceled,2018-01-25T13:34:24.0000000,,2018-02-23T00:00:00.0000000,0,35.90,15.10,51.00,51.00
67ba689f4426cad886c40eaf487258b1,70adc37c97e196449a2b5dd84465c4b3,delivered,2017-12-11T08:19:59.0000000,2017-12-20T20:29:02.0000000,2018-01-09T00:00:00.0000000,0,58.00,35.26,93.26,93.26
9a7c4a07a4b1d502cdba82f5b60123ab,8df60f4b5c7991242bdbde7c034f2057,delivered,2018-01-25T00:27:59.0000000,2018-02-14T16:48:46.0000000,2018-03-02T00:00:00.0000000,0,139.90,43.39,183.29,183.29
7d3d0586319a920f50ceec0a5a9eaf55,e46ace8865b4cacb79e81b14663ebeb3,delivered,2017-03-01T16:04:38.0000000,2017-03-14T09:53:43.0000000,2017-03-24T00:00:00.0000000,0,194.50,17.06,211.56,211.56
0417dce62cd5791d3d0005ca971b2ba7,b0962d2b8c090ec26077939595a5b00a,delivered,2018-03-19T05:02:28.0000000,2018-04-06T00:29:32.0000000,2018-04-12T00:00:00.0000000,0,27.99,19.04,47.03,47.03
45b0a671da62d1c868294b22b4837dca,790cbac97e71291719b52249d721519f,delivered,2018-01-22T15:35:47.0000000,2018-03-18T13:58:24.0000000,2018-02-19T00:00:00.0000000,1,149.00,40.37,189.37,189.37
c79a29817509b8122a3b3c3a24414866,d08fb3f54daea61a14946491f8cd4ad2,delivered,2017-10-11T13:57:07.0000000,2017-10-17T21:47:40.0000000,2017-11-06T00:00:00.0000000,0,92.90,14.38,107.28,107.28
779c166cb7fc9e9827102ea44e43b6c7,b9ba7233b3513f870b7ac3a5e0130234,delivered,2018-03-10T20:50:37.0000000,2018-03-27T20:47:25.0000000,2018-04-02T00:00:00.0000000,0,45.00,17.99,62.99,62.99
914e96369a010ec52a412b9d6a499e57,4eaea066b56bb518dd5180bfc10c6630,delivered,2017-09-21T15:43:41.0000000,2017-10-02T19:03:45.0000000,2017-10-17T00:00:00.0000000,0,69.99,15.24,85.23,85.23
a9de753e089dd4dadf7d3efa954e26c5,33d8e7921924c3b75975500363ac32ed,delivered,2017-05-27T03:23:02.0000000,2017-06-07T13:51:06.0000000,2017-06-27T00:00:00.0000000,0,83.36,16.34,99.70,99.70
8d52f577ba7567489fd16d17e594616d,e773252cc3222d0c3ae7694b271e2e32,delivered,2018-03-14T21:15:33.0000000,2018-03-19T23:27:23.0000000,2018-04-02T00:00:00.0000000,0,109.99,14.86,124.85,124.85
966d505c98ea667c11343331a5d67722,26b32bdec947c658c37dcfca2859bdf0,delivered,2017-08-03T19:48:22.0000000,2017-08-25T20:05:10.0000000,2017-09-01T00:00:00.0000000,0,39.90,16.79,56.69,56.69
96baca12064c33aaee05b2a4be3f3f2c,8b9918302ae3090aa6f372883638268f,delivered,2018-08-13T14:16:15.0000000,2018-08-17T20:58:47.0000000,2018-08-22T00:00:00.0000000,0,95.28,12.13,107.41,107.41
e2366f83c01269762e71b77254a6859c,faf620ef3ae77d18586f3d921d677e18,delivered,2017-05-20T12:41:12.0000000,2017-06-02T14:27:04.0000000,2017-06-21T00:00:00.0000000,0,199.90,17.16,217.06,217.06
741219cefb77a5c6acbbecafb6d0e6f5,5c7d83fc8f4fb37ef3efb3e08b693137,delivered,2018-06-30T13:24:32.0000000,2018-07-20T21:13:49.0000000,2018-07-27T00:00:00.0000000,0,67.90,18.58,86.48,86.48
8647ff7e5f9536a33f5e6fd7f2c08d2a,f277efbc37718499302b3e189bde8e35,delivered,2017-07-02T15:00:51.0000000,2017-07-12T16:12:36.0000000,2017-07-31T00:00:00.0000000,0,91.80,53.77,145.57,145.57
f18f5dcedf8a6caf530bf0cad9937b4f,d48b4e169e5bbf1d2a8a8e74bf4c1f87,delivered,2018-02-26T15:18:18.0000000,2018-03-19T20:46:42.0000000,2018-04-05T00:00:00.0000000,0,58.99,20.81,79.80,79.80
d8721b9f395286c3b43ff47a250ad40a,00b2b9682f5c2a1f7cf1312ce6a0ea9d,delivered,2018-08-02T22:09:44.0000000,2018-08-04T13:38:51.0000000,2018-08-08T00:00:00.0000000,0,128.00,15.41,143.41,143.41
4fa1b6d5d3ca98e8def932544cc51b90,c66b45c4e7a46b471b18da7f3f7a2e3b,delivered,2018-03-11T18:52:10.0000000,2018-03-14T17:26:39.0000000,2018-03-22T00:00:00.0000000,0,80.49,8.92,89.41,89.41
4d81d50f72f166b704ba664c8a1ddbd6,2d143929faefe132157fe22c40f72978,delivered,2018-04-04T10:40:21.0000000,2018-04-16T22:52:41.0000000,2018-05-02T00:00:00.0000000,0,150.00,18.93,168.93,168.93
3a6be3906d26bffb0ee2c640eb2ac480,f6fae9d4a652ea92e78dbc6956e0c0b8,delivered,2018-04-23T17:41:34.0000000,2018-04-27T21:44:40.0000000,2018-05-16T00:00:00.0000000,0,35.50,32.81,68.31,68.31
f64dd636875aef9058782fc05a867ec1,68420570763989d8da614b8da4c5c102,delivered,2017-10-25T20:00:39.0000000,2017-11-06T20:38:46.0000000,2017-11-22T00:00:00.0000000,0,86.36,29.00,115.36,115.36
84d6d9710c8af32b5e88f2d1c14ab871,1099d033c74a027a78c1d26e1de9c8ad,delivered,2018-01-27T22:09:48.0000000,2018-02-06T19:35:01.0000000,2018-02-14T00:00:00.0000000,0,49.90,7.78,61.70,57.68
08bdbdeaf1626720051193300f93806e,7a3bd3b37285f0ab25983420cbd01f4e,delivered,2017-03-09T16:43:40.0000000,2017-03-17T07:07:44.0000000,2017-04-03T00:00:00.0000000,0,396.00,77.12,473.12,473.12
86674ccaee19790309333210917b2c7d,1b338293f35549b5e480b9a3d7bbf3cd,delivered,2018-08-09T11:37:35.0000000,2018-08-14T18:51:47.0000000,2018-08-22T00:00:00.0000000,0,116.90,18.92,135.82,135.82
c6512da3ccb5263223de71b8888d4db1,d6e565ef81b0c1256bf8276040252672,delivered,2018-07-04T11:38:50.0000000,2018-07-06T17:18:32.0000000,2018-07-17T00:00:00.0000000,0,199.00,12.41,211.41,211.41
ceff6079b4931d865da8fad5286b30a6,e19cb9865a8f3c724df27b3397c68bd2,delivered,2018-01-18T20:07:53.0000000,2018-01-25T19:03:42.0000000,2018-02-08T00:00:00.0000000,0,248.99,60.29,309.28,309.28
27dc63ff0d925a8edb761ba595e543ef,85e3bad84251738643dbfdc9baa3e535,delivered,2017-09-26T15:15:34.0000000,2017-09-29T12:21:49.0000000,2017-10-11T00:00:00.0000000,0,89.99,8.82,98.81,98.81
2b8cfbbc8cc119621295c6a6028fa7da,f11a663853dc243e55733d1fb954a8e3,delivered,2017-04-30T11:21:39.0000000,2017-05-10T13:35:09.0000000,2017-05-23T00:00:00.0000000,0,229.90,21.92,251.82,251.82
b9b690e003beef9acdde2502dfc565e2,c465c80b3a11995fd2890c759421a7df,delivered,2017-07-30T17:48:59.0000000,2017-08-03T21:35:43.0000000,2017-08-18T00:00:00.0000000,0,109.90,14.50,124.40,124.40
7ca4e50d72a12009d398a335125b4871,0f9863eaf7169595f5a7699580ea5695,delivered,2017-02-07T11:44:41.0000000,2017-02-14T11:47:50.0000000,2017-03-16T00:00:00.0000000,0,142.99,18.09,161.08,161.08
5e4c365dd3cf7769a88981f408d069d3,15f7712bb12fe27068e5353d14503653,delivered,2017-11-21T21:31:09.0000000,2017-12-23T16:13:34.0000000,2017-12-12T00:00:00.0000000,1,89.99,17.88,107.87,107.87
3bc5517fcadd466c8f345fef8e529e95,11ce99b70d1025e5fc5e7a9237c529ab,delivered,2017-10-25T10:53:26.0000000,2017-11-13T19:37:51.0000000,2017-11-21T00:00:00.0000000,0,119.80,35.34,155.14,155.14
d0bec96aad189992b278688279ba1511,f4302056f0c58570522590f8181de2c7,delivered,2018-05-08T21:04:16.0000000,2018-05-21T13:06:35.0000000,2018-06-05T00:00:00.0000000,0,99.90,0.00,99.90,99.90
906aae501a08de5072a4db9471da01a9,b8db3ed2d28a258de61b1db21e042868,delivered,2018-02-19T22:35:48.0000000,2018-03-01T14:49:12.0000000,2018-03-14T00:00:00.0000000,0,23.99,14.10,38.09,38.09
ee89958a185022844bd25342c31208bc,59e64c4606d914bfa86bcf280f16bfeb,delivered,2017-07-10T08:38:43.0000000,2017-07-17T20:07:46.0000000,2017-08-08T00:00:00.0000000,0,195.90,14.39,210.29,210.29
4cf225bc6f9bf421b97987161b23cc57,aff70ffc7417c17ae1c223c119d2a4d7,delivered,2018-08-09T22:38:41.0000000,2018-08-27T16:41:46.0000000,2018-09-04T00:00:00.0000000,0,45.00,18.42,63.42,63.42
4ad1105e12f275c3475462d6811caf8b,45706797a925907d4ba536fb8c1e909a,delivered,2017-10-04T19:47:07.0000000,2017-10-30T20:21:07.0000000,2017-10-31T00:00:00.0000000,0,239.99,31.09,271.08,271.08
4091d93f24146cb228adc17dad467e8f,388305bba4b367ce3be7023f6edaeade,delivered,2018-07-17T20:00:31.0000000,2018-07-24T21:51:36.0000000,2018-08-03T00:00:00.0000000,0,70.00,54.57,124.57,124.57
efb6d19e3c56fa371d59421e45e53a49,e674bf9e1fd5863bbb4c72f95fdba39f,delivered,2017-03-22T09:02:29.0000000,2017-03-27T14:10:43.0000000,2017-04-12T00:00:00.0000000,0,98.00,12.08,110.08,110.08
105c228ee2f7c9c2a32d22cd2f8c8e69,e62a5e94613727832702b23913c1d649,delivered,2018-04-22T13:03:35.0000000,2018-04-25T22:14:29.0000000,2018-05-10T00:00:00.0000000,0,284.90,9.76,294.66,294.66
9a45c6dbf2fc4848e0a8883d4efe827c,a455f91b7ce36ac2eee4d8c54a05946c,delivered,2018-05-21T08:20:00.0000000,2018-06-04T18:06:32.0000000,2018-06-14T00:00:00.0000000,0,277.80,55.80,333.60,333.60
f72c493e7f65e42101baca23c7c2fd90,015bbed5b941c909ebf091ead5eb2a05,delivered,2017-07-27T18:04:06.0000000,2017-08-03T19:32:57.0000000,2017-08-18T00:00:00.0000000,0,189.95,21.82,211.77,211.77
d51b2f84d150215cc2dedd0b60308876,ef1de028f62249d1a7127ff7287a6f54,delivered,2018-02-19T14:16:27.0000000,2018-03-02T17:31:31.0000000,2018-03-14T00:00:00.0000000,0,120.00,16.60,136.60,136.60
cee9f1845c95efd83885a0b2f7a22b83,4d47b7a61cf3d32d4ec12b531a57539b,delivered,2018-07-29T12:47:00.0000000,2018-08-03T18:20:55.0000000,2018-08-10T00:00:00.0000000,0,44.90,19.50,64.40,64.40
4b80b55b32a3549ec05578e46a0f4021,c4184e264c25f060e2022b22c098ab18,delivered,2018-08-12T15:54:57.0000000,2018-08-22T22:04:10.0000000,2018-08-20T00:00:00.0000000,1,1240.00,51.39,1291.39,1291.39
27b47ff9a743a8a7404a2f8c1037dec6,826c02f105be443173bcffb209476da7,delivered,2017-02-17T19:52:15.0000000,2017-03-08T12:14:36.0000000,2017-03-30T00:00:00.0000000,0,37.99,24.84,62.83,62.83
a7737f6d9208dd56ea498a322ed3c37f,3c18db09bbaf1ef66e568bc610fc3e9f,delivered,2017-10-23T23:35:39.0000000,2017-11-06T18:33:17.0000000,2017-11-16T00:00:00.0000000,0,37.80,30.20,68.00,68.00
62299c8f38bd519b17ca538c3232004b,12097fd2d4e0e9dd4fe1dff039f63b70,delivered,2017-07-09T23:32:06.0000000,2017-07-14T17:47:39.0000000,2017-07-31T00:00:00.0000000,0,34.90,12.23,47.13,47.13
0d17a5f9272e9cf9e9883f404fc61edf,3702c8f6ec51b4c67a7c73594f30fafe,delivered,2018-04-06T09:04:13.0000000,2018-04-09T15:38:50.0000000,2018-04-23T00:00:00.0000000,0,39.99,8.88,48.87,48.87
6dab6db52d5bc33fff997ca478ef2f5c,b83ce55fac1144714d63a72e62ed51e7,delivered,2017-04-12T11:02:29.0000000,2017-05-09T06:35:53.0000000,2017-05-16T00:00:00.0000000,0,59.90,26.89,86.79,86.79
e5858127da61f07285827883e605254b,bcd15e6f5399f2899de4482cf6783dae,delivered,2018-06-21T15:42:55.0000000,2018-06-25T14:28:27.0000000,2018-07-13T00:00:00.0000000,0,99.80,15.00,114.80,114.80
31570df15e703d337b7b8a1d1ddcab6b,f94b42a1fbdacb6be65b3f64cd68ce5f,delivered,2017-10-20T14:00:10.0000000,2017-11-06T18:22:35.0000000,2017-11-16T00:00:00.0000000,0,110.00,36.85,146.85,146.85
ad133696906f6a78826daa0911b7daec,e6f5b234bb0d847f10eebd70130c5d49,delivered,2018-06-15T15:41:22.0000000,2018-06-22T18:09:37.0000000,2018-07-18T00:00:00.0000000,0,199.90,19.50,219.40,219.40
1342ab50383d7471a3bfd75ca93d38d6,a31f3b93bfe2d5bd18745603e3e537c5,delivered,2018-08-23T14:56:46.0000000,2018-08-30T15:06:32.0000000,2018-08-31T00:00:00.0000000,0,49.89,17.28,67.17,67.17
1cd4fb5e05e05b44a8a827fd5187095c,40b2c0070ab6f34ad350cbfb37d7a64b,delivered,2018-01-13T17:59:46.0000000,2018-02-02T23:33:20.0000000,2018-02-14T00:00:00.0000000,0,189.90,18.58,208.48,208.48
b760d6b613bc2bca107e3c852501e649,7cab83679b4b4b94a7783cddb27224f2,delivered,2018-01-31T20:45:16.0000000,2018-02-25T15:33:14.0000000,2018-03-05T00:00:00.0000000,0,880.00,66.90,946.90,946.90
56a9371475e5344f96ca0933a17215ea,a31d81182a35974e456ae872e2fd62bb,delivered,2018-04-29T15:13:57.0000000,2018-05-07T18:51:54.0000000,2018-05-24T00:00:00.0000000,0,64.89,22.16,87.05,87.05
564a38ee15a841a89a3e5c64fc8c0ce6,e200b9823371b1da02a7ac74702a1f3a,delivered,2017-08-30T17:49:11.0000000,2017-09-06T22:42:22.0000000,2017-09-21T00:00:00.0000000,0,149.00,15.79,164.79,164.79
19e234aee52e37132b0b4fcfb8465f88,9801a1119c91032c99a15a846d4f5aa0,delivered,2018-06-04T22:44:24.0000000,2018-06-12T19:03:21.0000000,2018-07-05T00:00:00.0000000,0,99.80,34.52,134.32,134.32
798b9fc552a89606eb4d38b1f8a4760e,3c2317ef8102b203b9857304ca808858,delivered,2017-06-06T11:40:14.0000000,2017-06-26T13:29:54.0000000,2017-07-13T00:00:00.0000000,0,115.00,54.48,169.48,169.48
a58d74cd27d1a011ef6d4876466cee70,5b79686b44ff3de0d593d16b9e98484e,delivered,2018-04-01T13:54:37.0000000,2018-04-12T21:12:11.0000000,2018-04-23T00:00:00.0000000,0,11.60,18.23,29.83,29.83
511da260161b881c22b3608bed0044e5,976413d083d598716701e20d0cd9d56b,delivered,2017-08-27T20:44:40.0000000,2017-09-14T23:00:42.0000000,2017-10-03T00:00:00.0000000,0,37.49,25.63,63.12,63.12
34c194055d9ef88a32906284191174df,af86c43027ee9c1f73233d9d55783c00,delivered,2017-04-08T13:01:30.0000000,2017-04-12T10:26:31.0000000,2017-05-04T00:00:00.0000000,0,39.90,20.43,60.33,60.33
c46deef64dc8913af348b596ff4fc40d,485e5344b94b80fc5ed918cc14a7414e,delivered,2017-12-11T12:49:55.0000000,2018-01-04T11:25:01.0000000,2017-12-28T00:00:00.0000000,1,45.90,7.78,53.68,53.68
72bd19ef4fa285334b95bda01a3718c7,df0aa5b8586495e0ddf6b601122e43a1,delivered,2018-05-09T13:01:24.0000000,2018-05-16T16:58:37.0000000,2018-05-25T00:00:00.0000000,0,45.00,17.06,62.06,62.06
db65bf4cccb652a88bf890bd8a69cdc8,a3fd85d47dab4959cc2103f846c3de65,delivered,2018-02-23T20:39:32.0000000,2018-04-02T19:38:31.0000000,2018-04-03T00:00:00.0000000,0,284.00,39.54,323.54,323.54
9b4d44f88d31a9b5149bba90b6fb7b7d,36ab33aeafca98cf78d91fecb98faf0d,delivered,2017-11-27T11:07:56.0000000,2017-12-05T20:40:03.0000000,2017-12-29T00:00:00.0000000,0,49.90,14.10,64.00,64.00
74016effecaa79d592487f6a4ee47d4b,6cf4840b6dfe102270032fca98880fc2,delivered,2017-02-18T10:39:14.0000000,2017-03-21T08:37:58.0000000,2017-03-21T00:00:00.0000000,1,36.99,14.52,56.96,51.51
7f63d30a32c2ef0e63febfbc91b9a132,9f258623281e8e6c74463a67f640c4c5,delivered,2018-01-11T22:57:36.0000000,2018-01-30T17:28:51.0000000,2018-02-01T00:00:00.0000000,0,70.00,12.83,82.83,82.83
8187896518689722d7c05bfbaeed0933,c499f24d5aca03c90fa6ee05d32d0988,delivered,2017-11-29T14:11:10.0000000,2017-12-26T19:22:50.0000000,2017-12-22T00:00:00.0000000,1,28.90,15.10,44.00,44.00
d74283a9b897322afe09916280aca43f,ab03bccde4f2b55784632db691ee3fab,delivered,2018-05-17T19:06:09.0000000,2018-05-23T14:25:13.0000000,2018-06-01T00:00:00.0000000,0,39.99,14.44,54.43,54.43
00b1cb0320190ca0daa2c88b35206009,3532ba38a3fd242259a514ac2b6ae6b6,canceled,2018-08-28T15:26:39.0000000,,2018-09-12T00:00:00.0000000,0,,,0.00,
845f40ca6f1b315562f20fd125f93330,a8d44d89ce95add58cf1e8a2f41304a0,delivered,2018-07-01T22:27:13.0000000,2018-07-06T17:57:55.0000000,2018-07-31T00:00:00.0000000,0,299.00,33.14,332.14,332.14
7032fb16c3a9d982c9aa86f47cefdd3e,d946aedc7ae05f2259b2c2f9342e6272,delivered,2018-04-02T10:08:40.0000000,2018-04-05T18:20:58.0000000,2018-04-12T00:00:00.0000000,0,39.00,8.88,47.88,47.88
b98a5e1f2c386eb67df00a633c98848e,56fa5b86733fcb9203489a4b36c6c73f,delivered,2017-10-09T15:55:37.0000000,2017-10-11T16:52:58.0000000,2017-10-23T00:00:00.0000000,0,294.99,14.90,309.89,309.89
9e6bc602a2466daa94736f31d1319c5d,8338cddb98bbda6167cbec66540a8942,delivered,2018-05-26T17:57:44.0000000,2018-06-04T22:35:48.0000000,2018-06-29T00:00:00.0000000,0,332.57,24.07,356.64,356.64
511629b91fcfb73e2e7ee747102a9ffd,9ccdd15c9060a6ea0d5f0abbb7324022,delivered,2018-01-19T11:57:08.0000000,2018-01-24T12:08:05.0000000,2018-02-09T00:00:00.0000000,0,155.90,14.11,170.01,170.01
689624d719c9fffa2c4ff8f71da712e4,62bb7754e891d448d845fec3cfaf1483,delivered,2018-03-28T19:30:57.0000000,2018-04-09T19:11:31.0000000,2018-04-27T00:00:00.0000000,0,69.00,22.19,91.19,91.19
e2e8773d11f4499f15349b8f613350a0,b12b0e2d548eb838e2ff04eb9358c293,delivered,2017-02-24T15:13:02.0000000,2017-03-07T10:27:52.0000000,2017-03-17T00:00:00.0000000,0,139.90,11.59,151.49,151.49
ec9b762e44b1848fb62eab0de58e8abf,41712835c53897cb2647acd1022588dd,delivered,2018-08-02T14:43:34.0000000,2018-08-11T20:24:28.0000000,2018-08-13T00:00:00.0000000,0,39.00,13.85,52.85,52.85
0cce1e1470bc8d35d6a2bebb6991bc1b,6561ef6306e6369b42177e51ddcc35ef,delivered,2018-08-03T13:37:28.0000000,2018-08-16T21:03:23.0000000,2018-08-31T00:00:00.0000000,0,33.99,20.19,54.18,54.18
4c342c53eed805e5712a130cccf665ee,fa3b701e87d5470f0caa38474274f11f,delivered,2017-10-04T21:45:01.0000000,2017-10-17T20:47:50.0000000,2017-11-06T00:00:00.0000000,0,119.99,38.39,158.38,158.38
fdd770b5f85e6ce0b1b549e331d424f5,cee874c9e449571c0663ade1be67d070,delivered,2018-06-20T22:53:23.0000000,2018-07-03T22:08:11.0000000,2018-07-20T00:00:00.0000000,0,228.80,20.51,249.31,249.31
43439c4b45b39d5a7d27a31d6cebe43c,8bac5a019b1653cad759a1e8b64e580b,delivered,2018-01-06T16:26:49.0000000,2018-01-26T21:55:07.0000000,2018-02-08T00:00:00.0000000,0,64.90,16.89,81.79,81.79
936a3fe5b1a1e04018a9c33a62c73ad7,438843431aab8910d758e33a5b972f8e,delivered,2018-03-25T00:57:28.0000000,2018-04-03T17:42:35.0000000,2018-04-16T00:00:00.0000000,0,19.90,18.23,38.13,38.13
f62e6208120b502c087a5bbd9b2567e4,48430ed054d8d4f37f6ee4f17bb2d920,delivered,2017-08-16T16:32:17.0000000,2017-08-24T20:52:30.0000000,2017-09-13T00:00:00.0000000,0,84.99,14.34,99.33,99.33
3ff220e93d03aad9bb6767d90ac0e846,ba827769097443c480330d84fad09494,delivered,2018-01-14T22:48:28.0000000,2018-01-23T18:13:06.0000000,2018-02-07T00:00:00.0000000,0,109.90,17.02,126.92,126.92
7b6a7a66fce3298e019fa8bd99a7d4ff,ce8bb2a8b394a2e1ff263be5e3a44d65,delivered,2017-11-19T13:23:06.0000000,2017-11-24T17:46:49.0000000,2017-12-01T00:00:00.0000000,0,79.90,11.76,91.66,91.66
d288e92a6be123f2e77f34fafd902464,2be831e199cd5308b6e3ab6f36718526,delivered,2017-11-25T00:22:16.0000000,2017-11-30T20:55:54.0000000,2017-12-11T00:00:00.0000000,0,127.90,13.45,141.35,141.35
61460b6c5d52b8e307108f5412907a1c,b4211f38ade936b62d702e56ec4068da,delivered,2017-11-21T15:27:11.0000000,2017-11-24T22:33:58.0000000,2017-12-04T00:00:00.0000000,0,150.00,26.16,176.16,176.16
103555765443ee9231d96d107b9f19ae,c9d5ad5e1bac861b42f3fe9af8c1448b,delivered,2018-01-26T16:15:02.0000000,2018-01-31T21:12:47.0000000,2018-02-09T00:00:00.0000000,0,34.90,7.78,42.68,42.68
f7c061a1028ca02063801272ba6297f2,5fda6f4e454fb946126e9aaffe44739a,delivered,2018-06-10T20:41:15.0000000,2018-06-16T17:02:32.0000000,2018-06-28T00:00:00.0000000,0,53.00,23.09,76.09,76.09
3a25cded45c3f7fe9dee01dceed4a97a,277920f3429fff255e648c241b5447b1,delivered,2017-11-26T21:21:07.0000000,2017-12-12T18:32:39.0000000,2017-12-26T00:00:00.0000000,0,58.00,25.25,83.25,83.25
3faea9ccc65ef88c63119314772b5598,0f2ce860d58a0af36c83ac27a7b127fb,delivered,2017-06-17T08:57:25.0000000,2017-06-26T13:06:43.0000000,2017-07-03T00:00:00.0000000,0,59.99,7.78,67.77,67.77
8bb0e358b3866146681505153a180c4f,15595427948a23e4ac9abeaae54f9f31,delivered,2017-06-11T16:02:43.0000000,2017-06-26T16:22:00.0000000,2017-07-19T00:00:00.0000000,0,54.90,25.66,80.56,80.56
a64f82f41fc81e3678647332227ab689,0f51776dbb5a1682a394339eb85decf7,delivered,2017-07-14T11:27:40.0000000,2017-07-21T17:04:51.0000000,2017-08-08T00:00:00.0000000,0,39.00,15.10,54.10,54.10
64834bc188a370357ed08e9eabe5f92e,7f34b35a198ead098d27d13705f084e2,delivered,2018-08-15T22:13:43.0000000,2018-08-28T22:48:52.0000000,2018-09-14T00:00:00.0000000,0,455.88,55.54,511.42,511.42
f645bae2cdb36f1fd4b912724fd610a4,8c0e35584a0e33e799e4c9113a8d80cc,delivered,2018-07-25T10:10:53.0000000,2018-08-03T20:32:23.0000000,2018-08-08T00:00:00.0000000,0,199.99,19.20,219.19,219.19
b48b62e1c4a6ba9d0590ea31dc623235,63e940c343435c829ce63950da558d7d,delivered,2018-06-12T13:42:31.0000000,2018-06-21T16:44:46.0000000,2018-07-04T00:00:00.0000000,0,49.99,16.54,66.53,66.53
08d55c0e173bdfa5770a50a253b1810f,ae5c099e4280d1e1623790fc42494309,delivered,2017-06-27T10:44:47.0000000,2017-07-06T14:53:23.0000000,2017-07-19T00:00:00.0000000,0,99.00,32.02,131.02,131.02
c774090f7e672d0718f1ea7e9a3a8590,6b3d95268023f35b096811b8834a3d03,delivered,2017-07-06T20:25:32.0000000,2017-07-14T16:42:12.0000000,2017-08-02T00:00:00.0000000,0,199.00,17.83,216.83,216.83
2f634e2cebf8c0283e7ef0989f77d217,7353b0fb8e8d9675e3a704c60ca44ebe,unavailable,2017-09-27T20:55:33.0000000,,2017-10-27T00:00:00.0000000,0,,,615.53,
e2eb25bad1122ea7060e7e1b97feea74,ef115244104b1f97ef5710a0441cab4d,delivered,2018-01-15T14:12:49.0000000,2018-01-30T15:33:22.0000000,2018-02-14T00:00:00.0000000,0,14.67,17.63,32.30,32.30
154f3e62bb635300cf9a1d6c4940636d,231033b8c1945ce24e11e3db60faf48e,delivered,2018-06-02T00:36:12.0000000,2018-06-08T18:15:56.0000000,2018-07-05T00:00:00.0000000,0,349.97,16.54,366.51,366.51
1d6a2a632c284f1c4fd53baf9e705693,a06cdf060608a4a80705bf5860bc8f58,delivered,2018-03-29T13:40:53.0000000,2018-04-09T22:42:41.0000000,2018-05-03T00:00:00.0000000,0,99.90,155.39,255.29,255.29
4aae1a10a22651fe5b76379eb4b34d12,55be46c8eddc7c5709f497060094f66d,delivered,2018-05-13T00:03:24.0000000,2018-06-05T17:08:30.0000000,2018-06-04T00:00:00.0000000,1,112.99,23.33,136.32,136.32
e849e2829de302019ae8bd9924055171,de4c2b462c44197b26b6e596865da44c,delivered,2018-05-16T12:43:12.0000000,2018-06-06T22:33:07.0000000,2018-06-12T00:00:00.0000000,0,579.90,26.56,606.46,606.46
bf9ff7bda0e211e564cf059ef5649e4e,25bd150ede65776445aa57a87edeb980,delivered,2018-06-12T15:56:30.0000000,2018-06-28T13:17:47.0000000,2018-07-19T00:00:00.0000000,0,399.79,57.28,457.07,457.07
c0fcc74d37e499bd4f73ddca4ffb9a64,adba3dd15f1dde0300416deaf8370c4a,delivered,2018-05-11T13:51:46.0000000,2018-05-21T20:33:55.0000000,2018-06-04T00:00:00.0000000,0,79.00,14.64,93.64,93.64
8692f02bfa6e672dc1feec8381f8127e,0c5c8c5d9a4416010c6174ee6d8c59cb,delivered,2018-08-17T14:10:38.0000000,2018-08-27T17:27:52.0000000,2018-08-28T00:00:00.0000000,0,39.00,13.85,52.85,52.85
ad1ffca90f5325d0f320f2b0f54eb114,535ad20edf8f32252bb8c7786f18df1e,delivered,2017-11-24T16:40:41.0000000,2017-12-29T14:38:34.0000000,2018-01-04T00:00:00.0000000,0,31.90,16.79,48.69,48.69
d47849b6270308431459122a2750535b,8541c0582891ea72a5d4ebf29ff85794,delivered,2017-09-25T18:54:30.0000000,2017-10-03T18:32:40.0000000,2017-10-23T00:00:00.0000000,0,56.99,15.15,72.14,72.14
49afa8bc01b5b6aa01e875a0785cc7bf,02502a29041f75b4982896ed8ca6e736,delivered,2018-06-10T19:01:57.0000000,2018-06-22T14:22:44.0000000,2018-07-12T00:00:00.0000000,0,22.49,19.04,41.53,41.53
1d0acbd3a21cb00b1cede4db748fa0b1,42e6dab95c5c9ff9067a6d954ccdcfbe,delivered,2017-09-01T22:52:49.0000000,2017-09-15T15:43:38.0000000,2017-09-26T00:00:00.0000000,0,180.00,35.06,215.06,215.06
81b3ad9d86770e51048835a0f288b162,393337d78fbbb29b0418db20ac54bae8,delivered,2018-06-09T10:09:57.0000000,2018-06-26T00:27:51.0000000,2018-07-03T00:00:00.0000000,0,37.90,18.23,56.13,56.13
5e479fe6d021c55b96aa4799e9046634,690d9e177e7d2a54b8d4ad4c08d2b6a4,delivered,2018-03-21T10:18:04.0000000,2018-03-23T21:52:32.0000000,2018-04-04T00:00:00.0000000,0,90.00,8.98,98.98,98.98
c4abf2eb2ea936ee6fc6e630b152fb77,d7314e9d240737da330e0f83ac4bd257,shipped,2017-03-09T20:50:46.0000000,,2017-04-03T00:00:00.0000000,0,109.90,17.51,127.41,127.41
3860898db238028285b1e05b5ab31238,2fb25213583070dd575f4d64ceb760d4,delivered,2018-07-19T08:45:23.0000000,2018-07-24T23:08:38.0000000,2018-08-08T00:00:00.0000000,0,48.99,19.53,68.52,68.52
4254f084673c8b5d85ad824fae3aa522,dc0617ac29c280d79e4e2930274342ed,delivered,2017-08-11T21:01:02.0000000,2017-08-17T17:51:59.0000000,2017-08-25T00:00:00.0000000,0,265.99,9.12,275.11,275.11
99c0817d6ecd5fe55d21540917f1f5f9,9ec73448134f871bc7bdfdfd444813eb,delivered,2017-01-26T11:51:38.0000000,2017-02-01T12:14:10.0000000,2017-03-06T00:00:00.0000000,0,49.99,14.11,64.10,64.10
67d8f4eb477222d7b5b81daa8e007bdd,fb591f7ec5d9419e5a7de2353a87f06b,delivered,2018-05-10T11:15:21.0000000,2018-05-16T16:36:44.0000000,2018-05-24T00:00:00.0000000,0,139.80,0.00,139.80,139.80
6082358a7c7ac731b66ba978a6bb4442,74cba9ad182f87192847d942abdd259d,delivered,2018-06-28T12:22:47.0000000,2018-07-11T13:48:21.0000000,2018-07-26T00:00:00.0000000,0,129.90,36.26,166.16,166.16
61f4d740ca1d5469d7aeb49f65719f3f,61bb85d582b5ccd1865eda014f0825c7,delivered,2018-08-03T19:03:39.0000000,2018-08-07T14:57:28.0000000,2018-08-08T00:00:00.0000000,0,56.90,11.42,68.32,68.32
9115302ab0ba4c1f3499709b47bd00a1,123d6a7316b4ab48074d72948fd412da,delivered,2017-11-03T10:57:36.0000000,2017-11-16T13:58:45.0000000,2017-11-24T00:00:00.0000000,0,58.00,14.10,72.10,72.10
114b8cdf01e21ff5631995283f233d67,cb19b8f038fca823ee236d2b4cb2c4c1,delivered,2017-10-22T18:16:11.0000000,2017-11-07T19:57:34.0000000,2017-11-21T00:00:00.0000000,0,19.99,16.79,36.78,36.78
1d554a2374156f36bdb7e0e6dbcad2d0,7c5e43a858e70710d676a6f70d4f02aa,delivered,2018-07-19T17:24:35.0000000,2018-08-02T00:17:47.0000000,2018-08-06T00:00:00.0000000,0,250.00,24.55,274.55,274.55
8afe6304c5643864e2b19153a205ae5e,074d070b1ed0835cb29a609475f41fcb,delivered,2018-01-31T18:29:28.0000000,2018-02-14T19:48:48.0000000,2018-02-16T00:00:00.0000000,0,105.00,14.34,119.34,119.34
33cfd07a622a67d9cd660aa9177b909f,bab96d089beddb1b1823284d30825a56,delivered,2018-04-12T12:37:01.0000000,2018-04-18T20:22:50.0000000,2018-04-30T00:00:00.0000000,0,75.00,12.43,87.43,87.43
1ac4c8f4bb93ff8b5f87ff821298a59b,2680dc46f78c878b1276273e01432bac,delivered,2018-07-27T13:32:22.0000000,2018-08-06T22:49:46.0000000,2018-08-10T00:00:00.0000000,0,49.91,20.99,70.90,70.90
5039c86e0392fa512d40a377555e64c3,48b660b079942ad4f15f884ef1a16871,delivered,2017-03-03T00:14:01.0000000,2017-03-20T09:48:49.0000000,2017-03-22T00:00:00.0000000,0,38.90,10.96,49.86,49.86
062d3e3b803bd3e569cf8c165602f8f4,84d818ae645c84264965bc603b1d173f,delivered,2018-06-25T17:26:38.0000000,2018-07-05T17:28:53.0000000,2018-07-26T00:00:00.0000000,0,122.99,63.11,186.10,186.10
8c62c4d7adc71858b6b2751c0e3b96e8,8183bc209961160c9462b9007e7ae910,delivered,2018-05-07T22:38:02.0000000,2018-05-16T15:58:49.0000000,2018-05-28T00:00:00.0000000,0,84.90,19.56,104.46,104.46
89b5845c9341e01e139bfc80ad813feb,294f9b2dd014db206f3af9ecdc0dee53,delivered,2017-10-01T22:30:44.0000000,2017-10-09T19:00:05.0000000,2017-11-10T00:00:00.0000000,0,68.90,19.72,88.62,88.62
745e1d4a7f8c4b548881788d4113bb1d,7198d7088442e4ddfe553353d8ddc957,processing,2017-11-17T06:34:36.0000000,,2017-12-12T00:00:00.0000000,0,32.90,15.10,48.00,48.00
5108acfe22756c07a696f4ff210790a8,b8245bf3278e6f2d8144c2b23a0b424c,delivered,2018-05-20T21:48:53.0000000,2018-05-22T15:13:21.0000000,2018-06-05T00:00:00.0000000,0,29.99,7.39,37.38,37.38
0e7ad202878ea453373e3ef15835ea33,8422c35d03577f94c15a4eed5504e09b,delivered,2018-03-05T08:58:05.0000000,2018-03-16T16:18:43.0000000,2018-03-28T00:00:00.0000000,0,39.90,15.79,55.69,55.69
fc6b29ae668f5c526464fcd19d62efba,9dc4634838a5ef569c6f8869c55f6dcc,delivered,2017-10-13T11:59:28.0000000,2017-10-25T17:47:12.0000000,2017-11-06T00:00:00.0000000,0,149.88,20.29,170.17,170.17
11921adcbd013757ba6f287c03929bb4,2ac7740a46d83856d2c51372f27c1d03,delivered,2018-04-27T01:41:23.0000000,2018-05-10T20:22:25.0000000,2018-05-25T00:00:00.0000000,0,63.90,18.33,82.23,82.23
42c99d4e378b852657e71d810ef1858c,13ab4c98a7678b10d69118bb719e57c9,delivered,2017-11-28T14:56:51.0000000,2017-12-22T00:14:21.0000000,2017-12-21T00:00:00.0000000,1,13.45,16.11,29.56,29.56
38dcebae9b5bd88cd2acd6f8f787336d,66a54b482c7228155b832e63722b6f86,delivered,2017-10-09T10:58:34.0000000,2017-10-24T19:53:13.0000000,2017-11-10T00:00:00.0000000,0,59.90,17.67,77.57,77.57
4ceb9336411700f9568db2ef11bda594,60582a6628af83a283474d8c94e3ff7a,delivered,2017-01-19T22:41:52.0000000,2017-01-26T13:57:59.0000000,2017-02-17T00:00:00.0000000,0,160.00,58.08,218.08,218.08
f4f88d0fded20ff7a60fb80ccdd533d2,b891f5d42cbbd6d0d2e82eda1b48658c,delivered,2018-08-04T22:18:12.0000000,2018-08-20T23:25:22.0000000,2018-08-20T00:00:00.0000000,1,15.90,17.93,33.83,33.83
ee64f23a1a4a4ec65bf0295652f91d5a,03c55d79b75dda6cb2a2f1568708a446,delivered,2017-06-27T22:14:25.0000000,2017-07-03T15:52:10.0000000,2017-07-21T00:00:00.0000000,0,100.00,14.45,114.45,114.45
695e141b92a0f2bc8a7bff7d621692ed,0e9c3be1592c050d343700ba21b7f806,delivered,2018-05-12T12:33:03.0000000,2018-05-21T17:08:50.0000000,2018-05-29T00:00:00.0000000,0,18.99,15.23,34.22,34.22
e2b405a4cccf1e66eb8d2b73a4bba700,6af12e8e6fdd92d3e49abf9eac301d63,delivered,2018-06-02T09:23:01.0000000,2018-07-09T18:51:08.0000000,2018-07-26T00:00:00.0000000,0,124.90,16.84,141.74,141.74
6b82527b954e1c022661d8827cd5ff2f,0893dbf96f705f3a68f0212b3d2cdec4,delivered,2018-01-06T10:44:15.0000000,2018-01-11T15:39:20.0000000,2018-02-14T00:00:00.0000000,0,29.99,17.92,47.91,47.91
c94206a6d6698d5852b7e9e14bdc2e79,0881e1574aa6b621c551a421297af5b8,delivered,2018-06-25T12:06:07.0000000,2018-06-29T19:24:41.0000000,2018-07-05T00:00:00.0000000,0,29.89,7.47,37.36,37.36
2640506a4584f571430195e2fa215406,38f63d5e41d4edd85614e2297502aec8,delivered,2017-09-01T15:33:09.0000000,2017-09-27T18:25:49.0000000,2017-09-27T00:00:00.0000000,1,449.90,140.18,590.08,590.08
e1ccac2f83d9ae0c22cd16e9573c3f5c,d3d7dd13a66c2d1362de5251fdbebef2,delivered,2018-01-16T17:55:45.0000000,2018-01-25T12:44:53.0000000,2018-02-08T00:00:00.0000000,0,149.00,15.79,164.79,164.79
e16a85342c3b94f91ab4233c71168786,0b0e95b0351bae7addd465ea17e4e4d9,delivered,2018-06-19T19:32:50.0000000,2018-06-26T22:06:56.0000000,2018-07-17T00:00:00.0000000,0,24.90,18.27,43.17,43.17
5e5c29987bbb83ed38c9b25a753f978f,65060b85a336b487c0fe7d42d64b3b99,delivered,2017-05-29T10:01:22.0000000,2017-05-31T13:35:46.0000000,2017-06-21T00:00:00.0000000,0,89.81,16.88,106.69,106.69
0d7839b143597f84b086c444ef9ebbe4,6ad62864f75d24638cab4e7bcdd9972a,delivered,2018-06-13T19:47:40.0000000,2018-06-20T18:48:35.0000000,2018-07-04T00:00:00.0000000,0,89.99,18.43,108.42,108.42
2ba9fa7ab61d7528fd77a35c436e7bff,42ebb2540882b272d9e0e452e2464e7e,delivered,2018-02-18T21:43:25.0000000,2018-03-08T18:48:57.0000000,2018-03-12T00:00:00.0000000,0,14.99,11.85,26.84,26.84
fc302964719b32d2f8512770e87ff7fd,ed0031841a4c57502d36d9460a7e23e2,delivered,2018-01-11T21:34:06.0000000,2018-01-24T16:02:38.0000000,2018-02-09T00:00:00.0000000,0,89.00,17.87,106.87,106.87
5d3459c901e4e1e7b9dd18e09e498131,1fb576ee9524811fa8c09e5c9b6c39ce,delivered,2018-08-22T00:51:48.0000000,2018-08-29T23:12:06.0000000,2018-09-03T00:00:00.0000000,0,66.55,14.78,81.33,81.33
0fe8aad910ff05e73b0ddb0a89e61b21,100a8d4dd80b65dc63ffb17fdd39ba28,delivered,2018-07-01T20:11:26.0000000,2018-07-06T18:41:54.0000000,2018-07-26T00:00:00.0000000,0,39.00,18.37,57.37,57.37
eca3005a4f60ceb77b67a30b74095ddf,faacaffc169c559921845134ab5c59cd,delivered,2017-07-26T09:09:01.0000000,2017-08-01T15:07:08.0000000,2017-08-08T00:00:00.0000000,0,12.50,8.72,21.22,21.22
18bb4acb90913593d37049c601660009,591cb16ea1a6d8f7eebd0a349593bea2,delivered,2018-05-01T09:25:32.0000000,2018-05-18T21:34:38.0000000,2018-06-07T00:00:00.0000000,0,159.99,37.28,197.27,197.27
07a0bc58f3b841724c5b8c649da441d5,b70e717fe0599c3bf2f69725b26fdf8e,delivered,2018-01-17T16:44:42.0000000,2018-02-06T19:16:30.0000000,2018-02-19T00:00:00.0000000,0,138.00,28.35,166.35,166.35
1431ee47e31c27528b8ae56b66689afc,5e43c982ccb91984104e2aaaa062e652,delivered,2017-08-09T18:20:16.0000000,2017-08-15T22:29:56.0000000,2017-08-24T00:00:00.0000000,0,22.90,8.27,31.17,31.17
b41c4ee949f1983669e38db1f364b73b,e67100bdd7919f11bbaa485e741c48e8,delivered,2018-01-16T21:29:47.0000000,2018-01-26T20:21:23.0000000,2018-02-14T00:00:00.0000000,0,49.90,16.79,66.69,66.69
e0c8a0e62ecd027577c1cfdb38c8f1ee,c77d0b043f408944f858efe328a82738,delivered,2017-07-14T10:38:34.0000000,2017-07-26T13:33:10.0000000,2017-08-09T00:00:00.0000000,0,144.90,21.50,166.40,166.40
be9544c2dfb58675d21a0a735fa1d32a,b0e4880c9456f938411b2aa2bc09aa57,delivered,2017-07-21T07:31:26.0000000,2017-08-21T22:09:42.0000000,2017-08-29T00:00:00.0000000,0,56.99,25.68,82.67,82.67
731397db58924330b01248c031dc6281,02f0bc4b5ee293031637b7e8d75a5484,delivered,2018-06-03T18:15:19.0000000,2018-06-10T16:28:43.0000000,2018-07-05T00:00:00.0000000,0,299.00,22.51,321.51,321.51
59dba471cbd7e791c3bb0d83aa705c49,c6de1ceaec9afb41c51b618211d9f118,delivered,2018-07-04T17:15:18.0000000,2018-07-07T12:52:32.0000000,2018-07-17T00:00:00.0000000,0,49.90,12.08,61.98,61.98
797b565b282c371004d602d05ae7d3b2,fb6f154449a5398e2ff6ad8d8c6df862,delivered,2017-10-29T23:11:52.0000000,2017-11-16T17:58:03.0000000,2017-11-30T00:00:00.0000000,0,146.99,43.44,190.43,190.43
1e90a410c4be85320d64e5a0cbed9291,7861afc49adafbe05db500f9d1ab534a,delivered,2017-06-14T19:49:48.0000000,2017-06-23T09:12:28.0000000,2017-07-07T00:00:00.0000000,0,29.90,14.10,44.00,44.00
6f54535f38d19e0833f980e4604081a3,c6227a9291e7e9a4fe69b48356d4b38d,delivered,2017-08-05T07:34:29.0000000,2017-08-18T16:53:53.0000000,2017-09-11T00:00:00.0000000,0,579.90,29.34,609.24,609.24
92ba7c89244ceee45a169b86da9fcada,92ac000d2f928f22b64ae50dc34f652f,delivered,2018-06-06T15:11:03.0000000,2018-06-11T20:33:22.0000000,2018-07-12T00:00:00.0000000,0,79.90,16.53,96.43,96.43
0ef89e47a5078a9e54a080d5fa8c9109,4b4be2256ef77aecee551a7a665a7108,delivered,2018-03-08T12:51:13.0000000,2018-04-09T22:22:43.0000000,2018-03-28T00:00:00.0000000,1,83.70,18.47,102.17,102.17
9a65fd6f0966e358fbae4d1b54f73ccd,63610193234eccd8f1c33dfc050a1b4b,delivered,2017-05-05T22:10:14.0000000,2017-05-15T17:12:38.0000000,2017-06-05T00:00:00.0000000,0,132.70,32.39,165.09,165.09
0cb25b24a27e27dd18273360995e99f4,b03b8bf457533ef245fd5fa2681732d0,delivered,2018-07-23T14:37:05.0000000,2018-07-25T23:36:35.0000000,2018-08-02T00:00:00.0000000,0,19.90,7.40,27.30,27.30
92d1d8203d3deb0f8b536250763d8bca,b74f0b9f1edb86da06a9c032d80fd1e8,delivered,2018-08-11T16:39:54.0000000,2018-08-14T18:28:32.0000000,2018-08-20T00:00:00.0000000,0,45.00,7.58,52.58,52.58
595f598849d89203c28d05d0fbf3f92e,cefab390926b6fc3de3ca94c82ebb1ba,delivered,2017-09-25T16:38:46.0000000,2017-10-02T20:55:55.0000000,2017-10-19T00:00:00.0000000,0,14.85,11.73,26.58,26.58
f45cb38ce99572f3f71de38bebeee589,7b4205ad0699f380983dfbd2f26f67e0,delivered,2018-02-21T14:54:42.0000000,2018-03-08T14:10:53.0000000,2018-03-16T00:00:00.0000000,0,143.80,31.76,175.56,175.56
23b0f3febe2a61dfb83ff0ede848d53e,dca34bd8bd2a65a5344e000b1c730937,delivered,2018-03-11T14:33:24.0000000,2018-03-29T19:58:29.0000000,2018-04-12T00:00:00.0000000,0,79.99,21.64,101.63,101.63
3ecb666eda6d2ebb9348dfc65c32252c,272abefcdb7e7438a251e6c92f1d5873,delivered,2018-01-07T19:59:42.0000000,2018-02-03T14:14:13.0000000,2018-02-05T00:00:00.0000000,0,139.00,27.29,166.29,166.29
6a5f34bb72296c7b4f4a68b6d742d390,2293c004fae6dedf12d1ab452f89f4b9,delivered,2018-07-17T10:34:08.0000000,2018-07-23T14:28:41.0000000,2018-08-03T00:00:00.0000000,0,41.52,23.44,64.96,64.96
e8b79ed0b3aa49f3a28b6939a3db249f,1bb3950ed1e67c9b3dbd7d7cd32cbff5,delivered,2018-01-19T17:38:35.0000000,2018-02-02T20:13:16.0000000,2018-02-14T00:00:00.0000000,0,53.99,11.88,65.87,65.87
af9ce0d4f36308fcf461b3f497c24bcb,690834a6694434cfb474ee30305154f4,delivered,2018-03-15T09:38:31.0000000,2018-03-28T21:12:29.0000000,2018-03-27T00:00:00.0000000,1,149.90,12.14,162.04,162.04
639b603f09b7050c96e56cd03703437b,e4e7850c6c310f0ae9d0abbe26b075e3,delivered,2017-05-01T15:01:03.0000000,2017-05-16T05:37:50.0000000,2017-05-23T00:00:00.0000000,0,10.99,10.96,21.95,21.95
e82a48563b753b7df504aba7e01f9faf,bb2c348088e3c1e8d0a922796243a460,delivered,2018-02-09T21:00:12.0000000,2018-03-05T22:37:41.0000000,2018-03-02T00:00:00.0000000,1,59.70,15.17,74.87,74.87
81f2ee7669eee05b13906d24d43ebc69,7b0fc6ecc532642ffce9a191715e3faf,delivered,2018-04-03T09:40:44.0000000,2018-06-01T19:56:25.0000000,2018-04-13T00:00:00.0000000,1,120.00,13.75,133.75,133.75
0a0e7f9881dffec612b28e2682242574,2df6fa407bea6af2e165b3dc8355d382,delivered,2018-02-22T09:09:51.0000000,2018-03-18T18:46:48.0000000,2018-03-22T00:00:00.0000000,0,149.90,19.59,169.49,169.49
f7851f9eb3d5ff0bee53bae976c77c8c,e1ab4ef68ece8b47262868ad281707ea,delivered,2017-03-28T05:56:01.0000000,2017-04-06T12:42:38.0000000,2017-04-17T00:00:00.0000000,0,26.90,11.74,38.64,38.64
bef901b8ca3d5b75c2031cbd303e88cc,97f0b42943a89b0d5af2e2924481a1b4,delivered,2017-12-06T23:15:45.0000000,2017-12-17T18:23:39.0000000,2018-01-04T00:00:00.0000000,0,201.00,62.61,263.61,263.61
15ade2c7daaa01c998220a2035dd43dd,9d9e0a32046baab34af9079307a57062,delivered,2018-07-20T21:19:31.0000000,2018-07-26T21:38:48.0000000,2018-08-13T00:00:00.0000000,0,129.90,20.47,150.37,150.37
7dbad9087d339419eb06d86950842742,aa738cdb72af39e38482fa25b992c67c,delivered,2018-03-09T19:41:23.0000000,2018-04-19T00:44:44.0000000,2018-04-12T00:00:00.0000000,1,53.90,22.96,76.86,76.86
164f61f77f7f2a8c90a1e382606d53ba,7b97118bf4df712989568f4b46c0fe88,delivered,2017-11-28T00:06:53.0000000,2017-12-06T18:03:08.0000000,2017-12-18T00:00:00.0000000,0,21.49,13.50,34.99,34.99
7a10cbd9fd10b327d327b5efa5b57ad0,5acf0280b9d077d2f2e0e994a64f72ce,delivered,2018-03-12T10:05:10.0000000,2018-03-22T00:11:53.0000000,2018-03-29T00:00:00.0000000,0,19.90,15.23,35.13,35.13
c8edbac1d727757b8d8a2fc13303d040,44e70d6accb4fa0246075d5b92350113,delivered,2018-02-23T14:09:39.0000000,2018-03-07T18:26:40.0000000,2018-03-16T00:00:00.0000000,0,129.90,15.66,145.56,145.56
43f312594026fc6c67ccf619afe600d1,5cf1b1745fff59660522b4ff7b475374,delivered,2018-02-20T18:03:43.0000000,2018-04-10T11:35:49.0000000,2018-03-21T00:00:00.0000000,1,224.90,16.32,241.22,241.22
bc9bd5e4ac265b0e6cac08b3019798eb,b97527f774f4348a051175eefe8e7047,delivered,2018-06-24T19:03:34.0000000,2018-06-28T15:18:51.0000000,2018-07-17T00:00:00.0000000,0,224.70,39.54,264.24,264.24
a9016dde97a6a447890dd748aa844b85,75ff064e942910b72e1ab6ddfabdda46,delivered,2018-04-25T16:06:04.0000000,2018-04-30T13:27:36.0000000,2018-05-16T00:00:00.0000000,0,29.99,12.79,42.78,42.78
1887b26eba419ce20f6fe34a6f88e80a,23fe51c9d4d1b1cef50c57b3c0babf5e,delivered,2017-04-28T14:20:07.0000000,2017-05-09T14:27:05.0000000,2017-06-01T00:00:00.0000000,0,209.90,21.55,231.45,231.45
a9240539eed71e70690ea5a026f9f419,93f44a625d614fc2af27b2bd4ce2874f,delivered,2018-05-05T09:42:51.0000000,2018-05-11T17:56:56.0000000,2018-05-29T00:00:00.0000000,0,23.00,12.79,35.79,35.79
70265e39902a914077a038864209d3c6,170724a3dd2c3b4b4e82955564e85f1d,delivered,2017-07-28T09:35:08.0000000,2017-08-16T19:46:54.0000000,2017-08-25T00:00:00.0000000,0,199.97,53.41,253.38,253.38
b7a6a74494a5f76ac5f74bc9c1327e5d,10c26a978ab664c211c871097f285a93,delivered,2017-05-24T13:48:28.0000000,2017-06-01T13:52:43.0000000,2017-06-22T00:00:00.0000000,0,50.00,13.37,63.37,63.37
00a0116ff15ff973ea16bee881208ae7,89a187407adfc8a32a4d6233a6a237d8,delivered,2018-02-18T16:22:23.0000000,2018-03-03T00:38:50.0000000,2018-03-15T00:00:00.0000000,0,149.00,45.12,194.12,194.12
f55ebd23aed37969b6b05ae64bb1f034,f5d89a35cb6ce8c1e7ec7ac20c45f9bd,delivered,2018-06-06T13:51:26.0000000,2018-06-13T17:41:42.0000000,2018-07-16T00:00:00.0000000,0,69.90,18.37,88.27,88.27
326247b4caae19ff40a5b56cb9534c6f,9fe7ac7180ac1ee5482b89b07f7b7737,delivered,2017-09-22T19:17:04.0000000,2017-10-04T16:53:02.0000000,2017-10-10T00:00:00.0000000,0,149.70,26.16,175.86,175.86
30f0086bfe1b046a524f8acf1d3eaa11,0b9a25915090ecc0db112277977fc2cb,delivered,2018-03-27T14:58:31.0000000,2018-04-10T16:12:40.0000000,2018-04-23T00:00:00.0000000,0,98.90,14.77,113.67,113.67
b9499283a775ccfa9da92e6e75e9b4b9,d66a67d5008715c5d0fc4c106d596974,delivered,2018-05-26T21:46:48.0000000,2018-06-21T14:28:17.0000000,2018-07-16T00:00:00.0000000,0,18.95,18.23,37.18,37.18
651bd7286b2e17e1e3ea7b644870e429,f4f2d12420b95f9239bcda119491f2d4,delivered,2017-05-13T17:42:39.0000000,2017-05-23T00:30:05.0000000,2017-06-07T00:00:00.0000000,0,239.00,14.01,253.01,253.01
ca621c614abfc6d64f4a093ade1249b9,c4333f782a96190eece0b2e3321f4f7a,delivered,2017-08-14T10:00:44.0000000,2017-09-19T17:53:50.0000000,2017-09-12T00:00:00.0000000,1,69.90,15.24,85.14,85.14
3821dc9ac1b25bed42324d0885b0a930,dd3926dff45a3459c4bdac0b58a2a0bf,delivered,2018-04-17T21:01:58.0000000,2018-04-23T18:01:57.0000000,2018-05-09T00:00:00.0000000,0,280.00,54.12,334.12,334.12
a6fe431baa19e8ce94388a492ac80d35,52fe8f0d46227cecc08e692dbe3c16fa,delivered,2017-11-21T18:37:11.0000000,2017-11-24T19:21:10.0000000,2017-12-01T00:00:00.0000000,0,174.99,10.04,185.03,185.03
17ab3523ccdc39226b04bbdd9bbceaad,5c16ae152bd6d026801d16d806b3eaf7,delivered,2018-02-17T18:53:56.0000000,2018-03-09T19:58:52.0000000,2018-03-19T00:00:00.0000000,0,15.00,15.10,30.10,30.10
91db217544d0eac98354b11f2f35abcb,c421c11493ae12b2aa0d0e455f015299,delivered,2018-04-29T22:10:21.0000000,2018-05-14T22:35:00.0000000,2018-05-22T00:00:00.0000000,0,55.00,12.83,67.83,67.83
97a00daa2a648f9c4b0493e937928b72,e86cb194c0a0517d578d5c412e2aaca6,delivered,2017-10-20T09:51:39.0000000,2017-10-30T18:45:58.0000000,2017-11-01T00:00:00.0000000,0,38.99,7.78,46.77,46.77
73eb70779d3a8a4647f8ccf9c43d2623,7bf43e2d079beb839eaff3937bb6fe81,delivered,2017-05-02T21:03:22.0000000,2017-05-16T12:43:05.0000000,2017-06-13T00:00:00.0000000,0,229.90,27.87,257.77,257.77
a222e8f1ab02211d0f1b3e374c5e689e,7348a806fb57deff7842f83e1a890931,delivered,2018-03-05T11:09:55.0000000,2018-03-12T18:56:23.0000000,2018-03-28T00:00:00.0000000,0,82.90,19.82,102.72,102.72
d010facca14d57e997bf54e52f0ea03b,fa8c1b0cc3867a62150b15d907f94382,delivered,2018-03-19T19:35:39.0000000,2018-04-04T19:16:39.0000000,2018-03-29T00:00:00.0000000,1,46.99,7.39,54.38,54.38
b545ba7b0bd67a3128185c7214704319,7e2ca73af071679902a9ba14d7c3cee8,delivered,2018-06-11T14:59:24.0000000,2018-06-18T16:41:04.0000000,2018-07-04T00:00:00.0000000,0,316.05,24.03,340.08,340.08
876309add96f9d84db9b2379de836323,a12dfb063d9ba1e0e2f7485b9a7d8987,delivered,2018-03-28T22:51:34.0000000,2018-04-20T20:06:45.0000000,2018-04-26T00:00:00.0000000,0,10.99,18.23,29.22,29.22
4b7836c7fde2f69b09ca54addb676d28,5009c471461106bdc79fe8333e03a7a5,delivered,2017-04-09T17:54:27.0000000,2017-04-18T12:51:41.0000000,2017-05-15T00:00:00.0000000,0,54.98,14.55,69.53,69.53
f3edc53c0e5bd4a11ddd437dabb01c6b,94fc05ffa6e43f8e072734e06e50e568,delivered,2018-06-30T12:53:33.0000000,2018-07-05T17:33:04.0000000,2018-07-31T00:00:00.0000000,0,129.99,14.12,144.11,144.11
c382d84d35f4d874b1f1c372f4bde27c,59168d27c5da6a50e3d1f03d482e80b2,delivered,2018-07-20T09:42:40.0000000,2018-07-27T11:54:15.0000000,2018-08-14T00:00:00.0000000,0,145.90,15.47,161.37,161.37
14d5fd67132f83c0c8a9e241e4a7d4dd,f59c3b73fe7833bf53a1be19a6f17c81,delivered,2018-08-04T13:42:44.0000000,2018-08-07T20:08:51.0000000,2018-08-09T00:00:00.0000000,0,24.99,7.44,32.43,32.43
66305a754211cca47c3a2a59addf19ba,a629686911e06a8876b4b570375c1710,delivered,2018-07-26T13:59:29.0000000,2018-08-17T12:41:34.0000000,2018-08-21T00:00:00.0000000,0,499.90,37.26,537.16,537.16
4bc02ff9a093f3cc4119a960969f5f74,81e002e37c83087d148d2062bb1ba395,delivered,2017-09-06T20:56:29.0000000,2017-09-18T22:51:39.0000000,2017-09-27T00:00:00.0000000,0,174.90,15.97,190.87,190.87
ba403fc6762185ac676fa515ce2b1afa,c9444a4e408930bdf5341d081def10d0,delivered,2018-05-17T07:39:35.0000000,2018-06-05T13:48:32.0000000,2018-06-13T00:00:00.0000000,0,55.00,19.08,74.08,74.08
c301f64860cec992f8d9c532fb00f867,7cd7d781203890be0d18accf75bd90d5,delivered,2017-10-05T03:54:42.0000000,2017-10-13T23:35:45.0000000,2017-10-24T00:00:00.0000000,0,58.00,15.56,73.56,73.56
504ec2b6f69e898c557955750272d563,ba0a799b8a7b0b1a1ac522a0a8839bff,shipped,2018-05-07T21:43:48.0000000,,2018-05-21T00:00:00.0000000,0,48.99,14.78,63.77,63.77
78ab727370e07aaf73b362897c8c6e3d,e8fff6456a357707eba84dae9ef01dd5,delivered,2018-05-16T14:15:12.0000000,2018-05-23T18:31:41.0000000,2018-06-04T00:00:00.0000000,0,139.20,18.55,157.75,157.75
edddb585a5c894ef488568334c567e2e,80b86a02fc5a84c2fe32d9884a5f02f1,delivered,2018-08-13T14:34:31.0000000,2018-08-21T14:32:45.0000000,2018-08-27T00:00:00.0000000,0,74.00,23.32,97.32,97.32
d0935e6fe51f0d5724f4759cfaa8caf3,03dcea146dfc2ccacbc079ee9a669db5,delivered,2018-03-09T16:41:08.0000000,2018-03-21T17:38:35.0000000,2018-04-06T00:00:00.0000000,0,79.90,19.53,99.43,99.43
193f92153e2d2dc57d0052176ef585c0,8a19afec74d4f1f9cb69fe402d98c3b6,delivered,2018-01-20T12:31:43.0000000,2018-02-10T01:13:16.0000000,2018-02-16T00:00:00.0000000,0,86.90,17.86,104.76,104.76
a8c3124b7f912401d702018ae0c02b05,3ccb27f9c7ee205656acef98c19fc061,delivered,2018-04-16T20:46:53.0000000,2018-05-16T00:22:05.0000000,2018-05-22T00:00:00.0000000,0,149.90,15.93,165.83,165.83
62b2adbcbcf4e28df4b998bfb094f3f9,16474d0d0fb3c08f805bc4de00cea8c1,delivered,2018-07-14T16:32:00.0000000,2018-07-23T19:01:30.0000000,2018-08-15T00:00:00.0000000,0,120.00,18.94,138.94,138.94
70c63ecc0f8619ac9ebb83fd52466e64,2e9a3c93d2ff06bffa5cfa7201ab1ec7,delivered,2018-06-29T18:39:21.0000000,2018-07-09T15:49:46.0000000,2018-07-27T00:00:00.0000000,0,155.00,19.19,174.19,174.19
c0d0691580b4aefa924ed59260eb09d0,46e2d6b50f8e37ab99e7f2aabcab7b3a,delivered,2018-07-24T15:43:53.0000000,2018-08-03T17:22:29.0000000,2018-08-13T00:00:00.0000000,0,34.89,18.34,53.23,53.23
c17b377c10026e36286772008451d021,5a62330b90ef93e8730dbb18880b08af,delivered,2018-02-01T10:02:13.0000000,2018-02-14T18:08:23.0000000,2018-02-23T00:00:00.0000000,0,135.49,12.45,147.94,147.94
49e809b11c0445fb0229f28378d3d30d,a5fb3b16bcb08fb9f1290f225390b829,delivered,2017-07-19T13:37:59.0000000,2017-07-31T18:29:56.0000000,2017-08-14T00:00:00.0000000,0,179.99,45.73,225.72,225.72
97012c3a032fb57d51f04669419f5a49,a3462eb52c92ce66a03f2eb65b58de6b,delivered,2018-03-18T22:01:30.0000000,2018-04-02T20:38:32.0000000,2018-04-24T00:00:00.0000000,0,151.90,27.14,179.04,179.04
7afbe6ef708d0ae150028f52512230ad,f80a9faaf4e610c5a191d4c5d19412ce,delivered,2017-10-01T21:55:31.0000000,2017-10-19T22:14:05.0000000,2017-10-31T00:00:00.0000000,0,39.00,16.60,55.60,55.60
b2ec82a4b2d9bf24fc1f5ba0e4883bdc,9fc24442b2e31121b7c8907d33253b97,delivered,2018-06-12T12:21:41.0000000,2018-07-04T20:32:36.0000000,2018-07-19T00:00:00.0000000,0,1099.00,58.41,1157.41,1157.41
9d033f810cbd1a45838c0d451bbae981,5366b0fd8d98481e724d2c25b0f6be0a,delivered,2018-04-20T13:07:56.0000000,2018-04-25T21:12:10.0000000,2018-05-09T00:00:00.0000000,0,104.90,12.07,116.97,116.97
c6094f6ab0c25eda761622ab09aa423d,69ee62ecc8d2937fca0e1a3d4de5a2ce,delivered,2018-07-25T10:16:15.0000000,2018-07-30T17:29:34.0000000,2018-08-22T00:00:00.0000000,0,238.10,31.87,269.97,269.97
6b9b73174454a8a1b0a255b448f5e5bb,84d9369e3431d2b768c1e80c9678041d,delivered,2017-07-05T21:14:49.0000000,2017-07-12T21:47:59.0000000,2017-07-27T00:00:00.0000000,0,78.00,14.30,92.30,92.30
0dbcaa88e213607d3795e96eda505c73,0018c09f333634ca9c80d9ff46e43e9c,delivered,2018-07-01T18:07:57.0000000,2018-07-07T15:47:40.0000000,2018-07-20T00:00:00.0000000,0,42.99,13.88,56.87,56.87
0a0ae1b561eab534493c5588efc5169c,090ad6d0d50a83c661a31538f2642cdf,delivered,2017-09-15T12:57:46.0000000,2017-10-04T17:49:06.0000000,2017-10-05T00:00:00.0000000,0,299.00,26.93,325.93,325.93
02c371100bf54facae80322579c7fefb,ad6f2686bc9a43070103abf4021c6e35,delivered,2017-11-07T02:55:51.0000000,2017-11-16T21:07:58.0000000,2017-11-21T00:00:00.0000000,0,49.90,9.34,59.24,59.24
413158eae01863d8624661dc2aafcfce,ae93d71344619ff965081e7e57c94788,delivered,2017-07-29T02:05:15.0000000,2017-08-15T20:18:43.0000000,2017-08-22T00:00:00.0000000,0,54.99,15.13,70.12,70.12
ebb9d61c0744305e9172b4265468c17b,d8d9d264aaf6573952ccd477cbd47d87,delivered,2018-08-02T18:09:34.0000000,2018-08-08T13:39:34.0000000,2018-08-22T00:00:00.0000000,0,45.90,17.45,63.35,63.35
85df002ba0e8668b282706e73132a0e5,0bdca8cf66b7d24237c048c8992a8b7a,delivered,2017-06-07T21:13:15.0000000,2017-06-19T14:52:00.0000000,2017-06-30T00:00:00.0000000,0,42.90,15.10,58.00,58.00
53f3f52eca823461e5ee857dd46fb101,00ee08bd4046a080a8ec38c5e0937372,delivered,2017-10-15T17:27:14.0000000,2017-11-04T16:42:17.0000000,2017-11-10T00:00:00.0000000,0,278.00,16.70,294.70,294.70
1e01369b33244af82c1b44d7359da3dc,0c11fa556f26997671eaeb09e029bc73,delivered,2018-05-06T11:40:23.0000000,2018-05-14T20:02:44.0000000,2018-05-21T00:00:00.0000000,0,122.90,8.21,131.11,131.11
1ed9fe02b5d745a3397a33415ecd5577,0603e61027d99341d08fa2c64fdf5915,delivered,2018-02-16T20:28:41.0000000,2018-02-26T14:08:46.0000000,2018-03-15T00:00:00.0000000,0,16.50,12.48,28.98,28.98
4d8a7251d3f4f82c05c207b52ccd25f3,6ee76c3941b644506c8dc73861add1d9,delivered,2018-08-11T18:52:46.0000000,2018-08-17T17:04:29.0000000,2018-08-27T00:00:00.0000000,0,139.90,23.78,163.68,163.68
9320275e627cc0d374f04e77e1ee2f0e,369a3bfbe0d193b57a6906b4f5f93d8e,delivered,2017-07-24T19:22:18.0000000,2017-08-14T15:31:47.0000000,2017-08-15T00:00:00.0000000,0,159.00,38.95,197.95,197.95
970bbf79974ba1ef73cc21ee6fe52cc6,7b7f18d5f94e3c25bd66ec35e87383f0,delivered,2018-04-03T00:05:04.0000000,2018-04-18T23:48:32.0000000,2018-05-04T00:00:00.0000000,0,1914.58,109.73,2024.31,2024.31
a3f03305225173eb1cf3ea5eeb32e583,74e3e653fa67f92300809f4369b0f8de,delivered,2017-08-31T10:45:07.0000000,2017-09-11T18:58:50.0000000,2017-09-20T00:00:00.0000000,0,39.99,11.85,51.84,51.84
7f6ad013a5d4f135c074e96bfa4de9a3,bb78e1ff2a9e97842dc581fc896e161c,delivered,2017-12-22T22:02:12.0000000,2018-01-09T20:54:08.0000000,2018-01-19T00:00:00.0000000,0,219.80,36.04,255.84,255.84
fb797aee19d1e438385938cd482027bb,62383c983441809ec8977c644dd37a54,delivered,2017-08-08T10:46:08.0000000,2017-09-05T18:53:02.0000000,2017-09-01T00:00:00.0000000,1,149.90,15.80,165.70,165.70
77fc7da5ef4df2c48276ae832072dcf1,a260ca264a1787a1842ced2735bff664,delivered,2018-01-07T22:52:49.0000000,2018-01-09T15:57:34.0000000,2018-01-24T00:00:00.0000000,0,109.90,11.97,121.87,121.87
49b9d47f2bb04361f15cf1537390dd60,fb2b3d5e34ae153e59fe64aa930e01d5,delivered,2017-02-07T21:32:58.0000000,2017-02-24T10:42:09.0000000,2017-03-22T00:00:00.0000000,0,65.00,15.75,80.75,80.75
f09d0203a51785e9ba9279607c38958c,90abf5b0ac7c7b7bb763da066ca7e60b,delivered,2017-02-13T13:00:36.0000000,2017-03-06T10:36:41.0000000,2017-03-16T00:00:00.0000000,0,21.99,16.05,38.04,38.04
d8e44f5b26cd539b50d9be42ecbe5d92,6e58debec4d82dd7dbdc9efdaa2bc43a,delivered,2017-09-11T17:58:12.0000000,2017-09-15T19:23:25.0000000,2017-10-06T00:00:00.0000000,0,39.90,16.60,56.50,56.50
b6b7ebd3ab897684bb22eaf084f8f299,073b17ed858e674f538ce7dc938c8e5c,delivered,2017-12-16T00:46:18.0000000,2017-12-29T21:12:33.0000000,2018-01-11T00:00:00.0000000,0,49.00,11.85,60.85,60.85
4a1340ea38a829e0ea96cd19d7a0f951,88d808f3083f22381023e9dbb5e99751,delivered,2018-01-21T08:10:23.0000000,2018-02-08T14:07:22.0000000,2018-02-14T00:00:00.0000000,0,49.90,13.37,63.27,63.27
ad42f04485e4f6eea616c0cdac1db05c,6aa762e5f01eb065661799c936a23487,delivered,2018-07-31T11:28:37.0000000,2018-08-06T14:38:36.0000000,2018-08-10T00:00:00.0000000,0,79.90,15.66,95.56,95.56
1a9a9700a3759028691f3af38138e3d8,6707f7d56127b258c3a93068d0f9394a,delivered,2018-05-20T14:52:56.0000000,2018-06-06T19:28:57.0000000,2018-06-11T00:00:00.0000000,0,75.90,25.58,101.48,101.48
b574f97b093ad4bc022f420344327e12,36d39e3b372efc3bbed5188c23d0d1ca,delivered,2018-03-04T11:13:39.0000000,2018-03-29T20:45:37.0000000,2018-03-23T00:00:00.0000000,1,89.90,17.88,107.78,107.78
9be42eec91e05104d84b81e71a9e6b81,89232b00f62b63711ba3be0c01a172b0,delivered,2017-10-30T19:03:45.0000000,2017-11-08T00:14:44.0000000,2017-11-07T00:00:00.0000000,1,219.00,29.91,248.91,248.91
913ed16681197337e68e936fc28b8370,42a17b496d860f35546c295e70f516a7,delivered,2018-08-03T00:00:21.0000000,2018-08-08T00:48:42.0000000,2018-08-16T00:00:00.0000000,0,58.00,13.07,71.07,71.07
e1215367814d0d82c496bf4c6b2ba6f7,fc39afc06082ea33d82e5c4b4c6e94d5,delivered,2017-04-13T20:08:10.0000000,2017-04-20T15:54:00.0000000,2017-05-09T00:00:00.0000000,0,118.90,15.00,133.90,133.90
bc52f8f79c3a17b6fd6fff5c63212940,8ea2a72106ace564cfabf220f79491ca,delivered,2018-01-21T21:07:51.0000000,2018-01-29T20:32:48.0000000,2018-02-06T00:00:00.0000000,0,15.90,7.78,23.68,23.68
3735720b8c1cd4212fa0866a8e58a049,94af59d9cac1ae1976312584f628ef6f,delivered,2018-05-16T23:08:51.0000000,2018-05-21T20:50:54.0000000,2018-06-20T00:00:00.0000000,0,189.90,19.21,209.11,209.11
bb24bc48ede5999f7be893f8d0024291,9b605f1eacf9a8ba0a7902464d6c884f,delivered,2017-08-13T20:31:03.0000000,2017-08-18T21:29:57.0000000,2017-09-01T00:00:00.0000000,0,104.90,12.23,117.13,117.13
74e033208dc13a7b8127eb8e73d09b76,72fcbb1145f2889eddcba6d6c1d6c090,delivered,2018-05-02T10:48:44.0000000,2018-05-07T23:06:36.0000000,2018-05-29T00:00:00.0000000,0,85.00,15.47,100.47,100.47
bf4f937c279d6f44c375450523ee9383,24fc6ae10363187c6761d4f8ad137cf7,delivered,2017-10-06T08:32:49.0000000,2017-10-13T16:09:35.0000000,2017-10-30T00:00:00.0000000,0,104.00,25.22,129.22,129.22
2c9bc10b715272770d51948b929485f7,2ca9b081fd8cf85263e827dffd02446b,delivered,2018-05-03T15:12:22.0000000,2018-06-07T20:03:26.0000000,2018-05-29T00:00:00.0000000,1,59.90,27.15,87.05,87.05
554ed79a85b56443912252c580b0ad02,68f20e749722e81e95a294b21b2763b5,delivered,2018-02-24T17:02:37.0000000,2018-03-17T00:08:35.0000000,2018-03-22T00:00:00.0000000,0,156.00,32.62,188.62,188.62
5596ba1b51a8d6801a60712a250471a8,c38477a5b6ae3d9b123c14c74e258210,delivered,2017-06-16T15:16:41.0000000,2017-06-19T21:18:44.0000000,2017-07-11T00:00:00.0000000,0,80.00,15.31,95.31,95.31
a2bbb88a8a7ebfa655f9172b60fd987f,cd4caa9c8a2fd5517470fe1f3360b969,delivered,2017-12-03T17:04:39.0000000,2017-12-16T12:47:57.0000000,2017-12-28T00:00:00.0000000,0,118.00,14.58,132.58,132.58
43f9a3d3e9d95525bfce717e31f72a56,b003d09f32a12bcc00b6ca04d46554e6,delivered,2018-07-11T00:13:33.0000000,2018-08-04T16:15:46.0000000,2018-07-30T00:00:00.0000000,1,69.99,13.83,83.82,83.82
68553e9e7b2c06807226ff348142d3ba,8d8ae08c6a8561cd5e932281b2b53855,delivered,2017-08-20T14:51:52.0000000,2017-09-01T00:23:26.0000000,2017-09-22T00:00:00.0000000,0,105.00,32.17,137.17,137.17
f44cb69655f8e4d13e7aae7cdd3d3c25,eab62436056c6ce3853a17dd6892951a,delivered,2018-07-13T22:22:57.0000000,2018-07-25T14:03:41.0000000,2018-07-31T00:00:00.0000000,0,155.97,8.35,164.32,164.32
f18eb4af9b5b05f1b47b1cb4e4abe4ba,7ba45738393d29e95932601bd28031bc,delivered,2018-06-28T00:27:12.0000000,2018-07-05T22:17:57.0000000,2018-07-17T00:00:00.0000000,0,24.90,8.33,33.23,33.23
14bec9a20933b219426d500ca2581dc4,b6e2d2a4ace19ed16fa851d6c9677487,delivered,2018-07-29T15:36:28.0000000,2018-08-10T21:43:20.0000000,2018-08-13T00:00:00.0000000,0,66.55,23.27,89.82,89.82
0ec76bccb5366815ac1be29b90db03c7,376085f5d0619f4cc1ea6cc1eb6663d6,delivered,2018-03-02T19:33:49.0000000,2018-03-29T21:58:54.0000000,2018-04-03T00:00:00.0000000,0,180.00,16.01,196.01,196.01
2380ca3ffd1097862f0f1f9b8f7c566f,731723e171b17d3d3d478ea3a1f4151d,delivered,2018-05-12T13:38:34.0000000,2018-05-23T17:32:53.0000000,2018-06-06T00:00:00.0000000,0,69.00,22.19,91.19,91.19
1c57302ee71281562fa44bc88283e3d1,601b800732110a9e3695e9c454bfa828,delivered,2017-11-30T08:13:06.0000000,2017-12-18T19:57:24.0000000,2017-12-28T00:00:00.0000000,0,95.00,17.92,112.92,112.92
fae78da81b7ad4a5389732f61e0264ef,90b17430567733d3e005cc92466c213a,delivered,2017-06-06T18:10:19.0000000,2017-06-19T21:22:25.0000000,2017-07-17T00:00:00.0000000,0,75.60,60.40,136.00,136.00
ceb992824b749348734de15eaca939ac,93516ce404b65731cecbd93db7392d33,delivered,2018-04-11T10:58:05.0000000,2018-04-16T19:46:45.0000000,2018-04-27T00:00:00.0000000,0,14.20,7.39,21.59,21.59
2f8b697ad1c74526e18a07acd7d7169b,eb19d6117ee958ab1e3e3a2d8b230083,delivered,2018-04-21T14:18:28.0000000,2018-05-07T18:57:38.0000000,2018-05-28T00:00:00.0000000,0,158.00,40.56,198.56,198.56
fbf0dfaa84a26a3cbddf314c3362316c,cab4cad0f7657576558c907ad8e307fd,delivered,2017-11-25T01:03:50.0000000,2017-12-18T18:46:39.0000000,2017-12-15T00:00:00.0000000,1,19.00,14.10,33.10,33.10
210d1686d116f7589a06e12974814bba,f9a448ce00c793bc273313654d4ac153,delivered,2017-06-19T08:03:22.0000000,2017-06-25T09:58:05.0000000,2017-06-30T00:00:00.0000000,0,78.00,7.80,85.80,85.80
4519d054994236d26b04aba27498afb9,fb713deec65d4832addaff1950dee895,delivered,2017-04-11T13:37:00.0000000,2017-04-27T13:20:06.0000000,2017-05-05T00:00:00.0000000,0,18.16,14.52,32.68,32.68
afa2c425be2efd14c19b4a0aa62f9b59,2a22ba1cb2f182b16cfd4b7620ea6114,delivered,2018-03-04T02:25:53.0000000,2018-04-06T19:24:59.0000000,2018-03-22T00:00:00.0000000,1,229.90,18.86,248.76,248.76
9c30d1a4692fbd9418f2404ada176ccd,c6c138e91cd9b75b300f8d5181f622c5,delivered,2017-11-28T00:37:52.0000000,2017-12-06T17:57:03.0000000,2017-12-18T00:00:00.0000000,0,109.97,34.04,144.01,144.01
3562e5cbf3effd83e186fe72ebb92f95,69c2c14480efd86260ca133de7a15868,delivered,2018-02-16T18:35:57.0000000,2018-03-06T23:07:53.0000000,2018-03-19T00:00:00.0000000,0,27.93,14.10,42.03,42.03
646e62df54f3e236eb6d5ff3b31429b8,55f35e2e63c2446e9eeea957bbe164ed,delivered,2017-10-20T08:41:55.0000000,2017-10-25T15:13:48.0000000,2017-11-09T00:00:00.0000000,0,182.00,14.29,196.29,196.29
7000fce52371834b260a8b6dd57eb419,8b22c8fb9fe2cd131779d2cad4931f09,delivered,2017-02-24T15:50:47.0000000,2017-03-03T13:25:07.0000000,2017-03-17T00:00:00.0000000,0,119.70,26.16,145.86,145.86
7388afc4743da7d6e532b7fd086b4357,986c590aed8ad278ffc220f81b2d8e4f,delivered,2017-09-28T08:54:23.0000000,2017-10-16T19:43:41.0000000,2017-10-25T00:00:00.0000000,0,159.99,57.79,217.78,217.78
cd664e197521a82f89b34d1af4af7aa0,b5f533f7de4aaed81593a76fcf108929,delivered,2018-03-02T10:01:27.0000000,2018-03-06T17:41:49.0000000,2018-03-14T00:00:00.0000000,0,49.90,7.78,57.68,57.68
774b8c52e2dda4cae042a9175258ab1b,f4089d4af6a57725128cafde4c098188,delivered,2017-11-20T12:49:35.0000000,2017-12-22T18:32:29.0000000,2017-12-21T00:00:00.0000000,1,689.00,42.37,731.37,731.37
a184881e0110ee6bba45e5ba8287c638,485abc56a464a56ff6e9f9a752ff4308,delivered,2017-10-16T20:22:17.0000000,2017-11-14T16:04:51.0000000,2017-11-03T00:00:00.0000000,1,159.99,57.79,217.78,217.78
a0b05780db06986cd81518fc9cc9b34d,e95ac603dd00da603acf38d05e55d781,delivered,2017-11-24T19:58:16.0000000,2017-11-29T20:37:08.0000000,2017-12-11T00:00:00.0000000,0,98.97,39.24,138.21,138.21
84cf671bc3869df812c782309ef46a8d,72a4d28238f6eeded6dbeba88988cd6f,delivered,2018-07-18T10:44:11.0000000,2018-07-24T14:48:40.0000000,2018-08-07T00:00:00.0000000,0,19.90,18.24,38.14,38.14
117ce86d1ddbcdf65da3ff7fe763ed09,a6f0724c88ff8742ef397186be22c75f,delivered,2017-06-13T23:49:22.0000000,2017-06-19T20:24:32.0000000,2017-07-06T00:00:00.0000000,0,123.89,18.12,142.01,142.01
23f1f636dd6189253847462e5ea2e797,358fde222358cdce3408ac3fc3b1d1e0,delivered,2018-01-12T18:14:41.0000000,2018-01-16T19:56:37.0000000,2018-02-02T00:00:00.0000000,0,52.00,13.38,65.38,65.38
6bd15a70199a7500ae1bcb5b7bcccd7c,777bf9a904c89700fef785ee2de8c0de,delivered,2017-09-23T16:40:09.0000000,2017-10-05T19:55:35.0000000,2017-10-18T00:00:00.0000000,0,39.90,14.10,54.00,54.00
bf7dc4793cf928d5303528934bd9647c,11185d8d8221dfe29861c0c27dfab584,delivered,2017-09-17T11:47:07.0000000,2017-09-28T13:41:47.0000000,2017-10-09T00:00:00.0000000,0,54.90,25.22,80.12,80.12
c26545d07aedc265947816ff58acf2d2,55814b1c0dcf038f760c8f30b1b1d430,delivered,2018-06-15T08:26:16.0000000,2018-06-26T19:41:45.0000000,2018-07-24T00:00:00.0000000,0,112.99,37.70,150.69,150.69
5c6c22a0e96822517dd3c5ee6cd1fbcf,1188830c8320a8f9abd982d8deb49330,delivered,2018-01-11T22:14:00.0000000,2018-01-25T21:38:08.0000000,2018-02-14T00:00:00.0000000,0,169.00,18.43,187.43,187.43
12c35cf2a5171b0fb8e19d60abcb9353,96d3fe655ac136a3575eec6f7bd4d698,delivered,2018-01-21T22:39:40.0000000,2018-01-25T15:49:02.0000000,2018-02-06T00:00:00.0000000,0,139.90,13.60,153.50,153.50
dda3e0dbde3a2cd09432650b3634582d,ed7abe2bf6dacb66b55c2bebf0d2adaf,delivered,2018-04-22T20:13:58.0000000,2018-05-09T19:58:31.0000000,2018-05-16T00:00:00.0000000,0,109.00,13.81,122.81,122.81
ed1407b1e486fadba3e6cd4460dccd56,d83913dc23a7f3c90ff7a10d1b4bd4c6,shipped,2017-10-22T12:55:42.0000000,,2017-11-14T00:00:00.0000000,0,149.99,40.38,190.37,190.37
7249fd69ae42373a6a357567e41ecc57,c2a3ea344de262f71dfb5d9f83a02adf,delivered,2017-01-26T22:15:22.0000000,2017-02-08T09:52:05.0000000,2017-02-24T00:00:00.0000000,0,89.99,20.71,110.70,110.70
4941da6e1a4eef723674c7148152c4f6,5c4fbfda89ecf784397c5a99ec36601a,delivered,2018-06-11T16:49:47.0000000,2018-06-13T18:39:37.0000000,2018-06-26T00:00:00.0000000,0,199.80,28.69,228.49,228.49
fe1db39ee392d14b9d8b00c17e02023f,1a38db127bea608981938b7abf53da7b,delivered,2018-06-21T13:17:24.0000000,2018-06-27T21:06:46.0000000,2018-07-16T00:00:00.0000000,0,119.00,21.47,140.47,140.47
a6b58794fd2ba533359a76c08df576e3,ccd8e3459ad58ae538c9d2cf35532ba4,delivered,2018-05-14T15:18:23.0000000,2018-05-19T19:33:32.0000000,2018-06-08T00:00:00.0000000,0,138.00,36.72,174.72,174.72
3c8876b8e5a484c81a1aa6c8bc4e65d6,e4e69809ae1da631eaa47e73e5f4f641,delivered,2017-09-14T13:25:35.0000000,2017-10-10T19:42:11.0000000,2017-10-18T00:00:00.0000000,0,113.00,33.24,146.24,146.24
1767c122a3ee029a66f97b74a2538d2e,d01dc54fcf3bf7bf2fee5926f43e0516,delivered,2018-01-11T14:48:38.0000000,2018-01-22T21:42:24.0000000,2018-02-15T00:00:00.0000000,0,99.90,19.94,119.84,119.84
76754c0e642c8f99a8c3fcb8a14ac700,f6c39f83de772dd502809cee2fee4c41,delivered,2017-10-26T09:31:45.0000000,2017-11-01T21:17:43.0000000,2017-11-22T00:00:00.0000000,0,1437.00,34.51,1471.51,1471.51
75679c6961aad55f81620d8542166135,0e59972cf69e00897677dfb1445ba420,delivered,2017-11-26T20:26:21.0000000,2017-11-28T20:29:04.0000000,2017-12-12T00:00:00.0000000,0,99.00,8.89,107.89,107.89
fe317ce4a7ca2ec5a2cdb56c3e5788b2,dcc865b0a392f4d72458ec0677e1f085,delivered,2018-04-05T13:50:28.0000000,2018-04-16T19:29:00.0000000,2018-05-03T00:00:00.0000000,0,56.89,18.33,75.22,75.22
d8f1c1e598fd2b2e9e562c42782e0226,3e6afc2521b10ee0a075d3193467c9f5,delivered,2018-05-15T18:25:54.0000000,2018-05-17T21:18:31.0000000,2018-05-23T00:00:00.0000000,0,50.00,14.78,64.78,64.78
411b8901b201804f134429744b17b686,c5bbfe67cb7212c9e6390fcd598caf85,delivered,2017-09-18T18:51:12.0000000,2017-09-22T15:12:45.0000000,2017-09-29T00:00:00.0000000,0,248.99,9.00,257.99,257.99
f2bfe1e2b86b6e22866492f4dbd26ff0,80f96051386679183cf545a68d3314c8,delivered,2017-12-02T00:01:21.0000000,2017-12-20T20:39:26.0000000,2018-01-02T00:00:00.0000000,0,179.99,45.72,225.71,225.71
2feb60b66471f9985b3f06df1f360f34,7e31ff5a549f128e99d5cf90f3b9a649,delivered,2018-06-05T20:29:13.0000000,2018-06-20T14:16:32.0000000,2018-07-18T00:00:00.0000000,0,180.40,23.84,204.24,204.24
ed9ddf13b205161d8ca32de15a50a5c7,0c6402878bcf4a5a361d9008210101d4,delivered,2017-12-03T19:38:53.0000000,2017-12-19T20:38:23.0000000,2017-12-27T00:00:00.0000000,0,139.99,15.74,155.73,155.73
0c40dfe4127461031cfea37fb4c63856,812db10465ec8fed84262db66f615f87,delivered,2018-05-14T09:01:31.0000000,2018-05-21T18:32:37.0000000,2018-06-04T00:00:00.0000000,0,149.90,19.61,169.51,169.51
7033745709b7cf1bac7d2533663592de,7f0ca17bb33b230b47459437cf0682c7,delivered,2016-10-04T14:13:22.0000000,2016-10-11T14:46:49.0000000,2016-11-30T00:00:00.0000000,0,93.90,17.61,111.51,111.51
e6555e78046757613e040b01b153fc1f,3da77d06455b633b2d7e79511d75f76e,delivered,2018-06-02T12:36:32.0000000,2018-06-05T17:38:48.0000000,2018-06-28T00:00:00.0000000,0,39.00,7.39,46.39,46.39
c94ad4f97a88391955fc080a1a4e74cb,abefd2db6a344cf871cf42687fb563f4,delivered,2017-07-28T13:47:16.0000000,2017-08-09T23:45:35.0000000,2017-08-21T00:00:00.0000000,0,75.00,21.02,96.02,96.02
1dab6cb14267214f76fe292d1a79014c,7e572970d84b6164550e059b22c1bca1,delivered,2018-06-06T08:41:33.0000000,2018-06-18T14:32:32.0000000,2018-07-16T00:00:00.0000000,0,249.90,41.82,291.72,291.72
1131444207572a61609f9be4f5308af3,1c9e4589fd7fa6552ce6e19f4e9f1746,delivered,2017-10-24T14:48:29.0000000,2017-11-03T17:41:33.0000000,2017-11-24T00:00:00.0000000,0,193.80,17.12,210.92,210.92
5189eca8aa65ca525e4929c6f6a758d1,cb91916ede5670fdd34d3acd31ac21b3,delivered,2017-05-19T20:13:23.0000000,2017-05-31T06:45:51.0000000,2017-06-14T00:00:00.0000000,0,467.00,19.30,486.30,486.30
2050ad559df86365b2d2a824640af4a1,d03d5c0d58cfeefd79f0b7af50bbfb87,delivered,2017-02-28T17:28:52.0000000,2017-03-06T17:28:17.0000000,2017-03-22T00:00:00.0000000,0,180.00,58.08,238.08,238.08
59af6639bc574148a47076bb16ff485e,b83bd80a9acf980ee6ac382e5c1452ae,delivered,2017-09-08T10:32:20.0000000,2017-09-14T18:15:41.0000000,2017-09-26T00:00:00.0000000,0,69.90,13.51,83.41,83.41
b7707080e47946584d1280f2b8f200a5,5d8613cf1855d00dfec57ccdba74f7c0,delivered,2017-08-24T16:14:27.0000000,2017-09-01T19:22:33.0000000,2017-09-14T00:00:00.0000000,0,135.00,12.45,147.45,147.45
0f6a5e91a0432f84b83844d7b001d765,fe659882d754bfbce85819a43c666004,delivered,2017-08-01T00:22:08.0000000,2017-08-08T20:12:54.0000000,2017-08-23T00:00:00.0000000,0,99.99,17.95,117.94,117.94
ce3f08db12e92209931e4bff447392df,ad575c56bac677400aa8cbaca2d8446d,delivered,2018-06-23T18:19:04.0000000,2018-06-27T15:58:44.0000000,2018-07-16T00:00:00.0000000,0,75.96,60.95,136.91,136.91
92aff898bbb77b43b3ce8c33bc2339f2,39b99beee67aed8ae9553366b6f79de5,delivered,2018-04-18T01:06:13.0000000,2018-04-24T16:38:38.0000000,2018-05-11T00:00:00.0000000,0,110.00,14.85,124.85,124.85
dd94f2867bcd2be2229f44d7a0df4e5b,786ee3fc4d3b8097f9759d512efb5540,shipped,2017-03-28T09:43:17.0000000,,2017-04-17T00:00:00.0000000,0,43.99,12.93,56.92,56.92
3c8f34ce6765b01eb78b79eec5617971,996595f66cb179af29159ee6c539dc10,delivered,2017-06-17T12:36:48.0000000,2017-07-06T17:53:52.0000000,2017-07-11T00:00:00.0000000,0,167.92,15.93,183.85,183.85
70462ebcf26934be8bd0327d2e6103d3,fb8b8298c590af3ee3169596c5ec2114,delivered,2018-08-20T22:06:10.0000000,2018-08-22T22:02:31.0000000,2018-08-28T00:00:00.0000000,0,218.00,17.84,235.84,235.84
eb314576a333adeb296496f38c4c7852,11b404d7080235f5ff52a1c38deb5a98,delivered,2018-01-23T14:52:06.0000000,2018-02-16T01:28:48.0000000,2018-02-16T00:00:00.0000000,1,49.90,17.60,67.50,67.50
b5585a71d72133e35079e240c76065d8,28e1fb62850ddf7aebac7ec6602dc756,delivered,2017-11-22T21:29:06.0000000,2017-12-18T13:51:24.0000000,2017-12-12T00:00:00.0000000,1,99.00,17.94,116.94,116.94
c7911a821f0816b0c1345016668c7752,d0b0b2dd8bdaf36ebea19c232b4e986b,delivered,2018-06-08T16:47:20.0000000,2018-07-02T16:52:34.0000000,2018-07-03T00:00:00.0000000,0,64.00,19.42,83.42,83.42
8b346abc34a6e64bc67fcd3b0eccdc9f,dd1506d329d9b0135855082aae3c79ac,delivered,2018-07-11T20:15:04.0000000,2018-07-26T23:32:50.0000000,2018-08-09T00:00:00.0000000,0,337.18,39.27,376.45,376.45
7a9d100d2a88bd95c3f8acd4af29d3e8,6f203f614778c173ade2490e6684c399,delivered,2018-06-01T22:35:25.0000000,2018-06-07T21:33:59.0000000,2018-07-05T00:00:00.0000000,0,24.90,13.47,38.37,38.37
573b5d93e53ee17f6d7276929890932c,dd9fdfd1c2d9c13f398bf35eb1f18325,delivered,2018-05-08T21:54:28.0000000,2018-05-15T18:29:09.0000000,2018-05-28T00:00:00.0000000,0,160.90,41.89,202.79,202.79
b95764ee8ef0302702f107df59c9c4a2,5fff39f1b59dc4d2fb96c9f19b9a484e,delivered,2017-05-01T19:13:37.0000000,2017-06-02T06:17:21.0000000,2017-06-02T00:00:00.0000000,1,48.98,41.60,90.58,90.58
f6e3e88cce05228735d1d123916961a8,40512822fff2718801d8ecdd063dfa9b,delivered,2018-01-31T23:58:22.0000000,2018-02-09T16:51:31.0000000,2018-03-02T00:00:00.0000000,0,35.00,15.10,50.10,50.10
586b28be2b8f5afe936887ea02ab3494,ae5ebdc6de8a5f0bb49b5a3cb50c661d,delivered,2018-02-12T18:10:07.0000000,2018-02-20T15:08:53.0000000,2018-03-12T00:00:00.0000000,0,99.00,19.93,118.93,118.93
a933a186653455e64fd077551cfcef0b,247d21dc380c7ca4269050fe3fc1a386,delivered,2017-08-23T20:53:48.0000000,2017-09-04T18:51:41.0000000,2017-09-13T00:00:00.0000000,0,51.92,12.70,64.62,64.62
215235517f0e156724a0ac20bc1076a5,b4523e0afadc29b0607177c2234b3218,delivered,2017-02-04T23:27:50.0000000,2017-02-09T12:21:54.0000000,2017-03-01T00:00:00.0000000,0,119.90,12.23,132.13,132.13
d9ab691cb8d49410e7ae590b588499d4,eea6871b2a776e5f98fe73b255a0a270,delivered,2018-06-18T19:57:15.0000000,2018-06-21T15:37:51.0000000,2018-07-05T00:00:00.0000000,0,185.81,14.64,200.45,200.45
6da34f9b88619e4ba847c49363dfb425,8ce4d77283bb19ebaedee1fb91fef7ba,delivered,2017-12-03T20:03:22.0000000,2017-12-13T21:19:02.0000000,2017-12-29T00:00:00.0000000,0,99.90,16.46,116.36,116.36
1e51b2b229678b37addbfeb359d0e3ab,b2de21eac1284b5492269771d68da739,delivered,2018-07-22T17:32:59.0000000,2018-07-25T21:11:54.0000000,2018-07-31T00:00:00.0000000,0,100.00,71.30,171.30,171.30
3eb08a4c95b522bed075ec059ad858ab,8aac7e3ddd515089585bbab2b7d85aa8,delivered,2018-08-07T22:03:27.0000000,2018-08-17T11:42:52.0000000,2018-09-21T00:00:00.0000000,0,179.40,45.11,224.51,224.51
1c7c35deaf3a1639e247ce03babdfded,87edd217bd6fc063e3bcaded331967a7,delivered,2018-07-16T16:33:17.0000000,2018-07-20T19:57:58.0000000,2018-07-30T00:00:00.0000000,0,24.99,12.84,37.83,37.83
cb3830baa25a82fb69d5256ffca9b6a2,524fb99dd1c0c28f8b9b9d33f38c7b13,delivered,2017-05-15T21:07:48.0000000,2017-05-22T13:52:41.0000000,2017-06-08T00:00:00.0000000,0,68.80,15.23,84.03,84.03
9236b5f6966275539861284a31b94efe,ccae8f97bb03a9257e3abbb5baf17a1e,delivered,2018-05-19T22:43:35.0000000,2018-05-23T18:14:45.0000000,2018-06-04T00:00:00.0000000,0,75.00,7.39,82.39,82.39
dbb786f88b6d4e52fe3cb5d771b979d6,478778636c75019554439f75286a22e3,delivered,2018-08-28T21:56:30.0000000,2018-08-30T18:22:45.0000000,2018-09-05T00:00:00.0000000,0,149.90,12.07,161.97,161.97
9f39472adcdca3e6eeaf227576a1a427,8805f5004091e5a6d6732b4b57c94e3e,delivered,2017-12-18T06:12:28.0000000,2017-12-26T20:51:37.0000000,2018-01-11T00:00:00.0000000,0,24.50,11.85,36.35,36.35
fe5d946bb1d5891792a436f46f3618a3,59a7929fc18263169c90c46240902697,delivered,2017-03-25T20:01:03.0000000,2017-04-05T14:38:07.0000000,2017-04-20T00:00:00.0000000,0,89.00,19.21,108.21,108.21
eb7ad8aef38707da6cf8a476dd47198e,7e27f4fc651dbbb8ef84aa9450dae2a5,delivered,2018-01-09T19:59:13.0000000,2018-01-11T17:14:40.0000000,2018-02-07T00:00:00.0000000,0,155.00,8.83,163.83,163.83
6e9cd3f36a1e951e29d455913402c171,aa76c84a162fed7b8e5b935ce4ea7533,delivered,2018-07-24T21:54:54.0000000,2018-07-26T19:58:43.0000000,2018-08-09T00:00:00.0000000,0,369.00,17.65,386.65,386.65
5b4bb46d2cabe7e960a2b8bf70af105a,14bf3008a25d689c6ad3ca1b5b9975ec,delivered,2017-10-18T16:30:42.0000000,2017-10-23T23:59:47.0000000,2017-11-03T00:00:00.0000000,0,23.99,7.78,31.77,31.77
ed63e82cc089fa6625b919b6533ff7bc,d62fe8fd4137b91ddd653cccd56811b1,delivered,2017-11-22T09:16:35.0000000,2017-11-23T21:49:43.0000000,2017-12-04T00:00:00.0000000,0,179.49,9.45,188.94,188.94
bf2910ffd07baa17d7d2ce5a170da758,2441a257e681c06ff2101ed765647ada,delivered,2018-07-18T16:20:25.0000000,2018-08-06T17:42:37.0000000,2018-08-06T00:00:00.0000000,1,64.99,29.71,94.70,94.70
6672ea757b340c6ebd644244a2c982ae,8070cecab3f3dbd764a549623cfa6243,delivered,2018-07-03T09:00:42.0000000,2018-07-05T17:12:44.0000000,2018-07-17T00:00:00.0000000,0,49.00,7.60,56.60,56.60
41d1a34204ce66a59daa5590f05cc4fa,881554102719236e5c195d199d6d868a,delivered,2017-11-22T13:45:31.0000000,2017-12-07T16:22:45.0000000,2017-12-14T00:00:00.0000000,0,50.00,15.10,65.10,65.10
d9b968b9f8c464fd7941981e0ee66845,fa9df1d2b3ed5aa06027b89a34ec272a,delivered,2018-08-04T19:25:09.0000000,2018-08-09T17:42:28.0000000,2018-08-17T00:00:00.0000000,0,185.00,13.96,198.96,198.96
ff455a4ac6c4471e4e1ddc55f6610e60,db2bae68f396fde5433217c9730d1b7e,delivered,2017-09-23T10:03:33.0000000,2017-10-02T20:09:32.0000000,2017-10-20T00:00:00.0000000,0,299.99,20.08,320.07,320.07
573ef5595dd0028826051b99f5306ad3,15d268e1a1f123f6ed84dcb45b4df293,delivered,2017-08-31T12:44:50.0000000,2017-09-11T17:04:22.0000000,2017-09-26T00:00:00.0000000,0,59.90,13.44,73.34,73.34
0c91c4102d1858f4ced29970f55e54a0,ae8ed9c83d32613ae9f7e6c72443cdbb,delivered,2017-03-01T10:46:15.0000000,2017-03-07T07:57:54.0000000,2017-03-28T00:00:00.0000000,0,45.90,10.96,56.86,56.86
0300095becf10f9b2993706759522741,05428560b11124d146bc86a2c4d5bf35,delivered,2018-07-01T20:21:03.0000000,2018-07-10T20:33:05.0000000,2018-07-18T00:00:00.0000000,0,89.00,9.93,98.93,98.93
5342639ad4af90638a48134b744df827,10c7dc349ad0a77ea4540c0464567dcd,delivered,2017-10-14T19:33:54.0000000,2017-10-24T20:45:01.0000000,2017-11-08T00:00:00.0000000,0,107.61,18.00,125.61,125.61
37575790ea3501cfd8c51bfe42e08950,6877b5e3cdd8a9efac00e34fcaa4e02e,delivered,2018-06-09T11:03:36.0000000,2018-06-13T18:49:35.0000000,2018-06-20T00:00:00.0000000,0,26.90,8.88,35.78,35.78
6b9ac2a31d647731d9523ae035f17dbc,b25d246218db68891876e79b3476038f,delivered,2018-04-26T15:01:37.0000000,2018-05-24T16:32:13.0000000,2018-05-28T00:00:00.0000000,0,110.00,29.03,139.03,139.03
3d4a36b2720a815f829c5e1f82bbd0d5,29c938e10e5b108f3141464ff1bab857,delivered,2017-11-30T18:40:48.0000000,2017-12-13T00:52:26.0000000,2017-12-22T00:00:00.0000000,0,67.98,42.72,110.70,110.70
6ff68e4d7ba469f258223a389f864f25,a182cf6abe84f63e4ee29ac3ad7ce340,delivered,2018-06-18T23:30:33.0000000,2018-06-20T18:38:54.0000000,2018-06-29T00:00:00.0000000,0,129.99,9.25,139.24,139.24
d5292f531e571c16fcd72df9fc07336d,2ef9aa87865d1090e352dcc1b116ac23,delivered,2017-04-26T10:48:55.0000000,2017-05-18T12:20:09.0000000,2017-05-19T00:00:00.0000000,0,84.90,17.43,102.33,102.33
2fe72d522af94b1264d79a8e6e41f933,5dce0d6d2ad974afb75df4b6ae8e4ac8,delivered,2018-07-18T13:26:10.0000000,2018-07-23T23:07:25.0000000,2018-07-26T00:00:00.0000000,0,110.00,8.03,118.03,118.03
d64d6b004a4ffd419003fc0a128c1c50,42ec6e7b9d6b378c51d60ee3d0d65b30,delivered,2018-07-25T17:11:06.0000000,2018-07-30T10:52:29.0000000,2018-08-17T00:00:00.0000000,0,209.90,24.27,234.17,234.17
362cc20bf09835f4398cedd319fb7d8e,9eb0d8ae0777405811966250213e28a2,shipped,2018-03-27T12:10:05.0000000,,2018-04-19T00:00:00.0000000,0,69.99,27.22,97.21,97.21
378aab9f026bcce6c5d6b5b6453be88a,37c19e14f0f664e83d2068be6b1f44dc,delivered,2018-04-08T18:44:33.0000000,2018-04-11T23:18:21.0000000,2018-04-25T00:00:00.0000000,0,13.30,7.71,21.01,21.01
c20a9485bdb520396c83079ef63bc71f,74cbbd9942f97b98f93c63b3e0ec8edc,delivered,2017-11-28T10:50:26.0000000,2017-12-04T19:23:30.0000000,2017-12-13T00:00:00.0000000,0,58.99,11.73,70.72,70.72
54ac5ed66a8b2c74a3878d90d805f367,e6ed40b69433d15314244f3ef50bcd29,delivered,2017-04-10T14:29:16.0000000,2017-04-19T11:37:46.0000000,2017-05-04T00:00:00.0000000,0,39.90,14.52,54.42,54.42
2dd08b72f1dfc49c74883302437e6f6d,94d64c9b674e29504cf012056f182c9f,delivered,2017-09-27T20:04:09.0000000,2017-10-05T14:45:08.0000000,2017-10-19T00:00:00.0000000,0,99.00,13.71,112.71,112.71
9d43eaf1f72a6d200577517c4e4265e0,855f0b8c477c57d9c5d0210c260459a5,delivered,2017-11-27T14:18:56.0000000,2017-12-14T17:58:44.0000000,2017-12-21T00:00:00.0000000,0,140.00,15.73,155.73,155.73
97f6c1beeb18315f25509f009a45b111,e7ea13209423cee1f34f8e8c7c8eeb23,delivered,2017-06-30T12:57:54.0000000,2017-07-10T13:49:48.0000000,2017-07-24T00:00:00.0000000,0,129.90,18.16,148.06,148.06
5e84bf559fcc6a7a95c0d302a48c89be,faa3126cfc735934e9e43665018a21b1,delivered,2018-06-14T19:41:46.0000000,2018-06-19T15:48:47.0000000,2018-07-11T00:00:00.0000000,0,35.00,12.91,47.91,47.91
9d5dfd77cf32bd319a504f77a137491b,c590bde02b403025bd56faa049638968,delivered,2018-03-20T16:43:21.0000000,2018-04-13T22:58:22.0000000,2018-04-06T00:00:00.0000000,1,185.00,17.26,202.26,202.26
5cd498954e2b37d71b315166809b4bd7,ff1a56726b7ea149c7423865609cc0c8,delivered,2016-10-07T00:54:40.0000000,2016-10-27T17:32:07.0000000,2016-12-01T00:00:00.0000000,0,134.70,46.89,181.59,181.59
3030ecce41acdc5bf51484698b3d8fe7,c9f6f241518c8603c0c46f0817ba487e,delivered,2017-11-22T19:20:18.0000000,2017-11-27T18:34:38.0000000,2017-12-04T00:00:00.0000000,0,144.99,12.22,157.21,157.21
74d91d0ed661cdf6683637341c196645,73126bea0883827ebbbabe078fc513bb,delivered,2018-07-16T15:53:49.0000000,2018-08-04T13:48:24.0000000,2018-08-06T00:00:00.0000000,0,19.90,22.86,42.76,42.76
bc5cea9719955b2337f23a87db809566,d605f9f01f069c8665dba62d0d8de501,delivered,2017-11-12T17:39:03.0000000,2017-11-24T18:52:56.0000000,2017-12-04T00:00:00.0000000,0,26.90,14.10,41.00,41.00
e51859ab3a4df4a9dd8d6f60a060148b,1d84ab68816537ec824426841b34e696,delivered,2017-10-01T13:57:15.0000000,2017-10-04T22:08:07.0000000,2017-10-18T00:00:00.0000000,0,849.99,14.14,864.13,864.13
288edb42bc749855816a5e66e39d342a,4ce13550ee2faa98b72b3c507e1144f5,delivered,2017-12-28T17:40:18.0000000,2018-01-09T17:59:23.0000000,2018-01-29T00:00:00.0000000,0,99.00,16.13,115.13,115.13
0aea558128f1a96bd223babc4dc79bd3,daf457df7093e56187eda2050592817b,delivered,2018-01-31T20:50:59.0000000,2018-02-07T20:17:26.0000000,2018-03-01T00:00:00.0000000,0,29.90,20.84,50.74,50.74
5943f6d5dc8ba01f970b8ef4d18678cb,f2c52534beb7f3e34299986eb4950d92,delivered,2018-05-03T23:30:05.0000000,2018-05-10T04:32:53.0000000,2018-05-22T00:00:00.0000000,0,118.90,7.70,126.60,126.60
174fb39de9de15c80ea4076ba0cb6c83,cf6d28f68cf26d4e77f3482f0c452d70,delivered,2018-05-05T09:13:56.0000000,2018-05-26T13:32:09.0000000,2018-05-30T00:00:00.0000000,0,74.70,19.21,93.91,93.91
8b2f04328e5408c6e2f9ebd38f2af662,c7dfe8a4d98f2c191a73944ffcaa76cc,delivered,2017-08-24T09:19:16.0000000,2017-09-13T11:23:27.0000000,2017-09-18T00:00:00.0000000,0,40.90,15.10,56.00,56.00
9b0efb7141956726fa720e1ab576d4ca,2ac13f95801bc09dc5624673d54d4c31,delivered,2017-08-02T07:37:51.0000000,2017-08-07T14:42:02.0000000,2017-08-22T00:00:00.0000000,0,34.90,13.37,48.27,48.27
b3b9c134c866906502560d298369a253,b55d0d8610fbb4935574a98c33c6a60f,delivered,2017-08-15T22:45:17.0000000,2017-08-25T20:17:32.0000000,2017-09-11T00:00:00.0000000,0,48.00,16.11,64.11,64.11
a65f65e30792ce1c3492008e544cd0da,4274d726e175b67d5a1893ea0fa4e1a9,delivered,2018-04-10T23:03:58.0000000,2018-04-24T22:36:51.0000000,2018-05-11T00:00:00.0000000,0,39.99,37.04,77.03,77.03
f8965d92f9d8e18cd5d1a0e3bc9d15fc,fb31ae52945c45377e1ba9644b7f78e5,delivered,2018-03-24T16:14:29.0000000,2018-04-09T19:22:17.0000000,2018-04-12T00:00:00.0000000,0,175.00,14.59,189.59,189.59
93ee5063c90357efe9aaeabb20badbf6,9f4578f809480da7c0bc98fab02c1cc3,delivered,2017-08-22T14:39:49.0000000,2017-08-28T20:17:51.0000000,2017-09-18T00:00:00.0000000,0,36.90,12.69,49.59,49.59
4ce4fb772277f3a13a61a93b7f19d62e,595a590ba9c0127d59855c4dba71a69e,delivered,2018-06-13T16:19:00.0000000,2018-06-22T18:28:38.0000000,2018-07-05T00:00:00.0000000,0,150.90,20.11,171.01,171.01
421a29f5936d35b40acaa102627113f2,691a7804c3cf06446a3f2c13cecbf251,delivered,2018-03-29T10:32:39.0000000,2018-04-19T00:03:14.0000000,2018-04-23T00:00:00.0000000,0,99.90,23.28,123.18,123.18
fa77901ba32818c037de356056fd2a6d,f2c08c6a66c51cae87e9c931f97a022d,delivered,2018-08-10T13:14:02.0000000,2018-08-15T16:21:25.0000000,2018-08-24T00:00:00.0000000,0,24.99,18.28,43.27,43.27
a64331bb3f2dc9398fc61964bbf99296,96bfa6abb051b3b455959e2d0bc6aeec,delivered,2017-07-18T14:57:58.0000000,2017-07-31T18:42:10.0000000,2017-08-17T00:00:00.0000000,0,119.90,20.08,139.98,139.98
1f0fb6f94c105ba0047b56143a01c3a9,a915c5f2ffdc3c2a11a35c426bc8de6e,delivered,2017-09-03T18:42:45.0000000,2017-09-11T18:24:01.0000000,2017-09-21T00:00:00.0000000,0,25.99,11.85,37.84,37.84
bbdac08bddebc79ee2654423b9ad63c3,6b0135fff11f14781d72fc93315eec54,delivered,2017-11-28T13:05:16.0000000,2017-12-13T18:15:26.0000000,2017-12-21T00:00:00.0000000,0,299.70,49.38,349.08,349.08
9a3492f3f18d2b5cf77e8ce369f84d80,ee6afaf3c3be813761f25c1e66b8fedd,delivered,2018-07-25T15:19:48.0000000,2018-07-31T21:12:24.0000000,2018-08-14T00:00:00.0000000,0,12.88,18.23,31.11,31.11
b836b696665c1f7e1d72497adf574b4f,f1def85ade6e5b754d5f84a958fd48c2,delivered,2018-01-24T18:33:34.0000000,2018-02-06T12:58:28.0000000,2018-02-20T00:00:00.0000000,0,140.00,46.45,186.45,186.45
11bd7edbef6a822b220f48085472871b,95a66a1b875e06e6490b4ad49d7ef34b,delivered,2017-07-10T21:36:55.0000000,2017-07-12T18:05:47.0000000,2017-07-21T00:00:00.0000000,0,69.99,11.73,81.72,81.72
f97e435076c45487417ce991028f5445,dbb099efb706ebbe3d67bf067d2442db,delivered,2017-02-11T14:45:06.0000000,2017-03-13T18:35:44.0000000,2017-03-22T00:00:00.0000000,0,29.90,20.80,50.70,50.70
712ddc2da1bdd2e1b5f6baf0171860c2,6c9de7274450f72bc4fb8d28f629ef4b,delivered,2017-08-10T21:49:45.0000000,2017-08-28T19:23:43.0000000,2017-09-08T00:00:00.0000000,0,117.90,38.38,156.28,156.28
710770cfb61b2c43a091ab2c7b89a921,f3df91219ffe2fb3e399377acfd0e527,delivered,2018-01-06T14:25:01.0000000,2018-01-16T17:51:36.0000000,2018-02-02T00:00:00.0000000,0,49.00,16.11,65.11,65.11
f05b87cae9d521c780bc3dfc281ca892,1a7edcadd05cd374c32cc5e4f87d9832,shipped,2018-08-04T12:49:06.0000000,,2018-08-24T00:00:00.0000000,0,90.00,24.98,114.98,114.98
de6167039d6c71c0bea5a5d3b9437082,fa59e3b76be4ec3ab0fa05000e7bf6c2,delivered,2018-07-04T17:27:56.0000000,2018-07-12T17:32:31.0000000,2018-08-09T00:00:00.0000000,0,79.90,19.75,99.65,99.65
6e341e7f154e744143c5fc3e937bfda4,aa07a30179954e45af84aa94003d2174,delivered,2018-08-16T16:13:40.0000000,2018-08-24T23:36:46.0000000,2018-09-04T00:00:00.0000000,0,16.99,22.06,39.05,39.05
99d49f52685bd8c00ec0c341cc75d68f,119b719f1b5c337406af6f99bb135b78,delivered,2018-07-31T21:04:45.0000000,2018-08-06T16:26:53.0000000,2018-08-13T00:00:00.0000000,0,14.90,7.39,22.29,22.29
ed3096861c94e38da3ac5ded1f35a0b0,99b1950e7fcf9d753b721988c2eb724e,delivered,2018-03-14T15:15:19.0000000,2018-03-19T21:48:38.0000000,2018-04-10T00:00:00.0000000,0,40.50,8.82,49.32,49.32
4e21387c48145e5e07a1d552b1a69776,766a6dd9d0045e8462f001462976ff99,delivered,2018-02-06T16:17:58.0000000,2018-02-14T20:29:13.0000000,2018-03-02T00:00:00.0000000,0,47.90,11.85,59.75,59.75
4813c50e3548fa87684c05b730ecccee,3e4442cd2958fbd08dc760884b222ae2,delivered,2018-01-17T16:49:02.0000000,2018-02-05T21:09:14.0000000,2018-02-23T00:00:00.0000000,0,25.90,15.10,41.00,41.00
006dd93155bc2abd844cc5eed3a0fe7f,1b9506de3da8fd318853195b13fb2dda,delivered,2017-12-02T01:20:28.0000000,2017-12-07T20:43:52.0000000,2018-01-03T00:00:00.0000000,0,49.90,7.78,57.68,57.68
05d27719c66597da0628a53f6009ed67,243243e2638f6c85b2b5c38f5bf05b53,delivered,2017-11-01T19:01:18.0000000,2017-11-14T21:28:34.0000000,2017-11-24T00:00:00.0000000,0,227.14,27.62,254.76,254.76
db7c883ba7581113260202fc55e73782,ea1783902a99cb4a06723a929e42e680,delivered,2017-02-26T19:51:31.0000000,2017-03-08T16:15:08.0000000,2017-03-23T00:00:00.0000000,0,229.00,12.21,241.21,241.21
e08f76fed43c999d57979d1879871ce1,61aecad4ecccb2ef8e88726a68d832d5,delivered,2017-01-26T16:48:24.0000000,2017-02-08T16:54:37.0000000,2017-02-28T00:00:00.0000000,0,89.57,15.39,104.96,104.96
dfa7d326a489fe0c01a652351a552b43,c5fb3c3494f2aa02774d5930a1f981e6,delivered,2017-04-07T10:07:39.0000000,2017-05-10T09:25:44.0000000,2017-05-03T00:00:00.0000000,1,292.90,16.22,309.12,309.12
e991f50bb727c1894e1f74527af4edf8,ec8fc917ae3db1dcd518ce839aa26584,delivered,2018-03-26T12:07:10.0000000,2018-04-04T20:28:31.0000000,2018-04-16T00:00:00.0000000,0,49.90,15.23,65.13,65.13
8cf0fd0e7dc9c106fa1f09ba6bce7626,3d90a8bd92497095afe20f9efeeab825,delivered,2017-10-31T15:26:06.0000000,2017-12-01T16:54:39.0000000,2017-11-22T00:00:00.0000000,1,129.80,28.29,158.09,158.09
f27ea04b349ddb1a82dbc871adcefe37,0da38d38529e170d768aa55382969f6e,delivered,2018-06-17T21:03:46.0000000,2018-06-27T17:08:50.0000000,2018-07-12T00:00:00.0000000,0,24.99,18.28,43.27,43.27
405a30197dbb4ed83804a680c2bbae9b,15f4d0b2acbd4c1deb4d62a8111fc846,delivered,2017-08-09T22:34:04.0000000,2017-08-14T19:07:48.0000000,2017-08-22T00:00:00.0000000,0,89.99,7.88,97.87,97.87
06f3401b97e4d89032cbd5ac7670247c,31d79ded8b09c0a871f049c73f2d331f,delivered,2018-04-26T23:10:33.0000000,2018-05-09T18:17:56.0000000,2018-05-25T00:00:00.0000000,0,148.00,23.62,171.62,171.62
6a233c2059af7138039e43722cde5874,7f9cf0ed8393054038c883ea7171ea8c,delivered,2018-03-10T20:03:59.0000000,2018-03-20T20:08:30.0000000,2018-03-28T00:00:00.0000000,0,19.90,13.47,33.37,33.37
a03310d9287cd64790388948501066cf,737d438cd631428265f911322d7e7f9d,delivered,2018-01-30T20:45:50.0000000,2018-02-06T16:45:45.0000000,2018-02-23T00:00:00.0000000,0,79.99,16.32,96.31,96.31
ec727bb2d54db32de3e2a4845988fe0b,b9f66f0da7f1dcb542b44a18581c8aaa,delivered,2018-01-14T18:39:27.0000000,2018-01-24T15:56:48.0000000,2018-02-05T00:00:00.0000000,0,29.99,11.85,41.84,41.84
f1d572fdda4a03235f86ebb75b8e536c,20c428d35e8e49aad5e519babee5ff48,delivered,2018-02-09T17:42:05.0000000,2018-02-20T19:25:49.0000000,2018-03-12T00:00:00.0000000,0,69.90,16.25,86.15,86.15
9d8698c08be0d1824923f62270dd0d3f,6dadbad06dc0935c3987489ae60c4dd0,delivered,2018-07-26T23:41:14.0000000,2018-08-07T00:35:40.0000000,2018-08-09T00:00:00.0000000,0,32.00,13.52,45.52,45.52
4da937ffa1e058f52a9eeb89187d65b5,60951029b7686cc004b24fcc814e00af,delivered,2018-07-21T07:18:52.0000000,2018-07-26T16:36:47.0000000,2018-08-07T00:00:00.0000000,0,29.00,18.30,47.30,47.30
f44290da5e8c6072226e24963b341e8e,ee1f9e745337f488f8ec432cdf8a19c3,delivered,2017-07-18T19:42:26.0000000,2017-07-30T13:27:51.0000000,2017-08-11T00:00:00.0000000,0,68.90,13.50,82.40,82.40
22c8ac26992112755df2e1542f2d1cfd,840f60a1f70ae3558d61b38cc86e0d48,delivered,2018-05-01T13:14:37.0000000,2018-05-07T19:16:49.0000000,2018-05-23T00:00:00.0000000,0,29.99,12.79,42.78,42.78
0e3e431534069e8ac235c637dfb199d8,be5b31d927c5966440f2826da46e6449,delivered,2018-04-05T22:08:31.0000000,2018-04-30T18:41:48.0000000,2018-04-27T00:00:00.0000000,1,149.00,27.59,176.59,176.59
cd746a0e172f3aac198180760cc21a8e,6af52967fd8b6160228c7b2237f516f0,delivered,2017-04-28T17:36:34.0000000,2017-05-17T12:27:36.0000000,2017-05-23T00:00:00.0000000,0,133.99,16.05,150.04,150.04
e63271442e778d83ae9868408c1028e7,fce8eb224fb44bca516d50d140e88ca0,delivered,2018-05-28T17:05:02.0000000,2018-06-27T15:18:55.0000000,2018-07-11T00:00:00.0000000,0,586.00,25.81,611.81,611.81
69aea24ee3243d0535ea6e03789bb5fc,cda108ca8623c898ad5cbedfe9f6fc88,delivered,2018-06-15T12:46:02.0000000,2018-07-03T07:52:06.0000000,2018-07-25T00:00:00.0000000,0,65.90,19.65,85.55,85.55
32569fba210ee051f2c62dff9d4344ed,115eb2fbfc2d8446a2a6d38a0d800c6a,delivered,2017-11-23T16:21:25.0000000,2017-12-01T19:27:06.0000000,2017-12-19T00:00:00.0000000,0,239.99,21.17,261.16,261.16
f2e891dfdc747b73c508d7a5689e82bf,39d5be86f1b2c886e37fde07eaffd537,delivered,2018-03-07T22:16:44.0000000,2018-03-15T12:28:29.0000000,2018-03-26T00:00:00.0000000,0,119.80,18.72,138.52,138.52
d2e1e475eb8219af9fae283307d88860,0bfdd26f029a368b463a48a56b65f560,delivered,2018-07-21T21:41:25.0000000,2018-07-26T18:17:43.0000000,2018-08-08T00:00:00.0000000,0,26.90,12.85,39.75,39.75
c1c7173565800e41c6701cfc4435f467,2f0d2cbd1ac4d6d80d7cbc6bc5f22160,delivered,2017-12-04T22:10:16.0000000,2017-12-21T10:35:24.0000000,2017-12-28T00:00:00.0000000,0,190.14,35.82,225.96,225.96
3ce16e50c1842ad30631811796a31afc,53162926c6c60935bfbc4a9d9419ca99,delivered,2017-03-29T16:12:13.0000000,2017-04-13T15:52:26.0000000,2017-04-19T00:00:00.0000000,0,113.99,15.91,129.90,129.90
f3f075558b483bc41012c816ef977100,e7679548f90781fac8359cdbe2e2c729,delivered,2017-09-11T11:51:17.0000000,2017-09-15T13:15:56.0000000,2017-09-21T00:00:00.0000000,0,290.00,15.63,305.63,305.63
c53b15af645d91a057ddba9d0e1f21c7,e4257cc2f24d3cb4a68767a524dc8b76,delivered,2018-02-18T20:42:53.0000000,2018-03-31T13:44:37.0000000,2018-03-16T00:00:00.0000000,1,38.98,33.58,72.56,72.56
fa3c3fa4aaa5d4ca8cdfdd7daec909bb,ffd6afe9c06d9dd8bd646b79f23b8b82,delivered,2018-05-01T22:57:35.0000000,2018-05-04T14:17:01.0000000,2018-05-16T00:00:00.0000000,0,109.80,24.06,133.86,133.86
784389cee609eccd4f055e1eb8544285,97ad0d51c3ad245df8f37e747bbcb423,delivered,2018-07-18T11:02:18.0000000,2018-07-26T15:37:41.0000000,2018-08-07T00:00:00.0000000,0,43.00,18.40,61.40,61.40
06661c686ea79767c8ab8b8ffa3e62fd,7f4b6c52e1e85f2e166d5f01ea86dec1,delivered,2017-11-06T22:25:04.0000000,2017-11-14T22:48:38.0000000,2017-11-24T00:00:00.0000000,0,39.90,13.37,53.27,53.27
44bb5734f29017e33add235fbdf83b90,6603ae268d9d38a828d348fd2ea7ab8d,delivered,2018-08-07T13:40:51.0000000,2018-08-16T19:42:18.0000000,2018-08-17T00:00:00.0000000,0,49.49,23.15,72.64,72.64
1d52ba7197c7acebbb4f826f6585536f,c9c7fe860d602373a9e93f8bfe9d877a,processing,2017-02-13T18:32:55.0000000,,2017-04-04T00:00:00.0000000,0,269.00,17.09,286.09,286.09
ad27779fb29796c8d798f29aefedf3d0,aceb1218ab19cb199ebe711d613f9fae,shipped,2018-04-05T11:39:33.0000000,,2018-04-27T00:00:00.0000000,0,99.00,20.74,119.74,119.74
26cf5f2fef907ebc54269ab08ba4fc3b,aa680a3db54307a03f5ec70888d99ec1,delivered,2018-06-16T11:12:18.0000000,2018-06-20T00:34:44.0000000,2018-06-28T00:00:00.0000000,0,13.99,8.29,22.28,22.28
7f54ad19b476573fb7bf3beb2faa6c55,2e19f8c8ec1187ae5dc50e54bfba01a9,delivered,2018-03-21T14:15:20.0000000,2018-03-27T21:22:09.0000000,2018-04-03T00:00:00.0000000,0,119.90,13.74,133.64,133.64
e14fbb884fb89b4ed687485a902caf75,93c4960d58cf80f39108c219017866c1,delivered,2017-11-15T11:45:28.0000000,2017-11-21T20:12:19.0000000,2017-12-06T00:00:00.0000000,0,110.00,14.52,124.52,124.52
0a7af36dc9b46e0920a68a9e2ee2198e,0fb85ae4e233e275790cba098c95c855,delivered,2018-01-11T20:21:08.0000000,2018-02-05T19:48:57.0000000,2018-02-16T00:00:00.0000000,0,73.50,25.06,98.56,98.56
2804019a383c2bf8db7dde416cf663d2,fd66171c97600151f735da73fd0aa018,delivered,2018-01-22T18:44:31.0000000,2018-01-26T14:08:51.0000000,2018-02-14T00:00:00.0000000,0,184.06,20.12,204.18,204.18
0b339dee90210409b715a9f2b6af29a7,fb7df68b487c7340f5a4e9c5d4ae3e73,delivered,2017-11-29T13:49:23.0000000,2017-12-11T20:12:32.0000000,2017-12-28T00:00:00.0000000,0,1098.00,68.43,1166.43,1166.43
3fa91d0a7193cb9564de5db19fdbbd47,597b42a7a20556e77af8e237b6245b6c,delivered,2018-03-23T15:16:34.0000000,2018-03-28T12:13:25.0000000,2018-04-05T00:00:00.0000000,0,60.00,8.88,68.88,68.88
4b939b269e876343e876d466afcb69d1,0f28d0a2069593ae2c5ec29fc3800a72,delivered,2017-05-09T13:06:19.0000000,2017-05-22T16:23:56.0000000,2017-05-31T00:00:00.0000000,0,34.90,14.10,49.00,49.00
dc96a12713fb7cbfd8feac4ab0b8f2a2,c47f0ed7fbd21fc9be2cfca83f0dd490,delivered,2017-07-30T11:30:00.0000000,2017-08-07T11:22:05.0000000,2017-08-22T00:00:00.0000000,0,547.99,17.59,565.58,565.58
524328eaaeddfd8aa01dc3897ad69935,18abbf4ddb0d8414b4f9de1d7d865fb3,delivered,2018-02-10T23:58:04.0000000,2018-02-27T22:09:44.0000000,2018-03-19T00:00:00.0000000,0,99.90,36.02,135.92,135.92
247d5afd3ec08a69d7ae743a6fcae022,f2ef4ea65c9d748b559c450074db04d4,delivered,2018-03-23T10:31:07.0000000,2018-03-28T19:48:56.0000000,2018-04-06T00:00:00.0000000,0,54.99,8.29,63.28,63.28
7d07b6c1321e0ae86b7d6205e015f0a1,2cdced5335b76d6e563bfa3a40bcf7a4,delivered,2017-04-18T23:33:17.0000000,2017-04-27T05:57:48.0000000,2017-05-10T00:00:00.0000000,0,219.80,74.34,294.14,294.14
fcc92ad75bbb8728d4d4488325ffc907,0980d72e94bede8b0f7d8a4cd32511c8,delivered,2018-03-24T09:22:32.0000000,2018-03-31T15:48:36.0000000,2018-04-17T00:00:00.0000000,0,237.95,60.00,297.95,297.95
ac14a1a3d8c2b071a150eb2990b5ecd8,0dbeefcc8215e4d6b6ee3ec0c8a2f222,delivered,2018-02-03T22:36:03.0000000,2018-02-14T22:11:34.0000000,2018-03-08T00:00:00.0000000,0,129.99,18.16,148.15,148.15
afa17ebff8d7e00d7c9e04860c7ddcea,a40c9c907d645ac0394aa28875d5986d,delivered,2017-02-10T21:12:19.0000000,2017-02-21T18:21:54.0000000,2017-03-16T00:00:00.0000000,0,64.99,14.62,79.61,79.61
100ed138d169a3f969afa5449750db73,668e11820ada44a1b6cbf090995bee1f,delivered,2018-05-05T13:56:03.0000000,2018-05-16T14:35:57.0000000,2018-05-28T00:00:00.0000000,0,118.00,13.27,131.27,131.27
1cbc5d1981e34d5c950e9418aa02217d,f3875c080718c7e384875c4af4951afa,delivered,2018-01-06T17:12:10.0000000,2018-01-23T13:39:07.0000000,2018-02-06T00:00:00.0000000,0,139.80,41.96,181.76,181.76
bf9a3a8d9db6be5e4dfcfe2f071ef405,26fdb52d0382ebe750a8866b5bf9e5db,delivered,2017-12-02T08:50:34.0000000,2018-01-15T20:42:42.0000000,2018-01-02T00:00:00.0000000,1,55.00,15.83,70.83,70.83
b5195225c11fc325d686d24fe14eedbb,7fc191973597f7e5c232ecee9d7922ff,delivered,2018-03-02T10:35:38.0000000,2018-05-07T15:59:16.0000000,2018-04-04T00:00:00.0000000,1,119.90,14.59,134.49,134.49
8713b68a2b202b96d7de08d7e0b8f1a9,94eba5d03fc4a87e9a98c17ae4585bf7,delivered,2017-08-18T00:12:37.0000000,2017-09-04T15:43:08.0000000,2017-09-14T00:00:00.0000000,0,32.90,15.79,48.69,48.69
86f93f534bde58b65acb4aa52a45c8eb,81c6ab437fe90b28b08c3da8d1d12694,delivered,2018-03-12T00:22:03.0000000,2018-03-21T20:12:48.0000000,2018-04-12T00:00:00.0000000,0,130.00,18.49,148.49,148.49
369cb139024a5e7dcc497edd71a6f244,25d92c6c06f5fbdfc66aa5d91a5b17a4,delivered,2017-12-27T09:47:05.0000000,2018-01-09T18:03:47.0000000,2018-01-24T00:00:00.0000000,0,49.00,14.10,63.10,63.10
4338e6bc70fcf731f6d799f56c66b6cb,f8ec0585a994417a4bd53c5156689ddd,delivered,2018-01-26T17:06:05.0000000,2018-02-09T01:08:46.0000000,2018-02-21T00:00:00.0000000,0,167.98,30.68,198.66,198.66
a4d7c8bca45b56444e3c59ddcca7d7c9,fcdb673d0f8d2b84d3862193f17a08f9,delivered,2017-08-29T12:36:36.0000000,2017-09-08T21:36:28.0000000,2017-09-22T00:00:00.0000000,0,59.90,13.44,73.34,73.34
08d70627d548cd883ac394cc5da92d87,05de5898b9da9365b1823e7fd23700c1,delivered,2018-02-14T17:35:53.0000000,2018-02-23T01:09:17.0000000,2018-03-14T00:00:00.0000000,0,40.49,14.10,54.59,54.59
57fac99131db488c097fd2b5a75255dd,77188a1f345ff96d99ab8fc8bdee03bc,delivered,2017-08-13T21:05:14.0000000,2017-08-22T19:21:49.0000000,2017-09-08T00:00:00.0000000,0,98.99,17.13,116.12,116.12
13bad9a229ea7c04888ada5c6c971c28,7b889aa673094a3d02825ce67ee7b54b,delivered,2018-05-07T21:52:03.0000000,2018-06-01T17:56:46.0000000,2018-05-29T00:00:00.0000000,1,18.98,14.58,33.56,33.56
8da4b52fdefe7256cbe20ebf03ac47b7,550290db9e0772d476e9d9aeea14afa6,delivered,2018-02-07T18:35:22.0000000,2018-03-07T17:48:59.0000000,2018-03-08T00:00:00.0000000,0,115.00,14.56,129.56,129.56
fbee7d34e8344a4c1775259e98e9a2a3,79f895a52c8f46cdff6fd6e8763963cb,delivered,2018-06-18T21:38:43.0000000,2018-06-21T18:03:05.0000000,2018-07-12T00:00:00.0000000,0,399.00,63.07,462.07,462.07
4389819b71f1f23563fa9eadadc12a06,0d3740ed03979ba91a9cb4eb6300dd49,delivered,2018-04-04T12:47:34.0000000,2018-04-11T00:32:30.0000000,2018-05-07T00:00:00.0000000,0,349.90,23.27,373.17,373.17
38957bce5d0653b7a5b419556e7b9ba3,db91a791665fab255d516b921f1c826f,delivered,2018-08-05T21:48:40.0000000,2018-08-15T18:22:54.0000000,2018-08-23T00:00:00.0000000,0,149.90,18.18,168.08,168.08
55b2cadb9946209a0283fd636ddc6676,32f7f86eb8098b2c0bdfc1604b5da9bf,delivered,2017-12-14T17:38:47.0000000,2018-01-04T20:14:11.0000000,2018-01-22T00:00:00.0000000,0,209.90,16.22,226.12,226.12
a8aa2cd070eeac7e4368cae3d8222e2b,2c5519c36277c3f69df911c68cc97e50,delivered,2017-05-09T17:42:45.0000000,2017-05-16T23:22:20.0000000,2017-05-18T00:00:00.0000000,0,219.90,9.73,229.63,229.63
11210d2ba14b85282d66a4c956724533,51293a462a75bbaa62b024a7da9e068a,delivered,2018-02-05T16:15:05.0000000,2018-03-06T11:29:04.0000000,2018-03-28T00:00:00.0000000,0,116.94,34.18,151.12,151.12
fe2d73eb11a3d7eeea4e897f8ce8eb59,bc8bc13c6748cdaa83178cdf94ba57a9,delivered,2018-02-16T14:01:29.0000000,2018-02-19T16:52:22.0000000,2018-03-05T00:00:00.0000000,0,69.00,11.73,80.73,80.73
b62403f840bd7a9bddb5b25d19c227a6,cfa017a9574dad12aef6224074fca734,delivered,2017-11-15T14:30:32.0000000,2017-11-23T18:37:43.0000000,2017-12-04T00:00:00.0000000,0,56.99,8.72,65.71,65.71
84cb0c7a55c176d0a08ced1bfd5d0af5,6c90e1d5132397793019aad82cb7c985,delivered,2018-04-18T18:59:42.0000000,2018-04-20T18:18:31.0000000,2018-05-04T00:00:00.0000000,0,109.90,12.67,122.57,122.57
7f94f1618e029449c3041113289cc240,2f07e48012def52891a4e56dfca6b9ff,delivered,2018-03-06T13:40:40.0000000,2018-03-24T15:08:47.0000000,2018-03-22T00:00:00.0000000,1,86.90,14.70,101.60,101.60
c9c090d55d074c5b0d0effca2b928d4c,44ceede9e72823df1130be3bb7996635,delivered,2018-03-02T19:25:57.0000000,2018-03-17T10:51:48.0000000,2018-03-29T00:00:00.0000000,0,45.00,15.10,60.10,60.10
b826c69bf943ea295e515a1078f76086,f41d2058b5f03c36e81d18a58878e876,delivered,2018-07-23T02:44:13.0000000,2018-08-09T19:22:10.0000000,2018-08-08T00:00:00.0000000,1,56.99,19.59,76.58,76.58
e340657d4d28d54192270b3b99ba63f4,ad98dd84e944900f8cb73cc24e611d5a,delivered,2018-01-31T08:45:25.0000000,2018-02-08T01:47:50.0000000,2018-02-23T00:00:00.0000000,0,18.89,14.10,32.99,32.99
9edd9058babbac571631bfc8092e47c3,959e9e378242bd601d7e2dc08828f53c,delivered,2017-08-30T12:46:37.0000000,2017-09-15T18:15:14.0000000,2017-09-22T00:00:00.0000000,0,99.90,33.15,133.05,133.05
2a142c0426781261c6ea8c07941a55a7,94e4969b72d31602e59dbb8d2c7c1d09,delivered,2018-02-24T10:26:08.0000000,2018-02-28T21:43:49.0000000,2018-03-14T00:00:00.0000000,0,159.98,18.74,178.72,178.72
d62324319b4efb72f855f123f06cb07f,7eb38a9118f8a13aed9f3587e13e33cc,delivered,2017-05-21T22:53:02.0000000,2017-06-03T08:55:26.0000000,2017-06-20T00:00:00.0000000,0,34.90,16.79,51.69,51.69
f913d229653fdd809c249ed98ab6b754,e1365d7b227b247b6bc0931771885eaf,delivered,2018-04-30T02:18:32.0000000,2018-05-08T17:53:51.0000000,2018-05-24T00:00:00.0000000,0,119.90,17.55,137.45,137.45
56af0400ccac703cca01cd9846d29c58,89d08063d07129349239d9584c768a9c,delivered,2018-02-20T17:37:20.0000000,2018-05-06T17:08:31.0000000,2018-03-19T00:00:00.0000000,1,159.90,18.37,178.27,178.27
1a58f35be1cae85f27119089958d5c7a,91d77116484e151dafb5510b82c22eac,delivered,2018-04-12T16:14:39.0000000,2018-04-19T18:18:31.0000000,2018-04-30T00:00:00.0000000,0,60.90,14.29,75.19,75.19
38d6205cb4508e8d63dcbae0aac1fe96,d0ca4d9e8fa6fca510ed593effc04df5,shipped,2018-05-02T09:02:58.0000000,,2018-05-25T00:00:00.0000000,0,110.00,34.31,144.31,144.31
096b267153128e0d7f9e593bba803956,df9432f68e31773dc4b20fb916f2f647,delivered,2017-06-23T08:45:21.0000000,2017-06-29T13:11:40.0000000,2017-07-06T00:00:00.0000000,0,69.90,15.28,85.18,85.18
790512cc033ced5f8fe1f9158eb8f2fe,8752a4fb5c55922535507e67d4f431c6,delivered,2018-02-28T22:34:44.0000000,2018-04-21T20:14:29.0000000,2018-03-20T00:00:00.0000000,1,379.90,124.45,504.35,504.35
2f92b812fd7c7df5b629833c484cdf1d,18f6ca10777417c932cf49e7fc9387ff,delivered,2018-01-18T14:40:57.0000000,2018-02-01T19:20:39.0000000,2018-02-15T00:00:00.0000000,0,29.78,31.58,61.36,61.36
2a30390f1b957c7120f80795b9f97316,e1a66c81cd7d20ecf12f40679b70eab2,delivered,2018-08-26T17:28:44.0000000,2018-08-30T23:24:44.0000000,2018-09-13T00:00:00.0000000,0,99.00,31.56,130.56,130.56
b4e2eb7f4325b44130052476646043c6,cfa96f1103002b25178f822afeb4c104,delivered,2017-06-12T23:00:43.0000000,2017-06-22T18:32:46.0000000,2017-07-03T00:00:00.0000000,0,69.90,12.83,82.73,82.73
9646b5afa783a0861b20b9b106229076,8ce7e88df97ba2a54e3b4b6f3ccf757b,delivered,2018-01-01T22:54:24.0000000,2018-01-08T17:19:26.0000000,2018-01-22T00:00:00.0000000,0,107.90,9.57,117.47,117.47
82b1c20e33da405ba22cded4ff91d160,05ad208d1e3ae7d49fc33c89026327d2,delivered,2018-02-12T23:11:00.0000000,2018-02-17T13:29:45.0000000,2018-02-26T00:00:00.0000000,0,24.99,7.78,32.77,32.77
56ec7cbe6d41f3fdbbe68de8142b3123,f0b133218c83b8eb0298301a5b4c17ed,delivered,2017-08-16T22:06:10.0000000,2017-09-01T22:18:07.0000000,2017-09-04T00:00:00.0000000,0,99.99,17.43,117.42,117.42
593b6eefb72afdf364b30dedb1294414,361075ad44ffadb27e3440aaa0271533,delivered,2017-11-24T21:53:34.0000000,2017-12-05T20:45:03.0000000,2017-12-22T00:00:00.0000000,0,129.90,20.15,150.05,150.05
85bbb7b7b20d622bb504d5e2be1ce4ca,317fb4e6f110c2dfc11b19630875cccb,delivered,2017-05-15T16:58:49.0000000,2017-05-31T11:37:46.0000000,2017-06-14T00:00:00.0000000,0,49.00,19.59,68.59,68.59
2d8a0bc4abbb7bbb3a420f2219f02f93,4c80c9c4f15db841f85d24b515c68ba2,delivered,2018-06-22T21:39:34.0000000,2018-06-29T17:41:09.0000000,2018-07-20T00:00:00.0000000,0,14.90,18.23,33.13,33.13
af312feacf16e33a9b01189ded132df4,1ab1cdf0251ee60790cac24a399bbe41,delivered,2018-03-10T18:18:24.0000000,2018-03-23T18:48:51.0000000,2018-04-02T00:00:00.0000000,0,55.90,18.27,74.17,74.17
69bfec47c3230907ad9552f2f1e0c690,fba1b16ea69f821d782b597f71ce2fc3,delivered,2018-01-23T18:31:03.0000000,2018-02-06T11:41:56.0000000,2018-02-15T00:00:00.0000000,0,28.90,12.60,41.50,41.50
ee0db22a8e742b752914016708470ec8,aae50600d30bf2efe013ca4c1754ded7,unavailable,2017-08-24T11:04:41.0000000,,2017-09-18T00:00:00.0000000,0,,,167.82,
61a85d9f7f064313ebd87019f7a65903,9609746d9d84c1096dce6a95b3a9f7ed,delivered,2017-05-15T16:28:24.0000000,2017-05-23T16:18:13.0000000,2017-06-22T00:00:00.0000000,0,159.90,18.00,177.90,177.90
aadd5a22c7d1dd16b1fe905a302d70e2,f4d98068179c2289cd5f050f0ac67644,delivered,2017-08-25T08:58:52.0000000,2017-09-13T18:10:44.0000000,2017-09-27T00:00:00.0000000,0,105.60,13.08,118.68,118.68
d815bd2c2bdd79e4c0e0263caa986d66,04d7d73089b39d83f81b829cbd98e43d,processing,2017-03-15T10:30:17.0000000,,2017-04-13T00:00:00.0000000,0,52.50,17.11,69.61,69.61
cb2ed75db8803d99a171c1056638ae9b,d32393bafaf1d7caa8147c19838c4090,delivered,2018-04-07T14:12:15.0000000,2018-04-23T15:39:04.0000000,2018-05-10T00:00:00.0000000,0,36.90,19.32,56.22,56.22
652c4ec4ac6a529e56176feba143e388,ed5b3952b9a674f798d9cd2fbd854ed5,delivered,2017-04-24T22:57:16.0000000,2017-05-08T11:47:53.0000000,2017-05-15T00:00:00.0000000,0,195.00,15.54,210.54,210.54
f6cbd0bea76d160391128a43b629ae9f,7e513111ace41e153422909d22223677,delivered,2017-02-16T09:42:48.0000000,2017-03-02T14:09:17.0000000,2017-03-17T00:00:00.0000000,0,66.90,17.21,84.11,84.11
5d78d11ebe819b207a2c7530ca368d0e,5f5338d15473dca8643f97ed503ffe96,delivered,2017-04-11T13:23:05.0000000,2017-04-19T11:18:00.0000000,2017-05-09T00:00:00.0000000,0,55.80,17.23,73.03,73.03
eb3b5ecbc980ff057c188ea3b3eaf722,3b9470ed68cc82d8fdaaf97d552e8fd2,delivered,2018-07-04T14:54:19.0000000,2018-07-09T12:32:50.0000000,2018-07-23T00:00:00.0000000,0,79.90,14.87,94.77,94.77
36cd1ce42b6013f372ceb0a80b2a1b7c,c65121f92dcf3a7d5a7b612ea1756bdc,delivered,2018-08-20T22:15:07.0000000,2018-08-28T23:46:56.0000000,2018-09-03T00:00:00.0000000,0,295.00,34.55,329.55,329.55
4b673ab5e166be0e06ffbac98732264b,4dab6a9558a5b8884eab4e5abfa71a76,delivered,2018-08-13T16:28:15.0000000,2018-08-28T22:14:32.0000000,2018-09-11T00:00:00.0000000,0,37.90,46.93,84.83,84.83
a34ee4377977a9fb56e0f98a503f0dda,d8f4f31d3c53ea3bcbaad5249591871b,delivered,2017-03-11T00:05:55.0000000,2017-03-27T14:19:14.0000000,2017-04-07T00:00:00.0000000,0,123.90,25.61,149.51,149.51
0435b65bfd0a1cd1c48a82f5b405ea78,625784c6aad212dc7d249ea10e276617,delivered,2017-07-18T13:32:25.0000000,2017-08-01T20:34:47.0000000,2017-08-15T00:00:00.0000000,0,119.94,34.20,154.14,154.14
6e546451c98a5df5fccb147e1c68827e,8c7e8c23615d33fffa609b8702645cb6,delivered,2018-04-22T23:01:22.0000000,2018-05-02T22:42:46.0000000,2018-05-22T00:00:00.0000000,0,49.90,14.16,64.06,64.06
1613193aa6cbc8820d6b5c12536722a0,61cc0e28471e6851f580dbdcb60854e3,delivered,2017-03-15T16:00:40.0000000,2017-04-18T12:12:02.0000000,2017-04-26T00:00:00.0000000,0,199.00,32.99,231.99,231.99
886554d6a49f10154eb12b81a6c4ef4b,42382073d3ad89dce202e766862bc851,delivered,2018-03-15T13:11:13.0000000,2018-03-24T10:33:10.0000000,2018-04-23T00:00:00.0000000,0,81.00,36.46,117.46,117.46
e5f3aa7d16fea584333063fee66666b5,2c945d100d97a528af1ad94613a8018e,delivered,2017-11-30T15:47:28.0000000,2017-12-12T14:52:16.0000000,2017-12-26T00:00:00.0000000,0,54.60,14.13,68.73,68.73
b64b1539563ff515922bd124fd838863,a22203b8cd7210764aa43f442904a076,delivered,2017-05-06T11:48:53.0000000,2017-05-24T15:06:39.0000000,2017-06-21T00:00:00.0000000,0,22.90,24.84,47.74,47.74
f11d42e75fda2da775eb7a258bc5c635,a7ad58f5e42ef88d447efe9d7b02f4df,delivered,2017-12-14T18:33:18.0000000,2017-12-21T14:19:14.0000000,2018-01-03T00:00:00.0000000,0,225.50,51.18,276.68,276.68
06d6b5a626ba890f56dae296e1384f75,565ab5b150fec651f51db8783d2e645a,delivered,2018-02-05T19:28:53.0000000,2018-02-23T21:09:28.0000000,2018-03-13T00:00:00.0000000,0,150.00,15.80,165.80,165.80
23af56e201b15091e86aebe6bde84b2b,2acc2e222c7d4a93c01b88d28b17a1b3,delivered,2018-02-20T22:22:10.0000000,2018-03-22T18:34:52.0000000,2018-03-19T00:00:00.0000000,1,127.49,20.13,147.62,147.62
66608d7d921ffa9c6409e0a80f383861,34d4006019767b756428bebda87427e2,delivered,2017-11-29T13:05:20.0000000,2017-12-04T23:56:42.0000000,2017-12-13T00:00:00.0000000,0,120.00,8.26,128.26,128.26
15dbd4fa73037a8e8a6c619e4cffd46c,0f5cbabecf09e4453086b1db91138cb8,delivered,2018-06-01T01:20:55.0000000,2018-06-09T11:04:11.0000000,2018-06-29T00:00:00.0000000,0,899.00,20.38,919.38,919.38
d487835d01a5017cf60bdec36e5e8cff,40357acb43a9f2bac194202545bef741,delivered,2017-05-28T02:08:13.0000000,2017-06-06T15:35:25.0000000,2017-06-21T00:00:00.0000000,0,15.86,15.10,30.96,30.96
a212cde404c8177ad20508a28c282082,29461056d55b904562da2d9698e6a923,delivered,2017-11-16T13:20:26.0000000,2017-11-27T22:59:24.0000000,2017-12-12T00:00:00.0000000,0,128.90,18.15,147.05,147.05
52b828f13e08788433adad4a7d135779,3c9a7cf7435eb8c2afd717c62809b521,processing,2018-05-05T22:32:38.0000000,,2018-06-01T00:00:00.0000000,0,139.99,36.84,176.83,176.83
edcc6b79e8394346ba3ba21b00b4055e,08aea10c40f606e52597486db2b56a81,delivered,2018-04-29T16:03:47.0000000,2018-05-11T23:12:12.0000000,2018-05-25T00:00:00.0000000,0,99.90,62.73,162.63,162.63
dacbba6fa0fb5bbe678d0d3007b0be10,21fa276ecd01f54a1a15fe00a51110af,delivered,2018-03-16T11:47:36.0000000,2018-04-09T19:58:39.0000000,2018-04-05T00:00:00.0000000,1,185.49,19.18,204.67,204.67
e3143ad1af7d0f2878a66a1cd565e4a2,b0f994938a75bb0c6a523fee2e7c5746,delivered,2018-03-07T13:34:46.0000000,2018-03-29T19:33:01.0000000,2018-04-10T00:00:00.0000000,0,29.00,19.04,48.04,48.04
bc58b90707a6d6fe11fa9a989c5a7269,48af1e304b92d53867e5bc8892f2b052,delivered,2017-11-19T20:27:10.0000000,2017-12-07T14:38:49.0000000,2017-12-12T00:00:00.0000000,0,13.99,14.10,28.09,28.09
b7a418412fbab412e2a4da964aa235e4,a005c22f16d0a335ffdedd9173c83c53,delivered,2018-02-23T08:22:36.0000000,2018-03-15T21:51:49.0000000,2018-03-16T00:00:00.0000000,0,74.90,15.27,90.17,90.17
972c2e78e9af23a750a48184aadfca4d,9a311a6bd1f11fe0aa7cd6b77ba8e8ad,delivered,2017-07-27T08:44:21.0000000,2017-08-16T18:29:39.0000000,2017-08-24T00:00:00.0000000,0,35.99,15.10,51.09,51.09
c6bbe896f3c4d0cc5969d1e46ecab29b,31bfe03c50b9796f8b3b1360ea888364,delivered,2018-04-12T20:51:03.0000000,2018-04-19T21:58:48.0000000,2018-05-08T00:00:00.0000000,0,58.00,13.53,71.53,71.53
31209eb386cfc93a1aeacf7d2da74f86,a7822dc752d3f4130c061c077d15d5e4,delivered,2018-02-19T21:53:30.0000000,2018-03-23T14:28:41.0000000,2018-03-23T00:00:00.0000000,1,221.50,17.31,238.81,238.81
44029f83c215c9ede6c231dda3ab2219,3a274a842a177ac78b8c85127962aeba,delivered,2017-06-01T10:52:29.0000000,2017-06-13T11:18:27.0000000,2017-06-26T00:00:00.0000000,0,102.90,17.97,120.87,120.87
33ef079ec39c1b46e6e552e038e67c5b,4a5dc0dfa0d6bb6fee6eac33a4b39d7b,delivered,2017-01-15T18:57:33.0000000,2017-01-20T16:47:51.0000000,2017-03-01T00:00:00.0000000,0,50.90,11.75,62.65,62.65
2f7201b5d9baf4deb546eefab3b7125a,215db0d9420c188518c58426fc946c9a,delivered,2018-02-22T23:29:03.0000000,2018-03-13T22:38:43.0000000,2018-03-21T00:00:00.0000000,0,249.95,70.50,320.45,320.45
ab042583eff2cb1ffe2110a95da95d4b,6fb4f2354f36e554ac80141e9128f528,delivered,2018-01-22T12:02:21.0000000,2018-02-07T21:22:40.0000000,2018-02-22T00:00:00.0000000,0,139.99,18.23,158.22,158.22
eb9236a155ca9a3bb5059cdb8e167724,dd9e6d0e73eaac93397a66b760d9809e,delivered,2018-01-07T15:20:00.0000000,2018-01-30T19:59:10.0000000,2018-02-02T00:00:00.0000000,0,139.65,17.42,157.07,157.07
e14b9bc8bd743ef2c1075fa8c73e52a6,1ac37d50d7aa51410432a743a9c52ca9,delivered,2018-06-15T15:26:23.0000000,2018-06-28T21:32:07.0000000,2018-07-25T00:00:00.0000000,0,51.45,64.81,116.26,116.26
56ab0ef6726f49b711b84ce62e305c7c,5a643f32f961a09e6046bad513aa588b,processing,2017-11-21T17:54:26.0000000,,2017-12-13T00:00:00.0000000,0,479.00,19.92,498.92,498.92
65650a09e390bf885b72172fb90348cf,eca08a2a142685e81a822aff8d3df37b,delivered,2017-11-14T00:52:49.0000000,2017-11-24T19:32:25.0000000,2017-12-08T00:00:00.0000000,0,114.90,20.04,134.94,134.94
a4efaffc506a395c9cea7402b078c1e5,2020559b0ae9910898ef57a8159533ab,delivered,2018-01-17T10:50:09.0000000,2018-05-07T19:25:33.0000000,2018-02-23T00:00:00.0000000,1,89.00,29.02,118.02,118.02
fcc69f39fe215a8ad61a1d1b1868d88d,4ff41b1c00bade23c1ddcdabf5fe9009,delivered,2018-06-11T20:19:30.0000000,2018-06-18T16:22:11.0000000,2018-07-04T00:00:00.0000000,0,394.65,20.86,415.51,415.51
5f67e17e7b6a4989752e40276de7a0e7,e6c67be032549956a7f9f38854a918f7,delivered,2017-12-15T22:58:04.0000000,2018-01-05T14:14:24.0000000,2018-01-15T00:00:00.0000000,0,394.65,17.51,412.16,412.16
632caa865e0a254b21fc0ce5e6d02006,7d03d567ff50c1fb0e43724bf5f92fe7,delivered,2018-03-15T18:52:27.0000000,2018-03-21T21:21:15.0000000,2018-03-28T00:00:00.0000000,0,89.18,8.98,98.16,98.16
2f6c001bbacba3575b0852b17b0c3dd1,b2b863015dad63b56e3b9dae12d52f71,delivered,2017-06-04T20:44:34.0000000,2017-06-14T16:38:06.0000000,2017-06-28T00:00:00.0000000,0,359.90,19.77,379.67,379.67
a4907d55de6b9e1bbeffd51d8ea317bf,6400a543b43290107a7e65480ac3b41b,delivered,2018-06-16T11:46:49.0000000,2018-07-03T00:51:54.0000000,2018-07-23T00:00:00.0000000,0,18.90,60.41,79.31,79.31
cdf2839409d0f62e2b2e61b62b72dc16,852947b57caab58c544343592f5e06d2,delivered,2018-02-14T10:26:22.0000000,2018-02-26T15:27:06.0000000,2018-03-08T00:00:00.0000000,0,66.00,14.21,80.21,80.21
9cff15929217597cae032b555b2bed95,36b9676e6379e30a0df0cd7eddb48c2c,delivered,2018-06-29T14:40:08.0000000,2018-07-09T21:56:28.0000000,2018-07-20T00:00:00.0000000,0,139.00,29.50,168.50,168.50
7f2f81a366f89b37109845799fc5bbf3,844cb4ee61b1b92e94afbe24cb04edf8,delivered,2017-11-17T08:47:41.0000000,2017-11-29T22:34:41.0000000,2017-11-30T00:00:00.0000000,0,40.00,11.73,51.73,51.73
a9cd6c2b2f5fb42940c49246ea7ce08f,3e7b2479252ab3087413e44eb3354263,delivered,2018-02-02T11:14:39.0000000,2018-02-15T17:20:50.0000000,2018-03-02T00:00:00.0000000,0,59.70,11.92,71.62,71.62
ea974c4643d1f84570ee374ac0b44475,5d2a6f43827078f498988bdf977913be,delivered,2018-06-18T16:28:35.0000000,2018-06-26T19:38:36.0000000,2018-07-12T00:00:00.0000000,0,215.80,31.72,247.52,247.52
0350e1e5b7265e23e84b1e467e0b6b82,13a546131c3ba5360cefc5abbb428a01,delivered,2018-02-19T10:29:23.0000000,2018-02-23T23:52:25.0000000,2018-03-05T00:00:00.0000000,0,29.98,7.78,37.76,37.76
9a01e11eb3e82a6d9e7bd3f3acafa7ca,49206e681a7405da8d06cf16883575ff,shipped,2018-03-02T22:07:38.0000000,,2018-04-02T00:00:00.0000000,0,49.90,15.10,65.00,65.00
13dabdb9dbb49bde13dd90285c2640eb,bdeed2682d24050311eb6f60d75721e5,delivered,2018-02-12T19:26:15.0000000,2018-03-15T18:58:38.0000000,2018-03-13T00:00:00.0000000,1,80.00,15.31,95.31,95.31
b28cd85f7b7464e08e64f88fc6f6123e,142971bb683b69e32bf1b691f9acc928,delivered,2017-06-02T08:48:11.0000000,2017-06-09T12:43:46.0000000,2017-06-29T00:00:00.0000000,0,39.90,14.10,54.00,54.00
6596197a74edd396e3d34c53eff4ad6f,524d1030b6d659f0aa5e03f459a89b34,delivered,2018-02-07T20:18:57.0000000,2018-02-15T15:38:45.0000000,2018-03-05T00:00:00.0000000,0,325.00,13.77,338.77,338.77
2e8de999929cf628d91b5a78fb7c71de,79990624398c7f07be8365fe30da10a1,delivered,2018-04-16T10:37:51.0000000,2018-04-24T23:34:32.0000000,2018-05-11T00:00:00.0000000,0,78.90,22.26,101.16,101.16
9eee5730bfa05aa51dea08370c871abb,34f6d97c05765ba01cc9a5d58ce3ab7e,delivered,2017-09-18T22:36:33.0000000,2017-10-03T14:00:15.0000000,2017-10-13T00:00:00.0000000,0,69.99,17.74,87.73,87.73
66656ddf8a0954cd14d95c8d3ed6678c,839b4dc2602b8041b1593c8ad4c08682,delivered,2018-01-09T14:08:12.0000000,2018-01-23T19:02:53.0000000,2018-02-08T00:00:00.0000000,0,105.90,16.50,122.40,122.40
121bf0ddd1c3d94dd344d3f0e81de607,76151a775ac037b2e2acea0033ad43e4,delivered,2017-02-10T12:01:25.0000000,2017-02-23T11:23:29.0000000,2017-03-16T00:00:00.0000000,0,239.20,22.90,262.10,262.10
b483e46d6e6756224ac7bfebadf91e15,d3a05bd8ea655c5e7d56120b0b23669f,delivered,2017-07-12T14:11:35.0000000,2017-07-14T18:38:01.0000000,2017-07-27T00:00:00.0000000,0,49.90,9.09,58.99,58.99
7ff3ca8faea7dab783c1b45a736fb744,10953b2bea8e8eb31821c2d41e85c4dc,delivered,2017-06-30T20:48:51.0000000,2017-07-05T09:07:32.0000000,2017-07-13T00:00:00.0000000,0,87.96,11.82,99.78,99.78
ed74f58267e72cfff04845c801ae8bf0,b5f6b4b52d86c568a9b41c6babaebb20,delivered,2018-04-25T22:01:26.0000000,2018-05-02T16:46:46.0000000,2018-05-23T00:00:00.0000000,0,129.90,27.64,157.54,157.54
9216e5f315f7427f8bc325d861e071ec,028d9c8cb891f2860106890cbc40834f,delivered,2018-05-03T12:49:12.0000000,2018-05-15T00:27:57.0000000,2018-05-23T00:00:00.0000000,0,189.90,23.04,212.94,212.94
e61b3892b434215d5575d1f4c1b94da4,307329610b09cf8c45bec0d871eb1ec8,delivered,2018-07-23T19:25:17.0000000,2018-08-02T20:16:39.0000000,2018-08-15T00:00:00.0000000,0,22.32,18.26,40.58,40.58
75626319165f5a98618d8916fd5c6df8,7e8b40da1dd60be07114921fe802381e,delivered,2017-11-02T21:45:17.0000000,2017-11-14T18:09:10.0000000,2017-12-08T00:00:00.0000000,0,56.99,14.15,71.14,71.14
b16a6ea9c85cf3f6644f1529e04982da,1b2e930fc7821a521be8b5dcffa540e0,delivered,2018-02-20T14:06:04.0000000,2018-02-26T22:22:24.0000000,2018-03-16T00:00:00.0000000,0,118.00,12.96,130.96,130.96
71f2cb6a79279eae67ab5e770b2c2053,896fbb79da75a6bb466de84b5dcacc41,delivered,2017-08-31T14:26:57.0000000,2017-09-06T15:13:41.0000000,2017-09-20T00:00:00.0000000,0,98.99,17.97,116.96,116.96
aeb12b49be31428bee39c92e36968325,def2837c388d3254b44cc238dfaaa628,delivered,2017-03-27T20:31:23.0000000,2017-04-13T10:42:00.0000000,2017-04-13T00:00:00.0000000,1,26.90,10.96,37.86,37.86
fe9a6d1cc6a07629474a4ecb1ed9077a,e98e177d7d60c154a7da57096c1680f4,delivered,2017-12-11T23:18:51.0000000,2017-12-26T18:25:55.0000000,2018-01-04T00:00:00.0000000,0,161.25,54.30,215.55,215.55
23c4889b86a761e3cc76cecad70bff4f,7c397262827fc3b4fb1eaee0d480cbbe,delivered,2018-03-09T02:40:19.0000000,2018-03-19T15:42:33.0000000,2018-03-27T00:00:00.0000000,0,159.00,13.55,172.55,172.55
2f2d19b0f7b592189062b9ba3eaecc16,ff9602a062f03021213c2ffcfd7f7e9d,delivered,2018-02-27T17:09:11.0000000,2018-03-16T01:06:26.0000000,2018-03-26T00:00:00.0000000,0,175.00,38.78,213.78,213.78
e0b23ee5e7134cc220b6bbba915ee91c,04c6e463d6568c157c2b96e5a4e34a23,delivered,2017-09-19T19:46:11.0000000,2017-09-29T20:49:52.0000000,2017-10-05T00:00:00.0000000,0,24.75,12.69,37.44,37.44
9f98d6530155e3b3869f47e53834b562,0f1749055e31c2093f2392e8a639e1be,delivered,2017-09-20T15:26:33.0000000,2017-10-03T23:18:18.0000000,2017-10-13T00:00:00.0000000,0,299.90,16.86,316.76,316.76
2bfb6645f99e561b82bbdd84c98da7e1,1052b949c000efee96083e5b24bd7a60,delivered,2018-05-11T22:49:21.0000000,2018-05-15T15:56:33.0000000,2018-05-24T00:00:00.0000000,0,19.90,9.44,29.34,29.34
e0392865844b1934818565a516cf8bdb,9146a82ef0aef149115d9365555b4343,delivered,2018-07-18T12:19:12.0000000,2018-07-23T21:30:35.0000000,2018-08-09T00:00:00.0000000,0,149.90,53.40,203.30,203.30
a4df4e468e42ed5687c3ee2e925239a7,e5e50b9e762526a12499a7bb4e97a862,delivered,2017-12-04T17:42:45.0000000,2017-12-15T23:42:41.0000000,2017-12-28T00:00:00.0000000,0,198.00,15.14,213.14,213.14
1cbc4deb78977f04e2e3c262a613abc0,091644e5b77192246134faa0a042a356,delivered,2017-11-25T13:31:25.0000000,2017-12-07T17:48:53.0000000,2017-12-15T00:00:00.0000000,0,49.00,13.44,62.44,62.44
8c98f0aff69a4ac8620e15058c497092,0b706fbffec4cc332af5995e683ba779,delivered,2018-06-13T22:04:23.0000000,2018-06-25T17:13:28.0000000,2018-07-05T00:00:00.0000000,0,69.00,42.30,111.30,111.30
c7a01909a06bdf140604711177208036,ccb8fcc1f4292df715ceb9e190dd8682,delivered,2018-08-08T14:47:01.0000000,2018-08-20T16:46:33.0000000,2018-08-28T00:00:00.0000000,0,119.00,27.13,146.13,146.13
b86ddd788f0b18de16cd6562b3a9266c,5f9d934496cdd0317bf9d307fa131859,delivered,2017-10-09T08:49:32.0000000,2017-10-10T20:32:43.0000000,2017-10-25T00:00:00.0000000,0,388.90,18.77,407.67,407.67
9fa33f47b8defffcb858b25dff6c55e6,b8e0b0edff2de6181d492311d927769e,delivered,2018-01-22T10:10:44.0000000,2018-02-14T22:51:54.0000000,2018-02-15T00:00:00.0000000,0,69.90,19.98,89.88,89.88
eabfb81cf01d772d65405ff27c793ddb,e44d9a10a0978d6c21403879bf8076d0,delivered,2017-01-23T16:57:22.0000000,2017-02-02T10:25:07.0000000,2017-03-20T00:00:00.0000000,0,349.90,24.38,374.28,374.28
a71763b37d5723556f170c6b45f540ed,750552a134fd72b2627d5dacba2d23aa,delivered,2017-11-16T13:53:55.0000000,2017-11-24T19:27:33.0000000,2017-11-29T00:00:00.0000000,0,23.89,9.34,33.23,33.23
beeec4fe9275a411277354695e721252,15a581dd2c1425a1a859d6dfe00d69bc,delivered,2018-05-06T21:42:44.0000000,2018-05-14T14:03:45.0000000,2018-06-04T00:00:00.0000000,0,135.00,23.53,158.53,158.53
07f2e5679e13d0e45de9da85bb833558,c99704d45e509477b708b7ed594fb324,delivered,2018-07-11T13:48:12.0000000,2018-07-12T21:31:48.0000000,2018-07-19T00:00:00.0000000,0,23.90,7.43,31.33,31.33
30c26d11b6d707abbd543b6d1910106d,04e348e604e760a16a4d3160462c73f4,delivered,2017-11-24T10:49:07.0000000,2017-12-12T18:20:56.0000000,2017-12-15T00:00:00.0000000,0,99.90,14.45,114.35,114.35
ca28049cbd8e65a6e26834584bb3d38e,c218c0ad64ba488d6abf967e0e346fb2,delivered,2018-02-08T01:34:00.0000000,2018-02-22T16:33:53.0000000,2018-03-08T00:00:00.0000000,0,99.90,23.02,122.92,122.92
239f380355f65dcb68551f07d16fc4a8,4150cf7549e3776c9c3c6b54349b23f3,delivered,2018-06-26T15:00:56.0000000,2018-07-13T20:48:26.0000000,2018-07-26T00:00:00.0000000,0,149.00,73.63,251.63,222.63
dca86af3a25e55e88e77e0197f4b6c2b,cd91f11fdee723232212c46ce64b4809,delivered,2017-07-18T10:12:26.0000000,2017-07-24T15:39:45.0000000,2017-07-31T00:00:00.0000000,0,398.00,36.26,434.26,434.26
98f7181cfa8722f0a06d9c025d5f71fe,0d18e5ab5d69e1bac8dd02e02c9b2230,delivered,2018-02-12T14:04:30.0000000,2018-02-22T21:08:28.0000000,2018-03-19T00:00:00.0000000,0,29.90,15.10,45.00,45.00
3fa8403b65d7e40a6d9ceed8802b4d96,94d00a2a42c7af169f6f5f44f7a86b75,delivered,2017-11-26T17:58:43.0000000,2017-12-02T16:58:45.0000000,2017-12-18T00:00:00.0000000,0,99.00,14.56,113.56,113.56
0df706c2c6b700754129d98ffef2b669,ef3bbff3023c5032593c0e754f87114a,delivered,2017-05-23T20:15:27.0000000,2017-06-21T16:47:51.0000000,2017-06-28T00:00:00.0000000,0,113.00,29.19,142.19,142.19
bee896dee409e283b040fd0b5cd2ae16,bf7829c59bdda3409fdb934815d53836,delivered,2018-07-05T21:00:10.0000000,2018-07-13T14:41:52.0000000,2018-08-06T00:00:00.0000000,0,449.90,25.08,474.98,474.98
db88396cf9aab6635eb909ed423d6662,167db18e4fbd9ba3dec2aa5a7b79969b,delivered,2017-05-26T14:36:30.0000000,2017-06-13T13:52:05.0000000,2017-06-20T00:00:00.0000000,0,538.90,24.26,563.16,563.16
26a232627994b0bdd4a4975bedde0e63,afdde8786fe503ed8704b7b091d9265b,delivered,2018-07-16T14:00:31.0000000,2018-07-23T21:35:52.0000000,2018-08-07T00:00:00.0000000,0,35.90,16.44,52.34,52.34
914850b13acc6b7b75bed132fcc7d0bb,caafbaf20864b4b9ce101b71a74677e7,delivered,2017-12-02T12:22:42.0000000,2017-12-14T12:22:13.0000000,2018-01-02T00:00:00.0000000,0,114.90,16.56,131.46,131.46
777b4b0b8467866361a717d277ef1b1f,c21e32dc14bf1951f1cde9b3d149f35b,delivered,2018-04-02T22:55:40.0000000,2018-04-16T20:56:46.0000000,2018-04-19T00:00:00.0000000,0,69.90,24.62,94.52,94.52
b16eb7a0c75d99f6818fc68dffa8f11d,6e340889d05dbbe467a8de3ac31ba55c,delivered,2017-05-18T11:18:16.0000000,2017-05-28T11:19:46.0000000,2017-06-09T00:00:00.0000000,0,169.90,18.44,188.34,188.34
be3f2215558f0027b83b3a51e6454c3e,2098460678d4ec096748c21bea80fd87,delivered,2018-06-19T14:04:13.0000000,2018-07-09T14:32:00.0000000,2018-07-19T00:00:00.0000000,0,449.90,30.43,480.33,480.33
b3443b9956f438b73ca1d434c1d209d4,50a6b9bf2be166cbccc5b039176833bb,delivered,2018-02-15T08:13:47.0000000,2018-02-20T19:38:56.0000000,2018-03-02T00:00:00.0000000,0,389.00,29.17,418.17,418.17
f13e2dd2c1c2f64bad1edb05bf4f241c,6641d4bc99bd20a09ec8c66f4c7ae0e3,delivered,2018-06-28T10:55:54.0000000,2018-07-03T19:48:24.0000000,2018-07-20T00:00:00.0000000,0,169.90,25.27,195.17,195.17
9b189f6cf2ef734a7dd0419ed3c64d99,f8508e9ec506a046a25f3a4a63d0c630,delivered,2018-05-11T10:49:39.0000000,2018-06-25T13:08:37.0000000,2018-06-13T00:00:00.0000000,1,169.00,31.45,200.45,200.45
0e91a45e000263f1a4d58c5ecb5a52d7,4956084127edf70906aa6ffa9ce1e635,delivered,2018-01-09T15:49:48.0000000,2018-01-22T23:06:18.0000000,2018-02-02T00:00:00.0000000,0,21.90,14.10,36.00,36.00
296b1479f16b9b8b7ac30b42d5b35c49,04509e3fc8b310f74b4ee514f0c1899d,delivered,2017-10-16T13:30:58.0000000,2017-10-18T21:02:39.0000000,2017-10-27T00:00:00.0000000,0,33.90,7.78,41.68,41.68
5e6786653a325a061d408b04a91c0233,b7cb32f9af2209cd24f528f67ca51f19,delivered,2018-02-09T13:46:13.0000000,2018-03-07T18:36:45.0000000,2018-03-08T00:00:00.0000000,0,49.90,17.60,67.50,67.50
8ddd6fc19a466ec0847fec42d69824c6,dd43426ee4923b0a1c0dcd48cc1ee36e,delivered,2018-05-19T18:43:01.0000000,2018-05-30T19:08:23.0000000,2018-06-18T00:00:00.0000000,0,2110.00,43.35,2153.35,2153.35
4d19a84d4fe92e95e982b879faa52c20,c286d8d1ca1868b73e7e89118129fdf2,delivered,2017-07-25T22:57:29.0000000,2017-08-01T20:56:31.0000000,2017-08-16T00:00:00.0000000,0,37.99,14.10,52.09,52.09
b65d2760746d1872f57f872c7c881c4c,594d026e19325c3e1a570e17b0cc0543,delivered,2017-03-05T23:21:34.0000000,2017-03-20T07:06:08.0000000,2017-04-04T00:00:00.0000000,0,69.90,22.42,92.32,92.32
b669dbb8187ebd3a27a9d710d9e53194,bcf47f22d180c8242c96c83bf11fdc51,delivered,2017-05-17T23:58:42.0000000,2017-05-31T14:59:43.0000000,2017-06-13T00:00:00.0000000,0,135.90,18.52,154.42,154.42
c1fbc5439e7dfc2d85fef29b7353bbdf,685bdb800c0df843bb14d7a7a241c0df,delivered,2017-07-17T13:34:52.0000000,2017-07-26T01:03:32.0000000,2017-08-09T00:00:00.0000000,0,34.99,15.10,50.09,50.09
469a464be162099fa2c0e8f1cfc871db,be687363317507b670445b40f548a747,delivered,2018-02-21T10:13:41.0000000,2018-03-25T14:35:04.0000000,2018-03-14T00:00:00.0000000,1,24.90,17.60,42.50,42.50
3c901df8e80c646961877910379f4c1d,745b41873a19a0a1b38807987bd21cb2,delivered,2018-02-09T20:03:05.0000000,2018-04-10T18:24:44.0000000,2018-03-06T00:00:00.0000000,1,38.00,15.10,53.10,53.10
1e648b21368a3ed91634edf2b262d33c,687a935172033fd0c5fa350e5cfe1458,delivered,2018-01-11T14:59:27.0000000,2018-01-16T22:25:06.0000000,2018-02-09T00:00:00.0000000,0,66.90,15.22,82.12,82.12
df66e94131ba6d4c45c7b0f75680d29b,4baaaf6362f7e72690d2c85b4f6f9eff,delivered,2018-07-17T09:42:13.0000000,2018-07-24T23:39:44.0000000,2018-08-01T00:00:00.0000000,0,55.00,15.49,70.49,70.49
e95fc2995e8119f6216b0fed9887ef3b,97144965e658e088379f20e1b464cf2c,delivered,2017-11-26T20:36:27.0000000,2017-11-29T16:03:36.0000000,2017-12-18T00:00:00.0000000,0,69.99,9.34,79.33,79.33
fc56d6734e3fc6fa34d7e752a49bf25b,59c20aaccd770eacb8b3dac4b3ef9358,delivered,2018-05-23T12:40:38.0000000,2018-06-07T16:49:06.0000000,2018-06-19T00:00:00.0000000,0,33.50,12.79,46.29,46.29
3928ee08774d7c7850f58871b25ce3ec,7a74aa94eccd47b6c280dd22bdfaa5d2,delivered,2018-08-22T20:55:15.0000000,2018-08-27T14:06:46.0000000,2018-09-14T00:00:00.0000000,0,137.90,23.77,161.67,161.67
9a697390de6da65c977ba337071a06a3,7d428145472db20c245cfc1d7a6af615,delivered,2018-02-06T09:43:31.0000000,2018-02-21T20:39:27.0000000,2018-03-09T00:00:00.0000000,0,122.99,18.14,141.13,141.13
ade5be9864c75127b5d9dbec4850da34,9b36e720f2f357d9bfc8a1b27706e6a8,delivered,2018-03-29T06:43:10.0000000,2018-04-10T22:54:48.0000000,2018-04-20T00:00:00.0000000,0,45.00,18.23,63.23,63.23
2cbb35d23159c9f44b1e6ee4735181d2,022bdd440f8a37e8ba62d67287135a75,delivered,2018-03-28T11:29:44.0000000,2018-03-29T22:58:53.0000000,2018-04-18T00:00:00.0000000,0,116.00,26.92,142.92,142.92
939b9bfbbe679418ac73646f380353ec,ada98c5815c41b1489a6b5761a36655e,delivered,2018-03-25T14:11:36.0000000,2018-03-28T19:47:26.0000000,2018-04-06T00:00:00.0000000,0,33.00,8.88,41.88,41.88
4c3499a7df623b40778ee01a90811a2f,7422267f46a52991b0a78f0e10e1ca65,delivered,2017-06-12T13:49:41.0000000,2017-06-19T21:33:04.0000000,2017-07-05T00:00:00.0000000,0,149.84,18.30,168.14,168.14
04b7738ad5fbb213eeb7a2145bea8242,46c8678b6afe29d90d3142f31ff01791,delivered,2018-05-16T10:58:56.0000000,2018-05-18T20:22:23.0000000,2018-06-08T00:00:00.0000000,0,357.99,34.90,392.89,392.89
cb2ca9584ce09074196d8fa3f3ae804b,35c5d6d54387298f596d72d4a3b12721,delivered,2018-04-20T11:16:37.0000000,2018-04-24T16:32:06.0000000,2018-05-09T00:00:00.0000000,0,58.00,7.87,65.87,65.87
3e52730ef2fac6c1dc97b85aa5180ff0,0148f71e97a15ed3cf071ea28250eb87,delivered,2018-05-18T14:14:10.0000000,2018-06-08T11:33:30.0000000,2018-06-19T00:00:00.0000000,0,80.00,18.44,98.44,98.44
654c6463f421d51939eae082dcc3b15e,84b3985a451fbc57255b5f65c2763cca,delivered,2018-04-17T16:03:58.0000000,2018-04-30T14:40:53.0000000,2018-05-14T00:00:00.0000000,0,53.90,0.00,53.90,53.90
a3ba21f961c9d61f7502766974371616,82a5458c7efd1055b6ab24f6985fa233,delivered,2018-03-04T08:56:57.0000000,2018-04-17T21:34:51.0000000,2018-03-27T00:00:00.0000000,1,59.99,16.18,76.17,76.17
26dbf6db0bc6942823fa21ef58e3ce4f,30d149ba8c3793107e4829a8aaa4406f,delivered,2018-05-05T14:20:42.0000000,2018-05-09T20:21:54.0000000,2018-05-21T00:00:00.0000000,0,79.80,14.78,94.58,94.58
c9c727aec325e060789405c422a90c1d,24422572c50718665f5a8589e5d55d78,delivered,2018-08-14T10:03:27.0000000,2018-08-25T17:48:33.0000000,2018-09-20T00:00:00.0000000,0,110.65,37.69,148.34,148.34
9634a2f4e8ae92d44d182b5acddb8955,a9eff89343d9d04ca381e8a374cdbf10,delivered,2018-06-13T14:07:57.0000000,2018-06-20T21:46:52.0000000,2018-07-05T00:00:00.0000000,0,68.90,18.58,87.48,87.48
700bf35cd16de6e4d5d1e6e023b0221d,a03d07bf4aa2b1c94d11585aacbdaac2,delivered,2017-06-14T23:41:17.0000000,2017-06-27T14:32:10.0000000,2017-07-07T00:00:00.0000000,0,26.00,16.11,42.11,42.11
32c28df30cefeb8eb92d79d4adba2e1e,545bd426acb3f30a7672e7d5769431ed,delivered,2018-05-23T11:48:01.0000000,2018-06-05T17:44:51.0000000,2018-06-14T00:00:00.0000000,0,44.00,13.61,57.61,57.61
9b05f77ce0774039487118673d490f37,dbc0875589e7140d0f2fdaa85de3c1aa,delivered,2018-03-06T15:16:43.0000000,2018-03-14T20:38:48.0000000,2018-03-26T00:00:00.0000000,0,109.90,23.35,133.25,133.25
2b3c116f4ae22a4b4a127c73d39f5d6e,220367f3c3fb236001b6afb8d3c0e9aa,delivered,2017-06-24T01:01:40.0000000,2017-06-30T14:58:46.0000000,2017-07-18T00:00:00.0000000,0,129.99,18.16,148.15,148.15
69d4b792fad7f4acff2e38e426f5e3ea,7681fbcd3ede0e49dd00c993245ffb3d,delivered,2018-04-04T22:14:05.0000000,2018-05-09T17:11:28.0000000,2018-05-03T00:00:00.0000000,1,569.00,25.69,594.69,594.69
4460d444aff619a6e34f6080d64a3e73,6e1f1a05297f39ca54b3949e68c9a0a6,delivered,2018-03-15T16:31:03.0000000,2018-04-06T17:39:29.0000000,2018-04-17T00:00:00.0000000,0,56.00,16.36,72.36,72.36
ce8502b200546c12a54e51a65f313f34,b494a22912f25bd9fd639019c32607ca,delivered,2017-03-23T14:42:05.0000000,2017-04-07T16:52:30.0000000,2017-04-24T00:00:00.0000000,0,29.50,16.05,45.55,45.55
fd367f6c9ff07dedbdbf5c44b23d209a,5ddb3dc4aee7f86a48f39e2d1b836a41,delivered,2018-04-19T11:17:13.0000000,2018-04-28T00:16:56.0000000,2018-05-04T00:00:00.0000000,0,288.02,40.24,328.26,328.26
3a353ddf8b0cac74d4b4376f526283cd,33f382bbe8b6dd6a3b7f4f161b05e45e,delivered,2018-05-16T22:27:03.0000000,2018-05-21T22:06:30.0000000,2018-06-05T00:00:00.0000000,0,60.00,11.15,71.15,71.15
fdb6e644d463ad142d9ed03c9f6222a6,9ccf002a05faa1131c4ffb8b3cfc0b46,delivered,2017-04-08T16:23:45.0000000,2017-04-19T13:15:03.0000000,2017-05-02T00:00:00.0000000,0,59.90,11.81,71.71,71.71
b4568e6876016532c655618a5994591b,596a331453a4d186667190bc667aaec5,delivered,2018-01-26T17:36:28.0000000,2018-02-03T11:44:30.0000000,2018-02-21T00:00:00.0000000,0,59.70,11.92,71.62,71.62
26b66bcb4cb37fe553c114832d3a5e45,e75cd2b8044ef17f9fb52badd80a76d2,delivered,2018-04-11T18:17:34.0000000,2018-04-15T14:04:32.0000000,2018-04-27T00:00:00.0000000,0,199.99,9.16,209.15,209.15
fa44b98d202360f1246681a3e0405db4,ef95061d7fabce59a19b991b10e9bfc5,delivered,2018-02-05T20:25:11.0000000,2018-03-17T17:57:18.0000000,2018-03-05T00:00:00.0000000,1,369.90,38.25,408.15,408.15
9d2a11bab82354e3c134c7212988228a,7cb29cd77ba1de0bef1bd69d0e6f185d,delivered,2018-06-04T15:55:39.0000000,2018-06-09T17:22:29.0000000,2018-07-05T00:00:00.0000000,0,87.00,34.70,121.70,121.70
41267d204131714c919730fc9cf0adee,4a2231202fbd4dfb5678c0241d7cf141,delivered,2018-02-12T08:31:11.0000000,2018-02-17T00:16:36.0000000,2018-02-26T00:00:00.0000000,0,229.99,12.81,242.80,242.80
b97c941aaa3079b3eaef0786f512bf13,6b0fafb93f2ffe553ee4226de796542a,delivered,2018-04-08T20:58:09.0000000,2018-04-13T13:52:43.0000000,2018-05-03T00:00:00.0000000,0,29.99,15.23,45.22,45.22
378035ea5017f82d47a885f52fff9be1,a5cc05472dc39567d79da21664133388,delivered,2017-05-05T11:25:20.0000000,2017-05-17T14:06:02.0000000,2017-06-05T00:00:00.0000000,0,18.90,14.52,33.42,33.42
4c57f545143e8865ca2347d8cba154a7,4d4f3df77247391775a95ca8bf017d8c,delivered,2018-01-26T11:21:04.0000000,2018-02-01T17:54:56.0000000,2018-02-19T00:00:00.0000000,0,124.99,14.62,151.01,139.61
746894acbab13a8cb17e369fdee65152,a5c106ac83bc1dad699205d5a3cad955,delivered,2018-05-05T17:11:21.0000000,2018-05-20T16:03:17.0000000,2018-05-29T00:00:00.0000000,0,59.90,19.11,79.01,79.01
499331448de4dfe6a702b8550821720b,098c4d55ae6761b13901be67e6f22ac1,delivered,2017-02-24T15:28:22.0000000,2017-03-06T09:54:48.0000000,2017-03-27T00:00:00.0000000,0,114.90,19.08,133.98,133.98
bd2e72e4a107f535d737c2c2a52a018d,6f47b7699f8a027611922b02d6078f91,delivered,2018-08-22T02:28:35.0000000,2018-08-30T20:23:53.0000000,2018-09-13T00:00:00.0000000,0,34.39,12.90,47.29,47.29
c6984432d9f4eefb72712f14a8103b6e,45c4444133e260eb729533fbf3b1837e,delivered,2017-07-23T09:24:01.0000000,2017-08-01T18:27:38.0000000,2017-08-15T00:00:00.0000000,0,159.00,21.60,180.60,180.60
befae3252c7f7ffb6abdeb4d3f4eb668,873951dbadc164fa5d61eed16cf38770,delivered,2017-05-16T16:41:51.0000000,2017-05-25T15:49:42.0000000,2017-06-05T00:00:00.0000000,0,159.00,14.13,173.13,173.13
38aa75897750a332bf16c880772df768,2dbaa0a8ff7368884cb638b3fb17638b,delivered,2018-05-04T14:06:34.0000000,2018-05-08T18:46:37.0000000,2018-05-21T00:00:00.0000000,0,109.90,11.86,121.76,121.76
18aff2402dfe994cc353173909a740ba,d79fb17b8cca444c9a779a23137074c6,delivered,2018-02-19T22:50:37.0000000,2018-02-26T18:29:09.0000000,2018-03-22T00:00:00.0000000,0,65.00,18.00,83.00,83.00
dcda6f9e7ef0110e7cfc192c003c8ae4,07730bcce8f619f15485de16f0793767,delivered,2018-08-07T10:39:04.0000000,2018-08-15T15:58:35.0000000,2018-08-21T00:00:00.0000000,0,95.90,23.47,119.37,119.37
c98f20eb107a235a15b60b2b5de731da,0db14e678766522f6cb08781de60626e,delivered,2018-08-05T11:07:44.0000000,2018-08-17T19:41:09.0000000,2018-08-16T00:00:00.0000000,1,74.90,13.18,88.08,88.08
194e7b03e4469b2bcc7ba3c353077252,2e8bfe5a56818eccb5017d88820db31f,delivered,2017-09-09T11:00:18.0000000,2017-09-18T18:31:40.0000000,2017-09-27T00:00:00.0000000,0,40.50,14.10,54.60,54.60
409e6afee2a8d16df0be7d30f6278067,b174fb91c364d103fdbe5b9ccd95a991,delivered,2018-03-01T00:40:25.0000000,2018-03-18T12:21:02.0000000,2018-03-22T00:00:00.0000000,0,499.90,101.29,601.19,601.19
8cbb4c68b07f1ffbb2a640bcede44b4b,3c11f4f0d688fcca55850744ec691440,delivered,2018-03-01T10:25:26.0000000,2018-03-22T11:27:49.0000000,2018-04-04T00:00:00.0000000,0,89.98,19.51,109.49,109.49
3d7fb1dd6ff6f0eedb9976eda81e4a95,e4d7da67c0fd69d37a1ced68726d9b25,delivered,2017-11-24T12:33:11.0000000,2017-12-05T01:16:56.0000000,2017-12-14T00:00:00.0000000,0,49.00,13.41,62.41,62.41
a867d77ca2a1f66f8ef67750c711d074,0e2a4c9eb384b1ded134d519b6baa0fe,delivered,2017-07-13T18:53:08.0000000,2017-07-20T17:17:52.0000000,2017-08-02T00:00:00.0000000,0,48.90,13.37,62.27,62.27
430545209b9cc4b7ef7ae765a54816a7,2b1b46ed74054a19c6b1751c0284c1cf,delivered,2017-05-22T12:58:59.0000000,2017-06-07T08:59:41.0000000,2017-06-16T00:00:00.0000000,0,589.00,37.48,626.48,626.48
1c81cddd8cd868c4f95fa77dde1810d7,86f4aa9faf5fd1c55a84b395183c8619,delivered,2017-06-06T11:38:15.0000000,2017-06-28T16:32:30.0000000,2017-07-25T00:00:00.0000000,0,18.90,25.63,44.53,44.53
5db2ef66c9c43c3ede53f72e6d10760c,8f9dd2625351d1727097357b1e240ac7,delivered,2017-08-15T16:00:04.0000000,2017-09-01T19:26:49.0000000,2017-09-11T00:00:00.0000000,0,61.90,15.19,77.09,77.09
cc0482c9c30742e1f8ce96e0e1cebe07,58993c1b0cf20b93cd56ce5ca278381e,delivered,2018-07-20T17:07:51.0000000,2018-07-25T19:46:49.0000000,2018-07-30T00:00:00.0000000,0,29.00,7.46,36.46,36.46
76b6310b3f184c266dabec32ac0eb26a,6cf178abb6cadf4e56f9bb91c672c4e4,delivered,2018-02-16T15:48:57.0000000,2018-02-23T23:59:22.0000000,2018-03-08T00:00:00.0000000,0,86.90,16.24,103.14,103.14
12950f3d9bc12065fc5da141faab5780,5e6916fe2fcc2d982cc64eb97f593b92,delivered,2018-06-29T22:06:25.0000000,2018-07-12T20:06:33.0000000,2018-07-26T00:00:00.0000000,0,88.90,14.92,103.82,103.82
dc8813f7d3d197a72f015b1faf219a72,1b116df734af684a39602a867430a4ae,delivered,2018-01-11T11:04:40.0000000,2018-01-22T23:13:08.0000000,2018-02-20T00:00:00.0000000,0,238.00,17.92,255.92,255.92
44e5e4871a2b86afa53f08e86001bca5,5176b354a363c7c6884ea58c62884608,delivered,2017-12-20T12:25:46.0000000,2017-12-26T20:16:54.0000000,2018-01-09T00:00:00.0000000,0,23.40,8.27,31.67,31.67
2582e280d624a46c545db9c09f6cd424,2de12f428569afe73e5e6b1b4e2f8179,delivered,2017-10-24T11:34:33.0000000,2017-11-08T19:22:14.0000000,2017-11-21T00:00:00.0000000,0,298.00,89.78,387.78,387.78
762accd1f919295f51f3b39e314cee12,e9185b3210712b4d59df466551941825,delivered,2017-05-29T20:15:29.0000000,2017-06-06T15:58:05.0000000,2017-06-09T00:00:00.0000000,0,139.00,15.73,154.73,154.73
275725b6f36bbcb5524f2f7b704cfb3a,1b36cf62ae1e4c76b0be903a75c4d52c,delivered,2018-06-29T17:25:43.0000000,2018-07-13T18:08:34.0000000,2018-07-27T00:00:00.0000000,0,109.99,19.68,129.67,129.67
bfb11ae717892540547adae8fea72c10,4145e2cdf46220102a9838f6c37b2184,delivered,2017-09-13T15:12:00.0000000,2017-09-18T21:21:51.0000000,2017-09-29T00:00:00.0000000,0,39.90,12.48,52.38,52.38
9fc9a2d21f7cc6a9fad3431d2250ead7,e4533e66897653612225400895e0fa39,delivered,2018-01-16T16:57:33.0000000,2018-01-22T17:16:37.0000000,2018-02-07T00:00:00.0000000,0,67.87,26.78,94.65,94.65
ea8dcab0edc786ce2f0ae34a906657d1,33dde4e12f42caa841c4686f7f04eac1,delivered,2018-06-03T20:21:57.0000000,2018-06-11T18:48:46.0000000,2018-07-16T00:00:00.0000000,0,49.99,18.28,68.27,68.27
67d413d255c5eb97d120a90d68e2c3d9,893f9d0672c5190ed0d36e777d769a3c,delivered,2017-06-12T10:26:36.0000000,2017-06-15T10:03:35.0000000,2017-06-28T00:00:00.0000000,0,99.99,8.89,108.88,108.88
a5875ee134166b373cc08cbea838760c,c55a6a8fb09446878f0ec7d78a1471b8,delivered,2018-08-24T14:30:31.0000000,2018-08-30T14:46:57.0000000,2018-08-30T00:00:00.0000000,1,48.90,9.09,57.99,57.99
6b6634917b74d4db4d32cf09754c061d,1ac1963cfcf8bda4b3b64300c5b11b16,delivered,2018-07-18T16:59:04.0000000,2018-07-23T20:21:28.0000000,2018-08-08T00:00:00.0000000,0,149.00,44.84,193.84,193.84
c000556923c9e9f96eb1121213f153b0,e630c8a8b546a3a6486ccdca9cc6eb0a,delivered,2017-11-24T14:22:59.0000000,2017-11-29T21:37:23.0000000,2017-12-12T00:00:00.0000000,0,89.99,9.44,99.43,99.43
2c8d335aabf96328d817f48bdbccc430,2686a83dc8181e558df153bea379e2de,delivered,2017-10-19T06:28:39.0000000,2017-10-23T13:32:14.0000000,2017-11-07T00:00:00.0000000,0,80.00,12.90,92.90,92.90
2e2e88c4bb691287b71a9e1ee8a193a4,439f42a3cd2931ef5f1bb20e54f2357d,delivered,2017-01-12T23:42:50.0000000,2017-01-26T13:11:27.0000000,2017-02-22T00:00:00.0000000,0,377.00,22.72,399.72,399.72
b7bdc34249124db0a0637b568f5afdc1,59114bde7ce6b9fd6ed88bb8dc422d46,delivered,2018-06-27T16:57:28.0000000,2018-06-29T20:12:29.0000000,2018-07-23T00:00:00.0000000,0,239.00,72.34,311.34,311.34
d66cc620bf1415956e645bc1123aaa50,112a2b7ccb2d89926da59b967775b8f8,delivered,2017-12-02T17:28:08.0000000,2017-12-13T22:37:49.0000000,2018-01-03T00:00:00.0000000,0,170.00,29.59,199.59,199.59
b0478e447df29ef9a7efd1eb63de629c,08b9cbfbf948ebc2dc43212aa3b5a2a2,delivered,2018-02-01T05:41:35.0000000,2018-02-20T11:46:01.0000000,2018-02-23T00:00:00.0000000,0,54.90,11.88,66.78,66.78
762a479b42165d528417d5c3220640fc,935ceb581095e6dd41a24c74f2f0ca6c,delivered,2018-01-07T20:49:38.0000000,2018-01-12T20:34:34.0000000,2018-01-24T00:00:00.0000000,0,29.50,13.08,42.58,42.58
526043f9d39d510f7a79547410cd3318,6ea0cb2f488c5dd5311de194008ab1a8,delivered,2017-11-02T11:45:23.0000000,2017-11-16T21:26:57.0000000,2017-11-28T00:00:00.0000000,0,49.00,15.10,64.10,64.10
481bba01f1c9a6070e8bdcaf7965b1e0,7787f804c4ac91d4e231f532f7d70c2b,delivered,2018-04-04T10:30:16.0000000,2018-04-18T22:00:44.0000000,2018-05-04T00:00:00.0000000,0,229.90,38.30,268.20,268.20
3b2cfa22d9226264ad6c05510c4a3ef3,3deaf89058a65b6c3fd21ff77a189ea0,delivered,2017-07-20T10:11:42.0000000,2017-07-26T11:04:59.0000000,2017-08-11T00:00:00.0000000,0,279.00,15.70,294.70,294.70
1488ee1c0dc7439e64d5df80ae9f6089,42396af504e7592889a5e54951ce2cb8,shipped,2018-03-16T17:44:05.0000000,,2018-04-13T00:00:00.0000000,0,109.99,22.48,132.47,132.47
cf37324c9d35fb8f5f9d14cd6d48a3a2,fa8d8a26ce081c2669b4c79639a98e08,delivered,2017-05-14T09:13:09.0000000,2017-05-16T15:22:59.0000000,2017-05-24T00:00:00.0000000,0,129.99,9.10,139.09,139.09
efff0f02714bda94c05b552d6603f6f9,8cad893a6771fcbf107ffedd147bc71d,delivered,2018-02-06T07:02:11.0000000,2018-02-09T22:39:55.0000000,2018-03-02T00:00:00.0000000,0,59.99,11.92,71.91,71.91
280a1ee261c5b9821daccb1fcdd0f776,0e3fea1b0f292d71f5e8750446801344,delivered,2018-08-08T12:55:10.0000000,2018-08-16T13:29:41.0000000,2018-08-20T00:00:00.0000000,0,115.00,18.91,133.91,133.91
7581c7decedb7d7f4310ef8313f935a7,c9714864eb54838221b5ae330c338590,delivered,2017-03-11T17:50:16.0000000,2017-03-20T05:52:09.0000000,2017-04-03T00:00:00.0000000,0,34.90,14.52,49.42,49.42
d556bdb76163c01de4a108305dc4bd65,7a3d80bf0a5b5b564db738f5aa86c7a9,delivered,2017-11-09T19:40:27.0000000,2017-11-16T21:57:02.0000000,2017-11-23T00:00:00.0000000,0,84.99,10.01,95.00,95.00
c1712e588b4d7547170f454dba1ef0c3,e516dbd004a6367d636cf7f5bfbaefcc,delivered,2017-11-10T09:18:19.0000000,2017-11-28T18:09:31.0000000,2017-11-27T00:00:00.0000000,1,171.00,15.70,186.70,186.70
a06dda7f954798c0ad5a0b24e73b1ddb,5b0317e52f6059c5ae2572fc5edeb9a2,delivered,2018-08-25T23:39:08.0000000,2018-08-30T22:41:41.0000000,2018-09-12T00:00:00.0000000,0,45.00,15.42,60.42,60.42
6b36830dcd8e168800764cf5077796bf,187eff014e217a4f13317d72024f4a93,delivered,2017-05-07T10:19:33.0000000,2017-05-18T10:19:44.0000000,2017-06-07T00:00:00.0000000,0,17.99,15.10,33.09,33.09
0b24d5a62da084e9c66959aff6328dbc,2b261c26529c69b68839968c14d22369,delivered,2017-12-03T14:18:57.0000000,2017-12-14T18:32:27.0000000,2018-01-02T00:00:00.0000000,0,64.90,15.20,80.10,80.10
4692a9af537563c6a43b14abe7bd951d,e9804bd21b1d9db0bf2bf5857bec27c0,delivered,2017-03-09T19:38:22.0000000,2017-03-20T09:28:59.0000000,2017-03-28T00:00:00.0000000,0,69.90,11.88,81.78,81.78
e2a0a74ea79eebb803a7752cf3b429bf,8960ce4eea38d38519114455d943d56b,delivered,2017-10-19T11:30:55.0000000,2017-11-06T18:18:30.0000000,2017-11-17T00:00:00.0000000,0,29.99,15.10,45.09,45.09
d6b16c30481ca56fec3cc6919a37c1c1,da2c6819715d9b77dea652c23582d8b1,delivered,2017-03-21T10:21:51.0000000,2017-04-11T13:29:30.0000000,2017-04-11T00:00:00.0000000,1,106.90,17.49,124.39,124.39
1f0ece120cc036379fc3b3bf6f930947,288cab403c2e768a363a897b1095f5a0,delivered,2018-03-11T18:35:58.0000000,2018-03-28T00:28:23.0000000,2018-04-12T00:00:00.0000000,0,574.00,49.18,623.18,623.18
189622f157848ba3ed54191c7538e07e,6707fe92f6f05df40924ac311f930d8a,delivered,2017-08-02T04:26:49.0000000,2017-08-04T16:29:45.0000000,2017-08-15T00:00:00.0000000,0,134.99,9.76,144.75,144.75
41ec8df2674e2577b8efdc3f54e2b779,4b83fd2609057103e8d7604ab567c5e6,delivered,2017-12-06T22:34:32.0000000,2018-01-04T20:29:34.0000000,2018-01-10T00:00:00.0000000,0,618.00,90.95,708.95,708.95
2b5d3344cbf347b2aa5bc40c5deb3de6,d612ae3fd747409f47e50348961f5b6c,delivered,2017-04-25T15:33:12.0000000,2017-05-09T10:08:44.0000000,2017-05-12T00:00:00.0000000,0,13.98,10.96,24.94,24.94
0f932ea7fd11ef18c60feace8c548366,5bbf0546c8ccf4dcfe02790cd73b6297,delivered,2018-04-05T07:41:55.0000000,2018-04-12T20:14:32.0000000,2018-05-08T00:00:00.0000000,0,39.99,16.95,56.94,56.94
0efd493233dcc9266a7423754db0079c,d2f3e714cdac1771b576fa1a70ed7c8e,delivered,2017-03-26T21:42:57.0000000,2017-04-05T08:51:44.0000000,2017-04-26T00:00:00.0000000,0,26.69,14.52,41.21,41.21
09045ce363fa81cd9f206c86b989e2ba,75fa6cfb28484afc68c0ab2177d339cc,delivered,2017-11-23T16:23:50.0000000,2017-12-19T20:27:08.0000000,2017-12-27T00:00:00.0000000,0,72.99,33.12,106.11,106.11
48b2a7ba18f76dcb8be971239e41746f,45aa60acb5f87544e19b278e6955e451,delivered,2018-06-27T12:49:21.0000000,2018-06-30T00:23:37.0000000,2018-07-12T00:00:00.0000000,0,45.90,7.58,53.48,53.48
1c9f6ba93f9fde712da4fa24ecc30660,58a75ca9de60ce1a749012bfccf2c926,delivered,2018-04-15T15:25:22.0000000,2018-04-20T18:26:47.0000000,2018-05-14T00:00:00.0000000,0,89.99,23.21,113.20,113.20
3dcf2c01583e72e6d43ea642b44274b5,4aea01a91f0ccd5817dcb03ae16a5f90,delivered,2017-03-23T22:23:43.0000000,2017-04-04T13:17:23.0000000,2017-04-20T00:00:00.0000000,0,49.99,16.05,66.04,66.04
9959dfdd19dcc0fbcabc33723c619d74,a5a503bfb7b525f8176ea84c6a9389e4,delivered,2018-07-16T10:56:53.0000000,2018-07-27T20:29:18.0000000,2018-08-08T00:00:00.0000000,0,209.00,20.65,229.65,229.65
c9cb980dd4167a515f9bcb3677706240,426759c5e8f53301e8e8c644c4e73e75,delivered,2017-11-11T13:33:10.0000000,2017-11-24T19:27:37.0000000,2017-12-05T00:00:00.0000000,0,59.90,15.18,75.08,75.08
24eaa9941af703f34c309aff1a56aa5e,150dcbebc045e4eabe1f896727a84ecf,delivered,2018-02-07T15:35:12.0000000,2018-02-15T14:26:42.0000000,2018-02-23T00:00:00.0000000,0,45.90,8.72,54.62,54.62
83832d7a696d54e9e32347d7cc7df962,079f12eb1b192642da96011b5befc023,delivered,2017-10-12T13:48:31.0000000,2017-10-24T18:00:03.0000000,2017-11-01T00:00:00.0000000,0,149.99,23.85,173.84,173.84
2573400a7beba401684ca3eca5e38936,45cb012906505930fa83d7f85939a7e0,delivered,2017-03-15T21:25:00.0000000,2017-04-06T10:25:53.0000000,2017-04-05T00:00:00.0000000,1,139.00,15.14,154.14,154.14
0807ef98d4c6786b58238e6dfb2d2a9c,7b1189510beea7145ec61234465745ff,delivered,2018-01-24T15:55:19.0000000,2018-02-16T14:03:36.0000000,2018-03-08T00:00:00.0000000,0,45.90,15.10,61.00,61.00
5f890a619c8d23b671705de61578d238,35ceb0ca31f6af7fee0c6e6d39f98e56,delivered,2017-08-26T20:27:56.0000000,2017-09-21T21:31:50.0000000,2017-09-22T00:00:00.0000000,0,26.90,25.63,52.53,52.53
ed3efbd3a87bea76c2812c66a0b32219,191984a8ba4cbb2145acb4fe35b69664,canceled,2018-09-20T13:54:16.0000000,,2018-10-17T00:00:00.0000000,0,,,191.46,
55e68a38817afa16c0547a6ebeeff145,22e479a8d9de172048d1dc3e707f53b4,delivered,2018-01-08T20:56:09.0000000,2018-01-17T19:53:14.0000000,2018-02-16T00:00:00.0000000,0,81.50,13.59,95.09,95.09
3cdd33ec05cf28374828827789437fc3,d25c28e2e418a2f688e8e17130b29b49,delivered,2018-05-27T03:04:57.0000000,2018-06-20T17:05:16.0000000,2018-06-28T00:00:00.0000000,0,79.90,13.00,92.90,92.90
72fd9a44c510d4f0d8049e791ad3a073,de3b82f99f2cfb72c60e935cdb6e7007,delivered,2018-06-19T11:47:02.0000000,2018-07-03T15:56:45.0000000,2018-07-24T00:00:00.0000000,0,64.80,27.40,92.20,92.20
5509f25fd68fac3fe49fc1a532ba33ef,f9717b3ce18c05540645923e43f64710,delivered,2017-11-29T10:03:32.0000000,2017-12-07T16:01:42.0000000,2017-12-20T00:00:00.0000000,0,49.90,14.10,64.00,64.00
5394217c78ea24ee2b377c043b6bd7d9,74bfc507b3ac32b750e60fffd04a02cc,delivered,2017-07-04T10:24:45.0000000,2017-07-06T15:43:30.0000000,2017-07-17T00:00:00.0000000,0,658.90,27.20,686.10,686.10
0ba2b0331265d38d1c6670ed6c749732,f15f5e1d8a0248d9b6552b4d39122bdd,delivered,2017-08-17T21:49:35.0000000,2017-08-25T14:46:06.0000000,2017-09-11T00:00:00.0000000,0,200.00,18.11,218.11,218.11
0350fc2d00f48ad8a74efdf4d2fd4bdc,c7f658d05c387b0664410be68026ef0d,delivered,2017-12-14T01:30:04.0000000,2018-01-19T21:47:50.0000000,2018-01-12T00:00:00.0000000,1,58.00,31.58,89.58,89.58
9274443a23faa8fd9d5805fc0bd68c5e,81635d1e48d6fc1a14f8462975c96dc3,delivered,2017-12-19T13:54:22.0000000,2017-12-27T19:48:44.0000000,2018-01-15T00:00:00.0000000,0,38.10,45.33,83.43,83.43
d95236c2780d744b3bd884f327590d14,b8e481a0db2593829469c8536e52426b,delivered,2017-08-08T16:39:19.0000000,2017-08-19T12:21:33.0000000,2017-09-04T00:00:00.0000000,0,119.80,26.88,146.68,146.68
0966b61e30c4a07edbd7523f59b3f3e4,2fcc597b8934d99715dbfff7909dd27f,canceled,2018-05-22T18:50:55.0000000,,2018-07-03T00:00:00.0000000,0,204.93,69.18,274.11,274.11
18c2124c3874f480651069f1f8c9b903,3a5f82b200e600b7fc671e3a395dfe2e,delivered,2017-11-22T19:18:21.0000000,2017-12-14T21:06:24.0000000,2017-12-19T00:00:00.0000000,0,91.80,32.22,124.02,124.02
dbd10344065568345dadbd904bb51dc1,1589f4bea320a405a122738de980c6e2,delivered,2018-04-15T17:15:57.0000000,2018-06-07T22:06:45.0000000,2018-05-17T00:00:00.0000000,1,138.00,18.55,156.55,156.55
4197f94f8bddd171804b1360fa78d368,caa50bd83824193b0486b8f4da8dfb32,delivered,2018-07-19T16:24:20.0000000,2018-07-26T11:41:56.0000000,2018-08-10T00:00:00.0000000,0,21.50,26.45,47.95,47.95
d8cac70bba1a4ab6937ceaf9c2679c20,7aa3343466ae7796dc4e7db6a7e3e726,delivered,2017-10-07T00:16:57.0000000,2017-10-27T16:43:36.0000000,2017-11-27T00:00:00.0000000,0,69.90,16.25,86.15,86.15
55ab4aefca70a7b4b0a8466be48c5bbc,3687f50a22a1c1fd70b824bc79ba4b15,delivered,2018-02-15T19:23:46.0000000,2018-02-22T23:53:56.0000000,2018-03-01T00:00:00.0000000,0,149.90,12.75,162.65,162.65
c5cb8ff0538e13ce7112d7f51b705d54,9800729155e4255834b080a60b6bcda9,delivered,2017-11-30T13:31:15.0000000,2017-12-06T02:48:22.0000000,2017-12-18T00:00:00.0000000,0,299.99,14.93,314.92,314.92
759ef6eef7b8279539f81a2663c2f500,dbdc5f4edc37f3f149e239e4a3880a97,delivered,2018-06-22T08:59:23.0000000,2018-07-14T16:12:19.0000000,2018-08-01T00:00:00.0000000,0,84.90,19.50,104.40,104.40
9021cf1919f615a121410790dcce848f,7acf55df0298e1d2c31200fb4f6fb93b,canceled,2018-07-04T16:05:56.0000000,,2018-08-22T00:00:00.0000000,0,219.00,14.87,233.87,233.87
86aac0e27cf2e46d9c9bc5cd1c5e9348,62cb1e5de9e5558b5426d059f570ca8f,delivered,2018-03-05T13:15:26.0000000,2018-03-23T23:28:31.0000000,2018-03-28T00:00:00.0000000,0,124.99,19.41,144.40,144.40
d5feaf42ebb0105f527be0c6dd622b80,d399cd64e15fc776a47839d972c5bb2c,delivered,2018-05-26T16:01:31.0000000,2018-06-06T23:18:26.0000000,2018-06-29T00:00:00.0000000,0,114.90,18.68,133.58,133.58
6760e20addcf0121e9d58f2f1ff14298,17ddf5dd5d51696bb3d7c6291687be6f,delivered,2018-04-07T15:48:17.0000000,2018-04-13T20:06:37.0000000,2018-04-25T00:00:00.0000000,0,74.90,13.88,88.78,88.78
4f5fa78eddf28c3f669aa1554fe38622,51437a7b80a72d28fb0dd8debbb7fc60,delivered,2018-04-14T18:24:57.0000000,2018-04-23T18:45:46.0000000,2018-05-11T00:00:00.0000000,0,69.90,26.57,96.47,96.47
5f8e8bff26bd07b73a3ecf086de33d4a,6233e1c1b76b3f0e1527afdd8db0c7a1,delivered,2018-08-12T22:56:51.0000000,2018-08-27T18:22:06.0000000,2018-09-11T00:00:00.0000000,0,234.89,85.42,320.31,320.31
9ba4f1229c25da86b79e5f8af0e56461,fea04944f4e1fe567fc5151c02529203,delivered,2017-04-04T10:10:15.0000000,2017-04-17T10:28:12.0000000,2017-05-02T00:00:00.0000000,0,599.98,25.42,625.40,625.40
6ad57aecbae806a7e9cc2cdb6b380711,d31dbd02ac052d662285f678f8994326,unavailable,2017-11-30T07:48:24.0000000,,2017-12-29T00:00:00.0000000,0,,,161.47,
5e57ff5e1c008db89fac24b76655dbe1,4c756c39c13545719a2953df112e4e90,delivered,2018-06-29T18:39:49.0000000,2018-07-03T22:16:38.0000000,2018-07-30T00:00:00.0000000,0,139.98,34.24,174.22,174.22
bf4072fdc2122c74befd6df427938cab,ba682ab005cd6617c7d3384aabf4a45b,delivered,2018-01-24T14:19:05.0000000,2018-02-05T21:18:42.0000000,2018-02-26T00:00:00.0000000,0,179.89,55.38,235.27,235.27
21b47da23dc2187f6da58dfd7698faa8,2c069e58cbc8b600e8e4078598ee2c35,delivered,2017-11-13T23:27:02.0000000,2017-12-06T19:04:19.0000000,2017-11-27T00:00:00.0000000,1,154.90,8.34,163.24,163.24
737513abba391330e69fe0383703d447,c7a91e6580509dae3db905dbaf815876,delivered,2018-07-24T16:05:58.0000000,2018-07-30T17:43:43.0000000,2018-08-14T00:00:00.0000000,0,24.00,18.27,42.27,42.27
830f6ac44e90f0d692444fc8f861fd1a,a14033a8e28cf976d87b63aa00d6d34d,delivered,2017-11-27T13:38:46.0000000,2017-12-04T21:09:23.0000000,2017-12-14T00:00:00.0000000,0,99.00,31.00,130.00,130.00
665a012cd7368e5609ab518539d91adf,8d2502669799c13d5a67d873981ac627,delivered,2018-05-09T01:46:14.0000000,2018-05-15T18:07:55.0000000,2018-05-21T00:00:00.0000000,0,24.99,7.39,32.38,32.38
51b0dccc8596ce37a930dff2d63a10a2,31bf1057b00f14804278590bbac18b1b,invoiced,2017-05-05T22:34:48.0000000,,2017-06-06T00:00:00.0000000,0,99.90,17.78,117.68,117.68
9eda5cd4fa8caf92f0886bcc15b98577,e414cf673d7803bcddf9263feed7c535,delivered,2018-08-08T11:30:30.0000000,2018-08-13T22:41:59.0000000,2018-08-16T00:00:00.0000000,0,96.80,14.98,111.78,111.78
efab4aff7807bb9194a9f4f434820161,b4b7f7c1b2a1a968c55e72c5275e0c8e,delivered,2018-03-12T10:47:46.0000000,2018-03-29T20:35:16.0000000,2018-04-03T00:00:00.0000000,0,53.89,18.26,72.15,72.15
19a8ddfef7a411a196509d51ee14b776,78273c93ab6b793ee62a60feb6b7140d,delivered,2017-12-11T18:30:26.0000000,2018-01-16T21:18:46.0000000,2018-01-22T00:00:00.0000000,0,23.10,15.10,38.20,38.20
1ffe6486cbf2a0f96d34ee9945f5ed04,6ba7e8555e95549d99f21d08dadae199,delivered,2017-11-11T11:31:30.0000000,2017-12-01T12:35:39.0000000,2017-12-13T00:00:00.0000000,0,145.00,21.50,166.50,166.50
214a42323dd7ec45504d319315a1386b,5f2cfa9c8c34ab5d785fbf253c63b930,delivered,2018-06-08T17:05:16.0000000,2018-06-14T16:46:36.0000000,2018-06-26T00:00:00.0000000,0,197.00,23.03,220.03,220.03
1fe0c983b306f5e920e23d8a461c8451,f331460c320c55eda5519b4743e8673e,delivered,2017-11-18T17:16:59.0000000,2017-11-23T16:32:29.0000000,2017-12-19T00:00:00.0000000,0,31.90,15.79,47.69,47.69
bf40c06bf172145e8d7d468e6de69de8,5364f18dbadca7f50016ad6da7a39436,delivered,2018-06-27T20:55:17.0000000,2018-07-04T17:38:30.0000000,2018-07-20T00:00:00.0000000,0,45.00,19.51,64.51,64.51
6d02a007afc7698b7dd60ffb07514d1c,0423a0c4b6eea9435c2f40758658a2d4,delivered,2017-01-30T14:51:21.0000000,2017-02-15T12:53:45.0000000,2017-03-17T00:00:00.0000000,0,189.90,18.00,207.90,207.90
3f4f4efff28e8872522bbba90393b7df,25674af17e538296b83b371c8c0975b1,delivered,2017-11-11T07:38:45.0000000,2017-11-22T19:18:55.0000000,2017-12-06T00:00:00.0000000,0,44.99,16.11,61.10,61.10
c284eb7adf76e92a2a39d845f1333a61,7d8e5e6bf66ef639b5089ce4194a01d6,delivered,2018-04-07T22:17:55.0000000,2018-04-11T17:51:28.0000000,2018-04-25T00:00:00.0000000,0,45.00,8.29,53.29,53.29
7f579e203c931f3e8410103359c6d523,d665be250d1c687c58fdea61a9b55a58,delivered,2018-08-02T18:09:27.0000000,2018-08-13T20:11:47.0000000,2018-08-09T00:00:00.0000000,1,110.32,8.03,118.35,118.35
94dccbc39bc2673b3639fc98286c99b0,4023882589774ba137fdea0400aa4857,delivered,2018-01-22T20:28:04.0000000,2018-02-02T17:17:47.0000000,2018-02-19T00:00:00.0000000,0,15.30,16.79,32.09,32.09
86ebe0e8621ac6e5bb8ee0bfad457b5e,67991d4b892a4fd507c46e42e256a041,delivered,2018-03-12T23:29:35.0000000,2018-03-20T15:36:39.0000000,2018-04-06T00:00:00.0000000,0,37.90,7.55,45.45,45.45
68723accfe0d19555872abfbf08ed7d4,ccb92189b22e174f8813cce161768b3a,delivered,2017-09-18T21:39:03.0000000,2017-09-26T13:53:45.0000000,2017-10-02T00:00:00.0000000,0,269.99,13.34,283.33,283.33
7652086d66b18b3e2f19c1a28d6cc670,b59240e14630c3dad40626dcdaf69b18,delivered,2017-07-18T12:35:54.0000000,2017-07-31T21:04:27.0000000,2017-08-09T00:00:00.0000000,0,84.90,16.35,101.25,101.25
6b57b46391a662adacf6841b5da8d084,7508680e17b526665363d2bd205b44a3,delivered,2018-05-29T23:14:39.0000000,2018-06-04T10:44:51.0000000,2018-06-21T00:00:00.0000000,0,299.99,14.00,313.99,313.99
b35514909dd1ba45599c5f535621238a,9d82abb78c84c72c1802757c2c3733b8,delivered,2018-01-19T15:00:59.0000000,2018-02-08T15:19:07.0000000,2018-02-19T00:00:00.0000000,0,410.00,20.12,430.12,430.12
a3b5d696f2dc3df83942f644beb879da,f936ee0917d5d6e40833918f8672ced0,delivered,2018-01-04T09:30:01.0000000,2018-01-09T14:59:33.0000000,2018-01-23T00:00:00.0000000,0,69.90,13.08,82.98,82.98
c1e0736c3e624397f906c5371b2b381a,682095c6672eb2edf4b60e6a7c6e96f4,delivered,2017-11-15T13:43:11.0000000,2017-11-28T21:41:30.0000000,2017-12-05T00:00:00.0000000,0,49.99,12.69,62.68,62.68
5cbc29442f8eaafa46489e988fafa403,00ba72dac5dae2776b5bfcf799a956b2,delivered,2018-08-11T22:06:23.0000000,2018-08-16T21:38:54.0000000,2018-08-16T00:00:00.0000000,1,25.00,8.34,33.34,33.34
a93cc6a86a64ca1f201b78f981adbc25,e86f553170b06db9ee781701ad6091ee,delivered,2018-07-16T19:02:18.0000000,2018-07-24T12:39:31.0000000,2018-07-31T00:00:00.0000000,0,129.99,19.01,149.00,149.00
ce1d43d723c88bee2b9c749198eb023e,3833a2cc43f6ee57cc7cccf7d7d53d18,delivered,2017-11-12T00:00:45.0000000,2017-11-29T14:33:21.0000000,2017-12-04T00:00:00.0000000,0,125.00,15.63,140.63,140.63
92ea21bbb9c9b6f286602dc4c563d087,e0b36a2b88ead76489b6a2d913c997c3,delivered,2017-07-20T18:11:59.0000000,2017-08-03T21:56:30.0000000,2017-08-21T00:00:00.0000000,0,349.00,37.76,386.76,386.76
07ad2a87dfce684f0b6a23886db925c9,fe196aba95e52d084e7bb60dbd8a23f1,delivered,2017-04-27T08:26:54.0000000,2017-05-15T10:09:22.0000000,2017-05-29T00:00:00.0000000,0,44.00,29.04,73.04,73.04
8b8164ec47a3d04ec76e8ce5389033d4,edd33f337f01e490cf1e95da2957fcea,delivered,2018-03-08T18:48:31.0000000,2018-03-16T18:47:28.0000000,2018-03-26T00:00:00.0000000,0,152.80,16.08,168.88,168.88
21fdf6a269bd4c5befb28302d4d00803,9849acf233e29a676126fe8d91c4cbff,delivered,2017-05-10T14:39:56.0000000,2017-05-23T18:29:05.0000000,2017-06-01T00:00:00.0000000,0,449.00,26.01,475.01,475.01
d2e15d8894685652160e7545fd304610,d241d89dc876ac8450f20fa9824eb416,delivered,2017-12-07T21:14:24.0000000,2017-12-19T15:22:13.0000000,2018-01-03T00:00:00.0000000,0,98.00,12.19,110.19,110.19
d44cb52677c0960afb3e43a96d79a25b,f47f3a8480b7a19fad8c129983945370,delivered,2017-10-29T20:33:19.0000000,2017-11-03T20:53:37.0000000,2017-11-17T00:00:00.0000000,0,27.99,11.85,39.84,39.84
fd86c80924b4be8fb7f58c4ecc680dae,db76ebd0d51c2b3cc44d84cd6df46336,delivered,2018-03-08T19:37:45.0000000,2018-03-16T01:30:56.0000000,2018-03-27T00:00:00.0000000,0,139.98,25.86,165.84,165.84
a50d20f183503ea2b8aa1b506eee3d33,4e4db632921de78e11340349b66f5c99,delivered,2017-08-20T13:13:37.0000000,2017-09-06T20:10:14.0000000,2017-09-13T00:00:00.0000000,0,34.60,15.10,49.70,49.70
5792e0b1c8c8a2bf53af468c9a422c88,5c427f06e7fcf902e309743516e2c580,delivered,2018-07-26T13:25:14.0000000,2018-07-30T14:45:02.0000000,2018-08-09T00:00:00.0000000,0,69.50,13.15,82.65,82.65
5baf114f7f5f649d16ec1bf3cf78279b,a7de7057db988489dbb13ca9e0c80456,delivered,2018-05-02T13:10:07.0000000,2018-05-12T00:16:46.0000000,2018-05-29T00:00:00.0000000,0,38.99,19.32,58.31,58.31
a81adc3e4219d4699da549a75107de87,27c4c0e841788a80932b2500f7c0fd36,delivered,2018-05-20T22:11:23.0000000,2018-06-03T12:32:23.0000000,2018-06-05T00:00:00.0000000,0,119.00,65.69,184.69,184.69
f9161376e0d004c0b545db4e4bfb4e57,e79f3050c5e88a95a083b36f0ddb3f49,delivered,2018-04-26T21:24:03.0000000,2018-04-30T23:03:11.0000000,2018-05-11T00:00:00.0000000,0,58.99,11.15,70.14,70.14
df8282afe61008dc26c6c31011474d02,aa797b187b5466bc6925aaaa4bb3bed1,canceled,2017-03-04T12:14:30.0000000,,2017-04-10T00:00:00.0000000,0,,,139.96,
f3e7fae1e0a6001047deeefa288f96a9,c5c79cc42b407bb10fcf30e765c0ac2a,delivered,2018-03-25T11:26:29.0000000,2018-04-05T16:04:24.0000000,2018-04-18T00:00:00.0000000,0,89.10,19.59,108.69,108.69
c2e9150ecca583eb68c1e2e2b650caac,fe2f3701874bc7c2a8e1509621366717,delivered,2018-05-07T13:59:25.0000000,2018-06-04T21:16:49.0000000,2018-06-07T00:00:00.0000000,0,51.81,37.05,88.86,88.86
73fc7af87114b39712e6da79b0a377eb,41dcb106f807e993532d446263290104,delivered,2018-01-11T15:30:49.0000000,2018-01-17T18:42:41.0000000,2018-02-02T00:00:00.0000000,0,370.00,27.26,397.26,397.26
7ddd225286ba5817d36116c8d2300407,cef005896655dc4492849ce91f7363f1,delivered,2017-07-28T14:20:19.0000000,2017-08-07T20:23:53.0000000,2017-08-22T00:00:00.0000000,0,75.00,20.02,95.02,95.02
8fd96c034d11d9719cbc57f6acb93855,5a5e41c2d8c585d430c98e1a1d772a4c,delivered,2017-09-30T19:19:56.0000000,2017-10-19T12:07:59.0000000,2017-10-30T00:00:00.0000000,0,49.99,17.60,67.59,67.59
6ba4f2aae2d3d15f3281258017b4552b,9d57e17547e118b158dc652dc640714e,delivered,2017-08-24T01:40:27.0000000,2017-09-12T21:47:34.0000000,2017-09-28T00:00:00.0000000,0,69.90,42.52,112.42,112.42
9e7298f5bfed83404b628b69f965c94d,839a0aca2e489a773724ca101f3f5c70,delivered,2017-10-17T19:31:12.0000000,2017-10-30T23:16:11.0000000,2017-11-08T00:00:00.0000000,0,12.90,15.10,28.00,28.00
3b7a0831b87f721284d340cd1b55fb91,970d2db627e9a4b280c51701f45d51c5,delivered,2018-02-19T17:36:19.0000000,2018-03-06T16:18:36.0000000,2018-03-15T00:00:00.0000000,0,44.90,15.10,60.00,60.00
e063aafe4ec760123fe14ed5925631a2,ccc4d86eb7f5d275d4f297e251817d6e,delivered,2018-02-26T09:42:02.0000000,2018-02-28T22:52:10.0000000,2018-03-13T00:00:00.0000000,0,39.90,8.27,48.17,48.17
6c601e45c13b22fa58a1e290b4b14d8f,b18a495aae75db67b4f99a58d5e2f272,delivered,2017-11-27T20:31:23.0000000,2017-12-05T15:34:14.0000000,2017-12-20T00:00:00.0000000,0,29.00,15.10,44.10,44.10
b0f093c9a7e135bb44a1e1bd7406ba30,f57351f8f87213bbb758f2f902f600c2,delivered,2018-05-18T12:22:08.0000000,2018-06-06T20:41:34.0000000,2018-06-07T00:00:00.0000000,0,125.90,39.74,165.64,165.64
dd3d73f70b77e2a07f64360620621ca4,38f1fb4bd44289ca591479b76905cdbf,delivered,2018-01-02T09:45:15.0000000,2018-01-04T12:41:45.0000000,2018-01-18T00:00:00.0000000,0,249.99,12.95,262.94,262.94
20246bd1767d916d618e27b8e4fcb8fd,d6d3a9d936ef9f148ccb6631997b13c5,delivered,2017-10-09T17:58:37.0000000,2017-10-13T18:14:00.0000000,2017-10-27T00:00:00.0000000,0,26.90,13.37,40.27,40.27
469c8cf0bafa84bcc6a10629bc4016b3,5f8fe568347c41b2b42b72d72ebe0d67,delivered,2018-06-23T20:23:47.0000000,2018-06-28T19:32:06.0000000,2018-07-31T00:00:00.0000000,0,152.00,18.86,170.86,170.86
b2fdce90b6f515d645e1e98430176ce2,8ce5a8335c77debad7537ff999efeb8e,delivered,2017-11-11T17:22:19.0000000,2017-11-22T21:48:32.0000000,2017-12-01T00:00:00.0000000,0,59.40,25.37,84.77,84.77
1f7ff21f05c5258ab082ee51e8b2872e,0258af3a8301a7331edc8ba02da35b7c,delivered,2018-01-17T09:57:13.0000000,2018-01-29T20:46:08.0000000,2018-02-15T00:00:00.0000000,0,109.90,42.00,151.90,151.90
064e219a982901ccffc2d33432b77a2c,17e1a5591eec6af6ab825d5687790ee7,delivered,2018-04-10T19:24:04.0000000,2018-04-20T19:38:51.0000000,2018-05-03T00:00:00.0000000,0,134.00,15.03,149.03,149.03
c2f4ff5a710ff7ff87f90b026028bf18,9ba926ad01e17e9a308791ae9cb69699,delivered,2018-02-28T14:56:03.0000000,2018-03-09T02:24:20.0000000,2018-03-19T00:00:00.0000000,0,298.00,18.57,316.57,316.57
75c3993b743335fa57b1645f056b59d2,be842c57a8c5a62e9585dd72f22b6338,delivered,2018-06-05T13:33:19.0000000,2018-06-13T16:56:28.0000000,2018-07-23T00:00:00.0000000,0,45.50,18.23,63.73,63.73
7201c562f7a8bcd02e8f1a35dad540f4,77e188b1127d58981db82ce19e0b601d,delivered,2017-08-27T00:32:42.0000000,2017-08-31T16:55:13.0000000,2017-09-22T00:00:00.0000000,0,58.00,35.84,93.84,93.84
e303201d86cda5183986a56d5ae1b084,f844756b662228b3f52bf081ffb76e96,delivered,2017-03-29T12:31:39.0000000,2017-04-11T13:47:42.0000000,2017-05-04T00:00:00.0000000,0,13.90,10.96,24.86,24.86
378d03578566e65bc195cc5296a31526,06757bb75493151d0e73ce8e3bc32987,delivered,2017-09-09T21:21:11.0000000,2017-09-13T18:02:57.0000000,2017-09-27T00:00:00.0000000,0,234.00,14.66,248.66,248.66
cdc0800fdbf7580a26201f0a1529ee1f,a86780ec4509f4c3191af88c40de649d,delivered,2017-12-27T19:37:13.0000000,2018-01-13T00:24:52.0000000,2018-02-02T00:00:00.0000000,0,49.90,28.81,78.71,78.71
82b0f8f974cc6e92e6bae6cd7714b712,4ff25b11b74df70d77dee5fac4dc0039,delivered,2018-07-27T16:33:26.0000000,2018-08-06T15:21:34.0000000,2018-08-10T00:00:00.0000000,0,49.90,20.99,70.89,70.89
2478ddd1d1395639b71cf0d498d8dbf6,7fa774bf2be90197a2586c899c7e774d,delivered,2017-08-14T09:13:30.0000000,2017-08-21T18:47:38.0000000,2017-09-01T00:00:00.0000000,0,30.00,11.85,41.85,41.85
b9374fefc8bd25caac04f6223e7649ab,a2c0d0dea2025e9edfddd1952a437985,delivered,2017-07-28T16:03:38.0000000,2017-08-11T15:04:57.0000000,2017-08-29T00:00:00.0000000,0,259.95,102.98,362.93,362.93
f5248851770f05fc31f3915accb0bcff,2dbb87e382aba3b28963aaa6fcaf7132,delivered,2018-03-07T22:03:04.0000000,2018-03-14T20:58:21.0000000,2018-03-26T00:00:00.0000000,0,59.99,13.78,73.77,73.77
cc03f6907e3230fc27f728ed4e977534,26b37aea51f367cc0cfcf19c80944e58,delivered,2018-07-24T20:14:28.0000000,2018-08-07T19:26:32.0000000,2018-08-23T00:00:00.0000000,0,198.90,20.30,219.20,219.20
c6bf92017bd40729c135b58b643f64c2,3d3c463710ea6e8dd9a63c1110eeb06b,delivered,2018-08-08T01:15:06.0000000,2018-08-15T00:18:43.0000000,2018-08-16T00:00:00.0000000,0,14.90,7.39,22.29,22.29
c4bb1fcbb98d9733607ea0c7ab067e11,74246ec587472230b93065911e420ed8,delivered,2017-07-13T18:26:10.0000000,2017-07-25T19:39:26.0000000,2017-08-15T00:00:00.0000000,0,113.00,23.66,136.66,136.66
5cfb9fad9f8d6f2ef8a17144088bb622,745797df7e1f604c7d608c43b43f62e7,delivered,2017-07-27T12:16:29.0000000,2017-07-30T14:24:51.0000000,2017-08-09T00:00:00.0000000,0,189.99,9.52,199.51,199.51
9457f83b9faf36f40019d656cb5679f1,a6981c9a8bc899ed4f22b9e5b70796a1,delivered,2018-05-30T23:21:15.0000000,2018-06-06T13:58:53.0000000,2018-06-25T00:00:00.0000000,0,109.90,11.86,121.76,121.76
544b98cbee1fc6152e5ede26e1ef2986,1d7079eccf3132bfcc76f65aa79c789e,delivered,2018-01-07T12:26:36.0000000,2018-02-21T23:46:57.0000000,2018-02-06T00:00:00.0000000,1,53.99,14.13,68.12,68.12
4ff907acfe03d4b4eccece88f700eb43,09a90a21ae1d1a693fbc83851edafead,delivered,2018-02-20T23:00:59.0000000,2018-02-24T02:22:54.0000000,2018-03-12T00:00:00.0000000,0,62.79,20.12,82.91,82.91
a0151737f2f0c6c0a5fd69d45f66ceea,fc2697314ab7fbeda62bb6f1afa4efcd,delivered,2017-07-12T14:11:58.0000000,2017-07-18T16:24:42.0000000,2017-07-25T00:00:00.0000000,0,44.99,7.78,52.77,52.77
5c6f08e3231f7cff6e6853e225cb7eef,f1e77cf0c4452e2cf36f4d481a48024e,delivered,2017-10-16T12:04:59.0000000,2017-10-18T22:19:55.0000000,2017-11-03T00:00:00.0000000,0,789.00,22.77,811.77,811.77
f384f4edb05c390598d9010ea97f7f4e,db8d12f33acf6a08a434eda169d25106,delivered,2018-04-20T14:45:57.0000000,2018-04-30T13:12:39.0000000,2018-05-16T00:00:00.0000000,0,78.89,32.10,110.99,110.99
e5733d96d53e3a8a13f59a0fe4c38d74,d0d213ed2d6d390dc1cc1e6f45706c8b,delivered,2018-04-06T15:28:48.0000000,2018-04-18T17:56:19.0000000,2018-05-09T00:00:00.0000000,0,168.00,22.89,190.89,190.89
ef1470cc5437e2d2d5e2ad587712a406,6d67d2bbd339e5ce434c5bcf85bd654b,delivered,2018-06-21T20:23:43.0000000,2018-06-30T01:16:29.0000000,2018-07-23T00:00:00.0000000,0,119.90,18.94,138.84,138.84
d3364a29f093a5f36e7eca9f148235c2,520dfb976e8d7e64c6c9275de698053f,delivered,2018-02-17T10:31:09.0000000,2018-02-27T20:46:39.0000000,2018-03-12T00:00:00.0000000,0,19.90,11.85,31.75,31.75
9165d656c399c6eac7a6a00dd6e02e7f,ab308900612e0f192d73e0051653af5a,delivered,2018-04-03T17:00:04.0000000,2018-04-11T12:38:30.0000000,2018-04-30T00:00:00.0000000,0,139.80,30.38,170.18,170.18
35b5262480e3a45052ad1b8070395e36,cfb5d52b65936738f2dc936f15369010,delivered,2018-05-14T12:36:50.0000000,2018-05-18T14:08:28.0000000,2018-05-30T00:00:00.0000000,0,55.99,12.83,68.82,68.82
25e5f6a88a4525f820943240376c45c5,5425974ca1091055b0c05604f43f711e,delivered,2017-11-26T14:08:44.0000000,2018-01-06T17:09:50.0000000,2017-12-18T00:00:00.0000000,1,80.99,17.82,98.81,98.81
5ddbd5a10844f5d88892b9a051ef648d,14e237fe96e5b5c7c4cf9ac6c2f5d60e,delivered,2017-12-17T11:18:41.0000000,2017-12-26T16:37:11.0000000,2018-01-12T00:00:00.0000000,0,92.65,15.41,108.06,108.06
3f6a06dd65ecc8c3c8bf73dd9f5ade29,88ca1a52550c2c65c9b75121cc26b060,delivered,2018-06-29T11:19:19.0000000,2018-07-13T13:24:41.0000000,2018-07-27T00:00:00.0000000,0,104.99,57.51,162.50,162.50
0957ed870116e596b800540427c61497,0f0603d577f299ca129f39109268c546,delivered,2017-01-29T22:14:49.0000000,2017-02-08T17:14:55.0000000,2017-03-20T00:00:00.0000000,0,129.99,28.00,157.99,157.99
cbe9eae36605cf2bd005c6bc1ae5f864,e8ab70fc0d2c473d43b64647d1d73414,delivered,2017-09-06T19:51:50.0000000,2017-10-03T18:44:54.0000000,2017-09-26T00:00:00.0000000,1,98.63,21.18,119.81,119.81
0c0200c8b683dcbc6138639044bb781d,e6369fd23db5134714b0ce70202cf74a,delivered,2017-11-16T12:16:30.0000000,2017-11-22T14:33:10.0000000,2017-11-29T00:00:00.0000000,0,248.99,35.91,284.90,284.90
2b71ffffcf089d2287505f5b4441204b,e68de27b72357e93a5edbf9068812f9c,delivered,2017-02-27T19:54:44.0000000,2017-03-16T11:35:11.0000000,2017-03-23T00:00:00.0000000,0,29.90,17.09,46.99,46.99
68c3f2fc647e6d809af24b6ccbe84388,426354919a964cd30206bdcdaa53bdd3,delivered,2017-05-18T20:51:06.0000000,2017-06-02T11:26:06.0000000,2017-06-09T00:00:00.0000000,0,119.98,30.34,150.32,150.32
9c6fa2375d04ebce9627208eff6aa01b,b6c2a592baed4e617db2e58189eeb671,delivered,2018-07-25T10:52:19.0000000,2018-07-30T20:11:30.0000000,2018-08-08T00:00:00.0000000,0,122.90,15.17,138.07,138.07
fb8c84f49d464b75f05a3de37923fc87,1e12754604af85397680cb28482f73a6,delivered,2018-05-24T00:52:36.0000000,2018-05-25T19:28:26.0000000,2018-06-11T00:00:00.0000000,0,1799.00,29.41,1828.41,1828.41
5aa89bb7eb1a8dca4d70fcd37878c8a4,fe86c2c022a8d1665da64dabf0ceeaea,delivered,2018-07-25T10:54:43.0000000,2018-07-31T20:06:21.0000000,2018-08-20T00:00:00.0000000,0,186.00,46.35,232.35,232.35
b7a098563d93a0a1f918772c24ca3831,7974eb74e94d3f3e1031f74d1b97ea5e,delivered,2018-02-17T16:41:06.0000000,2018-02-27T18:22:43.0000000,2018-03-05T00:00:00.0000000,0,142.47,29.82,172.29,172.29
6a4d41fb9165f032ec025794db381fa7,c89d15c5a577db7e5d3535a0a54ae452,delivered,2017-10-05T12:39:24.0000000,2017-10-11T20:58:10.0000000,2017-10-31T00:00:00.0000000,0,119.99,17.09,137.08,137.08
8a12018fd6af932819b6e06b6e3eeba7,bdc70f91dc54953d1be0ef76d183c5d1,delivered,2017-11-24T23:40:31.0000000,2017-11-28T22:27:41.0000000,2017-12-08T00:00:00.0000000,0,16.90,7.78,24.68,24.68
05c1808ab7242e387b4947245e0c0649,069c942e82eba9152f2797da49e1e764,delivered,2017-03-08T16:49:01.0000000,2017-03-20T12:23:48.0000000,2017-03-30T00:00:00.0000000,0,49.00,14.52,63.52,63.52
a9be69fb32d8f98c2a1620823cc03217,28c9ef88cd702b973c4f6af0da609605,delivered,2017-11-30T08:37:41.0000000,2017-12-06T19:57:01.0000000,2018-01-02T00:00:00.0000000,0,59.00,15.16,74.16,74.16
f8204e84e9a426029a3f9848738caf33,7181d4c67d92d02969a0d9bf56d4c645,delivered,2018-08-05T15:33:02.0000000,2018-08-11T16:51:04.0000000,2018-08-14T00:00:00.0000000,0,95.99,22.49,118.48,118.48
192e8093aeeb86d202c1035db3a5bd48,df2af8efbfb8b719e19e7e08d0017759,delivered,2018-07-20T10:32:03.0000000,2018-07-31T20:14:45.0000000,2018-08-30T00:00:00.0000000,0,1450.00,120.79,1570.79,1570.79
5f90a6d7c0262682ff8a77f40e668e1a,4869c2c49b393e96bac32c0f844d9cd5,delivered,2017-04-07T21:10:19.0000000,2017-04-22T14:42:46.0000000,2017-05-03T00:00:00.0000000,0,18.99,14.52,33.51,33.51
1078cee780187c1672d97d4ebfb4cc2e,cbfe773accbd474bcd87443dcdf49416,delivered,2018-02-01T08:35:49.0000000,2018-02-05T17:37:09.0000000,2018-02-19T00:00:00.0000000,0,79.90,9.37,89.27,89.27
8dde389ebcf87898f96614bf718a3424,7f9a771719afa6802825b9f0793d980f,delivered,2018-08-14T10:41:49.0000000,2018-08-28T19:39:37.0000000,2018-09-05T00:00:00.0000000,0,98.00,53.04,151.04,151.04
04dd5aa087f6b04e0e145fb4c4fef047,2800b82a7d904585f1f78639be21f877,delivered,2017-11-27T17:19:45.0000000,2017-12-11T21:09:31.0000000,2017-12-18T00:00:00.0000000,0,379.80,37.22,417.02,417.02
69cfe2f137c308ad6f6d0896ad8189d2,9ba20212326011c0a71ef26b476a19f7,delivered,2017-11-14T09:19:13.0000000,2017-11-21T14:38:54.0000000,2017-12-04T00:00:00.0000000,0,112.00,13.12,125.12,125.12
ab46b23c27822b224f0e2fcca0f25e63,d06fde36eadfb52477c545e5922b1c9a,delivered,2018-01-10T21:12:16.0000000,2018-02-06T18:24:51.0000000,2018-03-06T00:00:00.0000000,0,229.99,59.52,289.51,289.51
b0ee8cb0ccd868a2b5fd4b0f66bea08a,3b5595f4f91fa8f27d5d3a7ff2dd0831,delivered,2018-04-14T20:31:48.0000000,2018-05-09T19:03:20.0000000,2018-05-21T00:00:00.0000000,0,28.00,19.04,47.04,47.04
e05ad3bb40dd7a1f005c828e86493bcc,348dab3f7710f2be30559eb101ff7696,delivered,2018-05-24T13:13:40.0000000,2018-05-28T16:46:42.0000000,2018-06-13T00:00:00.0000000,0,22.99,7.39,30.38,30.38
b56499883923b712fb275ca6ee73bcbe,8587712871a9068612ca82692acd6051,delivered,2018-05-02T12:02:02.0000000,2018-05-10T18:10:52.0000000,2018-05-22T00:00:00.0000000,0,112.20,38.72,150.92,150.92
5add03213ad417aab3988852ea890572,69009aaf4e400602c05b1da3989ca40b,delivered,2017-09-01T10:42:58.0000000,2017-09-11T16:36:06.0000000,2017-09-26T00:00:00.0000000,0,79.00,17.80,96.80,96.80
e01734681e487d52315e5745bf478d7d,7a34180d4442d594be87d3e69bbf0ba0,delivered,2017-11-16T20:37:52.0000000,2017-11-28T01:22:14.0000000,2017-12-06T00:00:00.0000000,0,159.99,15.88,175.87,175.87
1afd8ff2dd513d0b66ac931347fd264d,bbc17ff568ee38c7faa4f30dadb38e8a,delivered,2017-03-29T07:03:56.0000000,2017-04-07T16:34:49.0000000,2017-04-24T00:00:00.0000000,0,10.99,14.52,25.51,25.51
5bb67bb01ea5cb177b047ffe340c5c3e,302ddfd48143e8c407b25c746096e09f,delivered,2018-07-11T07:33:55.0000000,2018-07-26T16:16:46.0000000,2018-07-30T00:00:00.0000000,0,26.19,18.28,44.47,44.47
1ee14212cb207ed5474b41f501133c11,ba936b691c12f67e4c24f195f5d2f5bd,delivered,2018-08-22T22:04:26.0000000,2018-08-30T15:52:47.0000000,2018-09-13T00:00:00.0000000,0,149.90,30.85,180.75,180.75
fe421e7d38d622aedc8ca97d58771ea6,9bf5b0d90ce42a8216c828b07d44b528,delivered,2017-04-22T08:49:09.0000000,2017-05-15T12:08:01.0000000,2017-05-19T00:00:00.0000000,0,119.90,18.27,138.17,138.17
df6340ee228a1f029c6341931763f177,32705597278e6504c324f9c7fe5d74c9,shipped,2017-12-01T21:55:25.0000000,,2017-12-27T00:00:00.0000000,0,78.00,14.30,92.30,92.30
6d5f62b312ef08610aa99b1a365ec10b,2c58296eab043d713ee5fc669f6aba05,delivered,2018-07-05T14:59:58.0000000,2018-07-10T21:04:13.0000000,2018-08-03T00:00:00.0000000,0,49.90,22.28,72.18,72.18
dac8bbf73624993402c1e7481bb37ee5,e65ce9b007466b457e8b7bc5004b1186,delivered,2017-06-06T23:08:04.0000000,2017-06-14T14:42:13.0000000,2017-06-29T00:00:00.0000000,0,99.00,38.53,137.53,137.53
e48247404129e18919a1425efabcf422,f90c4fc69ee075a663c05fa16b2e61a0,delivered,2018-01-16T13:55:43.0000000,2018-01-26T20:46:48.0000000,2018-02-08T00:00:00.0000000,0,174.80,25.48,200.28,200.28
69a2a91fc2f5cf8fd09cf5e9ed2b56ff,c70ebd6d93654220aed313d7c3130d13,delivered,2017-07-19T21:09:11.0000000,2017-07-21T14:12:53.0000000,2017-08-02T00:00:00.0000000,0,65.70,7.78,73.48,73.48
07c33a9470d0df2a30cc8a8ebd0288d1,b4a2eabc4ac6b82d0f3aa2961fc9220b,delivered,2018-05-16T18:29:24.0000000,2018-05-23T14:58:36.0000000,2018-05-25T00:00:00.0000000,0,83.99,11.21,95.20,95.20
074d6aba62abd52ad27529d3fb746260,204bbfa4c9b59b50791939141259e2ed,delivered,2017-06-08T18:26:09.0000000,2017-06-21T16:53:46.0000000,2017-07-03T00:00:00.0000000,0,94.90,16.91,111.81,111.81
08b57d9de8bb87cfd045a7bc735ba831,b63fa2c5e73bc1c4f1340748442f0722,delivered,2017-05-23T19:52:27.0000000,2017-05-26T07:33:19.0000000,2017-06-05T00:00:00.0000000,0,779.00,14.27,793.27,793.27
c9b0a65b5794db7ced550ecc9ba178ca,d1c715c3201e2a54b45c12a6ae5e0f67,delivered,2018-02-07T16:10:34.0000000,2018-02-16T19:38:51.0000000,2018-03-14T00:00:00.0000000,0,149.90,27.59,177.49,177.49
d37e660e61680fadd235a5ca5b6721bb,252230964e63dc483b06023a916ac62b,delivered,2018-04-13T14:37:55.0000000,2018-04-26T20:11:02.0000000,2018-05-09T00:00:00.0000000,0,74.99,18.40,93.39,93.39
0524a4740833e4c479484d6fd2735725,09d9f64ba169a1b0e2c8d9690ef483c2,delivered,2018-07-30T18:34:42.0000000,2018-08-03T11:51:39.0000000,2018-08-09T00:00:00.0000000,0,139.90,18.11,158.01,158.01
fd3b391929c4fc835fb015acdf8049e2,9cb5cb63842b6b3b9843f6803eda167e,delivered,2018-05-11T12:38:02.0000000,2018-05-16T15:06:34.0000000,2018-05-29T00:00:00.0000000,0,39.90,11.15,51.05,51.05
8d994041d6127d2acc8d13aad557e75f,79549bf1ee85aa08fa9007af4f4a6dde,shipped,2017-03-24T21:48:54.0000000,,2017-04-19T00:00:00.0000000,0,48.65,17.19,65.84,65.84
9bcfea969358b43046969a17bfa436b9,a8dae326e70d36bde8a49e2207f1f0d8,delivered,2018-02-22T15:43:00.0000000,2018-03-22T11:32:53.0000000,2018-03-28T00:00:00.0000000,0,249.99,35.55,285.54,285.54
a077228a07e8b9b735ffd87f50d423e1,28c1154b280de237fd5050b71fb67c0b,delivered,2017-11-24T11:11:43.0000000,2017-12-01T21:43:10.0000000,2017-12-08T00:00:00.0000000,0,14.99,7.78,22.77,22.77
dd5831f3eb10afa80b5cea07ae84e87e,7982e84c59ee033ee1ba6110456f3f6f,delivered,2018-04-06T20:02:58.0000000,2018-04-11T20:07:35.0000000,2018-04-18T00:00:00.0000000,0,25.00,7.39,32.39,32.39
cbf5771b59c1f5688a8f8224f08607eb,4a727b3912355023c5284abd4b1c6956,delivered,2018-04-27T08:52:11.0000000,2018-05-03T20:58:41.0000000,2018-05-22T00:00:00.0000000,0,220.00,19.42,239.42,239.42
d1f23373fcc8819b0168ed403939600f,e96b0fbad01c75bac4692b344f98d0b8,delivered,2018-02-11T00:17:16.0000000,2018-02-16T12:57:57.0000000,2018-03-05T00:00:00.0000000,0,50.00,8.27,58.27,58.27
9e79eaf24f3a351f51692b227136741e,79d9271e1bd3984404a8b296a6de3c42,delivered,2018-07-27T22:23:49.0000000,2018-08-07T21:08:46.0000000,2018-08-15T00:00:00.0000000,0,29.99,22.93,52.92,52.92
755dd61fa0b225c0a149662ea67cd5ff,957928b8ab3a4c3a4ecaf3818801af0b,delivered,2018-04-12T18:25:52.0000000,2018-04-21T01:08:49.0000000,2018-05-07T00:00:00.0000000,0,59.33,14.51,73.84,73.84
0f55ec65ad1f38ceeb753846d0684c52,dd98b876b13121dcda59ffb2d37d0de7,delivered,2018-02-01T19:58:21.0000000,2018-02-08T18:31:49.0000000,2018-02-19T00:00:00.0000000,0,59.90,9.34,69.24,69.24
746de2565dea8d35a273e6b7db1764b9,542a1542afb92ac617f667ed43640af8,delivered,2018-01-05T16:09:43.0000000,2018-01-13T01:21:50.0000000,2018-02-15T00:00:00.0000000,0,249.50,13.25,262.75,262.75
418018cd21bcca5f7cc37f9f17ac1466,81c19ba9169b16ec020f789b0e05b677,delivered,2018-01-16T18:19:20.0000000,2018-01-30T18:08:50.0000000,2018-02-07T00:00:00.0000000,0,39.90,16.60,56.50,56.50
cb6e441ff2ef574ce08d3709426f88ec,4fb843d304c57182d4aa27bb39ca592b,delivered,2018-08-08T19:27:03.0000000,2018-08-18T01:11:58.0000000,2018-08-15T00:00:00.0000000,1,22.00,12.81,34.81,34.81
3b4f91054cb9728a62114d3103612374,b78af1eb8561b53cb6b93162ecb34e49,delivered,2017-10-16T21:39:31.0000000,2017-11-10T00:58:36.0000000,2017-11-17T00:00:00.0000000,0,139.99,17.42,157.41,157.41
31abfb3d839221bf8dc8165fbd494c2f,f62b26b783dc075ee45d0525eb2649dc,delivered,2018-07-04T11:05:34.0000000,2018-07-09T10:16:57.0000000,2018-07-24T00:00:00.0000000,0,99.99,23.69,123.68,123.68
03f2794ace8d10c0af8614f6fac2be3e,748632357c64f888b1f6932d1eee4fd7,delivered,2017-05-15T20:46:00.0000000,2017-05-24T15:12:12.0000000,2017-06-08T00:00:00.0000000,0,89.99,18.20,108.19,108.19
a39d3db795a5cf4c8b6c9dd050f0d326,ec66df2cb66dfda07c03050470e21f69,canceled,2017-03-13T16:12:24.0000000,,2017-03-30T00:00:00.0000000,0,129.99,16.02,146.01,146.01
3b2124c60aeceeefe963adfc35d0310d,1d00e4153e19570adc3862c093d0d071,delivered,2017-06-02T12:57:15.0000000,2017-06-13T10:37:38.0000000,2017-06-29T00:00:00.0000000,0,79.50,20.05,99.55,99.55
d3e0a0298be4e950a2271ef880d8e1ff,1da9f9775d33dcdc0a8d7811009a19be,delivered,2017-02-17T00:29:34.0000000,2017-02-25T12:13:01.0000000,2017-03-16T00:00:00.0000000,0,76.90,15.65,92.55,92.55
b5620c351108ed4667886da53f3f8599,2364ed5a865ac9d255eac0cac6366ea0,delivered,2017-11-08T16:43:35.0000000,2017-11-20T22:57:13.0000000,2017-11-28T00:00:00.0000000,0,422.00,22.92,444.92,444.92
8d1d09cecb392f024da77ada654625c5,4608ffc5f70a8c67bf129d6770948fb3,delivered,2017-10-23T17:11:15.0000000,2017-10-27T20:41:50.0000000,2017-11-09T00:00:00.0000000,0,64.99,11.95,76.94,76.94
165db2f7901b38055fe76db6894683d2,7b7ba1ea7b27f88bba9a40beb28b0520,delivered,2017-10-04T10:45:25.0000000,2017-10-06T17:41:40.0000000,2017-10-23T00:00:00.0000000,0,33.49,7.78,41.27,41.27
afde85ca0156001aaeb789fe4747edda,943a02b9d5564146f21343b020bcb5de,delivered,2018-02-19T16:20:28.0000000,2018-02-23T16:03:58.0000000,2018-03-05T00:00:00.0000000,0,380.00,18.14,398.14,398.14
4af91349921618b7fe12e5b417b3fc7d,412f4e3e4f82e83c44e9ccc631885767,delivered,2017-11-24T17:52:52.0000000,2017-12-05T23:58:40.0000000,2017-12-14T00:00:00.0000000,0,45.90,11.85,57.75,57.75
e2cfe4b2af025a2ae3b1d8795f677525,263e66eb67eddc6a0053b194571427d0,delivered,2017-12-05T12:19:36.0000000,2018-01-05T23:59:05.0000000,2017-12-29T00:00:00.0000000,1,113.90,21.29,135.19,135.19
397734101cdc7f8ac3663089a968a763,a8ce91cb1dbbaddba9f7be0a9937b25f,delivered,2018-01-30T17:04:07.0000000,2018-03-12T20:32:17.0000000,2018-03-02T00:00:00.0000000,1,58.00,25.25,83.25,83.25
807451448a665b991d8608a4890e6059,4b881664606b8531347f673b8860c565,delivered,2017-07-28T13:10:24.0000000,2017-08-04T16:10:20.0000000,2017-08-14T00:00:00.0000000,0,32.64,7.78,40.42,40.42
af9b2bc020f9e2e4baf46e08f5700e51,6fbf49020855ca62bea99874ac92e715,delivered,2018-08-01T17:02:45.0000000,2018-08-10T16:31:56.0000000,2018-08-15T00:00:00.0000000,0,169.90,19.29,189.19,189.19
a8f5a2b22f55e0af45b300929d1fdc7d,6e359a57a91f84095cc64e1b351aef8c,delivered,2017-05-15T17:58:25.0000000,2017-05-19T11:10:11.0000000,2017-06-06T00:00:00.0000000,0,29.99,17.60,47.59,47.59
c57a1614ff14e7e6009f15b0d36d67da,604cdd5917fc17427bdb04712335927a,delivered,2018-08-05T14:47:24.0000000,2018-08-09T21:52:31.0000000,2018-08-22T00:00:00.0000000,0,66.99,9.16,76.15,76.15
7edf656fde82d2902cc1a19596cdf422,116a19a0ae346ac667f771936ff445bb,delivered,2018-03-20T15:36:44.0000000,2018-04-23T16:48:49.0000000,2018-04-20T00:00:00.0000000,1,78.90,22.15,101.05,101.05
6e57e23ecac1ae881286657694444267,2dda54e25d0984e12705c84d4030e6e0,delivered,2018-08-09T17:36:47.0000000,2018-08-17T16:45:45.0000000,2018-09-06T00:00:00.0000000,0,330.00,20.41,333.91,350.41
b8bf848cf366061f0e9555337da2a9d6,56b819ca6360d77781801ec530b47783,delivered,2017-08-22T13:04:49.0000000,2017-09-04T19:06:53.0000000,2017-09-14T00:00:00.0000000,0,39.90,15.10,55.00,55.00
9ec69e593c93e73dea5c433c653e8d46,461ef2a952bc2e913cf440163e85a4de,delivered,2018-03-20T13:03:41.0000000,2018-04-06T22:31:06.0000000,2018-04-11T00:00:00.0000000,0,109.90,23.35,133.25,133.25
f03bbe221b9e5bae09eccab6a0c4120e,5117c4b5e5b786a6f513005ee3bd9f18,delivered,2017-11-03T11:24:36.0000000,2017-11-20T17:35:54.0000000,2017-11-30T00:00:00.0000000,0,108.00,18.33,126.33,126.33
dfa3653e86520b99a8a2dceed4362a7c,0326dd6a607188065ee1d69c0390395d,delivered,2017-06-18T22:03:52.0000000,2017-07-03T16:03:30.0000000,2017-07-21T00:00:00.0000000,0,45.80,23.70,69.50,69.50
a6ae47718cbf5663cae29d4ed03ba272,28bdf307ebed2aa57b5c83c7fb080fd1,delivered,2018-08-05T18:13:11.0000000,2018-08-10T21:58:32.0000000,2018-08-13T00:00:00.0000000,0,78.90,9.30,88.20,88.20
934daa3b33591884346152a2c7f15ce5,ccc2a5577a251f98fb39d90e7fca0c78,delivered,2018-05-17T20:04:34.0000000,2018-05-22T19:12:18.0000000,2018-05-28T00:00:00.0000000,0,289.90,10.32,300.22,300.22
1f079793c7cf0447834c7f3fff027802,f92cd4dab2ff641c55fe00ae3f3ddbd5,delivered,2018-08-01T14:42:31.0000000,2018-08-07T23:51:32.0000000,2018-08-08T00:00:00.0000000,0,35.00,9.00,44.00,44.00
d02a27af33a8164ec42eeddf27c5ad59,a0227ec32ff282dc027d2afd5982ba5a,delivered,2017-03-22T09:57:27.0000000,2017-03-29T16:17:51.0000000,2017-04-12T00:00:00.0000000,0,109.99,17.51,127.50,127.50
d8e0ad323eb1f4ae7725beb34e2aff1f,dbe0f00a51158c7c60c7de899c9562d9,delivered,2017-11-24T21:45:13.0000000,2017-12-02T14:07:11.0000000,2017-12-08T00:00:00.0000000,0,16.99,7.78,24.77,24.77
610d998ea61935583bd897dd101d0e1d,4c6646f19dfcb0bc05ebccf4ddeb745c,delivered,2017-07-24T19:36:14.0000000,2017-08-03T18:09:58.0000000,2017-08-22T00:00:00.0000000,0,59.90,25.26,85.16,85.16
dff6ed771cf60abd35926e39beb502ef,c01443cc3dd815804225dacaded87050,delivered,2017-05-06T15:20:06.0000000,2017-05-16T09:03:44.0000000,2017-05-31T00:00:00.0000000,0,126.00,18.13,144.13,144.13
b13efaac3f8cb7730ba737059abc614b,f48c503766cc6385fe6947e623c20b65,delivered,2017-10-26T11:22:23.0000000,2017-11-08T22:04:00.0000000,2017-11-23T00:00:00.0000000,0,37.25,70.50,107.75,107.75
06450a9849cb4a8c2f3bbeba9995b64f,6668dac2eb65c90a4b5662e8d5a38514,delivered,2018-01-19T20:26:21.0000000,2018-01-26T15:08:01.0000000,2018-03-01T00:00:00.0000000,0,289.00,46.48,335.48,335.48
7dc27189eb855013011423a5dcac71c3,848a418025af5ffbbadfdedd85081da7,delivered,2018-04-15T18:55:17.0000000,2018-04-17T19:04:33.0000000,2018-04-27T00:00:00.0000000,0,59.80,15.42,75.22,75.22
ca186afb25218627f21f78bcb9a5ea08,7180be94124d3a8df635fa390531a16a,delivered,2018-08-21T17:10:10.0000000,2018-08-27T19:07:22.0000000,2018-09-03T00:00:00.0000000,0,104.60,15.80,120.40,120.40
767cc814433df2750747896ffc066766,2edc6f92f35d994f26752db0fd1f5727,delivered,2018-06-28T01:05:22.0000000,2018-07-09T15:18:38.0000000,2018-08-03T00:00:00.0000000,0,336.00,53.07,389.07,389.07
b198d16d5ba1cbacf02b4d54728314fa,7021912eee1bca99920c934a3d8b27c5,delivered,2018-07-28T14:57:50.0000000,2018-08-15T13:41:44.0000000,2018-08-21T00:00:00.0000000,0,319.50,46.10,365.60,365.60
a66765fe402323e56c6304674dea53ec,6a9f8b26d13f6070c2be70b834949be9,delivered,2017-09-09T11:35:10.0000000,2017-09-26T17:56:37.0000000,2017-10-03T00:00:00.0000000,0,39.90,15.79,55.69,55.69
eb95318c123e12f8213e02bd24fe4118,0c61d5a89f3c2614ad54d1db39a03186,delivered,2017-08-10T07:06:33.0000000,2017-08-25T18:59:45.0000000,2017-09-01T00:00:00.0000000,0,46.90,19.84,66.74,66.74
f351c922b3d5947bcadbeeab096796b8,259d4795add79a2b1ea46f0210db8766,delivered,2017-11-08T19:39:09.0000000,2017-11-24T14:09:02.0000000,2017-11-30T00:00:00.0000000,0,375.00,28.95,403.95,403.95
a6534e13be8fdab7ccd171198936be57,1b160c386763e9d5ef99a5afd66d61d9,delivered,2018-02-13T23:42:02.0000000,2018-02-26T19:23:24.0000000,2018-03-08T00:00:00.0000000,0,29.99,11.85,41.84,41.84
e2a4e699c1ba4cf1036be1ca8851b2f4,49c6a9bd8786031fa02ef67014dd2bc1,delivered,2018-04-07T00:49:37.0000000,2018-04-20T19:19:17.0000000,2018-05-02T00:00:00.0000000,0,164.00,14.51,178.51,178.51
fc0e0898cfd3461507bc68aea61e36d8,69cf5beafa7bea170aac033ed6ba25d2,delivered,2017-12-29T20:50:35.0000000,2018-01-05T14:44:44.0000000,2018-01-18T00:00:00.0000000,0,89.90,16.35,106.25,106.25
17369d934e18e1cb2481bc11a9dcce78,9fdf053062b1f535917981029e490fa8,delivered,2018-02-23T23:33:40.0000000,2018-03-14T19:51:52.0000000,2018-03-26T00:00:00.0000000,0,39.90,16.60,56.50,56.50
aa5bea3edb5908e4063ffee094543547,135cff02649bf8b25bb2ca8b46bd80c3,delivered,2018-02-03T10:17:33.0000000,2018-02-28T21:33:57.0000000,2018-03-06T00:00:00.0000000,0,53.99,16.14,70.13,70.13
31b9cf3309387ffd343b19690e6985a0,b6b8e122cb92d8153a97eecba602db4d,delivered,2017-07-14T20:57:25.0000000,2017-07-19T19:34:50.0000000,2017-08-03T00:00:00.0000000,0,187.00,12.81,199.81,199.81
43df363e546c5d4be691fee79394213d,5687096b10ffbfce09ee6a5fc3ebefd1,delivered,2017-12-21T13:57:09.0000000,2017-12-26T19:09:41.0000000,2018-01-10T00:00:00.0000000,0,19.99,7.78,27.77,27.77
cfcdaec7ddcaf0a8ff1ef398575d9917,5f4b2469ef500958180a1e9bd6edd1fc,delivered,2018-01-06T17:38:10.0000000,2018-01-11T20:22:16.0000000,2018-01-31T00:00:00.0000000,0,142.54,23.69,166.23,166.23
649119592692c2ce73021844e7892aa6,a2aeb9a5650ba6f97ebd3335cb0dd610,delivered,2017-06-27T12:00:27.0000000,2017-07-10T20:49:35.0000000,2017-07-25T00:00:00.0000000,0,139.80,33.48,173.28,173.28
f7a4be4d6edb66bd0e62e91e1bbc9061,30df93bd0e2874646d39d37dec1764d5,delivered,2017-01-17T10:49:05.0000000,2017-01-30T13:28:43.0000000,2017-03-01T00:00:00.0000000,0,49.90,17.09,66.99,66.99
ee6f7abb8cf6ea119dbd09f8cf6acbfe,2c87fa5de571fe098ce699a0b93da7dd,delivered,2018-06-16T16:39:47.0000000,2018-06-21T16:09:44.0000000,2018-07-26T00:00:00.0000000,0,48.90,33.53,82.43,82.43
17c7247e36a481d564a5ec8c28861709,89aa7d6c004419805cfefc8ed2e01c1a,delivered,2017-07-21T10:09:02.0000000,2017-07-29T11:11:26.0000000,2017-08-03T00:00:00.0000000,0,39.90,7.78,47.68,47.68
922d589aa475c4bc7935c3b9d97e6dae,08d5cabc983964257832805dc6f0e74e,delivered,2017-10-22T16:53:20.0000000,2017-10-24T20:17:46.0000000,2017-11-03T00:00:00.0000000,0,119.99,15.59,135.58,135.58
ab19eec70d9d0fa0b30f290905c806e5,d19766c98ec819e36dc3d8db0491f72f,delivered,2017-08-27T02:41:09.0000000,2017-08-29T18:57:42.0000000,2017-09-08T00:00:00.0000000,0,19.90,8.27,28.17,28.17
10ef04a6021b2bac686ed668485c8c80,82b03a0031f872239665983241c52179,delivered,2018-01-25T13:21:56.0000000,2018-03-16T00:18:37.0000000,2018-03-09T00:00:00.0000000,1,192.99,56.63,249.62,249.62
20be6d24b0a84a4e329e5973d524f20f,eb7276a4ee7dd4449adcde6da478121a,delivered,2017-08-01T23:35:06.0000000,2017-08-15T16:07:08.0000000,2017-09-08T00:00:00.0000000,0,39.98,68.30,108.28,108.28
0e2f2a11ed7233e538469471930a7ed7,a7dbd3fd213f08708b18e3b2667e14de,delivered,2018-05-29T09:13:48.0000000,2018-06-11T14:53:02.0000000,2018-07-16T00:00:00.0000000,0,34.90,22.93,57.83,57.83
2f50a3b610253bede0da1b660bf560b9,e4d57ae0cd29436ff661934056bca9f4,delivered,2018-06-29T09:59:10.0000000,2018-07-07T12:12:15.0000000,2018-07-27T00:00:00.0000000,0,101.40,57.19,158.59,158.59
844f01e04cbbf8ba9a2ada9f036eb8d2,85edc80a16b4badbc1e58061b6ba26e3,delivered,2018-02-06T20:37:41.0000000,2018-02-20T17:05:35.0000000,2018-03-07T00:00:00.0000000,0,25.90,16.79,42.69,42.69
8eee4e1e428f76520ca03af043ace939,a71f52e216620305e7028f51100b69a8,delivered,2017-07-01T16:25:53.0000000,2017-07-11T13:06:46.0000000,2017-07-25T00:00:00.0000000,0,129.99,18.16,148.15,148.15
7000a7e12f1bd709320d5ba33e246930,f2e25f6f5b6b91207fae80a1c29d1a2d,delivered,2017-12-25T22:56:51.0000000,2018-01-13T10:37:08.0000000,2018-01-16T00:00:00.0000000,0,150.00,26.16,176.16,176.16
dc0d27ec49c399d19c810f94cd9d322c,636fd957f57d4c30891ea36b788d1a98,delivered,2017-10-18T20:24:45.0000000,2017-10-27T15:27:56.0000000,2017-11-06T00:00:00.0000000,0,146.99,35.19,182.18,182.18
8d4c637f1accf7a88a4555f02741e606,b1dd715db389a2077f43174e7a675d07,canceled,2018-08-29T16:27:49.0000000,,2018-09-13T00:00:00.0000000,0,,,66.44,
70bd1eb0a425533fa100afb2a4f26a98,e37922fce09b0c4a557f9aeb21b59466,delivered,2018-07-28T13:13:08.0000000,2018-08-08T16:52:42.0000000,2018-08-22T00:00:00.0000000,0,59.90,23.22,83.12,83.12
a48804f66ce775aaca8c304521669e80,4d77375c6dcb70bcc7e85e9745a7f61a,delivered,2017-11-13T11:06:57.0000000,2017-11-21T17:27:04.0000000,2017-12-06T00:00:00.0000000,0,24.99,21.15,46.14,46.14
b025ae09d0783f8194ec38b10c65acbd,0634a391a7b3989dda9196f26e6b2242,delivered,2017-09-01T10:50:42.0000000,2017-09-11T18:37:38.0000000,2017-09-20T00:00:00.0000000,0,23.80,12.48,36.28,36.28
9bafbb16dccffbb09e9d88acb1a932f4,5c819da02aa0a65eca9a8086a00a9885,delivered,2017-11-17T13:10:42.0000000,2017-11-22T20:59:32.0000000,2017-11-30T00:00:00.0000000,0,194.00,15.94,209.94,209.94
7a067b571c19eb71f647423ceba78fbe,d2e69592f6a7899fa93310dea8f31096,delivered,2018-05-17T10:31:55.0000000,2018-05-22T20:07:29.0000000,2018-05-25T00:00:00.0000000,0,209.70,37.29,246.99,246.99
f8ac1de7953f257102599bdaad640722,e29b173e2f8fdd7546b5d3cca8385032,delivered,2018-01-28T19:45:40.0000000,2018-02-01T16:58:42.0000000,2018-02-20T00:00:00.0000000,0,269.00,17.59,286.59,286.59
816d7f5c23756d3a5757a2b8364424c7,ee6ffacff5681f9665b19d91214345ad,delivered,2018-08-10T12:43:39.0000000,2018-08-19T19:21:58.0000000,2018-08-22T00:00:00.0000000,0,37.00,15.36,52.36,52.36
a88803b061dbc43656aa2d377b834e4a,9ea5e80f52a670b0bccb10c1a4ce2463,delivered,2018-04-10T17:25:19.0000000,2018-05-02T16:15:03.0000000,2018-05-08T00:00:00.0000000,0,19.90,20.52,40.42,40.42
d65ef0f73f00ef3755af2d8ef6138ba5,754580db05fdc599ca4532c09a328da2,delivered,2018-04-23T08:58:06.0000000,2018-05-03T20:48:32.0000000,2018-05-15T00:00:00.0000000,0,51.45,22.94,74.39,74.39
d13130a0433949ba242b2f0632fd49a2,df85b96ba2ce3e49bde101b1614f52ac,delivered,2017-11-26T11:43:57.0000000,2017-12-07T23:17:20.0000000,2017-12-20T00:00:00.0000000,0,153.00,18.32,171.32,171.32
7158229b50001f9cbebbab387c50992e,d5fce16631bd2ca01664a112560b505f,delivered,2017-06-11T21:57:20.0000000,2017-06-23T12:34:33.0000000,2017-07-05T00:00:00.0000000,0,529.99,18.46,548.45,548.45
7723b5b9aece2fe48715a349e72ce1df,b5205e335aca81bc3bea7fef91500e1f,delivered,2018-02-26T19:28:01.0000000,2018-04-03T18:07:56.0000000,2018-04-04T00:00:00.0000000,0,59.99,15.18,75.17,75.17
305bdb8167732cc44914e064834f8e1c,9e08d3d12c8694671a52867c2b9bb224,delivered,2018-07-06T18:21:45.0000000,2018-07-12T23:22:02.0000000,2018-07-30T00:00:00.0000000,0,99.90,19.89,119.79,119.79
1eeaec28c1a699b3b423fba26109e197,e6f7cbd1504efea2bf999b2fa1cb8679,delivered,2018-03-06T09:30:25.0000000,2018-04-03T22:08:44.0000000,2018-04-17T00:00:00.0000000,0,122.99,27.92,150.91,150.91
63e0b9d618055898fd3f289f91fe7009,9d4af9f8d10634a350e55c44f566914c,delivered,2018-02-25T18:14:08.0000000,2018-03-19T15:38:41.0000000,2018-03-28T00:00:00.0000000,0,31.90,14.10,46.00,46.00
c14d11b92dcd430bb0e414bff63825b0,c4073e465adf088386a637bf76ff1bdf,delivered,2018-04-03T17:06:59.0000000,2018-04-09T17:06:33.0000000,2018-04-19T00:00:00.0000000,0,129.90,9.26,139.16,139.16
03a54d3b0f15ac01bad656997420d3bb,574478d054c2bae93a3c66c8a32f4fd5,delivered,2018-05-28T19:15:19.0000000,2018-06-06T19:14:48.0000000,2018-06-26T00:00:00.0000000,0,65.00,16.42,81.42,81.42
26aee8d6346575cec08b4981acf7cfc3,f99d3670012af522d07daaaec39a2ad2,delivered,2018-08-20T00:11:37.0000000,2018-08-23T18:18:26.0000000,2018-08-24T00:00:00.0000000,0,84.00,18.84,102.84,102.84
a9750e3434088f124fafaf2cb0109fc9,cc9f647f3dcb74c71969df6747554818,delivered,2017-11-06T18:34:03.0000000,2017-11-09T22:12:12.0000000,2017-11-17T00:00:00.0000000,0,45.04,7.94,52.98,52.98
7ad99dd647ac730449ac7193ca005527,6dfe3ddd436ac19e55962c1e03189bc4,delivered,2018-03-15T22:13:17.0000000,2018-04-02T21:28:30.0000000,2018-04-04T00:00:00.0000000,0,45.99,15.23,61.22,61.22
684e1a86f45edfeeec53b6e903bcf15c,025d5d5b392ca0924d3f47a286fe474f,delivered,2017-07-02T13:51:10.0000000,2017-07-17T17:31:55.0000000,2017-07-25T00:00:00.0000000,0,299.00,22.58,321.58,321.58
b77ffad8b6c7bb5dedfb6a61f8e7cf57,90e5ceff72c2844348d875011815f1de,delivered,2018-01-09T23:49:14.0000000,2018-02-08T12:51:47.0000000,2018-02-09T00:00:00.0000000,0,138.00,51.02,189.02,189.02
eaef7f919169425e4108197b3bad8065,58d2f3b85809a877b7a268be30871cc3,delivered,2018-04-28T11:33:59.0000000,2018-05-11T13:56:59.0000000,2018-05-23T00:00:00.0000000,0,116.90,13.26,130.16,130.16
e804510d7bf65ec23803813f9bc9dc15,847bf1bfd5767bd38113d9324e29b59a,delivered,2018-08-09T14:34:56.0000000,2018-08-17T20:18:27.0000000,2018-08-21T00:00:00.0000000,0,49.99,19.54,69.53,69.53
8d44f932616a400f89f21d5449de1daf,e89af4478b4eee04c3603cf7d16d486a,delivered,2017-05-14T12:36:54.0000000,2017-05-24T17:09:47.0000000,2017-06-12T00:00:00.0000000,0,133.90,25.49,159.39,159.39
48152543286e71de6452df5ae4bd069c,a5c00cbccb8ff7ec3bb8715188412b83,delivered,2018-06-18T10:40:20.0000000,2018-06-20T17:52:02.0000000,2018-06-28T00:00:00.0000000,0,56.00,9.14,65.14,65.14
240191f09afa5eb7356ceaeeb8c153ca,6baa9376774172fc3ad877c08e85644e,delivered,2018-03-26T12:06:58.0000000,2018-04-09T15:28:25.0000000,2018-04-17T00:00:00.0000000,0,59.90,18.30,78.20,78.20
f0dd4c57ab7f24c4d9e52674ef3c887e,4a293f5fca6868a2c0d69e89494dafb7,delivered,2018-08-23T22:29:15.0000000,2018-08-30T18:18:32.0000000,2018-09-10T00:00:00.0000000,0,139.90,16.08,155.98,155.98
f594ab1eab2b9d5a646c989c1bc5eb3e,d0836b848a9c6d8fe285a19b028df814,delivered,2017-09-03T21:38:55.0000000,2017-09-12T21:35:51.0000000,2017-09-27T00:00:00.0000000,0,169.90,15.94,185.84,185.84
c8126206d94637a4e63af00f4181a14d,a90468e2c3a73422673411b52aaa8426,delivered,2017-05-29T22:07:05.0000000,2017-06-07T14:41:37.0000000,2017-06-29T00:00:00.0000000,0,109.90,29.17,139.07,139.07
a0ffdfae1965dbe1b949e79e80e5f289,5c1f704b7692629f2e6ab705487f17cc,delivered,2017-09-22T18:50:01.0000000,2017-10-17T23:22:13.0000000,2017-10-19T00:00:00.0000000,0,66.90,17.04,83.94,83.94
e8198fb86447455d67c1ddd0b3a068b2,25c1ced83d16f627bd5862b7f9bc6caf,delivered,2018-03-16T18:05:28.0000000,2018-03-21T18:17:35.0000000,2018-03-28T00:00:00.0000000,0,1199.00,22.39,1221.39,1221.39
793b7a8a6150d038052487e8a2af52ec,d57230d9d905c3efa3f8d07284c69167,delivered,2017-06-22T18:32:32.0000000,2017-07-07T18:03:06.0000000,2017-07-14T00:00:00.0000000,0,21.80,30.20,52.00,52.00
9977f4c374c569a4721d5261ab8694ec,e27702751ec7fac85bfdddd986cc03ce,delivered,2018-04-06T14:07:11.0000000,2018-04-13T18:37:39.0000000,2018-04-30T00:00:00.0000000,0,169.99,19.09,189.08,189.08
2ce757e7e2cf3442241e4646b3472dd0,1d90552931e70c9f5f72f05a9c210a56,delivered,2017-08-30T10:56:21.0000000,2017-09-12T21:24:54.0000000,2017-09-28T00:00:00.0000000,0,85.90,29.00,114.90,114.90
87b8f9f472fb04cdbf53fb55a3591b5f,0080e98d82eceee143dc006defe00687,delivered,2017-10-26T18:29:04.0000000,2017-11-03T16:41:47.0000000,2017-11-14T00:00:00.0000000,0,59.90,12.76,72.66,72.66
6522386fefd98cf9293642fb5dcf9342,bfe86e6e37b9485c767b72380d165412,delivered,2017-12-18T15:35:10.0000000,2017-12-29T19:37:46.0000000,2018-01-11T00:00:00.0000000,0,35.00,11.85,46.85,46.85
21838957166e38f71ea42879c0a5c3db,321e587bfd564d724fa0883998543eac,delivered,2017-09-03T21:00:23.0000000,2017-09-13T20:47:56.0000000,2017-09-21T00:00:00.0000000,0,259.90,18.53,278.43,278.43
0301ec492e902f2630234df285fa2a1b,25d1a8eaa40b155630ad44faa4b38e40,delivered,2017-08-30T16:03:26.0000000,2017-09-26T08:04:53.0000000,2017-10-03T00:00:00.0000000,0,349.90,29.30,379.20,379.20
30c55005c29694f8bb42f9d42c659aa5,4cad7c4c5d12ac22f52c16a69d0663e6,delivered,2017-11-17T13:15:32.0000000,2017-12-11T16:23:53.0000000,2017-12-11T00:00:00.0000000,1,13.70,17.63,31.33,31.33
8a7059f3a26aa6df1579a6c9ccbacc3e,ac3e946018ca22557127dcd54c9cd677,delivered,2017-09-25T21:50:22.0000000,2017-10-03T23:04:18.0000000,2017-10-20T00:00:00.0000000,0,69.00,17.73,86.73,86.73
ac8cb2fea06770a98357d5e17a82b627,edd54a65bbf38c7914583ad0ad6ecf2b,delivered,2018-08-21T06:06:38.0000000,2018-08-23T21:32:55.0000000,2018-09-10T00:00:00.0000000,0,99.00,8.85,107.85,107.85
d967b02c8e9ac87edb380250c652a6b2,b95ff7c80668f3bf98651036308739d7,delivered,2017-11-06T18:17:50.0000000,2017-11-23T19:51:33.0000000,2017-12-05T00:00:00.0000000,0,78.90,17.80,96.70,96.70
e91130c6fc7b9ad7646ba8260477bd66,063a5ea8e53ff62d2547c8af92ba02b2,delivered,2018-03-28T19:53:14.0000000,2018-04-18T20:15:45.0000000,2018-04-25T00:00:00.0000000,0,89.90,17.54,107.44,107.44
625f2a06b46e5cbf695ba96293f76721,0de81b04e35176808cda689cb88bd263,delivered,2017-03-01T17:58:28.0000000,2017-03-07T09:35:41.0000000,2017-03-21T00:00:00.0000000,0,175.99,16.23,192.22,192.22
9b85bbefeeacfebc3ff603d20511734f,7f4f07b97783e894fccff9d72e0988b3,delivered,2017-11-27T10:32:51.0000000,2017-12-07T19:48:32.0000000,2017-12-20T00:00:00.0000000,0,109.90,16.21,126.11,126.11
c7da3693b9936c359eb9d60640dbb967,dfbfddf21e93f87163d8695b85506112,delivered,2017-08-21T20:49:53.0000000,2017-08-28T19:34:13.0000000,2017-09-11T00:00:00.0000000,0,24.90,11.85,36.75,36.75
236000cc7c90d723a7db9afa31f73e72,41a7a254ad0f16ee9ba1f2ba2605d630,delivered,2018-01-23T18:36:21.0000000,2018-02-04T14:19:30.0000000,2018-02-19T00:00:00.0000000,0,119.00,18.08,137.08,137.08
2fba22888f1373d0c3686616e4caf5c8,436e9e545e5299f9e29e1f6083267aec,delivered,2018-02-03T19:00:16.0000000,2018-02-17T14:52:04.0000000,2018-03-01T00:00:00.0000000,0,89.90,13.65,103.55,103.55
ed98c37d860890f940e2acd83629fdd1,71f8cd490677ee95362201588c0eaff4,delivered,2017-12-15T12:57:19.0000000,2017-12-22T01:28:07.0000000,2018-01-05T00:00:00.0000000,0,150.00,26.16,176.16,176.16
91be088e7093d68e9e8202a7e5d85269,e2287d42212bea87fe363e728bd41e26,delivered,2018-03-27T09:08:33.0000000,2018-04-09T23:31:36.0000000,2018-04-18T00:00:00.0000000,0,88.00,26.70,114.70,114.70
4109e4ec2678abadacc06e7a540fec03,9f6a53c19c779bd59965550eb0474688,delivered,2017-08-21T14:08:52.0000000,2017-08-29T16:24:58.0000000,2017-09-15T00:00:00.0000000,0,37.90,14.08,51.98,51.98
4c9ad1ec8d135d9f6cda60ba64fdc5bf,df50aa4e5e65c1e00257ac32ad9167ed,delivered,2018-03-01T16:55:33.0000000,2018-03-26T23:50:55.0000000,2018-03-21T00:00:00.0000000,1,30.00,52.36,82.36,82.36
79a07404beb09afb0d444bbe9dca4bae,998f126b3cb8b108a8b7784019afa475,delivered,2018-08-21T18:47:23.0000000,2018-08-23T20:56:32.0000000,2018-08-27T00:00:00.0000000,0,160.00,12.14,172.14,172.14
f255802c9fa377d64b1699bcf855a608,5e3f472fbaeca6350f1d9d3072293f31,delivered,2018-01-08T19:30:02.0000000,2018-01-17T22:52:09.0000000,2018-02-01T00:00:00.0000000,0,39.90,14.10,54.00,54.00
3e2c9148e8b9cca0ec6d480ee316ecb8,461ac5f6096c83246957cad38154e252,delivered,2018-03-30T10:45:33.0000000,2018-04-06T21:06:49.0000000,2018-04-20T00:00:00.0000000,0,42.90,13.71,56.61,56.61
e8fba7de8823194ccf9c1f2d52123bee,4ed0344372e80ad60bba6b668bd61bff,delivered,2018-08-10T09:42:32.0000000,2018-08-20T18:23:23.0000000,2018-08-28T00:00:00.0000000,0,64.00,13.11,77.11,77.11
c63664068aa3636080c2cd77c53971ab,66e8039d5fddd75067de6b08e4bb22e7,delivered,2017-12-04T17:01:15.0000000,2017-12-22T20:09:32.0000000,2017-12-28T00:00:00.0000000,0,49.90,20.84,70.74,70.74
b7af6b8813fa3bb23a67f2fd8284db1e,6531d4ad5d401bc0d4fcca146cff73b1,delivered,2018-06-25T11:18:12.0000000,2018-06-28T13:16:51.0000000,2018-07-11T00:00:00.0000000,0,330.00,10.47,340.47,340.47
8104760d9724e09916d654322f583de8,a1a0692a3acbcfe9ec59eb2510936414,delivered,2017-08-09T16:19:43.0000000,2017-08-15T19:45:05.0000000,2017-08-22T00:00:00.0000000,0,65.99,11.73,77.72,77.72
2ad5a06596850e972a2074a311a1a30f,15f8bddd3b14e7c3bb4f2020a35e1f3d,delivered,2017-04-18T22:38:59.0000000,2017-05-11T09:07:31.0000000,2017-05-11T00:00:00.0000000,1,23.90,14.52,38.42,38.42
d20a22b30ef6af31ef95346ff02133ed,a283df0eddc285d223a925e3ec1a0067,delivered,2018-02-08T11:37:22.0000000,2018-02-22T16:46:56.0000000,2018-03-12T00:00:00.0000000,0,24.99,14.10,39.09,39.09
d0b7e2eb7a74f928072f23a62f4e4f58,335e8d4375004a6065aa3c1d2190995d,delivered,2017-09-21T22:15:27.0000000,2017-09-26T22:53:42.0000000,2017-10-06T00:00:00.0000000,0,55.00,7.78,62.78,62.78
4f248cce45f86c074a86cbf117d2b1b5,78b62d86956ff92fb90758963d061c6b,delivered,2018-06-17T20:16:55.0000000,2018-06-21T16:32:17.0000000,2018-07-26T00:00:00.0000000,0,79.90,14.72,94.62,94.62
e93fceb3b0a859a71554881b5b9b5a86,8f11b4d19fddeb5a195b9795fe132fc2,delivered,2018-07-27T10:44:02.0000000,2018-08-08T12:58:50.0000000,2018-08-22T00:00:00.0000000,0,49.90,18.45,68.35,68.35
8f3c9dee0b510175b90cce425174b78e,581588a30afa8dd7bf1179f15ef2e94e,delivered,2017-03-31T23:02:01.0000000,2017-05-10T13:42:59.0000000,2017-05-04T00:00:00.0000000,1,48.00,20.80,68.80,68.80
932c319ee28911384cce008c02f0b448,f0ae81a403ac013c63bbea4035de8083,delivered,2018-08-11T16:52:23.0000000,2018-08-27T15:24:41.0000000,2018-09-13T00:00:00.0000000,0,29.99,50.93,80.92,80.92
ad2cd0c1191ac47da3a52b1bf112b391,646c33ea702a830b5017485c833d2971,delivered,2018-07-04T10:53:59.0000000,2018-07-11T15:41:34.0000000,2018-07-17T00:00:00.0000000,0,23.98,7.91,31.89,31.89
c32dd42a4b8a42c008777be9de862c10,80bcfb6131f4a90aaa0e1a230d747b33,delivered,2017-03-31T02:48:23.0000000,2017-04-13T14:25:52.0000000,2017-04-27T00:00:00.0000000,0,26.99,15.65,42.64,42.64
1fc4c658ba7a1f8edf3492ce534944ee,5299b9f29f522644081a8249407ede3c,delivered,2017-08-28T10:29:48.0000000,2017-09-06T23:04:18.0000000,2017-09-15T00:00:00.0000000,0,60.00,16.18,76.18,76.18
ebf6d4734dafb7b6c2c67b98db1b90c4,ad5303ccc4b7f49cbe9767f6a88515d7,delivered,2018-03-16T10:58:09.0000000,2018-04-14T12:03:14.0000000,2018-04-09T00:00:00.0000000,1,89.90,18.56,108.46,108.46
a3d1ef2562cf71542edfed06c1a7b6c8,5f825bf617f8288a4cb4f50c3c179794,shipped,2017-01-21T11:43:35.0000000,,2017-03-08T00:00:00.0000000,0,89.90,25.37,115.27,115.27
8b57d8238179a3fe33158f6f4daf959f,424666b500924dcee2fafee945732103,delivered,2018-02-13T19:20:07.0000000,2018-03-17T18:38:43.0000000,2018-03-07T00:00:00.0000000,1,49.90,17.60,67.50,67.50
cf4ca07fc7743be3281b694f321007bb,d45911b08f65d94b147768c0f369ba84,delivered,2018-07-18T11:55:47.0000000,2018-07-30T19:43:35.0000000,2018-08-06T00:00:00.0000000,0,115.00,67.40,182.40,182.40
4e49c4d84e4e416dfa56e61889b7113d,08c79ba38eb563126e213a0a764eb7a4,delivered,2018-03-23T16:19:04.0000000,2018-03-29T17:09:09.0000000,2018-04-12T00:00:00.0000000,0,44.99,12.79,57.78,57.78
4f392bdcc6b33f1b56ae0fd844343bbb,d12dfe84678bf6a057d218e2ee623154,delivered,2017-05-12T22:50:56.0000000,2017-05-17T12:08:39.0000000,2017-06-05T00:00:00.0000000,0,79.90,13.58,93.48,93.48
8f32ee82ea0fe678bd4aae681f1637cc,468c4f2750adc583cfca2f7223d7ebff,delivered,2017-06-25T16:16:00.0000000,2017-06-28T16:16:52.0000000,2017-07-07T00:00:00.0000000,0,229.99,14.16,244.15,244.15
3e8beb10c7fe2966555446e8575a88b7,a32e9f128bf594a9f10ca06f147b4719,delivered,2018-08-03T22:16:26.0000000,2018-08-08T17:18:38.0000000,2018-08-13T00:00:00.0000000,0,50.75,7.62,58.37,58.37
bae5466ca9c393da0e97709654923fdd,b806115ed21f16a50c4f3a28947aeadb,delivered,2017-09-05T15:20:35.0000000,2017-09-12T14:40:03.0000000,2017-09-25T00:00:00.0000000,0,490.00,54.18,544.18,544.18
db7f34935c2b818933171e61c031695c,e04f1a56c179e5072f239aa83ee0b5c7,delivered,2017-06-09T13:14:12.0000000,2017-06-19T13:55:47.0000000,2017-07-11T00:00:00.0000000,0,15.99,14.10,30.09,30.09
3d6031aba8562253267cc241b6113b98,7a33b68891edd3370f13fc2adbb312ac,delivered,2017-04-19T22:15:27.0000000,2017-05-15T09:45:43.0000000,2017-05-09T00:00:00.0000000,1,151.74,10.05,161.79,161.79
306151d434933050d958f0db23e970a7,54dd42fc9598bd2f29c6860c16fce38b,delivered,2018-01-22T18:25:04.0000000,2018-01-30T14:09:33.0000000,2018-02-06T00:00:00.0000000,0,20.30,8.11,28.41,28.41
9044b4ff307597019884db48921c1e7e,8c4751bbb5aacd9f0d694e8c622faacc,delivered,2018-03-08T16:07:39.0000000,2018-04-12T23:32:33.0000000,2018-05-04T00:00:00.0000000,0,104.90,29.99,134.89,134.89
be5b278e38c06fb98c18c6ed0554b754,039c5d6f330c73420f1658e63f67f0ff,delivered,2018-08-02T12:06:27.0000000,2018-08-08T16:32:55.0000000,2018-08-08T00:00:00.0000000,1,22.35,7.42,29.77,29.77
7226faa7c52097729fa37ede3e8a625b,f9c5e7c93778d6fdb505bd69aae820b2,delivered,2017-07-14T22:18:39.0000000,2017-07-26T20:24:20.0000000,2017-08-03T00:00:00.0000000,0,389.90,69.60,459.50,459.50
523d7597c0c82db94fd16b4213e2f0ab,9ac238d7ed8b3694e58e35b1ed82e8b4,delivered,2017-02-20T13:51:20.0000000,2017-04-06T14:05:29.0000000,2017-03-21T00:00:00.0000000,1,15.90,14.52,30.42,30.42
5504eaa5a86eb25fa666cf2e6b96c701,a30be38e1ed0ffb39b318bf1d15e98d9,invoiced,2017-11-29T08:33:06.0000000,,2017-12-20T00:00:00.0000000,0,117.00,14.57,131.57,131.57
2860d23a9117630b980b55b7705a38e3,c6fb5870c31ffb62f86cc2b9a8f09921,delivered,2017-11-02T11:01:12.0000000,2017-11-08T19:12:07.0000000,2017-11-29T00:00:00.0000000,0,37.98,15.10,53.08,53.08
9cd88e173978b7414b46e60ddc882ae2,7461f9bc414c8346a6ba180b1fbe3580,delivered,2017-08-27T14:17:28.0000000,2017-09-05T19:42:14.0000000,2017-09-26T00:00:00.0000000,0,119.80,35.34,155.14,155.14
7902ef4dbb5973b8426b4c66f2488d3d,ab2ad178fdd3930c37f3e12ea2a3495c,delivered,2017-12-02T23:23:26.0000000,2017-12-07T22:18:23.0000000,2017-12-27T00:00:00.0000000,0,200.00,14.42,214.42,214.42
7afca88a125dd0c2b912bbf82c0496a4,0030aded3a67b29946a128ee8468388e,delivered,2017-11-23T21:18:14.0000000,2017-12-06T16:09:49.0000000,2017-12-21T00:00:00.0000000,0,45.90,12.69,58.59,58.59
4c5ad8021308604b11f7badf742189dc,30263a0dd35e8aa7df79414030756e15,delivered,2017-10-26T14:21:25.0000000,2017-11-13T19:07:35.0000000,2017-11-28T00:00:00.0000000,0,8.50,17.63,26.13,26.13
1cb44c843df038496648b84a904aafa6,ec3f8a3193f7b0ab486687b5dc5a7f50,delivered,2017-09-24T20:25:49.0000000,2017-10-05T21:42:49.0000000,2017-10-19T00:00:00.0000000,0,59.90,15.18,75.08,75.08
a4bc1677b3d60b00fa7992831697d94f,c5c7f43ef235a5954eca2f6d585e75e6,delivered,2017-10-19T12:31:00.0000000,2017-10-23T15:28:21.0000000,2017-10-31T00:00:00.0000000,0,129.99,12.11,142.10,142.10
d86120cf943d0b5402307848d5bab386,0928439662f8929fd00483ceef12c25a,delivered,2018-04-11T23:03:54.0000000,2018-04-18T22:08:24.0000000,2018-04-30T00:00:00.0000000,0,59.90,15.30,75.20,75.20
27e2a7e5ef6ee74e734f296c3a0e33f8,e78e95c694dc4c2aae6e6975bb58bd48,delivered,2017-03-06T19:45:34.0000000,2017-03-13T16:58:04.0000000,2017-03-30T00:00:00.0000000,0,13.99,10.96,24.95,24.95
4ea3508e2de6e58640c0efe3ef758829,75776b1f1b023dd82d5fafe940616c1e,processing,2017-05-21T23:42:14.0000000,,2017-06-21T00:00:00.0000000,0,65.00,15.89,80.89,80.89
14e29f83cf6fcd5fcca40380a248eea1,d1d326edcb5fc3e9aadd6e86b7a57910,delivered,2018-02-13T11:28:54.0000000,2018-02-18T12:45:08.0000000,2018-03-01T00:00:00.0000000,0,59.90,13.08,72.98,72.98
6dc866fe5592428e07b710b6dd22a920,9f1595b82c93e652dd8ffd5cc4051362,delivered,2018-07-21T15:36:20.0000000,2018-07-30T21:09:06.0000000,2018-08-23T00:00:00.0000000,0,119.99,39.11,159.10,159.10
086f617d66181efa193629791e0a9076,bd9f453692541458b7e80c8ec16bc167,delivered,2018-08-10T12:48:28.0000000,2018-08-21T16:39:05.0000000,2018-08-31T00:00:00.0000000,0,92.90,18.75,111.65,111.65
029e3b4c8e64bea4ba22e456cd1930a3,95ec188041551055bfa8abedc15c9218,delivered,2017-08-10T21:05:20.0000000,2017-08-24T19:05:08.0000000,2017-09-05T00:00:00.0000000,0,69.90,17.74,87.64,87.64
e821c71ba6efed0813bbc0a01a95f24d,e92f244376eed380877c6aab4cc5b0e0,delivered,2017-12-14T21:05:56.0000000,2018-01-08T16:11:15.0000000,2018-01-18T00:00:00.0000000,0,107.63,18.00,125.63,125.63
a5fc3fd8cb616492cc41918cb96a5fe2,75fd3a6a9f3b2fc37cd7d26426b19bc3,delivered,2018-03-29T17:48:50.0000000,2018-04-06T21:48:30.0000000,2018-04-20T00:00:00.0000000,0,49.95,12.79,62.74,62.74
93d2d7b578c9b8a9de1d72b7507bba6e,a0d3e4c74c41e64fc0e34a1805a0f820,delivered,2017-06-27T19:49:20.0000000,2017-07-04T17:49:33.0000000,2017-07-19T00:00:00.0000000,0,119.49,15.59,135.08,135.08
dec0f6569996808803b3a8130c35a997,ca63450c1abcdd0a6124ce2dd7b64d2a,delivered,2018-01-24T22:03:25.0000000,2018-02-09T18:13:06.0000000,2018-02-19T00:00:00.0000000,0,53.99,11.88,65.87,65.87
d905ea9eb4e5000a35cbee306bce1935,8bceb21c15bad608c6606d297ee46d8c,delivered,2018-06-19T18:05:41.0000000,2018-06-25T15:49:42.0000000,2018-07-04T00:00:00.0000000,0,634.40,15.46,649.86,649.86
8ae61eab795bd8831fe171750551feb1,154e666b681104319714a99a3ab71e44,delivered,2018-07-31T00:17:40.0000000,2018-08-03T16:38:46.0000000,2018-08-20T00:00:00.0000000,0,24.99,15.28,40.27,40.27
ce3a102e866be15f5e59e79a3f18e351,dae7b22c2b1be64adb1011ae65bf14db,delivered,2018-01-16T13:33:04.0000000,2018-01-19T14:52:48.0000000,2018-01-31T00:00:00.0000000,0,89.90,12.58,102.48,102.48
8c9bf4b39dc933aa382d9a6e5b846b9d,2f6a7c83c088882e1cb34f7bb41a30f2,delivered,2017-04-30T12:13:24.0000000,2017-05-30T15:32:54.0000000,2017-06-02T00:00:00.0000000,0,55.50,22.32,77.82,77.82
344c86e9cc82d497519e09dc351d28ff,d5b301a2087b017c4a9ca9730a2b18cf,delivered,2017-11-12T11:43:17.0000000,2017-11-30T21:16:03.0000000,2017-11-27T00:00:00.0000000,1,89.90,11.83,101.73,101.73
e55981b5cea8072097093592652571ca,728360ac750d7ab3031c6c0e377eab22,delivered,2017-11-18T20:19:18.0000000,2017-11-27T20:15:53.0000000,2017-12-14T00:00:00.0000000,0,349.90,18.70,368.60,368.60
b170f1243a620b65504157b83f69a2e0,733cfaeaccfd9dac7b089a7bdaf2176b,delivered,2018-04-28T08:58:33.0000000,2018-05-08T20:49:37.0000000,2018-05-17T00:00:00.0000000,0,59.58,20.57,80.15,80.15
24791bba1a08147c3b660bb80d0de8d3,40c2d7b6a7c12eac3403a30fce65d3d8,delivered,2017-06-24T11:57:01.0000000,2017-07-25T19:25:03.0000000,2017-07-24T00:00:00.0000000,1,17.00,15.10,32.10,32.10
f54752d5e157d03feb75bb1320f30ac2,68d03ff74911622915ef4ec24e2919a9,delivered,2018-05-17T08:31:30.0000000,2018-05-21T19:41:05.0000000,2018-06-05T00:00:00.0000000,0,29.99,8.64,38.63,38.63
5fc156541c3cea8af8784a46dbfcd183,76ebf70a559266867675fc7b0e74072d,delivered,2018-05-29T11:02:48.0000000,2018-06-12T20:15:50.0000000,2018-07-04T00:00:00.0000000,0,64.99,27.51,92.50,92.50
34b04c30d0f21489e3871bb9083582f6,24bffa8e3281713f3aeb4eb619bf0002,delivered,2017-06-14T20:22:18.0000000,2017-06-19T19:36:03.0000000,2017-06-29T00:00:00.0000000,0,214.99,15.11,230.10,230.10
911df51e0b1a60e807b0d2f29d17278d,44e0ea3bfdf99e48cf4c76bb3b134ede,delivered,2018-04-11T23:34:58.0000000,2018-04-18T18:42:28.0000000,2018-04-23T00:00:00.0000000,0,129.00,8.09,137.09,137.09
3d965a3a3a9aae822a8f40ddf0184df1,5eda0e0b4e9d11a87094681a4597f90c,delivered,2018-06-18T01:27:37.0000000,2018-06-20T19:16:47.0000000,2018-06-28T00:00:00.0000000,0,78.00,7.81,85.81,85.81
9f3458f0433d4cfa472f4682654b8d49,99ebfafde8b9e58fd12db9d5cc83132f,unavailable,2017-07-18T23:36:55.0000000,,2017-08-09T00:00:00.0000000,0,,,78.18,
2d164d0e1a9bf9183533b441ccd8796d,9530f1fe1ea5a89c949794e7e8ebe6d0,delivered,2017-06-28T20:47:14.0000000,2017-07-05T11:39:39.0000000,2017-07-20T00:00:00.0000000,0,54.16,20.87,75.03,75.03
fb6a01b94b2f20833eb7593ea1a54a8f,0f13ff76e67fcf442e4f706f353bdc7e,delivered,2018-02-17T21:28:39.0000000,2018-03-01T02:05:02.0000000,2018-03-12T00:00:00.0000000,0,389.00,16.33,405.33,405.33
995438b4ed84d7fc87366f4b2f5fec9f,4b64f923aa84a7f224260bc473819ad6,delivered,2018-02-27T13:26:15.0000000,2018-03-05T21:10:28.0000000,2018-03-19T00:00:00.0000000,0,220.00,16.30,236.30,236.30
5d5a92f1288cfea0501ef343c74591a9,b5886d8a3edaa4855c042bccd5f1a554,delivered,2018-03-09T12:18:15.0000000,2018-04-04T19:32:31.0000000,2018-03-27T00:00:00.0000000,1,65.90,13.82,79.72,79.72
f3a2f6c8a6fb28bb010f660ca61dd606,80e6d004e23e1fa0a1048f7297b458e4,delivered,2017-10-17T16:28:28.0000000,2017-10-26T21:56:28.0000000,2017-11-03T00:00:00.0000000,0,130.00,30.40,160.40,160.40
91051e0aea46cd16d99a2697b02d83d3,a57c6bea98b5c5a3ad58228dcd27913f,delivered,2018-01-04T19:22:12.0000000,2018-01-28T17:43:51.0000000,2018-02-06T00:00:00.0000000,0,129.99,21.40,151.39,151.39
ef99f25a4dd935f92a388af905f868d1,69ea23afb210ed2514e1e325383cf78e,delivered,2017-10-31T20:30:51.0000000,2017-11-13T20:34:56.0000000,2017-11-24T00:00:00.0000000,0,56.99,14.15,71.14,71.14
894edb990c70b85e810f6a5869ed3075,47e78cdd37303f49b7de27565411a599,delivered,2017-02-03T20:30:42.0000000,2017-02-20T11:43:53.0000000,2017-03-17T00:00:00.0000000,0,45.90,14.52,60.42,60.42
56dc7f1b8195b7fbdd6479f055a203bb,71e31bd9c37b8a1cacc557b87b3e50cb,delivered,2018-03-16T15:49:44.0000000,2018-03-28T16:07:47.0000000,2018-04-06T00:00:00.0000000,0,22.99,15.23,38.22,38.22
818ea45f3cef61b3f0f71a0491c1b636,10ef7cc862362919f25225bbade1e1ef,delivered,2018-08-17T19:51:19.0000000,2018-08-23T14:36:54.0000000,2018-08-22T00:00:00.0000000,1,42.93,7.56,50.49,50.49
a56f9a0588c3c7aaaa93f193bd7c7cd3,7942ca8baa666af529e54d8cf200d57b,delivered,2018-03-15T12:40:16.0000000,2018-03-26T15:04:21.0000000,2018-04-04T00:00:00.0000000,0,105.00,48.96,153.96,153.96
24ac51b02d01abde547c474a994d2aa4,772b44cd8aa7c266a3efaf363ff48410,delivered,2018-08-27T22:12:59.0000000,2018-08-30T16:38:43.0000000,2018-09-04T00:00:00.0000000,0,22.60,12.82,35.42,35.42
7a9d4c7f9b068337875b95465330f2fc,7f71ae48074c0cfec9195f88fcbfac55,canceled,2017-05-01T16:12:39.0000000,,2017-05-30T00:00:00.0000000,0,,,72.90,
bb69633a6e4fabb8484f5d1a9a033fc4,c0f02ecfffdc1aecb08f977c057e35f2,delivered,2017-10-17T09:04:12.0000000,2017-10-24T19:53:05.0000000,2017-11-09T00:00:00.0000000,0,28.90,15.10,44.00,44.00
f2295bca86e6c4a2a1c211330a5c5779,80fa64e989d6c0478aefff5df36949f4,delivered,2017-12-02T10:43:56.0000000,2018-01-18T23:05:57.0000000,2018-01-03T00:00:00.0000000,1,299.90,15.85,315.75,315.75
a992be673def807818acee325f1c5860,e1b83eef480aab9aff380f6ae34685f0,delivered,2017-10-09T16:28:52.0000000,2017-10-27T20:57:59.0000000,2017-10-31T00:00:00.0000000,0,199.90,16.16,216.06,216.06
ef4e154fd9b51d276fad7ed482b97e58,66ecae67a2a9deb541bb0de3d2c48927,delivered,2017-10-21T16:31:37.0000000,2017-11-02T17:16:14.0000000,2017-11-10T00:00:00.0000000,0,249.90,69.21,319.11,319.11
517b4b7e7f723df3693ae71473078d73,13c14842e78da8bb1e408509619f291f,delivered,2017-10-07T06:49:55.0000000,2017-10-26T17:10:10.0000000,2017-11-14T00:00:00.0000000,0,72.00,17.75,89.75,89.75
77fff204e0af2e1abdaea52727cf9d15,9c218e321cb9d2d3fedaaafabfd10623,delivered,2017-11-08T11:15:57.0000000,2017-11-30T18:25:36.0000000,2017-12-06T00:00:00.0000000,0,41.50,15.79,57.29,57.29
e4865416690d1f1fdad49bc94f871de6,8457dd875ae43c9b34240808ff8bb757,delivered,2017-11-29T12:48:56.0000000,2017-12-06T16:59:11.0000000,2017-12-13T00:00:00.0000000,0,39.90,9.74,49.64,49.64
0755fe651d86dd2feb3c6fff952d81e8,0f3e9d86fecf526bfb491387aece8e02,delivered,2018-07-19T18:01:16.0000000,2018-08-01T19:47:25.0000000,2018-08-10T00:00:00.0000000,0,129.99,19.01,149.00,149.00
cc62ea5f8c980942e1fb6b6854c6ce29,12f90e3cb1d2487514f7e277af6d4a40,delivered,2018-02-12T20:06:39.0000000,2018-03-02T01:19:22.0000000,2018-03-12T00:00:00.0000000,0,59.99,16.18,76.17,76.17
61977a093913e4c6a6756adb4d3110d9,30bc1c0507caea656fbffdcea453c250,delivered,2018-03-21T15:18:40.0000000,2018-04-09T23:36:52.0000000,2018-04-25T00:00:00.0000000,0,20.00,15.23,35.23,35.23
4a3e33350d1fd4eace1585032a97ee06,eefbdbaa5ed63f3c90230a090e292817,delivered,2018-08-05T19:32:36.0000000,2018-08-21T15:03:20.0000000,2018-09-04T00:00:00.0000000,0,106.99,15.06,122.05,122.05
fc31a63e2f4e1c8cab6b97ec8eee6f84,0fd9cf5bad82789678c4ff0fd5374ebf,delivered,2017-07-31T16:05:43.0000000,2017-08-08T18:56:23.0000000,2017-08-22T00:00:00.0000000,0,74.90,14.27,89.17,89.17
95ca5e38f67d0f792b4fa38683682a0d,58283a66f78970a1137fdea5a4faba2a,delivered,2017-08-14T16:23:54.0000000,2017-08-26T14:47:59.0000000,2017-09-06T00:00:00.0000000,0,199.99,21.89,221.88,221.88
29b9c7829acdf75929b7a74e896543b2,1e46ef7cbf5b8032047691745edf0ded,delivered,2018-01-12T16:45:36.0000000,2018-01-29T14:33:25.0000000,2018-02-06T00:00:00.0000000,0,80.00,15.31,95.31,95.31
fb3d204c4263192a9661a13797bfd63e,944ed9a986f84223da31772319fe213a,delivered,2018-05-11T16:59:46.0000000,2018-05-21T12:12:59.0000000,2018-06-11T00:00:00.0000000,0,39.99,22.85,62.84,62.84
ea88c2a0257950a370dc5a14925d3871,ec3ee99a57612737fc00398d2367be24,delivered,2018-02-26T12:47:29.0000000,2018-03-15T02:08:25.0000000,2018-03-20T00:00:00.0000000,0,18.90,15.10,34.00,34.00
421266486e0fff23de13b5302127280e,292d23bbbdae6600735dc07223918c6d,delivered,2017-11-07T08:39:21.0000000,2017-11-18T02:21:38.0000000,2017-12-04T00:00:00.0000000,0,99.90,18.27,118.17,118.17
82a35d13f3b95427d47aa11e4afde83b,422d5038574e8ef4a62100750a7bd05e,delivered,2018-01-27T21:43:20.0000000,2018-02-20T00:33:35.0000000,2018-02-22T00:00:00.0000000,0,199.90,21.89,221.79,221.79
27d38402a9bf35d21de2f99946b1c1ae,887161ac86a185362955d1b9383647ff,delivered,2017-05-06T02:54:13.0000000,2017-05-17T12:52:58.0000000,2017-05-29T00:00:00.0000000,0,16.90,10.96,27.86,27.86
0cd631e2d8ce9cf21c9ebe5b44f3a8c2,c6988d3eb60c30b1d49bb022715b9418,delivered,2017-12-09T22:00:13.0000000,2017-12-13T21:55:04.0000000,2017-12-28T00:00:00.0000000,0,69.99,8.72,78.71,78.71
65bbd0719855fe808bb19f62dfa9f42c,425ce6f29109ed3511a62cd0f92d7170,delivered,2017-08-19T18:48:58.0000000,2017-08-23T22:09:56.0000000,2017-09-13T00:00:00.0000000,0,279.99,74.65,354.64,354.64
cab041d8d606d6c9d3165da578795340,888d2ebe1af2a8c93c75dae5dfc23719,delivered,2017-05-13T13:16:20.0000000,2017-06-02T14:28:53.0000000,2017-06-19T00:00:00.0000000,0,16.90,33.24,50.14,50.14
edee5e7cf341c4b22a2cf863e94670b2,0a03d3b2becf1e6ede584a394d562c45,delivered,2017-09-16T08:25:27.0000000,2017-09-26T21:16:46.0000000,2017-10-31T00:00:00.0000000,0,999.99,79.72,1079.71,1079.71
a1f24dcf6e5fc6b0f0cd0b265381767e,15f73cd40ee94734ce2f3ebce168f1ba,delivered,2017-09-27T11:50:27.0000000,2017-10-11T19:25:26.0000000,2017-10-19T00:00:00.0000000,0,43.00,13.37,56.37,56.37
9f8d175d959554b7edef8908797f42bc,64f0489f9721747547375903b0468371,delivered,2017-11-24T10:51:42.0000000,2017-12-06T16:02:42.0000000,2017-12-19T00:00:00.0000000,0,119.80,35.34,155.14,155.14
c768b1d3a1541f992ff2a94488a364d7,a1ba2dee740fb5aba74232d9c94f810d,delivered,2017-10-03T09:08:42.0000000,2017-10-22T14:25:06.0000000,2017-10-31T00:00:00.0000000,0,39.99,17.92,57.91,57.91
aa3b1b308bb7511e14d9d74172de52fa,bb07e71b9f9329b0b12519d519610049,delivered,2017-08-02T14:40:55.0000000,2017-08-04T19:06:43.0000000,2017-08-16T00:00:00.0000000,0,69.00,7.78,76.78,76.78
aa2827fbde8f383ae9baf1184f74db87,482837d98afbef61d7c709453521a3e1,delivered,2018-01-31T09:36:56.0000000,2018-02-02T21:08:39.0000000,2018-02-16T00:00:00.0000000,0,92.80,19.08,111.88,111.88
f31e4f9ef9c06d4ec8fe2cb66c65e384,5bfcaca2b18e3c038b1f2b33a0d1801e,delivered,2017-10-01T15:17:41.0000000,2017-10-12T17:36:50.0000000,2017-10-24T00:00:00.0000000,0,119.80,26.88,146.68,146.68
ebb1c6b241437a3a506a9a9ca419cbb3,5d4363d5a615f41111dd0cd8f0969780,delivered,2017-04-14T11:42:19.0000000,2017-04-27T16:31:27.0000000,2017-05-12T00:00:00.0000000,0,99.99,17.54,117.53,117.53
fc6d2ee7c65043e4c842c367421052c6,bbce8db51b94aed05e4da1ed311bbbfc,delivered,2018-08-11T17:58:54.0000000,2018-08-15T16:45:59.0000000,2018-08-20T00:00:00.0000000,0,169.99,12.21,182.20,182.20
9b52c70d4fbddc36fa8c5e4c94c66501,91dde4c0b69b0e363efdf93a0ae8b8f9,delivered,2018-06-25T11:31:42.0000000,2018-07-11T18:27:51.0000000,2018-07-23T00:00:00.0000000,0,49.99,22.28,72.27,72.27
4c7ee4e8074ee13226ddac13d14b0989,46dd1905ee29459b23f1fa504a77c6ec,delivered,2017-02-27T23:18:11.0000000,2017-03-13T10:12:52.0000000,2017-04-05T00:00:00.0000000,0,21.20,68.36,89.56,89.56
96e5b56d000b07dd7bb1972eb42a0e79,4945390b4dfdbf013ca3e9a5f312f247,delivered,2017-09-29T21:38:55.0000000,2017-10-09T16:30:03.0000000,2017-10-23T00:00:00.0000000,0,18.50,11.85,30.35,30.35
5062a18a32fe0f9975f7a1630a0a67dd,a51513d774d1d7ae64332fec450bbac4,delivered,2018-03-24T13:13:31.0000000,2018-04-14T01:52:24.0000000,2018-04-24T00:00:00.0000000,0,15.00,50.85,65.85,65.85
375f80ffc05feb35ce2680f1fa490575,8f6e5911262a8742393596bee2c09eac,canceled,2017-06-13T21:10:05.0000000,,2017-07-06T00:00:00.0000000,0,89.90,21.12,111.02,111.02
533e104c4193cf07d264603f7800fb71,2f95fc8f86679d432d77e9d0316fac48,processing,2017-02-06T15:33:57.0000000,,2017-03-03T00:00:00.0000000,0,29.99,14.52,44.51,44.51
0c0c2969d3adf4fffa3753dcc37f135d,6dc864b913bbfbe227bd1da4d8080a2a,delivered,2018-08-15T20:02:06.0000000,2018-08-21T20:38:44.0000000,2018-08-29T00:00:00.0000000,0,26.99,18.29,45.28,45.28
e7d090145a4a427aa8353f51b00381cb,6da199107f9bca1b26fe1fdac3937f6a,delivered,2018-03-26T23:13:08.0000000,2018-04-22T12:22:13.0000000,2018-04-26T00:00:00.0000000,0,320.00,72.56,392.56,392.56
fa9832914e7afeaf41fc9fbda5ca335f,b71fef05a7e2a9b61b51d713c151cf6c,delivered,2018-02-14T20:48:53.0000000,2018-02-27T13:35:41.0000000,2018-03-06T00:00:00.0000000,0,15.80,23.70,39.50,39.50
acf579dc44e10bf23cabf01d80f9f62c,527b26bd8ea58b018efd96060cac5ccb,delivered,2018-04-05T14:18:32.0000000,2018-04-27T17:12:47.0000000,2018-05-08T00:00:00.0000000,0,120.00,39.13,159.13,159.13
82728f6b511aa8dc053ba674db6f8b24,0c54f6243242ca48102430ab0931270f,delivered,2018-08-01T21:23:20.0000000,2018-08-07T22:12:20.0000000,2018-08-16T00:00:00.0000000,0,72.00,23.30,95.30,95.30
bfaf70837e84e9ba682d246e16726e63,c9e9578f912e420d05abfdadb830cda5,delivered,2017-11-11T17:38:40.0000000,2017-12-12T02:14:37.0000000,2017-12-18T00:00:00.0000000,0,190.83,26.62,217.45,217.45
6657640ffd626be03509bc9226994b36,f01c52a4a145463aae16a5017f50f11d,delivered,2018-08-18T10:33:27.0000000,2018-08-27T16:21:27.0000000,2018-09-06T00:00:00.0000000,0,49.90,18.45,68.35,68.35
526e735eb29aafd817d59ca159eb7aab,512502e3bace7f93165fa8abdca0ef2c,delivered,2018-01-23T12:53:16.0000000,2018-02-17T15:42:22.0000000,2018-02-20T00:00:00.0000000,0,13.65,17.63,31.28,31.28
c9ae6fa5a920d90f86fd464ac7f5cde9,b727708ffce3a65ab875d65f42c59b0a,delivered,2018-02-22T15:12:28.0000000,2018-03-06T17:27:10.0000000,2018-03-22T00:00:00.0000000,0,878.00,18.28,896.28,896.28
e4aac63ea6f6b75b6d91ead05207fb43,9aa2c4bac83761140a8703ebdf9e49bd,delivered,2017-05-25T12:51:37.0000000,2017-06-02T09:44:29.0000000,2017-06-07T00:00:00.0000000,0,129.99,8.16,138.15,138.15
e3653c411aa1ac28f740e417e9a997bf,4bbe9c46bf4d0154d880396c3e027f64,delivered,2018-02-05T14:18:03.0000000,2018-02-10T15:12:35.0000000,2018-02-21T00:00:00.0000000,0,49.90,8.72,58.62,58.62
9b7f6a07a07a4c0bd19e65f861f29f6f,2acc73593b7fb475e93c5896f23d37cc,delivered,2018-06-11T22:28:26.0000000,2018-06-22T17:58:35.0000000,2018-07-12T00:00:00.0000000,0,99.06,23.49,122.55,122.55
491a23e567ce4c273419a63a41ff5876,3da647f1441ed4b18ac7a0ded0056570,delivered,2017-11-06T17:51:51.0000000,2017-11-17T01:16:39.0000000,2017-11-24T00:00:00.0000000,0,143.80,19.89,163.69,163.69
5e08f8357b3660485f47d00381feaa6f,6f3ff429d5c4b068e63ef27beeace380,delivered,2017-07-05T13:00:03.0000000,2017-07-21T18:45:03.0000000,2017-07-31T00:00:00.0000000,0,152.90,18.32,171.22,171.22
7c76185a8b81ba5e0cdcf1be2bcc1192,d542aa94bf74b333c3c605771d239920,delivered,2018-01-23T01:38:01.0000000,2018-02-05T22:24:54.0000000,2018-03-01T00:00:00.0000000,0,225.00,18.01,243.01,243.01
02671152ed141efc95384bdd230bc544,08ebd000e60012404de32cacee764799,delivered,2017-11-26T21:33:25.0000000,2017-12-12T19:33:36.0000000,2017-12-20T00:00:00.0000000,0,46.40,16.11,62.51,62.51
b354dae409f9d433bee051b7e1b4eb7d,1ccc792b6dd0c921196d290780e11754,delivered,2017-08-09T10:48:15.0000000,2017-08-17T17:52:32.0000000,2017-08-31T00:00:00.0000000,0,29.00,14.10,43.10,43.10
f8e373563d5e03306b7080b3c467f0ac,8bdba2ea966d946cc1af56abdc0b61d8,delivered,2018-03-23T16:49:08.0000000,2018-03-28T21:27:03.0000000,2018-04-05T00:00:00.0000000,0,13.65,8.29,21.94,21.94
12307610cd2009ccf90a8a4911bb14a8,ef6ea25f1bdbd8acf3ffa440a32634c6,delivered,2018-02-22T02:01:17.0000000,2018-03-17T16:21:58.0000000,2018-03-19T00:00:00.0000000,0,265.00,44.22,309.22,309.22
df2bdc45d6c56cd6dce35aea5c391f4e,37fa10edcaa7f5e69d5aa10558843ca3,delivered,2018-04-27T00:19:37.0000000,2018-05-04T18:46:31.0000000,2018-05-28T00:00:00.0000000,0,53.90,16.07,69.97,69.97
bc5b3f1a80f8e686a64138fa75c68d3d,ec1ca447b2357dc984f111bb42d901c9,delivered,2018-04-13T18:37:38.0000000,2018-04-17T23:52:47.0000000,2018-05-16T00:00:00.0000000,0,1149.65,16.34,1165.99,1165.99
9215daa2d711ae5055008f444f6688c8,8e9e8aa4d3d480bc21b3336de7eb9214,delivered,2018-01-14T19:00:30.0000000,2018-02-28T00:14:03.0000000,2018-02-09T00:00:00.0000000,1,49.90,14.10,64.00,64.00
f7c13c71907b58b590da46643fda3bbc,df60888bb018eac1edeaf5694b830029,delivered,2017-07-03T13:20:54.0000000,2017-07-22T15:29:32.0000000,2017-07-27T00:00:00.0000000,0,89.90,15.38,105.28,105.28
e7c5ccfc34c262f8f9240ade57e01ed7,0e24c20739fc582fda3306fc43683aa1,delivered,2018-08-05T12:39:54.0000000,2018-08-10T22:58:49.0000000,2018-08-16T00:00:00.0000000,0,94.99,18.77,113.76,113.76
ed60085e92e2aa3debf49159deb34da7,431bbb57d52f3141ab2f33a6a4cf00a6,delivered,2017-12-15T08:56:56.0000000,2017-12-28T18:11:00.0000000,2018-01-15T00:00:00.0000000,0,69.90,20.98,90.88,90.88
be39a554924306abfee91a4f38ac55bb,e18f0839b686423535bb862e71762cf9,delivered,2018-03-08T12:49:36.0000000,2018-03-12T22:16:31.0000000,2018-03-20T00:00:00.0000000,0,29.90,9.42,39.32,39.32
0a18d00cb652fc5698d4e3c3e01e7da0,e2bbf69f932758880f88508bea6207a4,delivered,2017-09-12T02:24:31.0000000,2017-09-14T11:53:12.0000000,2017-09-22T00:00:00.0000000,0,89.90,9.44,99.34,99.34
bc439ca267cd182244951ffe206f4feb,8ac4e65f170044d29753abf35e4d0d96,delivered,2018-07-24T15:00:17.0000000,2018-07-28T11:10:46.0000000,2018-08-21T00:00:00.0000000,0,46.95,15.43,62.38,62.38
79aa91e33030a170c2baf3c856d3bfdc,2285565c69d3cf67aff44a8a910373f7,delivered,2017-11-03T03:03:15.0000000,2017-11-17T19:46:56.0000000,2017-11-30T00:00:00.0000000,0,85.90,21.09,106.99,106.99
bed71d1aad24e424ae97151ef6cc296c,f7fd634460c772aa7c67b397c3a0e831,delivered,2017-11-15T11:07:52.0000000,2017-11-28T16:06:38.0000000,2017-12-07T00:00:00.0000000,0,133.20,27.25,160.45,160.45
9fb29dddb4a36fb5a0371b04d33a6991,3c041ed6508172bd338538fc864b8c5d,delivered,2017-12-26T15:02:43.0000000,2018-01-03T17:45:09.0000000,2018-01-19T00:00:00.0000000,0,24.99,11.85,36.84,36.84
0cee2d1291e4f4af44e64ffa455e15de,ef2e2db30b8ddcc38f5106667b554b51,delivered,2018-01-01T21:38:26.0000000,2018-01-11T15:10:54.0000000,2018-01-18T00:00:00.0000000,0,45.00,8.27,53.27,53.27
db75b87461daf92c7fdf7310f347d229,31b09f351f1304b76f05c3e4039b4699,delivered,2017-12-04T17:49:44.0000000,2017-12-18T22:14:33.0000000,2017-12-20T00:00:00.0000000,0,89.90,11.83,101.73,101.73
b98b6a399680185770871d01209d3f7a,2c4693a01b0b1bad9bc86176e9827af5,delivered,2017-12-12T22:34:44.0000000,2017-12-17T16:47:06.0000000,2018-01-05T00:00:00.0000000,0,99.98,26.74,126.72,126.72
56142b6c34c40cccb3e3ee8308a4ae76,50202490acea34225b1af5cdd25f4326,delivered,2018-01-11T21:28:50.0000000,2018-01-16T18:51:50.0000000,2018-01-30T00:00:00.0000000,0,59.90,28.90,88.80,88.80
75e7a7873f5f25594624a750188facc4,b3703265a0f993e108594dcabda32eec,delivered,2018-06-25T22:45:23.0000000,2018-07-04T17:05:00.0000000,2018-07-18T00:00:00.0000000,0,50.49,18.45,68.94,68.94
34d7c2c94f8f4d4f2153adcb60b22145,a4ffea0b19d70d9ef029a9031f114e08,delivered,2017-10-01T11:46:12.0000000,2017-10-14T13:45:47.0000000,2017-10-24T00:00:00.0000000,0,19.90,11.85,31.75,31.75
bbbc78f0d6afd4eb216b5760d0502070,a02dfdaaf5b634d7684b11d1c9626d1d,delivered,2018-06-28T22:30:08.0000000,2018-07-11T23:41:44.0000000,2018-07-23T00:00:00.0000000,0,149.00,44.84,193.84,193.84
33c2430c9d2f05d9d244895aa53b4a82,d9aa0fd51600102c2e7bdf3bf1649250,delivered,2018-05-05T16:36:29.0000000,2018-05-15T22:18:17.0000000,2018-05-24T00:00:00.0000000,0,130.00,18.79,148.79,148.79
0c33ff1cd479e404710b74a6077f6248,4b68278d4590a304f97e2943948c8d83,delivered,2017-11-26T13:10:46.0000000,2017-12-01T20:32:17.0000000,2017-12-11T00:00:00.0000000,0,19.99,7.78,27.77,27.77
a7dbcf5043158d6fa72859eead2f3d10,b4555c86f2cac80eb9a05546896ac079,delivered,2017-05-16T12:28:32.0000000,2017-05-23T11:53:40.0000000,2017-06-16T00:00:00.0000000,0,89.90,17.88,107.78,107.78
6a73304fb8e96ad11c29d29a1ca00487,6821fda389d5e73f30e53114869e783a,delivered,2017-12-27T15:07:57.0000000,2018-01-08T14:03:30.0000000,2018-01-31T00:00:00.0000000,0,29.99,15.10,45.09,45.09
c2628077fa4edd2ebee4f13e2f58368c,97f19f7deab11e0f6c9384154ea728e3,delivered,2017-08-30T16:43:44.0000000,2017-09-05T21:40:05.0000000,2017-09-25T00:00:00.0000000,0,110.00,14.52,124.52,124.52
0b192907ec8563bda5210247497aa9af,1239e518e80247840cd399727eb244a5,delivered,2017-10-24T02:04:42.0000000,2017-11-03T22:42:20.0000000,2017-11-10T00:00:00.0000000,0,55.00,11.89,66.89,66.89
55c863e656258bebf75d429db9055bec,84277fad7c65394532e950000400cb73,delivered,2017-04-10T10:00:25.0000000,2017-04-18T12:35:28.0000000,2017-05-02T00:00:00.0000000,0,259.90,44.62,304.52,304.52
24c2ea18beb03e17972ed33b519950c1,638be9d39246650868db07d10456527c,delivered,2018-05-11T09:49:31.0000000,2018-05-16T23:57:51.0000000,2018-05-25T00:00:00.0000000,0,1890.00,25.13,1915.13,1915.13
f6062f2fd7a79226266b4cdaded643ec,220d30b547b088ca7b34fef7d7a54523,delivered,2018-05-29T19:34:33.0000000,2018-06-01T12:08:29.0000000,2018-06-21T00:00:00.0000000,0,199.89,12.02,211.91,211.91
d32ec519c65a1661bb50020bda09194f,fb82c16095041173ef2fcda3f8437f40,delivered,2018-07-18T15:03:36.0000000,2018-07-20T22:36:35.0000000,2018-07-31T00:00:00.0000000,0,134.00,18.44,152.44,152.44
aa732419bf67ca56341e5067fa0bc357,07faf5d8c1d359058b9d05b3cb4d1d3d,delivered,2017-12-07T18:43:07.0000000,2017-12-14T17:22:08.0000000,2017-12-28T00:00:00.0000000,0,34.99,7.78,42.77,42.77
3fa59277573f0fe06ece044ebec2eb02,ee1fb534e64d33fcb16a1023dc721a24,delivered,2018-01-12T21:59:20.0000000,2018-01-22T18:29:14.0000000,2018-02-07T00:00:00.0000000,0,79.00,12.05,91.05,91.05
d8f57f08383291ef5fa6cb91dc1a4e02,061c2eb252b4e73472bb4f9e1169b43a,delivered,2018-02-05T08:33:27.0000000,2018-02-15T18:04:52.0000000,2018-03-06T00:00:00.0000000,0,92.00,17.89,109.89,109.89
8b13155a6866a0c319ec1748f40f277f,e9cf29627a3977b27c382a2c6f9d554b,delivered,2017-11-29T11:26:51.0000000,2017-12-11T13:19:21.0000000,2017-12-22T00:00:00.0000000,0,30.90,15.10,46.00,46.00
2ff0dab60f75a10e4f296641d88b5fb0,f60ef9aa98fcf78765a4ec910a555977,delivered,2018-02-28T16:40:24.0000000,2018-03-07T18:36:52.0000000,2018-03-20T00:00:00.0000000,0,29.90,15.11,45.01,45.01
9bd90698ab1e822ca4cb1e2a0de42fd4,88a8cf9e243fe33b9b678a31eb640f70,delivered,2018-04-27T15:58:41.0000000,2018-05-11T13:52:41.0000000,2018-06-04T00:00:00.0000000,0,99.90,0.00,99.90,99.90
7ea9168463dc969ab4c6df5cd497cec3,0ba0a7a7ab459af5b3860fa8b784ddd7,delivered,2018-05-15T06:24:03.0000000,2018-05-22T23:24:42.0000000,2018-05-30T00:00:00.0000000,0,65.90,16.37,82.27,82.27
38e56e4a15bae88b8f5115849c500e77,c6326604c234a96928cd7f255f358978,delivered,2018-05-04T16:32:18.0000000,2018-05-15T22:46:33.0000000,2018-05-28T00:00:00.0000000,0,175.00,19.11,194.11,194.11
178358411049ad27f877b8964564528a,71b3c28ced6fa14321a92998ecd717e2,delivered,2018-03-05T10:10:02.0000000,2018-03-14T21:16:53.0000000,2018-03-22T00:00:00.0000000,0,59.90,14.15,74.05,74.05
0ddd8dbe3b0d08b247e46ff98c1b5f45,61465bf7dcc3dc596693c6ae259c171c,delivered,2018-06-07T14:01:50.0000000,2018-06-13T19:18:51.0000000,2018-06-18T00:00:00.0000000,0,24.90,8.29,33.19,33.19
977e3e5b3884ce2843710ee5f5a3d12a,52bd7ca97f7ad5da8b25ddda59eb33f8,delivered,2018-08-04T20:54:31.0000000,2018-08-07T18:40:56.0000000,2018-08-13T00:00:00.0000000,0,95.80,17.00,112.80,112.80
332ca38a4294471ec2b7ebbff5275d23,3355a05f13842dd7a905ccd6240bfc4c,delivered,2017-03-27T20:01:30.0000000,2017-04-03T14:23:04.0000000,2017-04-13T00:00:00.0000000,0,29.74,10.96,40.70,40.70
bc1b81dde530e5b064a559906643fcff,9a73b65ca2a7ffae76c1b8216ebc1b53,delivered,2018-01-14T18:40:29.0000000,2018-01-25T15:47:12.0000000,2018-02-08T00:00:00.0000000,0,89.00,13.64,102.64,102.64
dd0873e10bd3c63b350df2fb55bbbfb0,4e2b70d245c3a00cc4bf8ef95d9dbadb,delivered,2017-06-06T21:40:51.0000000,2017-06-28T11:34:51.0000000,2017-07-11T00:00:00.0000000,0,11.99,25.63,37.62,37.62
aed7beed304c01b44079208c0d9c16d2,bb43ad860331b5cb19e33357a187b7b2,delivered,2017-06-05T15:51:51.0000000,2017-06-19T20:45:39.0000000,2017-06-28T00:00:00.0000000,0,167.99,16.94,184.93,184.93
8ce77357a26f31660e1450dee7900897,e5af401ed4e2cd001e38f5e998845560,delivered,2017-11-10T13:17:12.0000000,2017-11-22T19:00:50.0000000,2017-12-13T00:00:00.0000000,0,349.90,20.02,369.92,369.92
fc3e5cddf41dc7757252c2fc0a6c947b,5dab1c2427a8dbb2554e753cb415e222,delivered,2017-03-03T19:35:00.0000000,2017-03-23T12:35:00.0000000,2017-03-30T00:00:00.0000000,0,99.90,15.81,115.71,115.71
bccfadd194f448325ed18465d140440f,3442692fc38c51ba3030d78bae07950a,delivered,2017-12-13T17:00:56.0000000,2017-12-28T21:18:00.0000000,2018-01-08T00:00:00.0000000,0,99.80,13.04,112.84,112.84
e1489cb4d16876c628a2dadb8e675c9a,ac618c81651b6ff8e20a121385f27320,delivered,2018-04-22T09:34:54.0000000,2018-04-26T19:06:40.0000000,2018-05-16T00:00:00.0000000,0,159.90,27.20,187.10,187.10
b4411c4be4f9514e53fe707972f98685,ba4a2d569bc0439747d4846bb939e323,delivered,2017-12-21T22:50:13.0000000,2018-01-20T15:51:24.0000000,2018-01-18T00:00:00.0000000,1,122.00,12.35,134.35,134.35
ff8780cfb4535054cc5b56046b170cc0,f9835897d532524a6e9686847d4db4a7,delivered,2017-09-21T14:09:26.0000000,2017-10-01T14:33:15.0000000,2017-10-18T00:00:00.0000000,0,44.90,17.63,62.53,62.53
704a2164b3a242cec4c80b164021c6fe,24a828ac4a607d344c6db9cd90afd0e9,delivered,2017-12-10T19:29:20.0000000,2018-01-03T15:02:53.0000000,2018-01-16T00:00:00.0000000,0,89.00,16.06,105.06,105.06
c4e9cf40a9cece6172750e47ddc74b20,b2fa715c098e050b476d9f1744c777b9,delivered,2017-03-09T21:01:06.0000000,2017-03-24T11:05:12.0000000,2017-03-30T00:00:00.0000000,0,30.00,14.52,44.52,44.52
710f0ad82f53b85ba2348698d18c89db,2a9dd5ed2aaff2cf92f511a9beb00d6e,delivered,2017-11-21T08:54:33.0000000,2017-12-19T21:23:43.0000000,2017-12-18T00:00:00.0000000,1,109.90,18.02,127.92,127.92
053fdca16d1f69bd52f908f070a19049,f90389504400442cf00ae1b04e8280a9,delivered,2017-10-07T13:59:13.0000000,2017-10-17T22:34:18.0000000,2017-11-03T00:00:00.0000000,0,56.97,12.74,69.71,69.71
3f50f62b343cd447c0fd8af4196bdc33,d9e05844502fb02690842f8397e40b78,delivered,2018-08-15T21:17:49.0000000,2018-08-17T22:32:42.0000000,2018-08-21T00:00:00.0000000,0,55.00,8.55,63.55,63.55
4c6c2cdc8af14d43707dd3e71c1f54cc,dc0c6d3b529e7df590a6a92ce5fb8343,delivered,2017-08-12T09:51:12.0000000,2017-08-25T20:46:24.0000000,2017-09-14T00:00:00.0000000,0,44.99,15.79,60.78,60.78
e3d98850cbbdab2420e8a49cf21bf194,9c37d4ec00a84ef53bbbe5aa579b0eb8,delivered,2017-12-19T14:43:59.0000000,2017-12-28T16:25:06.0000000,2018-01-15T00:00:00.0000000,0,9.00,15.10,24.10,24.10
67503374d1fbcbe5e3a40324f703ffc8,9dec2d47e95677b616efe366f8bf9fb8,delivered,2017-11-19T15:22:02.0000000,2017-11-29T21:55:29.0000000,2017-12-07T00:00:00.0000000,0,79.00,47.26,126.26,126.26
f726cbd717234168cc573e1addd506af,cc2012f88759d6b5f92e348658b73465,delivered,2018-03-24T08:03:00.0000000,2018-04-04T01:38:34.0000000,2018-04-13T00:00:00.0000000,0,21.99,18.23,40.22,40.22
b38b3526b8b8fdc807e8a0a42ab78573,37088593a28ec66ddf32eff0b19512f2,delivered,2018-08-17T09:46:01.0000000,2018-08-25T12:58:45.0000000,2018-08-31T00:00:00.0000000,0,22.32,7.74,30.19,30.06
6bfa92d3952f762df12752e4937cd63e,6ccb997c97b0734228b454ba220ed00e,canceled,2018-04-27T21:28:24.0000000,,2018-05-10T00:00:00.0000000,0,72.50,47.81,120.31,120.31
e63244efc2759393ecb3f8a417efb78d,ada8401e3d76b9171fc5322fb47a2d55,delivered,2018-01-11T13:51:19.0000000,2018-01-23T18:43:34.0000000,2018-02-07T00:00:00.0000000,0,19.90,12.48,32.38,32.38
7c7dc1f3affc0d38b97ea22a8aeedb82,1fc29088df4d8add848a6b7304f7a9e0,delivered,2018-05-27T13:02:43.0000000,2018-06-09T14:32:23.0000000,2018-06-29T00:00:00.0000000,0,37.89,30.46,68.35,68.35
084051935208c688c8cd5fae3d15810d,e7f806cb2cffddb308ed9bfd6bf5c5fd,delivered,2017-02-24T15:46:49.0000000,2017-03-28T16:52:33.0000000,2017-03-27T00:00:00.0000000,1,44.90,17.78,62.68,62.68
9edb4a65f2f453139e9dba567889dc0e,790df320333ffa133fea78a257a556bc,delivered,2017-06-05T09:51:37.0000000,2017-06-19T20:49:51.0000000,2017-06-28T00:00:00.0000000,0,26.00,16.11,42.11,42.11
25fb291455f02d9da22d17fa3a1afd23,d99d07b571f5e15e61469e5f77e3b027,delivered,2018-08-11T20:39:16.0000000,2018-08-20T22:04:53.0000000,2018-08-29T00:00:00.0000000,0,379.99,164.93,544.92,544.92
e1a9f566dc38eac4f78556976596a43f,93dfd5dccfc590abda99d2e9f3960ea5,delivered,2018-07-01T11:21:38.0000000,2018-07-06T12:57:41.0000000,2018-07-24T00:00:00.0000000,0,34.00,13.82,47.82,47.82
21094f6fd8017c8b7339040142abea71,faee0cb7b3e2c9fd9f57ec04cb70d51a,delivered,2018-07-24T18:10:05.0000000,2018-08-03T20:17:49.0000000,2018-08-24T00:00:00.0000000,0,63.99,16.64,80.63,80.63
57caf8a4f24c13ac1f4ec44f39a18a44,b29b05b6f122cb50187f3e22ef06858a,delivered,2017-08-17T17:50:47.0000000,2017-08-23T15:28:05.0000000,2017-09-11T00:00:00.0000000,0,9.00,15.10,24.10,24.10
a5002a450fa93774a5c3f26f67889bf9,e8421b7126d1f630d22da5cd66093b59,delivered,2017-07-10T09:03:58.0000000,2017-07-18T13:04:24.0000000,2017-07-28T00:00:00.0000000,0,65.99,11.96,77.95,77.95
86a864127a2656c4b4b742ae4a67bc1e,c083885b437889d9282d636eabaaabb8,delivered,2018-05-31T16:14:26.0000000,2018-06-07T22:41:59.0000000,2018-07-11T00:00:00.0000000,0,114.00,14.88,128.88,128.88
2b9aa198d33cfb44834120efe900c103,e92f36cc104bc4ede1abfb94804ed3e7,delivered,2017-06-19T20:27:15.0000000,2017-06-28T18:27:50.0000000,2017-07-13T00:00:00.0000000,0,129.90,20.15,150.05,150.05
747e4e0aa3817ad125ed9074ee005dd7,3b8f54691f57c3da431d79aa017232dd,delivered,2018-04-27T21:12:02.0000000,2018-05-20T13:52:37.0000000,2018-05-30T00:00:00.0000000,0,116.90,22.53,139.43,139.43
0d0aa4989e49d1acbc9d973bf923b77c,960b33a48965dbe311329af76f4aa70f,delivered,2017-04-07T11:55:40.0000000,2017-04-19T12:47:10.0000000,2017-05-05T00:00:00.0000000,0,59.99,16.12,76.11,76.11
1fb143495c17f9d09e20b8016a8e5430,6f0faf0c625f77d650d4f31b80363617,delivered,2018-01-07T10:24:26.0000000,2018-01-19T03:09:19.0000000,2018-02-07T00:00:00.0000000,0,199.90,17.65,217.55,217.55
beece9368912132712839b6b9194180d,cc7770f5337f37b9cdf0294201826302,delivered,2017-10-21T10:32:27.0000000,2017-10-26T16:03:29.0000000,2017-11-14T00:00:00.0000000,0,82.90,15.33,98.23,98.23
18e83381f06c519894068bc3434fb638,7f98b1c191f40cc88ba51d1c70383621,delivered,2017-07-04T18:56:33.0000000,2017-07-14T15:59:55.0000000,2017-07-17T00:00:00.0000000,0,109.90,8.51,118.41,118.41
899f386e0652a9e159d00cbe97836be3,9ab871545ef08235dfa51639b9f5ce18,delivered,2018-06-15T12:08:47.0000000,2018-06-21T14:08:39.0000000,2018-07-03T00:00:00.0000000,0,29.99,7.95,37.94,37.94
f0df036e9be21fc238f131bbfcdde769,1fa16395beca89233661543954ca6cf1,unavailable,2017-02-24T23:39:21.0000000,,2017-04-07T00:00:00.0000000,0,,,59.74,
3246fdc7c13d566c0081c78d49ab6515,7f99772f15578d92899f1e522625d540,delivered,2017-08-29T13:53:14.0000000,2017-08-30T14:37:10.0000000,2017-09-11T00:00:00.0000000,0,34.99,9.94,44.93,44.93
961e74f5989501c3f4e58b175753ff4b,7418c20b5b849992784b51ce99b43b1b,delivered,2017-03-15T16:25:29.0000000,2017-03-23T11:12:45.0000000,2017-04-04T00:00:00.0000000,0,129.00,11.51,140.51,140.51
699b7692e65138e6874b4c6f42202974,a7bc004b32eb75e7546d6b81d5b8fe44,delivered,2018-03-07T16:59:34.0000000,2018-03-21T20:20:34.0000000,2018-03-23T00:00:00.0000000,0,55.90,15.27,71.17,71.17
2d75fff7b2cc9e8df5ddfcf9a7a11cec,4244b230226a6cc815ffa70c4394b06f,delivered,2018-04-11T10:44:58.0000000,2018-04-23T20:12:58.0000000,2018-05-11T00:00:00.0000000,0,411.00,25.42,436.42,436.42
5a3a0bfe72c4d627e4f13d9aa81d78ad,cc89bb0f40fb83134cddad77849dd82d,delivered,2018-07-09T08:40:38.0000000,2018-07-27T15:36:50.0000000,2018-08-06T00:00:00.0000000,0,795.00,110.03,905.03,905.03
1648b503676883c70854279700e3cfc3,31eaac4f3ea617df8b8e5077436679d1,delivered,2018-04-27T12:03:22.0000000,2018-05-15T22:22:14.0000000,2018-05-18T00:00:00.0000000,0,52.98,12.81,65.79,65.79
f1282227fa785dd8dfdcdb22f99be533,cddd3a48c87f57e5e8a07295e48cb714,delivered,2017-05-17T15:08:18.0000000,2017-05-26T10:08:02.0000000,2017-06-06T00:00:00.0000000,0,16.99,12.48,29.47,29.47
8c49b48367363f2894bccea3248be15d,93d155119a2102bb21d426b8ccb8bdd9,delivered,2018-01-13T13:35:32.0000000,2018-01-25T23:04:05.0000000,2018-01-30T00:00:00.0000000,0,29.50,9.94,39.44,39.44
9f1cbfd860863f340881bcfef13fc3eb,8ec5d1bb574d20d61a22a89127329060,delivered,2017-10-23T11:38:18.0000000,2017-11-24T21:02:39.0000000,2017-11-24T00:00:00.0000000,1,259.90,45.67,305.57,305.57
cd4949eac210d110de63aa0479dcfba1,7c029959cc691fbe5dba3ce8eee98d14,delivered,2017-04-26T11:48:47.0000000,2017-05-10T09:03:37.0000000,2017-05-17T00:00:00.0000000,0,79.90,14.73,94.63,94.63
9f63ac5c9ccec372d7d7ab7a8ae39243,01f7155995c6d4cda4fab4d36293d80a,delivered,2017-05-17T10:45:24.0000000,2017-05-31T14:55:44.0000000,2017-06-08T00:00:00.0000000,0,17.38,16.60,33.98,33.98
29bb5aa6d14cbab0801064aa1657b538,3828e9ac69a218aa2d5bb317df7e877b,delivered,2017-05-19T16:28:13.0000000,2017-06-01T11:22:34.0000000,2017-06-08T00:00:00.0000000,0,109.99,21.82,131.81,131.81
198373b9140a1b8507f41535aa6344a3,e18b6ff478167b0efc409e52d13e00b7,delivered,2017-06-12T10:42:00.0000000,2017-06-26T13:41:58.0000000,2017-07-07T00:00:00.0000000,0,98.90,15.44,114.34,114.34
1c749ca7e27a6aaa93180b80e326d7f8,120cfe05591775d14f4852a9080a2663,delivered,2018-04-03T17:38:12.0000000,2018-04-06T00:50:32.0000000,2018-04-18T00:00:00.0000000,0,122.99,8.63,131.62,131.62
98f0e2b0d85754ca3b4e06d70f0f63a2,af046fdbbda4a307d96801ebe61482c4,delivered,2018-03-04T21:04:35.0000000,2018-03-12T18:56:30.0000000,2018-03-22T00:00:00.0000000,0,97.77,14.43,112.20,112.20
195070d2d0eb1da7d93b958bce36d1ef,827d7240a35889668129a7b10aa0081b,shipped,2017-02-08T05:56:31.0000000,,2017-03-10T00:00:00.0000000,0,19.99,10.96,30.95,30.95
696e3f4fca4491245f7b9425055cda4d,32a079c19bb9adf352e0e93c4fb9bd40,delivered,2017-11-25T01:40:30.0000000,2017-12-18T11:43:15.0000000,2017-12-26T00:00:00.0000000,0,27.90,14.10,42.00,42.00
89bd46bd027ae866a59a72810b4adc95,c4bd3aefb216827f4698bd9d2b166a2f,delivered,2018-05-15T10:27:01.0000000,2018-06-15T13:49:44.0000000,2018-06-05T00:00:00.0000000,1,120.00,19.81,139.81,139.81
310e0c1bbfe5a00061a55e4fa2341fdc,751e579ed6c435ddbe018ccc5b68e13d,delivered,2018-02-11T18:57:34.0000000,2018-02-26T22:13:23.0000000,2018-03-09T00:00:00.0000000,0,86.90,21.10,108.00,108.00
86f0bcd9b426a2c1022ae317c7f27be6,dd24965dd5aa551df36ce4baf180445b,unavailable,2017-03-08T15:13:03.0000000,,2017-03-29T00:00:00.0000000,0,,,177.59,
48ac627a65c15df7cebf426bda6e6077,b5dff22ad6f2531a66adde7810935f70,delivered,2017-10-18T23:22:31.0000000,2017-10-28T13:21:46.0000000,2017-11-14T00:00:00.0000000,0,216.00,79.38,295.38,295.38
91f71835acd6d20c6c5362c5c1907367,ef6fffb44c4dd02c0e35d6b6f9acf31e,delivered,2018-06-02T16:58:03.0000000,2018-06-05T16:04:37.0000000,2018-07-18T00:00:00.0000000,0,175.99,9.77,185.76,185.76
9ddb3509f5be4a428dd17530849d4d25,64e37599865347bc3329d0d79faa8c4d,delivered,2018-08-13T21:56:21.0000000,2018-08-16T21:31:57.0000000,2018-08-22T00:00:00.0000000,0,50.00,11.37,61.37,61.37
0420dbc50fc554e303e4b2d6b39063f6,ba5a299fef88320dbdadd124f5333bc6,delivered,2017-11-17T19:49:17.0000000,2017-11-23T22:44:46.0000000,2017-12-11T00:00:00.0000000,0,184.70,57.64,242.34,242.34
b55567d6fa810e673d54568cfb910ab5,9458c0a59d52908cec1b7ce6efe88c37,delivered,2017-09-13T10:06:35.0000000,2017-10-03T19:02:31.0000000,2017-10-18T00:00:00.0000000,0,283.00,27.26,310.26,310.26
e5cc9aee90086c1cb675e3feef14cb57,1d5c5823a964c7891fca921536fb2463,delivered,2017-06-05T21:14:52.0000000,2017-06-23T11:02:49.0000000,2017-07-03T00:00:00.0000000,0,89.90,15.38,105.28,105.28
67204cd665c7418b36623b21584dc92c,e28c7984cdad31abb88f1e19cd8621e1,delivered,2017-12-01T16:13:05.0000000,2018-01-13T12:49:20.0000000,2017-12-29T00:00:00.0000000,1,169.90,57.86,227.76,227.76
a343fba54ffedfe70ec5cd8591f26a5d,b885ad8fbf6695694d6a5724d4681cac,delivered,2018-05-15T08:48:44.0000000,2018-05-22T18:04:33.0000000,2018-06-08T00:00:00.0000000,0,99.00,19.66,118.66,118.66
ff6b6db3d3c1548c9b511a5320ee27d2,7fe3893a7bf9572f35028d2d3ef9f85d,delivered,2018-03-16T21:10:52.0000000,2018-03-30T00:38:39.0000000,2018-04-10T00:00:00.0000000,0,72.00,13.62,85.62,85.62
a88fb9a6e45cb10ebd5ebac6846d1ecf,cd3ce27aac0c6ecc4a3ca29a93f07c51,delivered,2018-01-01T18:56:38.0000000,2018-01-11T21:37:09.0000000,2018-02-21T00:00:00.0000000,0,100.00,27.24,127.24,127.24
0f9d568730bf125dbbfed4fc655ff91a,3249a3fb2ccd4b5f7103a6e759c0d873,delivered,2017-03-22T09:56:29.0000000,2017-03-31T19:07:45.0000000,2017-05-15T00:00:00.0000000,0,259.90,24.81,284.71,284.71
5d6343c55d971fe043e51c84df19bdd9,3922e40a232b96383899bb8b6f1112fb,delivered,2018-05-07T15:17:28.0000000,2018-05-19T11:08:25.0000000,2018-06-01T00:00:00.0000000,0,138.00,39.26,177.26,177.26
9126e0aefae0b65e52c837440e8010a5,a8e5ab9fae7e21ef7e843734f55602ca,delivered,2017-04-09T13:44:57.0000000,2017-04-17T11:13:06.0000000,2017-05-04T00:00:00.0000000,0,48.99,14.11,63.10,63.10
f1170c260d0d021017645fd94d65d78b,a86b68dd9da561c8b4cf830e2f0f47a3,delivered,2017-02-24T11:24:17.0000000,2017-03-16T14:33:08.0000000,2017-03-27T00:00:00.0000000,0,389.90,20.23,410.13,410.13
130c3f0058347e4d785fa54f3d00d2b4,f227c8cea54e871f65cd080735594ccb,delivered,2018-01-15T15:43:09.0000000,2018-02-22T21:25:19.0000000,2018-03-07T00:00:00.0000000,0,192.99,78.64,271.63,271.63
36a5fd80b9f8ee414ac234368584a876,708c3f976416fee8bc3252ff6c411f41,delivered,2017-08-11T23:23:53.0000000,2017-08-15T19:26:30.0000000,2017-08-29T00:00:00.0000000,0,99.00,31.00,130.00,130.00
aead701d8d2b9b7c1fa1a3aa963fc577,dbb305170569978cff51fd1047ebb11b,delivered,2017-08-09T22:23:30.0000000,2017-08-17T18:42:49.0000000,2017-08-31T00:00:00.0000000,0,182.00,17.52,199.52,199.52
1c32916fec4ddbdf533e164c2552343f,b22268461b6f04a95733c44174586458,delivered,2017-05-15T21:52:26.0000000,2017-05-23T18:29:02.0000000,2017-05-26T00:00:00.0000000,0,32.90,8.72,41.62,41.62
dc5f6cd4492bbffe5bcda9b87856c9a5,2ebf822bbf33241c7bffb42235519f92,delivered,2016-10-05T13:12:43.0000000,2016-10-27T12:33:29.0000000,2016-11-29T00:00:00.0000000,0,79.80,29.04,108.84,108.84
bf6ae1909b2e970bb1c4f1119b324b64,c689ee4a546a41ccfc8b40c7752bef45,delivered,2018-02-01T18:09:49.0000000,2018-03-06T23:29:04.0000000,2018-03-02T00:00:00.0000000,1,598.99,18.94,617.93,617.93
4a662ab61cb0e83833f4b6ff3ed84792,6d74f8cec06871385a5e1c494a39701a,delivered,2018-04-19T16:28:30.0000000,2018-04-26T00:59:38.0000000,2018-05-14T00:00:00.0000000,0,298.00,14.53,312.53,312.53
5d667669da71ab257891582b76d37194,502bb2b647bf2cd2b55e73381cb9699c,delivered,2017-08-30T20:15:19.0000000,2017-09-08T14:51:15.0000000,2017-09-25T00:00:00.0000000,0,139.90,21.47,161.37,161.37
00471463a6106056c1a2a809f70de640,fcad74a7e0dff27c33e36cbd78280bf9,delivered,2017-09-21T22:00:44.0000000,2017-10-12T12:29:59.0000000,2017-10-20T00:00:00.0000000,0,179.99,85.97,265.96,265.96
c2213109a2cc0e75d55585b7aaac6d97,897b7f72042714efaa64ac306ba0cafc,delivered,2018-08-07T23:32:14.0000000,2018-08-10T20:26:44.0000000,2018-08-13T00:00:00.0000000,0,26.99,7.45,34.44,34.44
8462b558a3e124a93d9f7f3873028799,79d3c514f1571f2a88197b1e2d9ef859,delivered,2018-02-21T12:48:59.0000000,2018-02-27T16:57:32.0000000,2018-03-16T00:00:00.0000000,0,25.00,15.10,40.10,40.10
14772df2ec0499946fb20841a70659e4,3cd182168854efe2024efbd623437ed1,delivered,2017-05-07T18:53:52.0000000,2017-05-16T15:59:37.0000000,2017-06-02T00:00:00.0000000,0,29.50,16.79,46.29,46.29
6bbf71e04f4d0e748315be02506a1b63,6241793979a6c6169cce48dd999f3688,delivered,2018-02-05T19:29:06.0000000,2018-02-22T12:22:08.0000000,2018-03-01T00:00:00.0000000,0,18.90,12.48,31.38,31.38
02acaa2a6f24e9c4e0bec7141b65f29b,198f8a1c41eaeb274fc8b25993320f18,delivered,2017-09-07T04:14:08.0000000,2017-09-13T18:17:54.0000000,2017-09-28T00:00:00.0000000,0,29.90,14.10,44.00,44.00
47f3a8b9c3d8dffb6f878768c73b0971,26d51363d20344386df9fb922a155a26,delivered,2018-04-06T12:10:51.0000000,2018-04-17T22:20:54.0000000,2018-05-03T00:00:00.0000000,0,91.00,23.22,114.22,114.22
44146c842a47dc05b44bfd3c0334d47c,a753155288fad08f8802c3b2d2b243df,delivered,2018-04-12T20:45:16.0000000,2018-04-26T17:14:55.0000000,2018-05-09T00:00:00.0000000,0,69.00,38.53,107.53,107.53
83d235ec5b7a9b0949ad507ccefc16c5,41b8bed69cc3434edf5576568b852db0,delivered,2018-06-12T13:30:00.0000000,2018-06-21T15:48:41.0000000,2018-07-17T00:00:00.0000000,0,89.90,23.35,113.25,113.25
42bcfd11cc83efc775637358296f6b48,ec9eec3f6ecad08f1a41bb32a5dbb1ea,delivered,2017-03-06T13:56:19.0000000,2017-03-17T16:23:39.0000000,2017-03-31T00:00:00.0000000,0,26.99,17.35,44.34,44.34
03720fdc92032ee4abd471d172006ab0,116458665bac0ff47d5e87f65e8ec681,delivered,2018-08-05T21:34:54.0000000,2018-08-21T00:11:52.0000000,2018-08-17T00:00:00.0000000,1,99.00,44.49,143.49,143.49
7785b07bcf7b5bf8fbf50e491382d98e,edf36208c4d022a97bb82b7c02553af2,shipped,2018-04-17T20:31:30.0000000,,2018-05-04T00:00:00.0000000,0,199.00,19.47,218.47,218.47
53f0bd64140840f70f00c89e7a19fdf2,a23bb087dccfe3c78336749a1818a423,delivered,2018-04-09T09:41:20.0000000,2018-04-27T19:40:58.0000000,2018-05-09T00:00:00.0000000,0,179.00,51.75,230.75,230.75
3431f838d49b42723b060fa367b3d294,74c196d5748d2b4dbd3d387f50d6fa09,delivered,2017-12-09T23:17:24.0000000,2017-12-15T22:48:33.0000000,2017-12-28T00:00:00.0000000,0,189.90,10.14,200.04,200.04
daa1c13dd8df972cbc97ca351c67f32b,71e8560996119b529ab63d5a963f1a89,delivered,2018-07-31T20:39:04.0000000,2018-08-24T21:18:22.0000000,2018-09-12T00:00:00.0000000,0,340.00,51.08,391.08,391.08
53302305754d77daab8c64a29db8d8c4,c16fd56f85eb2c6f8cd0eb28bc618880,delivered,2018-07-13T05:38:45.0000000,2018-07-26T19:20:43.0000000,2018-08-07T00:00:00.0000000,0,69.90,19.40,89.30,89.30
660020bc4184db41dc39b332230e94a6,31f96a7faffd537b8ceef28d305cd375,delivered,2017-09-03T19:29:50.0000000,2017-09-12T23:41:44.0000000,2017-09-21T00:00:00.0000000,0,89.99,13.65,103.64,103.64
bc46c2cc4bdb50a72e172392fd97672b,49f6c48a95ac4eecf06c6a01b586e14e,delivered,2017-07-02T22:56:09.0000000,2017-07-18T20:57:44.0000000,2017-07-25T00:00:00.0000000,0,149.90,21.54,171.44,171.44
051fcda88d997d3ff86012da2a556342,e13a5ed086aacc9b2b7466c78645b468,delivered,2018-08-24T14:59:37.0000000,2018-08-29T17:38:25.0000000,2018-08-29T00:00:00.0000000,1,49.00,7.60,51.70,56.60
c8213e60d923c834447d410caab1898d,2ec09b0312464955bea7d384332ba8bc,delivered,2018-07-16T13:30:06.0000000,2018-07-26T15:36:40.0000000,2018-08-16T00:00:00.0000000,0,949.99,43.56,993.55,993.55
5b6ef6be2fa71ebc92c95847830eb35f,0ab29e5915ad4ba4c6d77931b038a1ce,delivered,2017-06-17T12:46:11.0000000,2017-06-22T14:52:55.0000000,2017-07-11T00:00:00.0000000,0,39.90,14.10,54.00,54.00
4e4d9ab79db69a4bd0d79833bfce91f3,c5ec9e7825f8ec234b331113945cb5ef,delivered,2017-12-22T09:36:53.0000000,2018-01-11T19:20:49.0000000,2018-01-23T00:00:00.0000000,0,41.30,15.10,56.40,56.40
306885325658e5d5783776d310d39a74,35f5bb12aeb5e3152bc397c997b83112,delivered,2018-01-22T12:55:06.0000000,2018-02-01T17:58:43.0000000,2018-02-21T00:00:00.0000000,0,120.00,50.71,170.71,170.71
55bde651a2c412e983a9ace2f3e05c5d,0238124998cd8eddd5b3ea04d4c1e658,delivered,2018-08-12T19:57:00.0000000,2018-08-15T19:24:40.0000000,2018-08-17T00:00:00.0000000,0,48.50,7.60,56.10,56.10
b6220fb5a863a30b561a0084f111e0da,070948afd9d16208989b064551175780,delivered,2018-05-12T18:02:57.0000000,2018-06-09T18:32:14.0000000,2018-06-01T00:00:00.0000000,1,128.75,18.89,147.64,147.64
179a901d5de12162c773a0def32eda2f,660ed1bd01292e89c1bdc072e05e3992,delivered,2018-04-30T23:47:26.0000000,2018-05-22T17:32:55.0000000,2018-05-28T00:00:00.0000000,0,59.00,18.29,77.29,77.29
ced791864a1478d28bc041d61f8ce2f4,b81371f334909da18f8ff659478c6ddf,delivered,2018-02-02T18:17:19.0000000,2018-02-16T17:39:38.0000000,2018-03-05T00:00:00.0000000,0,11.89,16.92,28.81,28.81
85662e028b929ea8a558c36157434119,9ab244a0cc4abef680f71591be46c239,delivered,2018-04-16T11:37:23.0000000,2018-04-24T20:22:04.0000000,2018-05-09T00:00:00.0000000,0,48.90,12.79,61.69,61.69
f9c73363efdacbd9919d6c57e388c21e,4b7c71ee56a82b16431dbd5234c9c8f7,delivered,2018-06-10T19:41:52.0000000,2018-06-15T19:22:40.0000000,2018-06-29T00:00:00.0000000,0,125.90,14.97,140.87,140.87
add2976dccd076ad28a521b9f86c1012,e060cc4070c78bb9c40c42771b995c68,delivered,2018-02-21T10:11:39.0000000,2018-03-08T16:04:48.0000000,2018-04-02T00:00:00.0000000,0,99.90,27.24,127.14,127.14
e5db7bda2b901c39641219e0b0112e5a,69c4c800716e7c23bbee20075aa55f6b,delivered,2018-08-06T12:27:47.0000000,2018-08-08T22:06:02.0000000,2018-08-10T00:00:00.0000000,0,32.00,8.97,40.97,40.97
2a206d4997fedfb60455f2a06ae3028a,fe466590682b569c87d29ef4dfdbc609,delivered,2018-06-28T15:18:00.0000000,2018-07-10T19:43:11.0000000,2018-07-19T00:00:00.0000000,0,39.78,34.14,73.92,73.92
f92c763c0b65518cb642202c62761040,5b6d2b7a038cd6a079db2ac2c0138daa,delivered,2017-05-24T13:44:09.0000000,2017-06-02T14:38:05.0000000,2017-06-13T00:00:00.0000000,0,219.00,20.39,239.39,239.39
9988bc711d2d6fead4af40481ff5de63,2a55c5a6ff0c2eaed117aece47856094,delivered,2018-04-05T11:32:10.0000000,2018-04-12T22:58:45.0000000,2018-04-23T00:00:00.0000000,0,116.30,25.70,142.00,142.00
c3d24172aec3f97cadcdc629a7357555,59395768fbb6d0508eaf41eaf135ced0,delivered,2017-08-30T15:29:05.0000000,2017-09-12T21:59:32.0000000,2017-09-26T00:00:00.0000000,0,100.00,19.94,119.94,119.94
ea402ebc995cf3c736876cff354a896f,04caa0484842fc3d966ebf185ba21242,delivered,2018-05-15T15:33:29.0000000,2018-05-17T19:37:37.0000000,2018-05-23T00:00:00.0000000,0,50.00,14.78,64.78,64.78
1ba5b9882a75bc185bc0c7fbb909b697,c3ce13fcf8ab552fcd541aa1f2225389,delivered,2018-07-26T17:13:14.0000000,2018-08-06T23:38:46.0000000,2018-08-14T00:00:00.0000000,0,19.90,18.24,38.14,38.14
24c0b5c7e8f51f85f1bcdbe4cd0f81ac,fc2a8d30702cbc30e24fcd1315030520,delivered,2018-04-27T10:38:39.0000000,2018-05-04T20:28:36.0000000,2018-05-21T00:00:00.0000000,0,99.90,0.00,99.90,99.90
3d205e6a3bde8bd5a480aba4d26dd315,25a883ab22042cfc5f16a1e5f6564cdd,delivered,2018-02-24T12:18:42.0000000,2018-03-01T16:44:35.0000000,2018-03-12T00:00:00.0000000,0,34.90,7.78,42.68,42.68
1ef47fb13ee9044b5e5aa3bd388755de,c1f326c1584e139615e3ba4ae4d23760,delivered,2018-03-15T10:58:23.0000000,2018-04-12T21:05:53.0000000,2018-04-06T00:00:00.0000000,1,119.90,18.72,138.62,138.62
9105e733a6a8fcccf4fced822e1a67ae,874dfb94ae7ceab047226c11f81cba46,delivered,2017-12-13T21:34:31.0000000,2017-12-18T21:46:33.0000000,2018-01-12T00:00:00.0000000,0,89.90,12.58,102.48,102.48
b7d3b2799f51cd6167d7931df1546f8e,bef40bbef664b2f618bf022db5be5a11,delivered,2018-06-13T20:20:59.0000000,2018-06-21T16:52:30.0000000,2018-07-16T00:00:00.0000000,0,29.99,19.40,49.39,49.39
3005c05dbcb19ff903a28b5d654bb1cf,b70dd1b7a273c0378edb26d95390f857,delivered,2017-01-25T16:57:30.0000000,2017-02-02T14:29:07.0000000,2017-02-20T00:00:00.0000000,0,59.90,11.81,71.71,71.71
7a0d4292964e6d5c0fe0fd4238ee6500,dcd40f3746fb8ee4fa0fab8dc6c2d222,delivered,2018-06-28T10:10:25.0000000,2018-07-09T20:34:37.0000000,2018-07-24T00:00:00.0000000,0,99.99,15.01,115.00,115.00
eaae5e87592113d14ab25a25bf5105e6,ac2042ae043b8f859f71ff914f863cd2,delivered,2017-03-22T12:30:05.0000000,2017-04-19T14:43:40.0000000,2017-04-12T00:00:00.0000000,1,69.90,14.66,84.56,84.56
6f6fcc1b3ef20cf889f9ecccc5d9379d,5f8821579f7deebd8827b5dcc57bcb45,delivered,2018-02-06T20:59:17.0000000,2018-02-16T11:43:39.0000000,2018-03-07T00:00:00.0000000,0,92.00,17.89,109.89,109.89
a3868921c7af20ac7aafb5e8b7b5b4ba,69f84065b20dbe07627736cd3a7f7f47,delivered,2018-02-04T21:23:54.0000000,2018-02-16T23:38:39.0000000,2018-03-12T00:00:00.0000000,0,49.00,15.10,64.10,64.10
e885304ec221dd09a24101f0dd920504,a3586509a27757e4e4825418e8f1174d,delivered,2018-04-02T23:31:13.0000000,2018-04-25T00:47:25.0000000,2018-04-18T00:00:00.0000000,1,151.90,17.97,169.87,169.87
364bfe8be0f9a89a9a817d0e8ecd859c,9c80a6e1fb3ca98a63dbde1cd2557985,delivered,2018-04-03T01:16:22.0000000,2018-04-17T01:05:14.0000000,2018-04-19T00:00:00.0000000,0,169.00,28.04,197.04,197.04
1abad641fc19ed94a5eefb34fecbfc0d,9d8ced56e634148f52b90da9bdeb9910,delivered,2017-10-19T12:53:12.0000000,2017-10-27T18:49:54.0000000,2017-11-10T00:00:00.0000000,0,50.00,30.20,80.20,80.20
5fa86014b9702f8c488d3ca356d24dd9,5403b9d98faadbbb85ec061012a213c1,delivered,2018-02-19T01:42:20.0000000,2018-02-27T17:03:43.0000000,2018-03-12T00:00:00.0000000,0,129.00,14.65,143.65,143.65
2655c643248fa1a5ef168d2f6fc64fe7,9ece767cb4769a7f387567c6f1f06d35,delivered,2018-01-05T19:24:31.0000000,2018-02-02T12:42:58.0000000,2018-04-03T00:00:00.0000000,0,49.90,25.63,75.53,75.53
6f7c4d0e0bfea3787bfa435c00423420,3203358dce6a6dd1a5d190113a70b68a,delivered,2018-05-22T09:20:02.0000000,2018-06-05T13:24:49.0000000,2018-06-07T00:00:00.0000000,0,147.90,14.40,162.30,162.30
6c15ee8450a1710e7495723be99f4030,356ead8c97942c8e553f692a81e50ccd,delivered,2018-05-26T00:14:44.0000000,2018-06-14T22:44:58.0000000,2018-07-05T00:00:00.0000000,0,109.90,27.50,137.40,137.40
daac1a5a0e38caa76166f1569db2895c,e243da4d4f1c0043d86b95941d73fd45,delivered,2018-04-15T20:56:35.0000000,2018-04-18T21:56:28.0000000,2018-05-09T00:00:00.0000000,0,39.90,13.47,53.37,53.37
7073be83c3247747c26a69d5a689edbf,f2f4eb1a9dd538dbe28987f5d42e9857,delivered,2018-07-16T15:32:50.0000000,2018-07-23T12:41:23.0000000,2018-08-01T00:00:00.0000000,0,45.00,17.45,62.45,62.45
f52ec1996d054ab03ddef4968ff41fa5,93c43171fb6570c1c278167d386a5db6,delivered,2018-08-12T15:13:40.0000000,2018-08-17T19:18:24.0000000,2018-08-30T00:00:00.0000000,0,84.00,23.39,107.39,107.39
f996ee1563eca784e95ed1b6e3ff972c,2fea692263bd999bc4a3e307d38ae2fb,delivered,2018-01-26T14:08:25.0000000,2018-02-03T14:04:51.0000000,2018-02-19T00:00:00.0000000,0,58.80,14.16,72.96,72.96
3085f11ff3b5e4498b311733a6cbd9e2,fabc9128fc3c897d2208425e2086d3a5,delivered,2017-08-30T20:20:12.0000000,2017-09-20T15:43:16.0000000,2017-09-25T00:00:00.0000000,0,45.99,25.38,71.37,71.37
02645c905eb7d1591a679f9bc3b669fd,7d81b5f1ff0e0a22a9496943f1df6cbd,delivered,2018-01-26T16:09:11.0000000,2018-01-30T14:48:45.0000000,2018-02-09T00:00:00.0000000,0,12.77,7.78,20.55,20.55
c7712c0f5217ae36e0539a1caea73839,d4ee857c70a9038a06ea3f38861c728d,delivered,2017-09-03T13:09:29.0000000,2017-09-19T17:15:46.0000000,2017-09-25T00:00:00.0000000,0,19.90,15.10,35.00,35.00
3de1449e72332066f82b8130406dfeb3,10c24e9fc5879ea6080e2b72e0475641,delivered,2018-01-15T10:16:23.0000000,2018-03-03T16:03:41.0000000,2018-03-15T00:00:00.0000000,0,89.99,29.15,119.14,119.14
4e53a913dfd522beb67229c2784dde5b,891d97a0573cb2e4c69db4e87728829b,delivered,2018-04-13T14:32:08.0000000,2018-04-25T21:58:44.0000000,2018-05-11T00:00:00.0000000,0,120.00,34.38,154.38,154.38
d9e350703a718681ef3cc6f0d92c0c10,74282fa83d0b14c96deae5439d7cb5e6,delivered,2018-01-02T15:25:51.0000000,2018-01-15T12:32:30.0000000,2018-01-24T00:00:00.0000000,0,109.89,13.11,123.00,123.00
64f5fd87174ba865c091f3ceabeaf0e3,ce0ceb45fe0c526c8b6959f36131687f,delivered,2018-02-09T09:31:08.0000000,2018-02-18T12:54:38.0000000,2018-02-23T00:00:00.0000000,0,289.90,10.84,300.74,300.74
17f668eaf6dac97de5fcd9bbbea1f474,7526d70ce84a55e4f85d4b39e91e2ac7,delivered,2018-04-17T13:07:55.0000000,2018-04-30T14:33:03.0000000,2018-05-22T00:00:00.0000000,0,429.00,19.71,448.71,448.71
9dc2868be613a3a34ca73f26600dcebc,20ef87add57e8cc2760bec8fdff748fa,delivered,2018-03-22T21:26:26.0000000,2018-03-26T18:38:33.0000000,2018-04-04T00:00:00.0000000,0,459.99,27.80,487.79,487.79
8fc5d9ce2b81773eab28cea379428e6c,8b3b5d469cfb93eb08d252fd0120c676,delivered,2017-11-30T11:34:22.0000000,2017-12-11T18:52:16.0000000,2018-01-18T00:00:00.0000000,0,56.00,15.14,71.14,71.14
da9d5d868a28b17116214d1240c22837,8cd6037505c5d3a5f92d485b1345e918,delivered,2017-08-01T22:25:27.0000000,2017-09-19T18:09:44.0000000,2017-09-08T00:00:00.0000000,1,49.99,42.38,92.37,92.37
f0c82a051af6be8d8bc640ac7ed53065,9cac5970d5355ceb74d4878059ac6399,delivered,2017-05-03T15:03:59.0000000,2017-05-15T08:31:41.0000000,2017-05-24T00:00:00.0000000,0,29.90,11.74,41.64,41.64
901884e93a6e353950d63cf7a16621ef,3f425c05ff2b159dd7ac24ff725a6b70,delivered,2017-12-07T21:37:21.0000000,2018-01-06T17:07:34.0000000,2018-01-05T00:00:00.0000000,1,295.00,42.51,337.51,337.51
2ac76d681b26fb9a0bacc88b2e532430,bf173716098c076e4e00285843e37e5d,delivered,2018-07-18T14:47:24.0000000,2018-07-24T19:15:26.0000000,2018-08-02T00:00:00.0000000,0,179.91,90.66,270.57,270.57
fa9aefedb556db70fd8ca7a716f79802,0b88fc5d116430d2cd82962c039c3f88,delivered,2018-08-19T23:05:53.0000000,2018-08-23T22:51:56.0000000,2018-08-23T00:00:00.0000000,1,139.77,9.73,149.50,149.50
9e1571408c90f2235bf00d6fd15f8d51,b470bfde759425129d684b306fce715e,delivered,2018-02-06T18:50:45.0000000,2018-03-28T18:36:45.0000000,2018-03-14T00:00:00.0000000,1,169.90,26.47,196.37,196.37
bf0f1a792476855668552e27ec7d263f,1220a90faf99b19704eab9e3e872e399,delivered,2018-01-02T22:20:01.0000000,2018-01-10T00:34:32.0000000,2018-01-26T00:00:00.0000000,0,12.25,14.10,26.35,26.35
910672810c4151ca48b6946cf9ba0418,7dba19b4aa8f8741e306917190e6e950,delivered,2018-01-14T09:06:06.0000000,2018-01-25T19:04:07.0000000,2018-02-20T00:00:00.0000000,0,49.90,17.92,67.82,67.82
7c1d20d6fe132456d237f95b26cd53a8,62949a19102c82481839ee2318f8d71d,delivered,2018-01-21T19:25:41.0000000,2018-02-06T17:21:54.0000000,2018-02-14T00:00:00.0000000,0,79.99,13.58,93.57,93.57
334020252534196b67dbda2c892932e1,7fe3cf500fdf23475a1bf979578ff7c3,delivered,2017-12-15T19:18:59.0000000,2018-01-03T15:10:49.0000000,2018-01-10T00:00:00.0000000,0,38.90,13.37,52.27,52.27
32219b8b14d2170cb4d16cf24c5d6025,4860f134f8d652b3d93ee94e9d3aa185,delivered,2017-10-18T11:53:15.0000000,2017-10-31T19:08:42.0000000,2017-11-08T00:00:00.0000000,0,70.90,14.25,85.15,85.15
7ece3f32d060f91a98d50279ab15ebaf,29d768c153dabfc1ecfeb0c1c389727f,delivered,2017-01-25T01:23:07.0000000,2017-02-09T10:14:41.0000000,2017-03-14T00:00:00.0000000,0,129.99,29.95,159.94,159.94
d46993f8bb61402cf53ed368bfca017e,5964c075c70c23bd07753f8cd1503c55,delivered,2017-05-23T08:19:07.0000000,2017-06-05T09:57:57.0000000,2017-06-14T00:00:00.0000000,0,49.90,17.60,67.50,67.50
6fafa8b999b250ad0dbbc4dad2f5aaf5,42da448b13fbef03246fd2ed79442e67,delivered,2018-01-18T11:15:02.0000000,2018-01-31T18:03:45.0000000,2018-02-20T00:00:00.0000000,0,89.00,17.87,106.87,106.87
c73bbcd64afe483b00a38c3d28c1c66a,b1d6214581f610ab4327d4471d90e574,delivered,2018-08-23T20:38:24.0000000,2018-08-30T22:11:54.0000000,2018-09-05T00:00:00.0000000,0,99.90,19.89,119.79,119.79
db80ebec0cd5d08e1d9e9c10f691f491,c79a864b023ee46e9a2e29bd06e72579,delivered,2017-07-21T15:09:52.0000000,2017-07-31T12:52:14.0000000,2017-08-14T00:00:00.0000000,0,39.90,14.10,54.00,54.00
ee1c259624feb697ba9a84a268f77cfa,1d877053716a2f3be7e0c13096eb75f1,shipped,2018-02-22T19:22:04.0000000,,2018-03-19T00:00:00.0000000,0,144.99,18.26,163.25,163.25
f94b0a3a81bf5b4de22a8c2a90df7263,96235f1032b3a83d13cd52f4cae7ef68,delivered,2018-08-21T18:42:15.0000000,2018-08-27T16:21:23.0000000,2018-08-31T00:00:00.0000000,0,59.90,14.72,74.62,74.62
4f4cdcc0b6af1eb7d23872ddc92b5d05,dce0f4ec1a81a9f978ce37a460c55fad,delivered,2017-10-15T17:02:07.0000000,2017-10-19T22:56:28.0000000,2017-10-26T00:00:00.0000000,0,38.90,7.78,46.68,46.68
71e3b03f3cb75e6fd2e5a75e7291df4b,13d366a15142a8b6f7e39caa24ccb1cc,delivered,2017-09-14T12:01:29.0000000,2017-09-15T15:49:50.0000000,2017-09-26T00:00:00.0000000,0,75.00,8.72,83.72,83.72
69d7b0fd0e1539d95821f334b42cdfe7,e6e855f3644b9db72b52e9fcd9cc5d9d,delivered,2018-03-12T17:26:36.0000000,2018-04-10T20:05:18.0000000,2018-04-03T00:00:00.0000000,1,33.87,17.06,50.93,50.93
0f227f29d1cef44dd442c2fe75d7896c,3e6ee83b129d8611fe4e39d47b18d8c6,delivered,2018-01-12T15:23:34.0000000,2018-01-27T14:28:43.0000000,2018-02-06T00:00:00.0000000,0,13.70,14.10,27.80,27.80
fedebd6340d6998da33d42acafad9a4b,4fec2e0acfdf1b086cd731bcb51ba7f1,delivered,2018-03-23T14:03:30.0000000,2018-04-09T17:03:20.0000000,2018-04-17T00:00:00.0000000,0,17.90,18.23,36.13,36.13
027b013d2186e25c2b82beb3679d0833,752b19f57cd013e2bf4e3c62da5a29e5,shipped,2018-04-11T15:49:16.0000000,,2018-05-02T00:00:00.0000000,0,104.90,34.27,139.17,139.17
fdc259a28a8f4ba4ea007b10244a8272,0dfb45e4e023f6d20188da2f6145a3ed,delivered,2017-09-25T21:33:51.0000000,2017-10-16T10:47:41.0000000,2017-10-23T00:00:00.0000000,0,105.89,32.28,138.17,138.17
9e40d6ad0e658dbe287498d89f222d18,79b516ac255abbf7531ea1ea5b43d0db,delivered,2018-05-29T15:48:49.0000000,2018-06-11T20:41:32.0000000,2018-07-27T00:00:00.0000000,0,179.00,16.13,195.13,195.13
7ca00d9cf45a4e8501cdc625899d7633,2d5bf8c06b76ea4c7e4dcb478b2fee54,delivered,2018-08-01T21:22:53.0000000,2018-08-08T13:14:52.0000000,2018-08-13T00:00:00.0000000,0,126.80,18.02,144.82,144.82
b8dd3c581f151ae1f4a0b011b0715eca,70e12437a260894a3f038b53d44b01e9,delivered,2018-07-27T11:41:22.0000000,2018-08-04T11:58:48.0000000,2018-08-17T00:00:00.0000000,0,148.00,27.99,175.99,175.99
3a84d8311ec3bc442b8e2413a6b770c6,27389b038fe5c0831ab14f7dd5e8a89d,delivered,2018-08-12T13:33:17.0000000,2018-08-16T12:35:57.0000000,2018-08-29T00:00:00.0000000,0,99.90,31.57,131.47,131.47
33d4257aa190f034f74c6626a12b6e53,c564529ffd5238e134307140271dd186,delivered,2017-09-17T23:00:57.0000000,2017-10-03T20:45:01.0000000,2017-10-10T00:00:00.0000000,0,209.99,18.72,228.71,228.71
270cd1874ca5310906e251407490d66c,fce5e90c12f6f040a4a77008ebeca230,delivered,2018-03-23T16:25:13.0000000,2018-04-02T17:43:08.0000000,2018-04-11T00:00:00.0000000,0,19.90,12.79,32.69,32.69
d13edc5c7574bda9f7c9dc6b92a72edf,6487942d4e64abf0e25a122fb215677a,delivered,2018-05-20T14:17:22.0000000,2018-06-08T22:08:35.0000000,2018-06-08T00:00:00.0000000,1,179.98,19.19,199.17,199.17
832e0a03685bfc20477ea18436e023a2,87722cfd2b0a53af8fdfee69e8c7feac,delivered,2017-05-26T16:43:10.0000000,2017-06-07T12:26:04.0000000,2017-06-20T00:00:00.0000000,0,97.00,15.43,112.43,112.43
38c529a4eb301fab3df50bd0e3c0ecdf,9dbc8c27740a5962891aad8ae9ac64f5,delivered,2017-03-24T18:16:43.0000000,2017-04-04T14:28:08.0000000,2017-04-24T00:00:00.0000000,0,520.20,50.68,570.88,570.88
40abd692ba634788bde537d1aff36222,df7d1cc348a96fdeb19b17287b9230be,delivered,2018-05-14T00:31:59.0000000,2018-05-17T18:04:58.0000000,2018-05-30T00:00:00.0000000,0,69.90,13.75,83.65,83.65
05fdfff95f5ea9ee431961288fce4e0c,05f9f7e304de1bd029ce39f107848608,delivered,2017-11-07T10:44:53.0000000,2017-11-16T16:57:32.0000000,2017-11-27T00:00:00.0000000,0,146.00,12.52,158.52,158.52
7760dcb1588e8f0404d165bace2abe39,b98929520ddf9ebbc2ee6d7a54bb5ba4,delivered,2018-01-21T22:02:55.0000000,2018-02-05T22:17:47.0000000,2018-03-05T00:00:00.0000000,0,29.90,25.38,55.28,55.28
ea1f26cda2f1854ff80a133e71ea9939,95200d2b14a993f488affb398652a2a2,delivered,2018-04-15T23:20:52.0000000,2018-05-03T16:49:00.0000000,2018-05-09T00:00:00.0000000,0,179.49,17.97,197.46,197.46
ea7e528106f7ea156423a2cbafd75bc2,8d81bf44bb2e36dbfab5353d8b683420,delivered,2017-10-03T21:02:27.0000000,2017-10-31T21:12:01.0000000,2017-10-27T00:00:00.0000000,1,99.00,41.08,140.08,140.08
8c5fa1a922cfa46db8478221148d7bfd,656feca5c03ef21e93b356c2da4f4ea4,delivered,2018-04-04T09:54:42.0000000,2018-04-09T19:37:35.0000000,2018-04-16T00:00:00.0000000,0,34.90,11.15,46.05,46.05
efc59e55658890749e19367044ab1a43,3375b244ac4cd58a673c13f24156b372,delivered,2017-04-21T20:23:41.0000000,2017-04-27T14:57:10.0000000,2017-05-15T00:00:00.0000000,0,38.50,15.56,54.06,54.06
b92aa81f74ab98a2f1a9cc5659f6edcf,6d7c040dec6d2f6da6a63929bdec436d,delivered,2018-06-24T13:49:51.0000000,2018-06-27T14:06:49.0000000,2018-07-26T00:00:00.0000000,0,2110.00,48.57,2158.57,2158.57
546c8958ff67b28473cf140ec32a5a91,a88f6b2e3e51c830e4850876c911fb8d,delivered,2017-11-24T19:47:58.0000000,2017-12-27T15:00:00.0000000,2017-12-20T00:00:00.0000000,1,68.98,33.58,102.56,102.56
4ff67d3d6e7ebcbcf5cd40998e8a3d2a,d25874df9c935b4461068eb2f04fed92,delivered,2018-05-15T13:01:12.0000000,2018-05-22T19:38:54.0000000,2018-06-06T00:00:00.0000000,0,166.00,20.13,186.13,186.13
97afe73fe13a14d269383825a8a32646,957a0abd3abe843b6fe4886a504e69ca,delivered,2018-05-16T19:50:22.0000000,2018-05-18T19:08:38.0000000,2018-05-25T00:00:00.0000000,0,19.99,7.39,27.38,27.38
dc81a7a14a9502b15d6e1791eaa4ade6,a370cadf748c232df40b80db05b42df7,delivered,2017-02-13T13:58:18.0000000,2017-02-21T14:51:51.0000000,2017-03-10T00:00:00.0000000,0,22.00,10.96,32.96,32.96
d5f812041d8fc446c00cad005b616a3f,184359ed3f22a99dfeff1f70a95510af,delivered,2018-04-27T08:22:03.0000000,2018-05-03T12:51:43.0000000,2018-05-11T00:00:00.0000000,0,64.90,7.39,72.29,72.29
5506c622c9692ec1a2145b8b8f712eba,69000206943522203193343fda85d3a0,delivered,2017-05-07T22:09:14.0000000,2017-05-23T06:27:39.0000000,2017-06-05T00:00:00.0000000,0,189.00,24.19,213.19,213.19
75726bd0f5bacd31edbf656514778805,99dc64f03cfca5952f1ea7dd668bf7b3,delivered,2017-11-23T18:41:44.0000000,2017-12-09T18:09:09.0000000,2017-12-18T00:00:00.0000000,0,24.99,15.79,40.78,40.78
559115c14f48d999adcc027b4a702c8b,58838d64c9fb6e9e3712b41c35024f0d,delivered,2018-01-01T11:03:00.0000000,2018-01-08T19:59:04.0000000,2018-01-18T00:00:00.0000000,0,49.00,7.78,56.78,56.78
e83fecff545147241edc9399a93c8e53,cf96a08c56069584a82e7b49976a9598,delivered,2017-10-01T16:12:05.0000000,2017-10-16T19:04:36.0000000,2017-10-27T00:00:00.0000000,0,70.90,15.25,86.15,86.15
caef38892cf9eefb7fa25d54e803ba20,e7fdf001dc15351131c29af7d65ba701,delivered,2018-03-05T18:15:17.0000000,2018-03-29T16:12:29.0000000,2018-03-23T00:00:00.0000000,1,99.90,26.78,126.68,126.68
67d5ce930730430a0260f62e7c291eba,b0c20452deec54b06c12b989536295d5,delivered,2018-05-02T16:19:48.0000000,2018-05-05T17:56:31.0000000,2018-05-14T00:00:00.0000000,0,92.49,8.41,100.90,100.90
f9a8f148429cc3e0ebfc426bf5f7299e,f6a4f5fd1f3e76fb341c7558b76938fd,delivered,2017-03-01T19:32:22.0000000,2017-03-06T08:58:40.0000000,2017-03-23T00:00:00.0000000,0,104.98,20.81,125.79,125.79
29500b5b74f1cd86014af29b2e319e9b,71277afecb5c7487d4c7f39f6697b7a8,delivered,2018-07-19T14:25:01.0000000,2018-07-26T22:37:39.0000000,2018-08-10T00:00:00.0000000,0,159.90,13.78,173.68,173.68
b28f406dacca37ff27d85f7982344d2f,746d22dfbb196e81c8703ddee866aa5d,delivered,2017-12-01T14:32:31.0000000,2017-12-11T16:37:48.0000000,2017-12-28T00:00:00.0000000,0,109.90,12.90,122.80,122.80
44189362b3e194ad2769caf5cb94b8d8,7739c89f22e6943f141bdc83fa9940c1,delivered,2017-08-31T08:02:55.0000000,2017-09-13T21:27:40.0000000,2017-09-22T00:00:00.0000000,0,26.90,15.10,42.00,42.00
2edc2a8fcbfceea30b10f1a27c5e4b10,9241bfb421181890a101d73b8c6b95f4,delivered,2017-03-21T21:14:13.0000000,2017-03-27T17:44:50.0000000,2017-04-07T00:00:00.0000000,0,28.49,10.96,39.45,39.45
5d2a19878dfb41966381b1cef483a3c5,34bc89a692e14cd3b74e4ec7f5e78a1e,delivered,2018-05-17T14:08:35.0000000,2018-06-04T18:34:33.0000000,2018-06-13T00:00:00.0000000,0,71.00,60.56,131.56,131.56
478427fc9787c3fe1edf66c81e466623,d44661372e501386cce8554861971115,delivered,2017-06-17T21:09:49.0000000,2017-06-21T16:47:49.0000000,2017-07-11T00:00:00.0000000,0,528.00,18.45,546.45,546.45
cde7b4e633f0dd24536cab563a33ccb9,b05df7fc4b04012e503b4950aa27a8d2,delivered,2017-09-02T23:23:01.0000000,2017-09-14T20:53:31.0000000,2017-09-27T00:00:00.0000000,0,178.90,16.00,194.90,194.90
a9f2b777e3bef22265789c831c1bec2e,dc75c9ef71e6cbda48cbe416729b79ba,delivered,2018-04-16T10:50:38.0000000,2018-04-19T22:56:43.0000000,2018-05-03T00:00:00.0000000,0,299.00,14.53,313.53,313.53
f57b72afcc4b452e33507898aa140ff5,a8a66bbda1336f0cb78c99853cac7b4c,delivered,2018-06-26T13:38:55.0000000,2018-07-09T13:16:36.0000000,2018-07-17T00:00:00.0000000,0,99.80,41.98,141.78,141.78
d26d1c1cd0e2f03cb9540e440ae7a36d,6ca8512df510cd81c156464b01dcd23d,delivered,2018-05-31T12:37:29.0000000,2018-06-11T22:17:24.0000000,2018-07-12T00:00:00.0000000,0,12.60,18.23,30.83,30.83
9a194607b0125b5c6c0e01a53843080f,325d0a903a3eb65f0b0c2bb61fd4a6ec,delivered,2018-01-16T17:02:33.0000000,2018-02-16T12:53:21.0000000,2018-03-09T00:00:00.0000000,0,54.90,36.00,90.90,90.90
3c5b8e9f31061a7aeb8531216a18606d,d812ff486ec5070d45ce3abff665d5df,delivered,2017-12-29T07:06:24.0000000,2018-01-05T23:19:55.0000000,2018-01-24T00:00:00.0000000,0,99.90,13.72,113.62,113.62
1fd1b3c4396fe3d19067623fca845f03,457aa02da26931909b20f4f92fe67229,delivered,2018-04-17T12:05:48.0000000,2018-04-19T23:07:40.0000000,2018-04-27T00:00:00.0000000,0,299.00,9.28,308.28,308.28
4b8267d1f715adb8eb69ac677662c100,4004f17e88f450a6adcec6013038295a,delivered,2018-05-04T15:02:52.0000000,2018-05-17T17:31:29.0000000,2018-05-29T00:00:00.0000000,0,210.00,19.70,229.70,229.70
bb031ba8af937e390196eec424b41798,de18e1bd5388e711196e1b8a9ddcb5a3,delivered,2017-12-24T13:03:17.0000000,2018-01-05T15:49:09.0000000,2018-01-23T00:00:00.0000000,0,59.49,17.67,77.16,77.16
5b664e80ddc573f779bc4b33c7a457ea,3a2d68eee79fec2603b564e1e0253c75,delivered,2018-04-17T15:43:38.0000000,2018-04-30T20:38:34.0000000,2018-04-30T00:00:00.0000000,1,25.00,8.88,33.88,33.88
8624d8f9a994ef3cd1792ffe142b412d,b9e6ea4da5b6cd063dd46df2627bcd99,delivered,2017-12-03T19:21:34.0000000,2017-12-12T18:04:28.0000000,2017-12-20T00:00:00.0000000,0,59.90,11.73,71.63,71.63
63114fe7881be901a26ef97cbd3b47a8,a83fe906cf12e5dc24b6106577d27b64,delivered,2018-07-09T10:56:32.0000000,2018-07-12T00:20:24.0000000,2018-07-18T00:00:00.0000000,0,58.99,7.67,66.66,66.66
3b39d2ddd9066f382c924cc2c51dc584,f1e46939e6408b3e6fd46579a37c88b4,delivered,2017-06-01T14:58:11.0000000,2017-06-13T12:24:23.0000000,2017-06-26T00:00:00.0000000,0,37.90,15.10,53.00,53.00
9dc439a9d732ca991174a53f114c3cde,6660b4dcb6bc876c71cb3f2d8de060dc,delivered,2017-12-04T11:10:27.0000000,2017-12-12T19:42:07.0000000,2017-12-20T00:00:00.0000000,0,199.00,12.60,211.60,211.60
7e41633529000f80967da24083bb6c1c,451ac26d4d2da6b319318c13aac25937,delivered,2018-07-26T20:37:12.0000000,2018-08-02T20:59:41.0000000,2018-08-17T00:00:00.0000000,0,69.90,23.29,93.19,93.19
06d8cb692ed19b092adaaf5337d01a39,485d59ed46bda4a60ac9ab15c32ec63c,delivered,2018-08-03T10:50:18.0000000,2018-08-10T17:24:34.0000000,2018-08-16T00:00:00.0000000,0,199.90,27.70,227.60,227.60
ef2b686edd39d4c6b594040d43489f56,b42fde337b8064a69eb4c1d0e6d43fdc,delivered,2018-01-05T11:53:02.0000000,2018-01-09T14:47:08.0000000,2018-01-23T00:00:00.0000000,0,92.00,16.50,108.50,108.50
a3935e4485cd7848426b3c0761728345,131bcf801cb9c02140783e20153249f9,delivered,2018-06-24T22:14:32.0000000,2018-06-28T17:22:09.0000000,2018-07-19T00:00:00.0000000,0,155.00,13.75,168.75,168.75
8553cd91f67faa93fd2aa45148bcc3c8,f882aaf28af48842b1ca318f520f443c,delivered,2017-06-03T10:47:56.0000000,2017-06-12T15:22:27.0000000,2017-06-26T00:00:00.0000000,0,24.90,12.69,37.59,37.59
c3d7d16efecadd7d1ef3ffb285dd8657,966e44ef089263460cc572f28187ee86,delivered,2017-03-16T09:47:59.0000000,2017-03-22T11:52:18.0000000,2017-04-06T00:00:00.0000000,0,99.90,14.87,114.77,114.77
65176291fad85f25b92153f7172abbc5,f3bb4ca2244dc44f761b7becf03acebb,delivered,2018-04-25T08:21:31.0000000,2018-04-27T19:52:32.0000000,2018-05-08T00:00:00.0000000,0,52.00,9.44,61.44,61.44
6127a28915c32d0c35b55f6ccc3f0c36,20e082bd38bebfc9f174eb2f74b6cd41,delivered,2018-05-14T15:53:14.0000000,2018-05-17T14:51:21.0000000,2018-05-25T00:00:00.0000000,0,59.98,16.94,76.92,76.92
e97d413be381af1c85a368973f38ad0a,ec3fef6f122ec7da38cc0f0ad81013ee,delivered,2017-04-09T15:50:04.0000000,2017-04-17T11:52:53.0000000,2017-05-15T00:00:00.0000000,0,59.90,16.12,76.02,76.02
001c85b5f68d2be0cb0797afc9e8ce9a,48ed31e735f1c420ed6ca3637b7c744d,delivered,2017-11-24T19:19:18.0000000,2017-12-22T18:37:40.0000000,2017-12-14T00:00:00.0000000,1,99.00,13.71,112.71,112.71
1c2bcfd34cbb64f130a03aeb7c0d6c75,dc20dd848e86e03be23cc9883378cd65,delivered,2018-06-02T11:53:45.0000000,2018-06-26T16:21:19.0000000,2018-07-17T00:00:00.0000000,0,227.90,16.48,244.38,244.38
02ea547b6d2ee25305588fd50df58b46,ff4545a3148f5a22667f301e00cb5ad7,shipped,2017-03-23T22:03:43.0000000,,2017-04-18T00:00:00.0000000,0,23.99,15.65,39.64,39.64
1a9f85c859f73034acc85057b4899a8e,f34e32b8604090d1c2a7f3b04c834807,delivered,2017-07-06T17:11:14.0000000,2017-07-31T22:42:33.0000000,2017-08-10T00:00:00.0000000,0,300.00,61.27,361.27,361.27
684f63e89a82f437747c1cd45a099f4d,dbbb8e776de0b4704d10f043c30dbaa9,delivered,2018-06-14T15:46:27.0000000,2018-07-09T19:27:36.0000000,2018-07-26T00:00:00.0000000,0,190.00,161.73,351.73,351.73
9db0b5f3481614484592866ec7c902f3,574bc1bc07d89145ec04fd7a5eca5c3e,delivered,2017-05-23T10:24:45.0000000,2017-05-31T09:42:08.0000000,2017-06-20T00:00:00.0000000,0,169.00,14.93,183.93,183.93
008fab5602c441d51f30b1464f5d4643,337e39b83fac394e62eb7876f45ee981,delivered,2017-02-22T10:37:41.0000000,2017-03-03T12:43:46.0000000,2017-03-23T00:00:00.0000000,0,49.99,15.56,65.55,65.55
a472cc850b21b27f04a2b80546d3910e,eafcc7bf051b9d56a2b9e428a43b6ce6,delivered,2017-12-06T17:39:09.0000000,2017-12-11T23:10:00.0000000,2018-01-03T00:00:00.0000000,0,25.90,12.48,38.38,38.38
059c0bd12954b4e72327c0ff67d9f2e8,c1f4176c8405099a08d876c2794e1958,delivered,2018-05-01T21:53:28.0000000,2018-05-10T18:18:32.0000000,2018-05-23T00:00:00.0000000,0,145.00,13.45,158.45,158.45
84960d31af78367051a7134bf7b64f29,1b97c2f2eebe3e5c80a2a7a07bb6749a,delivered,2018-07-12T22:09:55.0000000,2018-08-08T18:31:21.0000000,2018-08-02T00:00:00.0000000,1,66.99,23.19,90.18,90.18
432be65264b4055058984c2078e5d487,1e218eee4b25d4e7943183d601ad81c0,delivered,2018-04-06T20:46:51.0000000,2018-04-10T21:55:39.0000000,2018-04-23T00:00:00.0000000,0,122.99,8.63,131.62,131.62
de72d70497698d2416dc47712bbc7678,c360961ef98b0d4b28357b7fd0387673,delivered,2018-02-13T09:15:52.0000000,2018-02-22T01:46:56.0000000,2018-03-12T00:00:00.0000000,0,179.00,45.71,224.71,224.71
8bbc0e9b5ac010d6a9b8d76570cd20c4,269ebe5042123ff1dfbfc95d52eae825,delivered,2018-02-11T19:10:14.0000000,2018-03-06T23:44:56.0000000,2018-03-16T00:00:00.0000000,0,74.90,15.27,90.17,90.17
650fcf3e2908208ae23c6c93706c50d3,7199038790946ae4e75b8efc080f9dd2,delivered,2017-05-07T16:47:29.0000000,2017-05-12T11:57:59.0000000,2017-06-02T00:00:00.0000000,0,958.99,31.46,990.45,990.45
643efaf4eddc8f0b4f71b1674c882fa4,d7d536ccde7b524ac5a42e24b000d982,delivered,2018-07-02T21:45:21.0000000,2018-07-09T19:48:46.0000000,2018-07-25T00:00:00.0000000,0,299.80,47.70,347.50,347.50
a1244e1c9ad5fe2e15f97c9136ef70ab,2fd83e62488be87241b90a6e474eec0e,delivered,2017-11-25T03:10:32.0000000,2017-12-02T12:43:18.0000000,2017-12-11T00:00:00.0000000,0,35.00,9.34,44.34,44.34
06d68cf3fe78e8d27c1047fe0346abc4,3e089f738aef695bac3734a9bce1ed20,delivered,2017-07-19T14:48:00.0000000,2017-07-25T00:49:46.0000000,2017-08-04T00:00:00.0000000,0,59.90,9.94,69.84,69.84
a49c33d90902b75249013813637fbf1c,e76048064c31c156e15c4a07c48a3b1c,delivered,2018-01-14T17:59:52.0000000,2018-02-06T23:47:54.0000000,2018-02-21T00:00:00.0000000,0,399.00,17.55,416.55,416.55
c9cdd7f64546202e53576e2997f112f4,8229657fd11afc46e7e8c6be1636c80c,delivered,2018-05-19T14:06:06.0000000,2018-05-24T22:05:17.0000000,2018-06-06T00:00:00.0000000,0,25.00,14.58,39.58,39.58
8adb87b0bb81da96d28e6cfaa033a40d,b5672da69f806d8bc4eea831365f07da,delivered,2017-11-24T09:38:22.0000000,2017-12-12T18:41:55.0000000,2017-12-14T00:00:00.0000000,0,74.90,14.27,89.17,89.17
aea67f89b3841f780d8eed0beabd3398,09b469184e00373f074c799968de0aad,delivered,2018-07-05T21:41:51.0000000,2018-07-10T16:28:42.0000000,2018-07-19T00:00:00.0000000,0,44.90,7.57,52.47,52.47
b84c178bc4308555f74ed9cdf3a38193,22a1be4f281a33941e88bc790cfb60a6,delivered,2018-01-25T11:03:37.0000000,2018-02-07T18:36:54.0000000,2018-02-22T00:00:00.0000000,0,122.99,15.61,138.60,138.60
607911c4ac62f9038b4ec434673e486e,7cec2ad3ecf1b10ce543161225a13a97,delivered,2018-08-06T16:41:44.0000000,2018-08-13T17:57:42.0000000,2018-08-22T00:00:00.0000000,0,1798.00,118.08,1916.08,1916.08
db93355c53b6e6a6119012d4880abd94,c38fa4fd1dcd99e0341c633c7b4732f6,delivered,2017-08-25T16:39:36.0000000,2017-09-04T18:10:05.0000000,2017-09-19T00:00:00.0000000,0,69.00,14.23,83.23,83.23
ac21545a31cc2f10904bcc68254c1d11,ef679ddb34f8f011599d10e88c859117,delivered,2018-03-16T18:06:44.0000000,2018-04-06T20:02:18.0000000,2018-04-25T00:00:00.0000000,0,170.30,22.90,193.20,193.20
62076e9aa47cedb799ddc84812264c9e,37e066fcd483b5b73efc8eb2166c91e2,shipped,2018-06-09T19:28:03.0000000,,2018-07-04T00:00:00.0000000,0,67.99,19.45,87.44,87.44
4438691d291f7a436db5665e8d010ac9,294ee4cd4c0812c45ee3a69208051364,delivered,2017-07-16T22:46:54.0000000,2017-08-10T19:08:25.0000000,2017-08-08T00:00:00.0000000,1,119.90,65.65,185.55,185.55
4d0fce2314e3a88cb7371a111cf69f41,5d24376e325a79e62ed98de02d5eb029,delivered,2017-11-25T12:09:38.0000000,2017-12-04T15:22:32.0000000,2017-12-20T00:00:00.0000000,0,120.00,15.59,135.59,135.59
3dcc4c9174a04ed82d42905c7dd139e7,9dd475c34f4cc88c45bec1dc40f33fa4,delivered,2017-07-20T17:31:12.0000000,2017-07-28T16:06:45.0000000,2017-08-18T00:00:00.0000000,0,20.89,15.79,36.68,36.68
49267f83c9f436f1147915577fdeb110,9b7d3addaab8a9237c6d4c45b68e26c2,delivered,2017-10-26T09:08:54.0000000,2017-11-03T18:40:01.0000000,2017-11-21T00:00:00.0000000,0,49.00,15.10,64.10,64.10
8883ff5e64a8932fe566679fb325988a,7f5c8f56535b9c3dae5d7edbbc03849f,delivered,2018-06-08T23:38:33.0000000,2018-06-25T23:18:42.0000000,2018-07-20T00:00:00.0000000,0,110.00,15.65,125.65,125.65
e6fad28cb7f01e461467af959930ae8a,c57928c036644588414e864683ff1da2,delivered,2018-04-20T17:11:26.0000000,2018-05-06T16:46:43.0000000,2018-05-17T00:00:00.0000000,0,82.99,18.52,101.51,101.51
683b82f268a3ba04ef24ce3490a12d44,a5f835421f74efb2806c5b07f51ceffe,delivered,2017-04-04T19:04:10.0000000,2017-05-09T09:58:07.0000000,2017-05-17T00:00:00.0000000,0,199.00,32.99,231.99,231.99
4347279deb067c6731c1c97237921d18,2ba3edf091e33c433e095b2f53716362,delivered,2017-05-25T11:32:14.0000000,2017-05-31T14:07:34.0000000,2017-06-19T00:00:00.0000000,0,229.00,17.36,246.36,246.36
5eca2113141f2c0e048b11bdcb7a0371,aa1fd99d3fa9ef872384623522665eb2,delivered,2018-01-07T15:20:44.0000000,2018-01-09T12:07:58.0000000,2018-01-24T00:00:00.0000000,0,32.90,8.27,41.17,41.17
7cd9ffeaee65a09e32ccf456b90784df,a956e20865cb062d7a3e7ae4c6ae756b,delivered,2017-08-21T15:54:53.0000000,2017-09-04T21:48:50.0000000,2017-09-19T00:00:00.0000000,0,53.60,25.66,79.26,79.26
44f656d7fbb37d161491617473307a59,ff6615c04179861ddbd77331eafbab7d,delivered,2017-09-01T14:26:24.0000000,2017-09-14T19:04:03.0000000,2017-09-26T00:00:00.0000000,0,58.00,46.94,104.94,104.94
7263a9488004df94487b7f970be3b91e,b7aba705e32253c6d5159e0155ba4fac,delivered,2018-06-10T15:35:52.0000000,2018-06-21T20:50:54.0000000,2018-07-05T00:00:00.0000000,0,148.00,27.77,175.77,175.77
4969634a191db1f7ef36954434938327,c8612759068c7216331e5dfb73b47ba1,delivered,2018-08-01T21:22:16.0000000,2018-08-08T19:28:43.0000000,2018-08-06T00:00:00.0000000,1,34.90,7.66,42.56,42.56
fd3a02bb749359b9e6a4126cd8a50822,78199b9683c01e0d764ece9abfba71af,delivered,2018-07-01T17:43:58.0000000,2018-07-13T21:41:28.0000000,2018-08-01T00:00:00.0000000,0,11.97,18.23,30.20,30.20
d9107994bd1bf31404591bce06a547f8,c396c33a13de8470ca7f0fbff9ac4e9b,delivered,2018-01-03T17:27:00.0000000,2018-02-14T21:22:12.0000000,2018-03-19T00:00:00.0000000,0,399.00,18.55,417.55,417.55
8220b318fccce9e7dfd00d9894b95189,c34beddc345e97b15bb556100207a176,delivered,2018-05-23T14:51:24.0000000,2018-06-01T15:42:46.0000000,2018-06-18T00:00:00.0000000,0,429.90,21.09,450.99,450.99
09f58c00f941827ab206de7796785e44,7c94da97db6fe83e123f80baab533a97,delivered,2017-01-05T16:05:07.0000000,2017-01-16T15:43:31.0000000,2017-02-13T00:00:00.0000000,0,8.90,8.72,17.62,17.62
557eb42ce0b29c86666b04ec9496ea59,6ce1bb886e1ce1d5f054974fe397be89,delivered,2017-10-23T19:51:02.0000000,2017-11-07T11:47:36.0000000,2017-11-16T00:00:00.0000000,0,18.90,15.10,34.00,34.00
caac6605538949c162e1301b3280177e,caad4f2b2df5e13bcdb532c72e4b96eb,delivered,2017-11-07T00:13:07.0000000,2017-11-14T16:36:49.0000000,2017-12-01T00:00:00.0000000,0,110.80,18.03,128.83,128.83
af2565178281d646f828c50111e00308,4c7f4eb90b99e99875f73b829f63f892,delivered,2018-04-30T20:42:07.0000000,2018-05-09T19:04:56.0000000,2018-06-13T00:00:00.0000000,0,419.98,45.10,465.08,465.08
b952acf9c1be50807866780fb3ed2119,c15953d614c7911f1b48dead736aaf20,delivered,2018-01-29T00:32:29.0000000,2018-02-05T22:32:42.0000000,2018-03-01T00:00:00.0000000,0,105.00,17.98,122.98,122.98
13293961429976917597dafca90e49d3,522799207582d92450a129cb6e516b4f,delivered,2017-07-08T16:35:21.0000000,2017-07-14T16:38:05.0000000,2017-07-25T00:00:00.0000000,0,52.90,9.27,62.17,62.17
842fbaff9da558be5528caf78d1e0969,25d3e06c60d2d27035aaf892f9a48764,delivered,2017-08-31T20:46:59.0000000,2017-09-05T20:32:48.0000000,2017-09-19T00:00:00.0000000,0,54.90,11.88,66.78,66.78
336f7fe8abc3af0bf30d0cf7204ec20f,f23d6ec4c1e7f186e9a82c6014d39533,delivered,2017-06-28T12:39:28.0000000,2017-07-05T17:13:29.0000000,2017-07-11T00:00:00.0000000,0,59.90,14.13,74.03,74.03
46b7b64f475329c65fb18b99c7fb373b,80a4e774050223dd467a7d514862b986,delivered,2017-12-12T22:27:31.0000000,2017-12-26T14:23:24.0000000,2018-01-10T00:00:00.0000000,0,59.00,17.66,76.66,76.66
8b5058499c412c6cf8d013de40e4f9d2,3c4e8510fe74acda6c7b8fe81e34b46a,delivered,2018-05-03T21:35:33.0000000,2018-05-09T16:12:58.0000000,2018-05-24T00:00:00.0000000,0,29.45,19.32,51.02,48.77
1aeb7ca35ec250ef46f2f67684461abf,d9b1bc463eeff85045d60287c7aa40ec,delivered,2017-11-16T19:01:12.0000000,2017-11-23T22:32:33.0000000,2017-11-29T00:00:00.0000000,0,59.90,11.73,71.63,71.63
333c80174d4ab24df54210511f4ecbd0,782a99fb3433351a685f44522050331d,delivered,2017-03-11T17:51:25.0000000,2017-03-23T13:52:55.0000000,2017-04-06T00:00:00.0000000,0,314.99,12.81,327.80,327.80
2c203f4297ffa221e33a90171c24249d,be188afbecaf3cabfe042bf53dfa2e19,delivered,2018-02-02T09:16:20.0000000,2018-02-07T21:41:16.0000000,2018-02-20T00:00:00.0000000,0,27.99,7.78,35.77,35.77
af392de2586db1645a4044ef1e84c47a,7f4f922b7b111237fc0e33a6533773df,delivered,2018-02-25T21:32:20.0000000,2018-03-18T16:16:57.0000000,2018-03-16T00:00:00.0000000,1,139.00,13.99,152.99,152.99
3e1c06f2560af40104080f8790989a33,c90f9a78f24a713d1c39c3902a3c43ab,delivered,2018-05-09T19:41:34.0000000,2018-05-18T22:16:56.0000000,2018-05-29T00:00:00.0000000,0,12.25,15.23,27.48,27.48
b8f4980c2ec178504101b730e4e49918,e1b7d36c6112647b0f4e0c3bd46085bd,delivered,2018-07-07T20:04:55.0000000,2018-07-13T19:24:46.0000000,2018-08-07T00:00:00.0000000,0,99.90,15.77,115.67,115.67
d9f8272ce07f87bd2168f47bd2010235,1897fca9c10a760bb3b2b1780e6f76fd,delivered,2017-04-19T14:30:31.0000000,2017-05-02T14:08:58.0000000,2017-05-11T00:00:00.0000000,0,59.99,15.63,75.62,75.62
cf2012c5bb2a858db95ead15c5f1595b,a9ab6416a9e21ccb7540e9e5d10f02ea,delivered,2017-07-18T07:10:37.0000000,2017-07-24T18:22:42.0000000,2017-08-08T00:00:00.0000000,0,54.99,13.50,68.49,68.49
5cc7fd28e4d0a13f20f305037d7234fb,43cd53f27b1d6116fd34916977e07c48,delivered,2017-11-17T23:43:34.0000000,2017-11-28T21:32:44.0000000,2017-12-08T00:00:00.0000000,0,97.49,17.93,115.42,115.42
748db62700c925a0db2c4b00ee25849c,d065739818d474d19dfdb51d54c0a1e9,delivered,2018-08-25T11:24:40.0000000,2018-08-30T14:08:32.0000000,2018-09-05T00:00:00.0000000,0,89.00,23.42,112.42,112.42
8040ee89b88d6ea587b51b55dbfb4dc5,a577945519cf174d409718b07514767b,delivered,2017-08-05T09:52:20.0000000,2017-08-14T20:17:24.0000000,2017-08-29T00:00:00.0000000,0,69.90,17.74,87.64,87.64
a8afd0d68136bf98efa8ecc64a0df6c1,68d0607923d24c0b52ea252e3c77cd19,delivered,2017-12-08T12:22:58.0000000,2018-01-03T17:19:19.0000000,2018-01-05T00:00:00.0000000,0,419.00,42.20,461.20,461.20
e74f16cd18d4e5b3dfbcc81e880430d9,614e410701e4458d2fb475053d7a9b05,delivered,2017-11-24T00:43:01.0000000,2018-01-18T00:28:54.0000000,2017-12-19T00:00:00.0000000,1,137.90,38.81,176.71,176.71
097b96a18f0058373d0f5e3041a27f0a,439fd4a92dca4ea45485bd99e028004b,delivered,2017-08-17T08:36:15.0000000,2017-09-08T16:19:00.0000000,2017-09-28T00:00:00.0000000,0,49.00,25.63,74.63,74.63
e77577d115ded33e62a5874c383452a4,7211cd276bf9045bec243d11221337ba,delivered,2017-07-28T21:11:08.0000000,2017-08-07T20:09:49.0000000,2017-08-17T00:00:00.0000000,0,19.90,11.85,31.75,31.75
d225bda2584ada7ef0895192338c3dd4,9cfa9387ffa7afa5e0d245b13ada9721,delivered,2017-03-16T14:06:02.0000000,2017-03-30T16:22:40.0000000,2017-04-11T00:00:00.0000000,0,52.00,29.04,81.04,81.04
12a545f53715575246beec2da90d6de4,95a8be8f74e6b7f3e06ef03ff885dd58,delivered,2017-12-21T17:45:50.0000000,2018-01-09T19:11:54.0000000,2018-01-22T00:00:00.0000000,0,56.00,15.14,71.14,71.14
7da78752e9ddd817f22933c2763db33c,cf23b7f0eb89c7d7d05dfcd8671ade01,delivered,2017-12-04T16:54:08.0000000,2017-12-20T19:33:17.0000000,2018-01-02T00:00:00.0000000,0,69.90,18.06,87.96,87.96
416bffd2b6f30043b4c631f9109782f3,fe543dcaf0106197870ae1c21d36076e,delivered,2018-02-20T06:39:52.0000000,2018-03-10T00:54:34.0000000,2018-03-21T00:00:00.0000000,0,144.41,13.14,157.55,157.55
cc1fe613e2c3dce712d71a852ee6726f,ac9c7c7db86f7b99d3cf8e7e1d025fd9,delivered,2017-05-22T15:12:29.0000000,2017-05-29T09:46:35.0000000,2017-06-13T00:00:00.0000000,0,129.90,18.16,148.06,148.06
d2ae2653b9dbc7b50f11bf3e4001ec8e,647eb903d7836d450ec6bcc175838567,delivered,2018-05-02T18:19:06.0000000,2018-05-14T17:58:43.0000000,2018-05-17T00:00:00.0000000,0,329.80,23.96,353.76,353.76
1e1fb779dc3ea5b2ece7892f4b1824cc,bfdc91ba39894bf8935c66e17060382d,delivered,2017-11-03T21:54:45.0000000,2017-11-14T19:44:55.0000000,2017-11-16T00:00:00.0000000,0,95.00,7.92,102.92,102.92
3fdc7dae10900f3b484cae506870d823,1795dd79b24240d8f56302e7bed359e3,delivered,2017-08-02T14:17:13.0000000,2017-08-21T13:00:00.0000000,2017-08-30T00:00:00.0000000,0,45.90,12.69,58.59,58.59
691688405bcee3ff9023639514498962,6a3103e7538f6e4a02eeda6eab7c4bfa,delivered,2018-08-08T19:54:44.0000000,2018-08-20T20:48:49.0000000,2018-09-06T00:00:00.0000000,0,320.00,36.53,356.53,356.53
86c0dd8bf457a10687920d54ee6fb12e,872f45bf74c4adcd409346897aadbba8,delivered,2017-05-19T15:20:58.0000000,2017-05-30T15:57:45.0000000,2017-06-12T00:00:00.0000000,0,42.90,17.60,60.50,60.50
0b7260709eb6a2884329b5ec9ef2b2a6,90dd38dda93bdc6dcbda8bfe0bb597ee,delivered,2018-05-01T18:42:40.0000000,2018-05-03T18:06:49.0000000,2018-05-10T00:00:00.0000000,0,24.90,7.39,32.29,32.29
624ffe16156e4aac5b9ec7ac27ed23c6,dd330df40b83abc9645d38fe5e56ac85,delivered,2018-03-03T09:33:15.0000000,2018-03-12T14:46:49.0000000,2018-03-26T00:00:00.0000000,0,369.90,61.60,431.50,431.50
78dcdc9169e9c5bbd378416cecc317be,ab917a0785e95a9303211b341f6e0d6d,delivered,2018-08-12T14:02:54.0000000,2018-08-29T20:42:28.0000000,2018-09-19T00:00:00.0000000,0,226.00,20.49,246.49,246.49
c34fe20a21a65490fa6b815f0435059a,3f6e3d2c09293a6c18ab56b275c73477,delivered,2018-05-04T08:47:06.0000000,2018-05-10T01:21:50.0000000,2018-06-04T00:00:00.0000000,0,129.80,18.79,148.59,148.59
fbbaa04b3e0910f8ae8711ff03a32fa7,76f9829923ebe9161af4f54f050885f0,delivered,2017-07-11T16:48:05.0000000,2017-07-14T14:57:57.0000000,2017-07-25T00:00:00.0000000,0,69.90,9.27,79.17,79.17
813a1597ee0470b32160904f9f454ab6,7192fde393370533066e4d30403b3562,delivered,2018-02-06T13:32:59.0000000,2018-02-19T14:18:12.0000000,2018-03-02T00:00:00.0000000,0,117.30,17.53,134.83,134.83
7838ed6306a99eba3bb421c33864ccb5,8ad7dfee8e31e2a61e3e4a3053e1104f,delivered,2017-12-19T10:55:08.0000000,2017-12-28T18:17:46.0000000,2018-01-18T00:00:00.0000000,0,74.00,30.20,104.20,104.20
ddcb9f924091ed9cc49b9c78d37d48b6,c7093c34ad7da76feb1fb87e5f6b366b,delivered,2017-04-17T14:48:17.0000000,2017-05-02T14:35:20.0000000,2017-05-16T00:00:00.0000000,0,299.99,22.22,322.21,322.21
d5a9c802f335dab69b88e69434d0dd43,8078795898cf354a167e8832f263774f,delivered,2018-03-08T11:38:27.0000000,2018-04-17T18:48:22.0000000,2018-04-02T00:00:00.0000000,1,78.00,19.24,97.24,97.24
d1329f2d9a7c9c972b1ab5c6b7c8d3a5,cb4be9a063393bfe007a290302727b26,delivered,2018-01-03T22:16:10.0000000,2018-01-17T18:22:30.0000000,2018-02-05T00:00:00.0000000,0,150.00,14.80,164.80,164.80
d8b396712d55ccad35aa9a1391aa74a1,a30ef261434ed7152a26b65278af7f9c,delivered,2018-01-27T14:00:16.0000000,2018-03-05T22:14:26.0000000,2018-02-23T00:00:00.0000000,1,163.40,34.80,198.20,198.20
c9a41eaac7ef0fb40b81c58e3c7276c9,b14860a70ac3d824bfc0900870b702b0,delivered,2017-10-05T16:54:23.0000000,2017-10-20T20:32:06.0000000,2017-11-01T00:00:00.0000000,0,59.90,17.67,77.57,77.57
a5a13962daf17458e2139021d0ba97f3,93c07a27854a22f74c7ad4f943585bce,delivered,2018-06-08T16:11:43.0000000,2018-06-20T19:28:42.0000000,2018-07-17T00:00:00.0000000,0,64.99,22.95,87.94,87.94
fe1b32a1829b1ddd26415d31fbf85b78,d3fa2b41958a719ae19f1b4daeed98cb,delivered,2018-07-05T00:40:06.0000000,2018-07-11T15:48:23.0000000,2018-07-26T00:00:00.0000000,0,1199.00,15.65,1214.65,1214.65
81349623c14fed4e8943c5ad1f3ed4fe,75eb3be9eeb6a85cb18c76fc76b0cf80,delivered,2018-04-25T14:36:45.0000000,2018-05-19T16:52:48.0000000,2018-05-17T00:00:00.0000000,1,49.90,18.28,68.18,68.18
7895cea737e28a81b243a183523ddfff,ff86241814fe899c8cb8786b9196995e,delivered,2018-05-03T19:40:54.0000000,2018-05-08T22:12:38.0000000,2018-05-15T00:00:00.0000000,0,69.90,8.29,78.19,78.19
6b9e63bef69dd3bfae0ca6dcea8deed6,45e0c1a21a9b5ef8ad7c4558011a8897,delivered,2018-07-17T17:38:01.0000000,2018-07-21T01:17:32.0000000,2018-07-31T00:00:00.0000000,0,109.90,14.35,124.25,124.25
bd76688da0406f5c377080cc43888b5e,6e7d0829bdbbcd61c6d863922f942daf,delivered,2017-06-27T15:34:03.0000000,2017-07-07T19:17:52.0000000,2017-07-19T00:00:00.0000000,0,99.00,16.94,115.94,115.94
4cbe8de031dbae0b80286a23fdc1cf91,8667901bd6be984bb8c737a31bef4bbe,delivered,2018-01-10T22:23:24.0000000,2018-01-22T21:48:24.0000000,2018-02-02T00:00:00.0000000,0,29.50,19.84,49.34,49.34
cec27ecc8324e22e5721ce87471d4b31,5f46e687a5c82cb1eda593739430f16a,delivered,2018-08-16T10:28:23.0000000,2018-08-24T17:14:34.0000000,2018-09-06T00:00:00.0000000,0,19.99,22.07,42.06,42.06
85953c01cb38fbb086291bd45ad6b18e,52dc0499c97e797e32c0ad648f5022ac,delivered,2017-10-03T12:53:56.0000000,2017-10-08T16:59:02.0000000,2017-10-19T00:00:00.0000000,0,79.90,9.37,89.27,89.27
c6e85bb83d4a4831b79ccd25b2b98cd8,b12107d71983e8cefe72656d5202f754,delivered,2017-02-11T16:11:15.0000000,2017-02-24T09:33:21.0000000,2017-03-14T00:00:00.0000000,0,43.90,15.56,59.46,59.46
ca8eaa7367f04ef547edaa942ad53386,c3b95aff4e8ce920cf04ddae0ad7b7af,delivered,2017-03-03T14:24:08.0000000,2017-03-13T14:38:04.0000000,2017-03-27T00:00:00.0000000,0,79.00,14.72,93.72,93.72
7f6767778dfebc9eb3bb27b43584789a,3601d7ff340f497fa2bbe5a612e88844,delivered,2018-08-16T19:55:53.0000000,2018-08-22T13:56:40.0000000,2018-08-29T00:00:00.0000000,0,91.90,19.83,111.73,111.73
304e7fc7db4a67a8ab0403ce4eb42ae0,03b59966dd366b58382e349fbaaa6231,delivered,2017-07-31T23:33:34.0000000,2017-08-03T19:32:58.0000000,2017-08-14T00:00:00.0000000,0,59.90,8.72,68.62,68.62
ebb7be9b346d08fc0d788e3b9e4bd02e,fa4cbecd3769852b295dd7f1072f860b,delivered,2017-07-27T09:24:18.0000000,2017-08-08T19:42:11.0000000,2017-08-28T00:00:00.0000000,0,79.90,15.31,95.21,95.21
4137fd6f4e14b76a3a0c9ad52bcd5e8e,68746de895faae694d07cc9dd9c78f7e,delivered,2017-12-15T13:09:39.0000000,2017-12-28T10:05:11.0000000,2018-01-11T00:00:00.0000000,0,76.89,15.98,92.87,92.87
ad807dc9b0ee5724709ced19ab71525a,16833ba7e54ba221e63cac5d9c78509a,delivered,2017-06-21T09:02:30.0000000,2017-06-27T14:56:56.0000000,2017-07-12T00:00:00.0000000,0,699.00,39.67,738.67,738.67
8d7b414446f4195d6aeb04abfcdfc86e,9a91c8c5ff3cbd56c19478dae95a412c,delivered,2018-03-25T20:34:15.0000000,2018-04-12T10:14:25.0000000,2018-04-19T00:00:00.0000000,0,254.80,64.37,319.17,319.17
9a6fd2478f561404120cecc289ea20a0,bfb1667cc8be7009f45c56b62f6009a6,delivered,2018-07-10T18:01:12.0000000,2018-07-20T20:06:28.0000000,2018-08-03T00:00:00.0000000,0,169.90,16.29,186.19,186.19
cc35448ebfa45049a22c185b46a7a46c,b88ae0903637e97b847d4dbf387ded51,delivered,2018-03-23T22:48:12.0000000,2018-03-29T17:21:43.0000000,2018-04-05T00:00:00.0000000,0,269.90,35.29,305.19,305.19
ef45f5b9b9146357bf702bb363b16899,5d1ac35d928dd8d9f9d1418aba5f4579,delivered,2017-04-09T19:56:36.0000000,2017-04-17T15:46:12.0000000,2017-05-04T00:00:00.0000000,0,39.99,14.52,54.51,54.51
c239944e346dc1fde937d68eaaf858ac,06c6202200ef99b1568c228c9e373abc,delivered,2017-05-23T11:54:23.0000000,2017-06-05T15:15:36.0000000,2017-06-27T00:00:00.0000000,0,49.99,34.15,84.14,84.14
6e93ed2e3c661536678cba89556cfc2e,1f13690f8784fa3cc097df70fc11827a,delivered,2017-04-22T09:37:55.0000000,2017-05-11T16:25:07.0000000,2017-05-17T00:00:00.0000000,0,369.00,54.13,423.13,423.13
8929dd94b6e68f8d1c3258d5fe4700e7,451a995ba5dc2665a4524890b7962f91,delivered,2018-01-18T02:11:56.0000000,2018-01-30T19:19:01.0000000,2018-02-19T00:00:00.0000000,0,49.95,15.10,65.05,65.05
7d923e68a94ad8d7a6f8e5041a147c17,46939ab7bca9dc469adc0c86acaa1082,delivered,2018-01-25T21:36:42.0000000,2018-01-29T15:48:57.0000000,2018-02-09T00:00:00.0000000,0,179.49,10.07,189.56,189.56
778101005371670bde7d9138e9203140,a04277988beb05911a7c9bbc5592136e,delivered,2018-04-27T20:41:03.0000000,2018-05-03T18:32:14.0000000,2018-05-16T00:00:00.0000000,0,99.90,22.05,121.95,121.95
fd7cce4167ef9737169204f0e7449b83,0eeb4f0372ef95b3a1ee7c278e2788c5,delivered,2017-11-19T13:57:09.0000000,2017-11-22T20:18:52.0000000,2017-12-01T00:00:00.0000000,0,149.90,12.75,162.65,162.65
323b3a9ecc47294402658286cce4f37f,27e09361aa7ba406bdabbee77fd5f4ee,delivered,2018-06-18T17:35:18.0000000,2018-06-25T21:04:09.0000000,2018-07-11T00:00:00.0000000,0,17.00,15.23,32.23,32.23
cb0bbf1c3c3c44727e7374c8ec944154,450a308ac9087c11e52bce959ef00335,delivered,2018-04-27T21:36:20.0000000,2018-05-08T17:35:30.0000000,2018-05-15T00:00:00.0000000,0,29.99,7.39,37.38,37.38
5a892744c3b95e66967667046d882541,b15488ccab328d7d8590c7a18f1390c9,delivered,2018-04-08T19:22:17.0000000,2018-04-13T22:41:46.0000000,2018-04-30T00:00:00.0000000,0,51.50,19.33,70.83,70.83
5accb23a030458bbfb5eb669903f05b7,e643215d64e8d8f969804bfdc98e50f1,delivered,2017-09-24T14:47:42.0000000,2017-10-09T20:03:57.0000000,2017-10-20T00:00:00.0000000,0,20.30,15.10,35.40,35.40
f161009fa560294248d76cf02ea7443f,c29b9637c3f255eb4b91e01a1f905f60,delivered,2017-09-20T16:58:40.0000000,2017-10-03T21:13:27.0000000,2017-10-18T00:00:00.0000000,0,24.98,30.20,55.18,55.18
3a69cf7fb9acd41b2781253402540b9b,766f1f01fc8ad721bd4c72207ed2fe08,delivered,2017-04-25T11:30:33.0000000,2017-05-08T13:39:03.0000000,2017-05-26T00:00:00.0000000,0,59.90,16.12,76.02,76.02
1df82016cb6fab694280ee06f74c65ae,a3409055c739fa7940d866b617b4c55d,delivered,2017-09-28T23:06:14.0000000,2017-10-04T18:46:07.0000000,2017-10-20T00:00:00.0000000,0,134.90,12.44,147.34,147.34
1d85312d372335db21f7f178c2325c6c,9fa1306390b435305462a28f708c783b,delivered,2018-07-23T17:03:40.0000000,2018-07-26T19:14:27.0000000,2018-08-07T00:00:00.0000000,0,133.00,25.80,158.80,158.80
4c217e3cc24f803307dea7d619377def,957d0f71c1ae9335c366d1db03ecf188,delivered,2018-08-13T18:03:59.0000000,2018-08-26T12:58:46.0000000,2018-09-25T00:00:00.0000000,0,66.99,19.38,86.37,86.37
8964e929ea610b2c2b98e3c4d1bb86d8,16fdfe3c4f948f802baee3f32d1f99fe,delivered,2017-02-12T13:12:39.0000000,2017-02-23T10:51:22.0000000,2017-03-14T00:00:00.0000000,0,139.00,15.14,154.14,154.14
b7579d24f5b2dd3e20f2e57d0e07d170,76cff9a9995b25f21d51697f49f87652,delivered,2017-04-21T17:49:46.0000000,2017-05-25T16:54:46.0000000,2017-05-11T00:00:00.0000000,1,447.00,19.28,504.37,466.28
945cebd7f0d6886e7971663839507ec4,c69e9b9095b1491d57aed0483eb1b9e6,delivered,2017-12-06T13:07:22.0000000,2017-12-18T21:09:33.0000000,2017-12-29T00:00:00.0000000,0,37.90,11.85,49.75,49.75
f222b3fc537088809c0a227ebac8c7ab,59cf4c327aa95805d5ad82925bdb430f,delivered,2017-08-26T15:49:30.0000000,2017-08-31T16:43:13.0000000,2017-09-14T00:00:00.0000000,0,65.90,12.80,78.70,78.70
74a243809fa8841223db188cbcc488ab,6d8642f4096c5670ea62758a8c921a7f,delivered,2018-01-10T11:22:49.0000000,2018-02-07T14:13:10.0000000,2018-02-21T00:00:00.0000000,0,258.00,58.60,316.60,316.60
a69ddc335f989aa05576bc19f8b9a549,4b2c1822404badb9d24841b907cf9afe,delivered,2018-01-18T15:46:59.0000000,2018-04-18T15:41:50.0000000,2018-03-29T00:00:00.0000000,1,179.99,82.08,262.07,262.07
78a192ee84633d7c3a125c57c6e4d970,37ace61b03edce757da03dddbb3edac2,delivered,2017-10-22T17:28:43.0000000,2017-10-27T18:46:43.0000000,2017-11-09T00:00:00.0000000,0,30.00,17.06,47.06,47.06
c00d54903f6f9af108ff7b371a2999e6,0b07568bfcc48faa6a88e17970605a31,delivered,2018-05-07T21:51:53.0000000,2018-05-15T16:13:02.0000000,2018-06-05T00:00:00.0000000,0,119.00,25.31,144.31,144.31
c2fe713d93a9f489de49d6a79eb7f45c,196052c199e9dd6d68c99780c0a38e77,delivered,2018-04-24T01:39:06.0000000,2018-05-10T01:03:33.0000000,2018-05-16T00:00:00.0000000,0,55.00,22.97,77.97,77.97
a5c81bfe0a74d9a415cff0ed027f468d,0e79189ae07ae153e49329776b5e9304,delivered,2017-05-30T20:44:31.0000000,2017-06-06T12:22:49.0000000,2017-06-26T00:00:00.0000000,0,39.70,16.92,56.62,56.62
7d0c53f67b84e94a751d09f03fe58e99,72c990123f7cab26cd90a4e62025dd77,delivered,2018-08-02T20:27:51.0000000,2018-08-09T13:34:32.0000000,2018-08-30T00:00:00.0000000,0,59.98,36.62,96.60,96.60
7cb67275a494651008ed5b1f0353ddce,84c705277cb95c7f347ada3ce5f1bbd9,delivered,2018-06-30T12:14:21.0000000,2018-07-11T14:52:43.0000000,2018-08-01T00:00:00.0000000,0,51.98,36.56,88.54,88.54
6c5727658a49990433c383e058dd39e4,f7ecb130fa478f9f5bee1b9a55293db4,delivered,2017-05-19T22:46:23.0000000,2017-05-29T14:37:56.0000000,2017-06-01T00:00:00.0000000,0,759.00,13.51,772.51,772.51
d7902cb5d7fd1f143aff7375644c6d7a,97aefdbdbd4827e77ef2b1c3bb50d60a,delivered,2017-09-01T13:39:38.0000000,2017-09-26T20:18:04.0000000,2017-10-04T00:00:00.0000000,0,49.95,15.10,65.05,65.05
6ba74355a0bd6d93ae590f6d510958b8,4183a12bf979a9f05ebaf0c45eef6120,delivered,2018-06-12T13:09:12.0000000,2018-06-22T15:39:35.0000000,2018-07-16T00:00:00.0000000,0,22.50,40.43,62.93,62.93
c97623da13aeaddc6de228746da872bb,65acdabe561c40175647855bd9c61d07,delivered,2017-12-29T11:02:33.0000000,2018-01-04T20:19:44.0000000,2018-01-18T00:00:00.0000000,0,157.77,9.30,167.07,167.07
784b0448b2075a95afcf2a55310b7238,4d5110d0a2b5239cb983610da1d18774,delivered,2018-05-16T20:57:48.0000000,2018-06-01T20:14:44.0000000,2018-05-24T00:00:00.0000000,1,18.00,8.29,26.29,26.29
2dc8ae13ff86f4dcefb60ddfbaf43df8,20e9296ee6e31e906dd832d82eed92ba,delivered,2017-04-24T22:09:33.0000000,2017-05-04T13:34:53.0000000,2017-05-19T00:00:00.0000000,0,139.90,19.57,159.47,159.47
82ddf38783ac58b33eb4a6e617f85a22,080dfe3c493444a1fe042b4668e4b01d,delivered,2017-07-05T13:08:23.0000000,2017-07-13T23:41:18.0000000,2017-07-27T00:00:00.0000000,0,56.90,15.15,72.05,72.05
21ad66a2631bea1c9b697b500c20f1c1,055e90449730145d8428d60bf4914154,delivered,2018-04-30T16:02:54.0000000,2018-05-03T20:21:09.0000000,2018-05-16T00:00:00.0000000,0,12.90,7.39,20.29,20.29
44a10a741d51010c1440fc7337b5ff6e,08185246997b160bfdc98c4804abae71,delivered,2018-02-10T09:25:05.0000000,2018-02-22T22:04:08.0000000,2018-03-07T00:00:00.0000000,0,69.90,20.98,90.88,90.88
e35b67f3b9778766f35d9d6e11af1761,df9c907a19d1c599e071af85fcb04f92,delivered,2018-04-03T22:54:22.0000000,2018-04-10T16:20:58.0000000,2018-04-25T00:00:00.0000000,0,158.00,13.55,171.55,171.55
6af5d730993da615e313627e0ac37f87,f48205601396f53905f1d9e5370f621e,delivered,2018-05-07T14:33:53.0000000,2018-05-14T17:14:56.0000000,2018-05-25T00:00:00.0000000,0,124.00,14.95,138.95,138.95
741be6dc102de903336e1a6acb2c44e8,69ac5f3d593857624021f06cabfa584e,delivered,2018-02-19T17:46:18.0000000,2018-02-27T18:48:32.0000000,2018-03-19T00:00:00.0000000,0,99.90,23.57,123.47,123.47
3082c654714ec45c9d03de5aa2dacc2a,746ff2815fdfb80b91a40ff562c7ad96,delivered,2017-11-26T01:05:59.0000000,2017-11-29T16:52:54.0000000,2017-12-11T00:00:00.0000000,0,29.00,8.27,37.27,37.27
531adaed1a1981c1cf381bbf3a4a3895,732bfc93800b812e36e9df56ba1c376c,delivered,2017-06-08T17:30:42.0000000,2017-06-19T20:19:43.0000000,2017-07-07T00:00:00.0000000,0,134.90,23.81,158.71,158.71
31dccf9e7042d47f0c7e77a6952d9ec6,3b235f2d5d4e9a29456aaeeb65a4b8ae,delivered,2018-07-15T11:31:23.0000000,2018-07-20T17:14:31.0000000,2018-07-30T00:00:00.0000000,0,52.90,14.68,67.58,67.58
0d4628fecf8a76472ac1da3ebef92072,e4800add327af5e8c4c04f377fb1779a,delivered,2017-12-23T16:45:12.0000000,2018-01-09T21:52:13.0000000,2018-02-14T00:00:00.0000000,0,239.00,77.19,316.19,316.19
80509330a373b52445d3c8622c3fb9b6,99b27fd81ccca7419e44f9a0563af9e7,delivered,2017-09-01T08:56:21.0000000,2017-09-18T20:40:01.0000000,2017-09-22T00:00:00.0000000,0,89.90,21.12,111.02,111.02
251290bd4ffaeb9e5e29158f3ea21c93,663bf83c0a98f8f2262f24b8f42752e3,delivered,2018-06-10T22:27:15.0000000,2018-06-26T11:34:36.0000000,2018-07-12T00:00:00.0000000,0,43.00,19.04,62.04,62.04
caa157284ffa71411abb3f7b94102de5,b73fa7b0e7d0ff662fdcb964eb2bb4b2,delivered,2017-08-06T21:38:10.0000000,2017-08-14T19:23:38.0000000,2017-08-30T00:00:00.0000000,0,58.99,16.66,75.65,75.65
9f57815d406a0864b852f229ee3aadff,ef9b1a2e4cecb4ca7dccd1e3ee8400fa,delivered,2017-10-03T13:21:39.0000000,2017-10-09T17:44:02.0000000,2017-10-19T00:00:00.0000000,0,109.00,8.51,117.51,117.51
fd3dec101097b7fd62ae62c0e627f70a,8c2f13c6e90063bd06a0f8279a3cc39e,delivered,2017-11-25T14:25:29.0000000,2017-12-14T22:52:00.0000000,2017-12-18T00:00:00.0000000,0,599.65,18.95,618.60,618.60
0c00bf3feaaced2a198154419c788fc5,a4f809d1f8681ff7b4c03a3294528963,delivered,2017-03-20T17:15:11.0000000,2017-04-04T15:49:42.0000000,2017-04-18T00:00:00.0000000,0,176.99,83.09,260.08,260.08
d2c902f172e80f22126d53d9ff7871b2,8a320a211ebebf7ce02c6a514f0aaeac,delivered,2018-07-03T20:52:04.0000000,2018-07-06T18:12:25.0000000,2018-07-17T00:00:00.0000000,0,55.00,7.65,62.65,62.65
c3a6dc9afef5794ea4a867b5a18e0ad1,0c305f688ce08dc9402a2164fd6f29d6,invoiced,2017-11-25T14:10:20.0000000,,2017-12-19T00:00:00.0000000,0,39.99,14.10,54.09,54.09
a79648ef5e1a257af5fde4c5f27040da,eb7d32b871d7e1d8f3dcce1aa4e095bd,delivered,2017-09-21T19:05:21.0000000,2017-10-16T18:17:55.0000000,2017-10-17T00:00:00.0000000,0,59.90,15.18,75.08,75.08
4cd02e8d4d592a91c4c7c1eac9fb7660,3b6a37d37f885df51402d44154c76bd0,delivered,2017-11-27T18:30:36.0000000,2017-12-10T16:42:39.0000000,2017-12-15T00:00:00.0000000,0,41.50,15.11,56.61,56.61
b41ff7b4b8380f9addca6c2db2b32594,4c0114d21b16e87469727d9e1f595074,delivered,2018-08-15T00:46:23.0000000,2018-08-20T17:51:28.0000000,2018-08-24T00:00:00.0000000,0,109.00,15.83,124.83,124.83
0e5120f3452260c976eae23edd2d5a0a,b7cc0d4e8c0ef697cfd7d12d18d04c88,delivered,2017-02-21T04:13:37.0000000,2017-03-02T12:14:11.0000000,2017-03-20T00:00:00.0000000,0,44.90,11.74,56.64,56.64
da00b2d19ef7893d6d963f973b629fe4,536b1df32316c329518b521111cf5496,delivered,2018-01-03T16:59:02.0000000,2018-01-10T14:20:35.0000000,2018-01-19T00:00:00.0000000,0,139.99,9.17,149.16,149.16
709d84dbb63f2afaaf2a48f69b56caa2,ab5babb0f97874afc275d813e711803c,delivered,2017-08-04T18:26:41.0000000,2017-08-16T17:34:13.0000000,2017-08-17T00:00:00.0000000,0,31.90,8.11,40.01,40.01
fdd4a2c5c0d42678df8d78ec3af7d314,575a71542cb997454c1c4027271f8960,delivered,2017-07-26T19:44:03.0000000,2017-08-03T19:07:27.0000000,2017-08-17T00:00:00.0000000,0,199.80,39.20,239.00,239.00
b727342259c06ae7d97115cb632073bb,c74e5dcd997cf60c03687a48e7af8492,delivered,2018-05-12T01:04:09.0000000,2018-05-21T19:42:55.0000000,2018-06-04T00:00:00.0000000,0,29.99,18.23,48.22,48.22
89451210b2cc4272b890f6f79cd9f065,6a53479026877bec7081573c4fb9489f,delivered,2018-01-13T14:57:54.0000000,2018-02-08T18:34:09.0000000,2018-02-15T00:00:00.0000000,0,124.99,21.67,146.66,146.66
bda31774eda0320ee68c33da94027e4d,15b7fb20d8805996eca064ddedb843c6,delivered,2017-01-23T18:34:12.0000000,2017-02-03T08:37:33.0000000,2017-02-28T00:00:00.0000000,0,129.99,16.02,146.01,146.01
c64988ee72ec569d6465ac91526672a4,6dd7106231347cf1197b48cfac1db9a1,delivered,2017-10-22T13:59:06.0000000,2017-11-04T00:24:56.0000000,2017-11-17T00:00:00.0000000,0,59.90,15.17,75.07,75.07
3f8ef8494797fd747668dde5870c1a76,b3b7a79be761431b60e2945100e694cb,delivered,2017-12-11T19:56:32.0000000,2017-12-21T19:29:00.0000000,2018-01-05T00:00:00.0000000,0,19.90,14.10,34.00,34.00
377627ea55b004e8d55a2af17ba3c0e1,3f0bd16414d5fee5cb1d19769c3c825e,delivered,2018-05-20T13:52:02.0000000,2018-05-22T14:56:33.0000000,2018-05-29T00:00:00.0000000,0,199.00,8.26,207.26,207.26
06aea78197dd41a649372acb8dbc33fb,71982df42edbf42a7d4bcd238f007214,delivered,2017-10-03T10:00:51.0000000,2017-10-13T21:49:46.0000000,2017-10-27T00:00:00.0000000,0,34.20,11.73,45.93,45.93
1e9ea7d5f669d780b187f487a03c3f7b,f7b0cc4e42b4ccf20819cbba292745be,delivered,2017-11-12T23:36:14.0000000,2017-11-23T18:43:11.0000000,2017-11-27T00:00:00.0000000,0,37.99,8.72,46.71,46.71
8f723b9103b44257ac35a1e9b9e49fbf,301c043a32bc18bf8180bfa2e254180b,delivered,2018-08-13T10:55:44.0000000,2018-08-21T14:57:52.0000000,2018-09-04T00:00:00.0000000,0,107.99,15.86,123.85,123.85
e5c7db6481f467875bd4d52357a8f8a1,b60a568698ca321102eee61a276055ef,delivered,2018-02-26T14:18:53.0000000,2018-04-04T21:29:59.0000000,2018-03-23T00:00:00.0000000,1,74.90,16.96,91.86,91.86
8b2a0ec9c603b19e5b32deaea59ec02c,c2f2e9910c65287d903244f1a3e4472e,delivered,2017-07-17T22:51:34.0000000,2017-07-31T18:09:45.0000000,2017-08-14T00:00:00.0000000,0,119.94,28.20,148.14,148.14
3d47aacc4c27ad170b1004695eb0c359,959d795bc3b33ca52a761718ec8f9135,delivered,2018-07-30T21:31:03.0000000,2018-08-09T16:08:49.0000000,2018-09-06T00:00:00.0000000,0,64.99,22.39,87.38,87.38
9c104b0d2f584506ce7b30bab9d2dd95,6483e3c6cd89ff69fc3ee541622a2432,delivered,2017-11-24T23:51:54.0000000,2017-12-19T17:38:49.0000000,2017-12-18T00:00:00.0000000,1,38.99,15.10,54.09,54.09
c3c9936a34e4665a38df40a466a463ec,5e8c08d41152861ebc1e757948ac1d49,delivered,2018-07-13T22:19:35.0000000,2018-07-20T19:18:35.0000000,2018-07-31T00:00:00.0000000,0,109.00,22.58,131.58,131.58
776e5572d4969b8fa5b72b0fde398f6f,a0b5cdd54fb202fb47805688f4577c8f,delivered,2018-06-28T23:20:15.0000000,2018-06-30T16:06:20.0000000,2018-07-12T00:00:00.0000000,0,39.99,7.54,47.53,47.53
129832042bc2898155b5ebf3b2058585,ea58700bf1ac6fda590a7f01242c2bfc,delivered,2018-08-15T19:50:32.0000000,2018-08-22T23:58:43.0000000,2018-08-29T00:00:00.0000000,0,35.80,25.58,61.38,61.38
08dfcccb31a3a2b6f527d245ebd3310b,1fe914be3f4027b4b54be92fdb3438f7,delivered,2017-10-03T09:53:38.0000000,2017-10-18T20:27:40.0000000,2017-10-30T00:00:00.0000000,0,99.00,38.53,137.53,137.53
246d4a086a57d88a0e438c83cb44b94e,1caacc78626d0863daa8aff89de93bb0,delivered,2018-05-14T23:18:21.0000000,2018-06-21T23:46:22.0000000,2018-06-27T00:00:00.0000000,0,27.90,22.85,50.75,50.75
4059a20ed837ba80adc17e94bf2f852f,5ad589ec5a8cc1bdbac761dfda386ff9,delivered,2018-01-31T10:51:27.0000000,2018-02-08T22:23:05.0000000,2018-02-26T00:00:00.0000000,0,29.99,14.10,44.09,44.09
be6bc4cdcfc38b102553d294d1ba4725,ba3f81b4928e851009ff39ebeddd520e,delivered,2018-06-25T12:35:38.0000000,2018-06-26T13:35:23.0000000,2018-07-16T00:00:00.0000000,0,29.60,23.72,53.32,53.32
611e352f93ae51674ed15e44ec53f99e,20e642183661bc171e3bbaf3e6098d91,delivered,2018-01-26T21:27:53.0000000,2018-02-15T17:23:25.0000000,2018-02-20T00:00:00.0000000,0,53.00,14.12,67.12,67.12
89748efed53e1564874c18426bd038c8,1bb6d37f5965011ccde1cd4a42e20917,delivered,2017-08-04T12:44:35.0000000,2017-08-11T17:53:37.0000000,2017-08-28T00:00:00.0000000,0,52.90,13.39,66.29,66.29
a1031a3fcd990edb954ba03274a2c39d,21cfe8ae0bbbc0853ed7b1532f3dd7ea,delivered,2017-02-07T17:03:30.0000000,2017-02-13T11:21:48.0000000,2017-03-10T00:00:00.0000000,0,550.99,17.62,568.61,568.61
98fe01bc254b759c1f2c11d77c2891d5,30f3b26a06e5a67682305298f83e6be3,unavailable,2017-10-17T18:34:56.0000000,,2017-11-24T00:00:00.0000000,0,,,199.06,
42752f96b7094cee19928f7b4317d7c9,b65f218608d7b053eb117b493cd80780,delivered,2017-12-18T21:00:29.0000000,2018-01-08T18:25:19.0000000,2018-01-18T00:00:00.0000000,0,12.49,16.79,29.28,29.28
7db7b9cedc55070de0647ef4ca386efa,ee2ae4200c019e2d79caa3433262d63b,delivered,2018-02-18T18:19:51.0000000,2018-02-26T19:08:06.0000000,2018-03-09T00:00:00.0000000,0,110.00,20.26,130.26,130.26
542e3cb5f8f6657a8822ad52a57552ed,52e6f8d0061d8cd1f500952398e1c8ca,delivered,2018-06-18T14:42:50.0000000,2018-06-26T12:06:38.0000000,2018-07-17T00:00:00.0000000,0,169.00,57.66,226.66,226.66
3568894fa3afedc367d3a4816983dceb,bfbe1fd99d9d53a58d06966a0f4eb5de,delivered,2017-01-24T15:59:17.0000000,2017-02-09T06:28:44.0000000,2017-03-01T00:00:00.0000000,0,320.00,19.53,339.53,339.53
e4992b3b826ff19edba39e9a4d9dae26,7ac99a97fd540a8add7900eec14ecc2b,delivered,2018-07-18T21:37:45.0000000,2018-08-08T05:46:54.0000000,2018-08-30T00:00:00.0000000,0,1429.90,70.29,1500.19,1500.19
8fa3ca81ea5bfd6524490d91832821b1,42a161720667afb9998d609863391870,delivered,2017-10-27T11:58:54.0000000,2017-11-07T17:49:39.0000000,2017-11-10T00:00:00.0000000,0,33.49,11.85,45.34,45.34
6b654c2dc2e7c610cb22c325fb723057,5239179f060acba3aae48fdc19d479ea,delivered,2018-07-04T10:15:33.0000000,2018-07-14T14:28:31.0000000,2018-07-17T00:00:00.0000000,0,34.90,11.97,46.87,46.87
b067f7c5967819ff5e1cff8bd3814a6d,c87654c6c5492c2615a6c135b017bccb,delivered,2018-08-07T16:16:04.0000000,2018-08-15T15:19:52.0000000,2018-08-22T00:00:00.0000000,0,139.00,15.28,154.28,154.28
7cf158d0e4744ba4ce58e5a9be631f7e,8558227007218197a4d8ac26e41ab22f,delivered,2018-01-13T09:31:19.0000000,2018-02-08T02:23:53.0000000,2018-02-19T00:00:00.0000000,0,157.77,18.38,176.15,176.15
d231fd01d6c8e36e503f1a7f8a9734ea,643806a497cd1633636c26f70c58e63d,delivered,2018-06-17T11:57:58.0000000,2018-06-20T15:11:00.0000000,2018-06-29T00:00:00.0000000,0,89.90,11.65,101.55,101.55
485c8e15ad0c30dc2d7aaf0165572c19,7a53f98dd19fa1493d14741d38ef87b2,delivered,2018-05-11T10:49:37.0000000,2018-05-21T17:27:25.0000000,2018-06-11T00:00:00.0000000,0,59.00,22.12,81.12,81.12
e1c7f4633671b4409b11c0779ecddff2,743997967809a38986c47efc0467d830,delivered,2018-05-20T03:28:37.0000000,2018-06-01T19:47:26.0000000,2018-06-13T00:00:00.0000000,0,37.80,44.12,81.92,81.92
b682fc4ea655d9de9cd962462e16e738,99c336ab501ab1c1e70ad4e668e3442e,delivered,2017-08-03T10:20:08.0000000,2017-08-28T11:06:00.0000000,2017-08-23T00:00:00.0000000,1,121.80,26.21,148.01,148.01
52324f390c9414a6c6b4a2f1b24964b4,5a9dae6565b54b1a39d035684739bb91,delivered,2017-08-03T13:00:11.0000000,2017-08-11T19:24:29.0000000,2017-09-06T00:00:00.0000000,0,399.90,36.60,436.50,436.50
b239ca7cd485940b31882363b52e6674,e9b0d0eb3015ef1c9ce6cf5b9dcbee9f,delivered,2018-07-29T08:39:48.0000000,2018-07-31T23:03:28.0000000,2018-08-07T00:00:00.0000000,0,4059.00,104.51,4163.51,4163.51
87aad20d78d6e8072e6c80fe93a0931e,b9623982c4bd3fe52dd641612848e535,delivered,2018-03-26T19:42:54.0000000,2018-04-03T02:07:48.0000000,2018-04-24T00:00:00.0000000,0,98.90,13.81,112.71,112.71
2eb5ba20812f78127f6243fa27fb40e5,d5420a7dc4c5c1f95b7912368419f59f,canceled,2017-05-29T18:10:06.0000000,,2017-06-20T00:00:00.0000000,0,180.00,72.61,252.61,252.61
3fb155b4897652f5cdf1b5efff32a465,ab5a1016ed934dc4b18977cea536f65a,delivered,2017-11-30T10:15:17.0000000,2017-12-14T17:58:57.0000000,2018-01-05T00:00:00.0000000,0,559.00,37.27,596.27,596.27
b760ac65b36c9bbc913c2dd94131faf3,686ce156cefdae2f46a1b7917d96ef18,delivered,2017-12-04T11:57:38.0000000,2017-12-11T15:58:59.0000000,2017-12-27T00:00:00.0000000,0,79.49,12.06,91.55,91.55
624076d477f2670d9f41fd6f70390ec1,43e97a6a073accd257af8dfb5af2fc83,delivered,2017-11-24T15:59:09.0000000,2017-12-07T14:58:31.0000000,2017-12-28T00:00:00.0000000,0,199.90,18.97,218.87,218.87
86fd04412b2f1ed2c2e1a4ac3e3eb7e8,d71d5b39b7dfa38ca1beb3f5401ea668,delivered,2018-04-27T14:22:26.0000000,2018-05-04T20:46:40.0000000,2018-05-25T00:00:00.0000000,0,37.90,18.23,56.13,56.13
440b1d08fad401242f385a54ae6f0d33,4b89a252c0603079a05bc1fccacd5a52,delivered,2018-02-18T19:22:11.0000000,2018-02-27T17:05:09.0000000,2018-03-09T00:00:00.0000000,0,39.00,12.69,51.69,51.69
810c5451b24e7565d14608ed85dd3624,507f4a747b0dabc6ab5d6806bb70759b,delivered,2017-09-10T17:57:28.0000000,2017-09-18T22:53:53.0000000,2017-10-04T00:00:00.0000000,0,43.90,16.11,60.01,60.01
489b4af31f96f42648f0c0636a51b289,e49282ae3ee47bc3b2e30025544b25f5,delivered,2018-02-09T21:13:06.0000000,2018-02-18T13:58:47.0000000,2018-02-23T00:00:00.0000000,0,144.99,12.22,157.21,157.21
31663706a4dce48b09b134795a339baf,6669053672dc47efcec868e07443ee37,delivered,2018-06-16T20:30:14.0000000,2018-06-25T22:54:50.0000000,2018-07-16T00:00:00.0000000,0,105.00,18.54,123.54,123.54
fd190164f3696146e8a668324f90edc0,6c4578ce47ec34cc93da19ac6e3f8534,delivered,2017-06-01T10:42:34.0000000,2017-06-19T15:04:15.0000000,2017-06-22T00:00:00.0000000,0,29.90,13.37,43.27,43.27
f56dc9034c3962e36d49fb73baa12800,5c4795c07c0bd317adaf7406327bbfa9,unavailable,2017-08-10T22:20:51.0000000,,2017-09-14T00:00:00.0000000,0,,,205.81,
6e60346a3ee3876c1e4bc89c597ffcb8,2231986257f0ec3bf5abbc49d3320e9b,delivered,2018-05-07T00:45:02.0000000,2018-05-15T13:12:19.0000000,2018-06-01T00:00:00.0000000,0,93.00,30.59,123.59,123.59
b9a970bee0ad1aab9d4f291280670f78,c99932b765fc1b7a1c5a4c3f996f6f1d,delivered,2018-06-04T11:52:25.0000000,2018-06-15T13:42:47.0000000,2018-07-23T00:00:00.0000000,0,49.90,19.32,69.22,69.22
4afa896b00f5e0ed1bb02ca2e8329392,8694a671c2d494062387f869f450b192,delivered,2018-07-26T16:55:40.0000000,2018-08-01T19:38:53.0000000,2018-08-09T00:00:00.0000000,0,82.99,35.88,118.87,118.87
b77604241a9c04a66cf5b52681f78683,92b327fbdc38332751b832c28e013f58,delivered,2018-05-10T23:28:05.0000000,2018-05-17T01:14:50.0000000,2018-05-24T00:00:00.0000000,0,39.90,7.71,47.61,47.61
807d1d7f9ef2a3649f918a57fe2e2141,44dba573782d25dd9c85eeb29369ef88,delivered,2018-01-31T13:59:19.0000000,2018-02-03T11:58:30.0000000,2018-02-16T00:00:00.0000000,0,88.99,11.83,100.82,100.82
a7881f54a20f4f7547971f089438b078,735fb1ee87aa26987bc7e2416b167054,delivered,2017-03-22T10:35:21.0000000,2017-03-30T15:07:45.0000000,2017-04-18T00:00:00.0000000,0,33.90,15.65,49.55,49.55
b67a8588504e07ca0dca52eaa72a1829,a0785cc747d7c90762ca245c1cad20f2,delivered,2018-04-01T22:42:35.0000000,2018-04-06T19:12:13.0000000,2018-04-12T00:00:00.0000000,0,22.50,13.43,35.93,35.93
77161b77ce9e78961c94e6910f7b272a,061ec581de52487b1e96c24df4a70527,delivered,2017-03-16T17:11:49.0000000,2017-03-22T09:48:06.0000000,2017-04-07T00:00:00.0000000,0,34.90,10.96,45.86,45.86
00a77f9cc25b05b2004752593d7b8888,acb6cc6ec99086b8b53c858a0731c189,delivered,2017-06-22T19:53:24.0000000,2017-07-07T21:45:44.0000000,2017-07-14T00:00:00.0000000,0,177.90,18.50,196.40,196.40
43e99f3020b420b8aff15449ff4f7561,9a480b9c9decf04f8d95b4da30cc6141,delivered,2018-04-10T21:19:39.0000000,2018-05-14T17:51:45.0000000,2018-05-07T00:00:00.0000000,1,34.20,16.95,51.15,51.15
7352751ee1a007ee671e79e6b50dd809,b270bfbd3d8c070f36f1c9c885280e31,delivered,2017-12-08T14:33:20.0000000,2017-12-09T20:38:36.0000000,2017-12-27T00:00:00.0000000,0,56.89,9.74,66.63,66.63
e2ecc8a06aa292e6cf6f88f2826dd141,cac877e3b4e0495e13b2ad7c96aa5c11,delivered,2017-09-23T18:20:57.0000000,2017-09-29T14:35:21.0000000,2017-10-11T00:00:00.0000000,0,49.90,13.92,63.82,63.82
e86c9bfc5e5cce878c7d0c2419927cd7,02036d14d9326c01a123bd83626d48c0,delivered,2018-03-13T19:10:37.0000000,2018-04-23T19:20:55.0000000,2018-04-13T00:00:00.0000000,1,49.00,15.23,64.23,64.23
5a12cbb810a82e746a59a96625577a49,d95cf58956340c9cf5e4103e8d68157a,delivered,2017-02-23T22:03:07.0000000,2017-03-07T14:04:52.0000000,2017-03-22T00:00:00.0000000,0,99.99,17.54,117.53,117.53
61fca91868781e2844bebf0ba3129950,0299a3ec7aac3a18ea88cfa6cf8a74f5,delivered,2018-03-04T13:53:47.0000000,2018-03-12T14:05:35.0000000,2018-04-09T00:00:00.0000000,0,14.00,15.10,29.10,29.10
40db493fa22b26e65d2677bcc2c67344,25d2682aded06ed8da43cd4993ea3ec3,delivered,2018-08-03T20:43:35.0000000,2018-08-24T18:18:40.0000000,2018-08-29T00:00:00.0000000,0,11.87,15.23,27.10,27.10
f9c684af08dd580ce166558cc3c7d8ad,2fb2352bb92085869dbc2c73f802d07f,delivered,2018-05-19T17:34:20.0000000,2018-05-24T15:22:51.0000000,2018-06-06T00:00:00.0000000,0,79.98,13.56,93.54,93.54
6c2c28420cb6865ced69f6c260c27c24,f2b049ff24281feb3783cdc603ce75e8,delivered,2018-04-11T15:12:12.0000000,2018-04-13T13:34:46.0000000,2018-04-27T00:00:00.0000000,0,18.00,7.87,25.87,25.87
28e2f8073d78153ccf2053de91fc4db3,3c9c19f5250586bad6497c1beb04253c,delivered,2018-04-22T22:20:27.0000000,2018-04-30T18:56:35.0000000,2018-05-16T00:00:00.0000000,0,53.50,12.81,66.31,66.31
7c36932e3667e570c35752d13bbca443,376a23a2a549f521ceb336b0230b00eb,delivered,2018-07-30T18:54:21.0000000,2018-08-08T00:40:58.0000000,2018-08-28T00:00:00.0000000,0,350.00,29.11,379.11,379.11
6933367fed43572e9c92d801392b1e65,70a4e6115d9256bcf1fcef49250afa85,delivered,2017-08-07T09:25:20.0000000,2017-08-24T14:43:55.0000000,2017-09-11T00:00:00.0000000,0,152.15,26.35,178.50,178.50
493ee0d11061d1869586da75f46e78d1,062184594d2f701642d78351528e8592,delivered,2018-03-26T14:48:56.0000000,2018-04-05T14:06:39.0000000,2018-04-17T00:00:00.0000000,0,144.99,21.93,166.92,166.92
4030d047c111d2d8a990c6ccfd9e4081,571801f07099892d51d446575f25c857,delivered,2017-06-14T17:34:55.0000000,2017-06-26T14:27:30.0000000,2017-07-07T00:00:00.0000000,0,80.00,35.20,115.20,115.20
9ad6e11f3fe1f15641598b35cdef8849,1efefe2921f93169b360de8c6830c48f,delivered,2018-02-20T17:20:53.0000000,2018-03-05T23:13:34.0000000,2018-03-13T00:00:00.0000000,0,184.99,16.05,201.04,201.04
8f2c9e626786d2b5337f8dd444ddb79b,98a505463599ce446e333940e305e756,delivered,2017-08-03T15:46:28.0000000,2017-08-14T19:54:59.0000000,2017-08-29T00:00:00.0000000,0,89.00,14.37,103.37,103.37
693868f7e2e4ec2b5d0f1f35daee6917,a8dac1629e61a7b49a0cebd4ead70549,delivered,2018-01-31T11:48:09.0000000,2018-02-16T21:21:59.0000000,2018-02-26T00:00:00.0000000,0,49.90,15.10,65.00,65.00
4b81239fe83a49acf69014a6819d45f7,45b660ceff4b3fb644ed71cec139a81b,delivered,2018-08-15T21:36:41.0000000,2018-08-29T01:24:47.0000000,2018-09-03T00:00:00.0000000,0,28.80,16.39,45.19,45.19
cce9265db762ed6a292410cee5e5369b,7638f8b6a8a21e1256bfd5ceedc91a17,delivered,2017-09-13T11:14:46.0000000,2017-09-19T18:13:41.0000000,2017-10-04T00:00:00.0000000,0,349.90,17.21,367.11,367.11
36de74432623754a27b12d81c299f10b,3fc9ec2feb5971b0f7b8576581143b98,delivered,2018-06-13T09:58:52.0000000,2018-06-18T18:51:30.0000000,2018-07-05T00:00:00.0000000,0,222.30,42.54,264.84,264.84
20febe29f23cdee32db9532860db7341,9c242b314a3640d13a97aac4e172f966,delivered,2018-07-27T23:38:29.0000000,2018-08-08T00:08:46.0000000,2018-08-15T00:00:00.0000000,0,158.00,16.21,174.21,174.21
0bf1392e4d1b5bb968191f48c30e5628,b8ec04c8a20aa6136b207e84ec12593f,delivered,2017-11-26T15:50:34.0000000,2017-12-15T16:32:05.0000000,2017-12-15T00:00:00.0000000,1,115.96,13.83,129.79,129.79
1cfd2c6aa7a28ece5d2b6761de6a571f,a83f8e4b9176a5b958f7301342e32e59,delivered,2018-01-23T17:33:09.0000000,2018-02-07T22:15:11.0000000,2018-02-23T00:00:00.0000000,0,19.90,16.79,36.69,36.69
4b3fd3a64d55a7c04cdb0ed9af1e3016,7f029a8a6978dea243e88bd230b0e5f7,delivered,2018-07-27T17:39:58.0000000,2018-08-03T17:22:00.0000000,2018-08-31T00:00:00.0000000,0,228.00,32.99,260.99,260.99
d1d4b9ca8be351af77736cab87df238e,a6ca4afebc562b754b8736ff2d5adf52,delivered,2017-11-27T20:39:12.0000000,2017-12-01T00:06:50.0000000,2017-12-11T00:00:00.0000000,0,79.90,12.51,92.41,92.41
e2be0c01adce5e35793cdc2970d774fc,45c97f9488b916f6b0c210556ee28286,delivered,2018-07-19T17:24:12.0000000,2018-08-03T21:42:47.0000000,2018-08-13T00:00:00.0000000,0,319.80,54.84,374.64,374.64
c2878b60d8e2a4ee3b463b81e9ddd8c1,e13a9c939f54c93a902868caeb1bfa59,delivered,2017-06-14T11:38:11.0000000,2017-06-28T14:32:25.0000000,2017-07-11T00:00:00.0000000,0,12.10,16.79,28.89,28.89
e1d6acaba6d1e84b8514575b9ef6fd71,5a0367f1c6acdbf73e18d97acc43df80,delivered,2018-04-18T20:54:45.0000000,2018-05-02T17:52:07.0000000,2018-05-11T00:00:00.0000000,0,119.00,17.60,136.60,136.60
c76b5689857b2dc863826762f8b07cd3,dd27328b5c29932ba47b1feba48d58b5,delivered,2018-01-28T18:30:38.0000000,2018-02-16T20:34:02.0000000,2018-02-21T00:00:00.0000000,0,209.00,17.71,226.71,226.71
a93a558f0f06c1f1e70e57f2928826a5,6c5b1cebac95ee786db6cf1b79411f64,delivered,2017-11-23T18:23:19.0000000,2017-12-05T00:56:57.0000000,2017-12-07T00:00:00.0000000,0,34.78,8.72,43.50,43.50
81d8e5d965001789e9f871f474afaad5,4f3e1edfa3261b15f51c59030d12847f,delivered,2018-03-15T18:28:28.0000000,2018-03-23T00:38:46.0000000,2018-03-27T00:00:00.0000000,0,269.00,10.24,279.24,279.24
ad44a0bda2bbb5a18a19f298832cd566,1fa0d617aaf00999f4cbc66bd28a3e66,delivered,2018-08-09T12:44:54.0000000,2018-08-14T23:18:33.0000000,2018-08-15T00:00:00.0000000,0,59.90,7.68,67.58,67.58
471d17c72b833d90af58cd4fc9bd5942,de9c02d5160d868e7f5949bb84e7593a,delivered,2017-09-09T03:24:18.0000000,2017-09-15T18:12:55.0000000,2017-10-09T00:00:00.0000000,0,23.99,17.63,41.62,41.62
f237e8ddc05a21386ec9441d40f8e09e,c5293253d2861ddfc7811223b6dcbfcc,delivered,2017-02-09T23:19:27.0000000,2017-02-17T13:58:00.0000000,2017-03-08T00:00:00.0000000,0,89.00,13.20,102.20,102.20
b08358fdbc23fa2201ce6b08be2dddb7,148dae217fb9d16e644ffc8c9f214432,delivered,2017-12-27T21:42:55.0000000,2018-01-23T18:23:29.0000000,2018-01-16T00:00:00.0000000,1,80.99,11.77,92.76,92.76
493bfa3afd1c7c384e300b4f4b511048,47d35d8232327cb512ac7b6b84305871,delivered,2017-09-06T12:51:43.0000000,2017-09-23T16:26:23.0000000,2017-10-02T00:00:00.0000000,0,125.00,18.12,143.12,143.12
6164d50a564536f9c8081d0358573bad,ff83b1b9ffb0f2f60273867bb26f671e,delivered,2018-08-12T22:52:59.0000000,2018-08-14T20:04:39.0000000,2018-08-21T00:00:00.0000000,0,116.90,9.33,126.23,126.23
3dbf60040199f502ec5dd67f86b804ab,62cf43d7c0b82fa2b6910138d7f4f14e,delivered,2017-03-02T11:20:23.0000000,2017-04-13T11:39:04.0000000,2017-03-27T00:00:00.0000000,1,326.66,17.05,343.71,343.71
670de6983a9948e0bd029dd7ea1210e0,02077904459251edd6b421b05fae711c,delivered,2018-01-29T17:02:22.0000000,2018-02-07T21:08:35.0000000,2018-02-23T00:00:00.0000000,0,139.99,21.47,161.46,161.46
1f02df2b80d060dfde8445dcb32f347e,7b6c535bcfb880d63f8e01d209ef180f,delivered,2018-08-20T20:30:09.0000000,2018-08-27T18:06:35.0000000,2018-09-14T00:00:00.0000000,0,169.00,33.66,202.66,202.66
0af28d87520565eb3b57c9b2abe1a2cc,0a209a88c2e3dc2981c79ad85c558059,delivered,2017-10-05T19:23:16.0000000,2017-10-17T20:58:01.0000000,2017-11-06T00:00:00.0000000,0,2999.99,126.51,3126.50,3126.50
c2bf18efef73a92f7e23cdb8338c9413,18dd8dea5a8a50670bca1eed3164202b,delivered,2018-01-18T12:24:45.0000000,2018-01-22T21:48:40.0000000,2018-02-02T00:00:00.0000000,0,48.90,9.74,58.64,58.64
dbe267dee5dcb469508162440874551f,9cbea85941aeae8e6a33506e066a1913,delivered,2018-01-12T20:08:22.0000000,2018-01-30T21:21:41.0000000,2018-02-14T00:00:00.0000000,0,39.90,15.79,55.69,55.69
c3eb293fd154223498b6551a728203e8,1701ed88b1e8cb21051660d70d11d038,delivered,2018-07-19T14:06:04.0000000,2018-07-24T19:35:36.0000000,2018-08-06T00:00:00.0000000,0,299.90,28.40,328.30,328.30
2656fd6fdbfe33c6421cb390eef1a73b,683c56d8fb22ac87888587310311cf2c,delivered,2017-09-02T22:27:06.0000000,2017-09-11T20:41:34.0000000,2017-09-25T00:00:00.0000000,0,187.00,18.88,205.88,205.88
65b214a5e85949a6fcab64ff7e244426,1fcf3b848f9ca72b14d4ea76b2a4fe17,delivered,2017-06-01T21:09:51.0000000,2017-06-30T12:29:46.0000000,2017-07-07T00:00:00.0000000,0,59.99,17.73,77.72,77.72
16b0354e89f049afdd965c97e243dac6,ff891bcae7042cd5420f17811ab607d5,delivered,2018-08-03T21:33:14.0000000,2018-08-10T18:41:11.0000000,2018-08-17T00:00:00.0000000,0,27.99,15.30,43.29,43.29
7fa8751ea12ae88b7f25aecfa1f1e498,121ada84af097480e437f1a8c979f6a4,delivered,2017-02-15T09:41:08.0000000,2017-03-01T12:58:23.0000000,2017-03-23T00:00:00.0000000,0,99.00,18.97,117.97,117.97
6c30510910f5b4d215704b3b2b091161,b8872139767b713da5f6029f8b749ee4,delivered,2018-07-31T10:54:29.0000000,2018-08-02T18:18:41.0000000,2018-08-07T00:00:00.0000000,0,99.90,19.00,118.90,118.90
02608b91ec6070ff5fcd4b63dd964232,d5f23b6e251fdf6e84267303b9b84561,delivered,2018-02-23T14:59:08.0000000,2018-03-01T20:37:11.0000000,2018-03-09T00:00:00.0000000,0,30.50,7.78,38.28,38.28
190e8611451cfad038f032f548f44c12,c66b54f9bc3001f6550cec597c77f8fe,delivered,2017-03-14T16:12:29.0000000,2017-03-27T13:33:01.0000000,2017-04-12T00:00:00.0000000,0,84.90,24.79,109.69,109.69
6cadbcdea4da5368c7a801ce027f23f1,501c9cd7188003067cfbe04791e39d5b,delivered,2018-06-19T19:24:24.0000000,2018-06-21T17:11:13.0000000,2018-06-29T00:00:00.0000000,0,189.90,8.59,198.49,198.49
e6fc4ea08434b40ac98a0cb284e5a8eb,0809899bfc84b0bc917a8c279c5dbb5b,delivered,2018-07-17T18:36:02.0000000,2018-07-23T18:40:53.0000000,2018-08-06T00:00:00.0000000,0,24.90,19.08,43.98,43.98
fc0973ba8c96e67e0cfb458c1bac3a6a,95cca40cba8d9b592aa024f66b6ded35,delivered,2017-02-09T10:51:03.0000000,2017-03-08T17:59:10.0000000,2017-03-10T00:00:00.0000000,0,24.99,14.52,39.51,39.51
0d3528428e45b7c383b746222c715332,ee44d2be8e1662dc62aeadc5cc6b0965,delivered,2018-01-02T14:54:52.0000000,2018-01-13T00:19:13.0000000,2018-01-26T00:00:00.0000000,0,68.99,14.23,83.22,83.22
9dfbb7e30aa5cef397424ccd6e8edb36,fe5a1f08f1c468c24a9bbfa507678cca,delivered,2017-12-14T17:34:09.0000000,2017-12-26T21:54:45.0000000,2018-01-09T00:00:00.0000000,0,72.90,14.26,87.16,87.16
914e3f7135c8d9046278a046552ebb6e,078bfceb258f6ee262174cbf251aa763,shipped,2017-04-11T12:22:13.0000000,,2017-05-16T00:00:00.0000000,0,33.20,29.39,62.59,62.59
481f2db41ea6571226192db2b584fa6e,bae2e17717f1e6f357bbac0107dabfd6,delivered,2017-01-26T18:27:04.0000000,2017-02-13T13:34:45.0000000,2017-02-22T00:00:00.0000000,0,30.97,14.52,45.49,45.49
331d08be3644402c007ee13cf7e21533,da71cfb20c75ac5ca5fd0552932a6952,delivered,2018-03-06T14:57:16.0000000,2018-03-08T20:58:24.0000000,2018-03-19T00:00:00.0000000,0,70.00,20.18,90.18,90.18
96245f4488be31192a246b608e6deec4,fba3732f0dcc23e5c1be212d0c297f01,delivered,2018-05-01T19:45:49.0000000,2018-05-11T17:31:57.0000000,2018-05-28T00:00:00.0000000,0,99.90,16.29,116.19,116.19
30300815be5e1666c028d3c07e86f847,af7a3089208b3025628fce28d1d4576c,delivered,2018-04-12T21:42:13.0000000,2018-04-24T19:04:44.0000000,2018-05-07T00:00:00.0000000,0,19.60,30.46,50.06,50.06
9080ebdad2fcd9c48834d12a13059598,750a271fdcccf222476369e4340d7274,delivered,2017-11-27T15:56:53.0000000,2017-12-11T17:37:09.0000000,2017-12-20T00:00:00.0000000,0,49.00,17.64,66.64,66.64
03d842e44ef7cae41da34acb402983fa,68b7ff9f504488d359f5933200a0bacf,delivered,2018-07-20T10:46:14.0000000,2018-07-27T15:44:50.0000000,2018-08-09T00:00:00.0000000,0,59.90,43.22,103.12,103.12
7131224bb3afd2aa3e6b81ca40bd8e4a,6d17655475970195afeb70c1f2fa4b80,delivered,2017-12-14T10:19:21.0000000,2017-12-17T16:36:41.0000000,2018-01-03T00:00:00.0000000,0,129.99,14.51,144.50,144.50
01380d0df5b7dc8bd13f2266a57bd42c,c903ba1283fbd5c51a9bad4ec9fd8d97,delivered,2017-04-17T19:32:46.0000000,2017-04-21T11:24:32.0000000,2017-05-08T00:00:00.0000000,0,16.90,10.96,27.86,27.86
1594012ccc1b0770373ce691d697e5ae,e957d597f76d275f40a848397fb6c7c3,delivered,2018-04-23T19:05:57.0000000,2018-04-27T22:08:35.0000000,2018-05-08T00:00:00.0000000,0,330.00,32.17,362.17,362.17
02bee300cb834a5d334ae42fdc325e7a,9172f54a6e979ee28aaaada718189c9b,delivered,2018-06-19T17:51:45.0000000,2018-06-21T19:11:42.0000000,2018-06-29T00:00:00.0000000,0,195.90,8.63,204.53,204.53
8b669c19c5b4dda001b9c7e14c8b0ce7,aab5f71172c9d9ed6a13eab7abe2b1c2,delivered,2018-06-15T15:52:21.0000000,2018-06-22T00:27:42.0000000,2018-06-28T00:00:00.0000000,0,137.28,23.00,160.28,160.28
751410acff2d9dbfee9158ae8e21d6d6,3e0d49ed5998234cb45d06c5ed7bcdf7,delivered,2018-03-10T15:06:18.0000000,2018-03-27T20:32:45.0000000,2018-04-12T00:00:00.0000000,0,679.00,56.88,735.88,735.88
7a268da1c6173cf3d0847a89afdaf84e,293407b5065d8fd7fa7077179c1cca3b,delivered,2018-07-23T19:10:00.0000000,2018-08-14T17:21:32.0000000,2018-08-10T00:00:00.0000000,1,129.99,19.82,149.81,149.81
d5b0848c1878546fbebe673d1d679b83,300cbcf2f05d4b9e0c68b316a05c0057,delivered,2018-04-24T08:43:53.0000000,2018-04-30T18:15:38.0000000,2018-05-14T00:00:00.0000000,0,39.90,12.79,52.69,52.69
82a6ea37c0c3ed2f6fe3a6029adbc589,9997d3fac97d1dd96ce13a68158e84ce,delivered,2018-03-20T11:42:25.0000000,2018-03-29T23:04:30.0000000,2018-04-18T00:00:00.0000000,0,19.90,17.06,36.96,36.96
e2fd3a04faecd73308b8d940dc3ab303,27436e9495d5df1bcb0b2240182960d6,delivered,2017-11-07T12:48:35.0000000,2017-11-20T19:43:03.0000000,2017-11-30T00:00:00.0000000,0,610.00,65.01,675.01,675.01
c4641ce744fc935456a95bc0c628a43c,cd717f4d257d83f8fc1444f73167b8d6,delivered,2018-06-27T10:25:10.0000000,2018-07-03T20:24:52.0000000,2018-07-23T00:00:00.0000000,0,37.47,18.36,55.83,55.83
b8cd3107b41b1232ec5ccc2958000acf,e7958b1dac84719b0e9250e063421045,delivered,2017-08-03T12:26:40.0000000,2017-08-25T18:37:37.0000000,2017-09-06T00:00:00.0000000,0,339.90,27.66,367.56,367.56
0e44c0c94c728c1ff7a501f705dd0e24,0f02dbc254d79af01b858e657016eb22,delivered,2017-08-03T09:38:26.0000000,2017-08-10T19:28:44.0000000,2017-08-25T00:00:00.0000000,0,105.00,17.98,122.98,122.98
97c2627d2b03483506cc348366822516,09041c3c23930a8bc1fe230bbc1ed19e,delivered,2018-03-30T09:24:16.0000000,2018-04-25T01:05:18.0000000,2018-04-27T00:00:00.0000000,0,152.00,17.61,169.61,169.61
4a34aa679137ec3d1b3ad0c4c8b7a7e5,9dfc1bb87ef24d2ce198b900048195f0,delivered,2018-03-16T13:32:49.0000000,2018-04-15T21:04:20.0000000,2018-04-10T00:00:00.0000000,1,129.00,65.89,194.89,194.89
fbd089d5e60178e50dfa3b157adc9dd8,35de873c66b67f107ac2236632eb58cd,delivered,2017-08-25T16:11:53.0000000,2017-08-29T19:43:09.0000000,2017-09-08T00:00:00.0000000,0,69.90,12.48,82.38,82.38
bbfbe3c62a4a810fb97d10267acb5f10,3e2f1eaa74e606c93ef2847f45b71a84,delivered,2017-03-24T10:27:25.0000000,2017-04-17T15:12:32.0000000,2017-04-24T00:00:00.0000000,0,34.99,17.78,52.77,52.77
30fe274ae9909568c501af6539d4306f,16fbb85003b2c83ea0ff31ed5022b9eb,delivered,2018-06-29T15:09:58.0000000,2018-07-06T12:47:54.0000000,2018-07-16T00:00:00.0000000,0,14.90,8.29,23.19,23.19
f1847d849e2d6711494f463343546542,d923a6f627368b7d0c3821d8dbd504b3,delivered,2017-12-15T22:24:06.0000000,2018-01-03T18:52:36.0000000,2018-01-12T00:00:00.0000000,0,12.90,15.10,28.00,28.00
880835c91a5227560bdb8d0f45c60579,410a24845e470f3c52bb78f084d359b5,processing,2017-03-08T09:10:55.0000000,,2017-04-04T00:00:00.0000000,0,79.00,17.98,96.98,96.98
b622754849d8831e9fd50f34f6b9a88b,fe250657d695f666b5f59845eb482823,delivered,2018-03-06T12:12:15.0000000,2018-03-23T20:08:27.0000000,2018-03-28T00:00:00.0000000,0,196.90,19.26,216.16,216.16
6b8dc65729f47b72edbe497fdc431c87,d05ee8d1fcfa1735b7de95c11b13cfcd,delivered,2018-06-25T14:09:03.0000000,2018-06-29T22:38:34.0000000,2018-07-20T00:00:00.0000000,0,47.90,19.53,67.43,67.43
2a03326bc3dd548e425fafa5c7be54ed,6d44f5e3a4196e1fd1cdee36fbc3c4e4,delivered,2018-06-16T13:37:17.0000000,2018-06-26T19:22:40.0000000,2018-07-12T00:00:00.0000000,0,49.99,15.45,65.44,65.44
237f9d2cdf1d87f8b252ad4e11bb42a7,829161c749b57a5e1a33703a77718e05,delivered,2018-02-17T20:54:11.0000000,2018-03-02T22:39:33.0000000,2018-03-21T00:00:00.0000000,0,90.00,21.43,111.43,111.43
05b2ebbb3869fd116a0a1c247ba70d00,115f6268f9705c6ed3b4119c8fe5f85e,delivered,2017-05-17T11:07:52.0000000,2017-05-24T13:16:01.0000000,2017-06-21T00:00:00.0000000,0,21.90,11.85,33.75,33.75
543a9bf05657bd3c5099de23d13139a1,d9721a87b4755c5e9a9f9a67ef484575,delivered,2017-03-15T08:19:58.0000000,2017-03-28T13:04:07.0000000,2017-04-13T00:00:00.0000000,0,259.80,61.89,321.69,321.69
529e1bb30ba6e4c420219a539593eee0,25aac06f1c893b78c7d26ff0a5308eae,delivered,2018-01-21T22:03:00.0000000,2018-02-09T18:52:35.0000000,2018-03-02T00:00:00.0000000,0,59.00,16.17,75.17,75.17
c6f02030f6bc633b8073c50178eb2833,28eaee40e9840e3442fb15d7c3655af3,delivered,2018-06-26T12:15:07.0000000,2018-07-04T19:25:41.0000000,2018-07-25T00:00:00.0000000,0,169.99,23.99,193.98,193.98
7150170dd81a1532b5906d0cc50618b3,660ca825143d9c95d6c9e88b80bfa6c6,delivered,2018-01-11T08:30:28.0000000,2018-01-19T17:59:10.0000000,2018-02-06T00:00:00.0000000,0,29.90,15.10,45.00,45.00
a1044dbf7beb1971c71d7b0f94836313,0310b25c98b10f9c6d22b9009455df37,delivered,2018-08-01T00:54:05.0000000,2018-08-09T23:51:22.0000000,2018-08-27T00:00:00.0000000,0,142.00,37.90,179.90,179.90
7f7b3e8f848e23fbcd3d2e096d12ef94,1eea983564b20daaf35af83ca571e950,delivered,2018-06-25T21:15:58.0000000,2018-07-06T13:11:20.0000000,2018-07-19T00:00:00.0000000,0,55.00,18.49,73.49,73.49
5370a96022220f889db213211b32740d,d57a120a63ef1c58d8704dbf52553318,delivered,2018-08-23T13:48:07.0000000,2018-08-29T14:26:47.0000000,2018-09-19T00:00:00.0000000,0,179.90,15.71,195.61,195.61
79832b7cb59ac6f887088ffd686e1d5e,ce3e77ff426cf554944d321064dd87f2,delivered,2017-11-21T08:52:33.0000000,2017-12-01T00:33:58.0000000,2017-12-15T00:00:00.0000000,0,59.90,19.66,79.56,79.56
fd0ea050aa7cb8693f02b9176d021a0a,eed8a1ec0be1729660683e943d605df5,delivered,2017-09-08T16:38:17.0000000,2017-09-18T20:56:51.0000000,2017-09-28T00:00:00.0000000,0,369.00,47.04,416.04,416.04
0334c2700a7e8ac0f3efeb36b4a91e68,48ee4490f797cdb00bf00f9255351ee4,delivered,2017-09-06T22:41:34.0000000,2017-09-19T19:52:37.0000000,2017-10-05T00:00:00.0000000,0,55.00,16.15,71.15,71.15
05e6501cdfbd86fe9a3a788c3d411091,a0262fcf5f286681fc96c8d2b8396208,delivered,2017-10-16T14:49:14.0000000,2017-10-19T22:07:33.0000000,2017-11-01T00:00:00.0000000,0,75.00,13.55,88.55,88.55
35e836760fcb033c916131ff094d1d21,52ea3af8cfa23076f574fe22f73e47ee,delivered,2018-03-02T15:57:44.0000000,2018-03-23T00:58:33.0000000,2018-04-04T00:00:00.0000000,0,499.90,19.94,519.84,519.84
3459f554a17b52bc945b6cb98f90142e,8d32ea7086cee1b02c9de6d5ffcb00d4,delivered,2018-03-25T13:42:17.0000000,2018-04-07T21:28:41.0000000,2018-04-06T00:00:00.0000000,1,21.99,7.39,29.38,29.38
9eb401aae2d502a73f4a27f97d3bebf5,f13bb2fb4cdf0a6655b9aaf846a73f13,delivered,2018-05-26T21:08:43.0000000,2018-06-13T18:36:37.0000000,2018-07-16T00:00:00.0000000,0,569.70,60.06,629.76,629.76
284c8e297603b066a7b64a7cbde7f9b3,4546f685cfe43aabb0bf3af4eabdc763,delivered,2017-06-03T16:52:47.0000000,2017-06-14T14:03:42.0000000,2017-06-27T00:00:00.0000000,0,56.99,11.90,68.89,68.89
e399680f053aca6ecc64cd1ec2c0741e,d42d70919f9ddfe513ce1d3df3ee8bec,delivered,2017-11-26T18:36:07.0000000,2017-12-11T19:42:44.0000000,2017-12-18T00:00:00.0000000,0,49.00,17.67,66.67,66.67
f23c71439ab24ac853522e783dd7dec2,68b7509c1f04aa6c537f935bb18b9645,delivered,2018-04-17T14:31:45.0000000,2018-05-04T20:36:57.0000000,2018-05-15T00:00:00.0000000,0,129.90,36.04,165.94,165.94
cc8389c87998ef48d592285b08d5106d,d23a0559b17d49af3cfb63c141bfd08d,delivered,2018-03-04T22:24:47.0000000,2018-04-02T13:38:35.0000000,2018-03-27T00:00:00.0000000,1,24.99,14.10,39.09,39.09
ea9184ad433a404df1d72fa0a8764232,92f70647283582ec50ca1bb5794f6c90,delivered,2018-08-20T20:10:03.0000000,2018-08-28T19:38:28.0000000,2018-09-11T00:00:00.0000000,0,89.00,18.72,107.72,107.72
dc32c5b96c5aa06641f7c32f3f1bce98,b5d99b818c44b7029424de7ce9798440,delivered,2017-12-10T23:02:03.0000000,2018-01-03T19:04:29.0000000,2018-01-12T00:00:00.0000000,0,56.99,16.16,73.15,73.15
67c8cb7add4e205c9021501079bc5f66,c1f66c1aa023b8b5a0f65327465efc7c,delivered,2018-08-16T15:35:40.0000000,2018-08-27T20:50:56.0000000,2018-08-28T00:00:00.0000000,0,159.90,8.38,168.28,168.28
24012690fe6562f4a154875f2f64ed93,5c964a570a4a20c82fb9798b6c555b19,delivered,2018-01-07T11:11:03.0000000,2018-01-11T23:18:27.0000000,2018-01-24T00:00:00.0000000,0,129.99,14.30,144.29,144.29
cb5084e6d5109655821d2054b7bec84c,16738db2ba964d2b05d642b0ff222451,delivered,2017-07-31T17:06:00.0000000,2017-08-07T18:12:00.0000000,2017-08-22T00:00:00.0000000,0,109.89,31.35,141.24,141.24
d8b81d0afc8e1dc9c448772c8789d612,ec6d733c729e45a75dcfa18d42c29c7a,delivered,2018-03-13T20:28:43.0000000,2018-03-29T16:28:57.0000000,2018-03-29T00:00:00.0000000,1,92.90,17.56,110.46,110.46
a62ca1ecd2ebb5a76f2df38e3024c324,63aa5b96f7dafc4bb3b80ee18c32b7f9,delivered,2018-04-22T02:43:22.0000000,2018-05-03T17:08:49.0000000,2018-05-18T00:00:00.0000000,0,28.82,19.32,48.14,48.14
5a1a4a4a31e003b67af6ef6dcb9750db,49c38c2dbdb7f2357b97af94661d1956,delivered,2018-08-03T11:46:40.0000000,2018-08-14T23:51:37.0000000,2018-09-06T00:00:00.0000000,0,129.49,27.21,156.70,156.70
55722f117fa81b20ab36bbfc3c8878dd,df1669128bc89d6b100a5cb141157b97,delivered,2018-04-08T21:05:50.0000000,2018-05-02T18:17:36.0000000,2018-04-27T00:00:00.0000000,1,86.40,19.57,105.97,105.97
b0f09542f907cada33dd7ff85f029a71,ad0d03e2b961f34fdc46f626f6862f00,delivered,2018-05-11T23:36:27.0000000,2018-05-18T21:05:02.0000000,2018-05-29T00:00:00.0000000,0,179.00,16.55,195.55,195.55
055336f2daf168319875b812d23de1d4,5840ca4dabfc4e4eac43cdc7123390c5,delivered,2018-03-24T13:13:08.0000000,2018-03-29T03:22:28.0000000,2018-04-06T00:00:00.0000000,0,358.98,19.22,378.20,378.20
570daa876f56bc4b6b5e503e01318c0e,b63e33229b055963236f49e39c1e8046,delivered,2017-11-22T18:23:16.0000000,2017-11-24T21:06:52.0000000,2017-12-04T00:00:00.0000000,0,72.48,9.94,82.42,82.42
9002c87ca6609313fe18204efa2c3a37,2224302c7f106ec29ae4a849b3d826af,delivered,2018-02-20T08:12:25.0000000,2018-03-06T19:46:47.0000000,2018-03-16T00:00:00.0000000,0,460.00,149.06,609.06,609.06
0fb09184aa674879c67d933523a4a0bb,1828873db87f59c258454599a88452b4,delivered,2018-06-11T22:00:28.0000000,2018-06-18T20:21:24.0000000,2018-06-28T00:00:00.0000000,0,79.90,18.86,98.76,98.76
56ce64b53ec3bb5b0525f21506619f8e,6d45947c18621227f1e82fda7a73f26c,delivered,2017-11-24T12:42:21.0000000,2017-12-05T22:36:39.0000000,2017-12-15T00:00:00.0000000,0,49.00,17.64,66.64,66.64
628287e102c84327f95402d4670434d2,0097c5abeb126a90646370f4a1cf3d93,delivered,2018-06-04T23:59:23.0000000,2018-06-16T10:32:17.0000000,2018-07-20T00:00:00.0000000,0,109.98,38.70,148.68,148.68
183a7d0aaaf6b16afaa897a44424494b,6976b13183e54d7c9dac5d94edefe662,delivered,2018-02-15T10:37:47.0000000,2018-03-26T18:32:21.0000000,2018-03-19T00:00:00.0000000,1,156.00,17.53,173.53,173.53
14dbe374dedd03ff06285484791c8d4e,d1435050629f62d0a602e7900894fa92,delivered,2018-07-31T21:48:05.0000000,2018-08-06T17:42:20.0000000,2018-08-10T00:00:00.0000000,0,56.10,13.97,70.07,70.07
21f1cdf47b2ebf6d58a4e07191ac5a98,2e947dd15ae10d889923d07c28b9ef23,delivered,2018-05-12T18:30:38.0000000,2018-05-17T16:02:47.0000000,2018-06-05T00:00:00.0000000,0,14.49,18.23,32.72,32.72
324213c21d2577b17bca52fb418cce03,aeaeb880137135bdc093ec402acea9c0,delivered,2018-08-08T18:25:48.0000000,2018-08-17T20:03:12.0000000,2018-08-22T00:00:00.0000000,0,97.50,19.87,117.37,117.37
e8c03a93e09bd0dde6dfabd1eac42235,4c6cc85a89f512df728a98f49b54c7de,delivered,2018-02-17T20:22:10.0000000,2018-03-01T23:13:02.0000000,2018-03-16T00:00:00.0000000,0,47.20,16.79,63.99,63.99
620b5f7f730ead80c8dba1202716a29f,6160230e6f8adb5cb023ad37203287a9,delivered,2018-04-16T14:21:41.0000000,2018-04-25T01:42:38.0000000,2018-05-09T00:00:00.0000000,0,49.90,15.23,65.13,65.13
c89f9200f57c5d1e1d7a7c6a98d45ff6,b68c905ab520e155e3e405bbf8dc1bb0,delivered,2018-02-06T20:55:29.0000000,2018-03-02T22:12:57.0000000,2018-03-05T00:00:00.0000000,0,96.36,16.43,112.79,112.79
f5c6db84c6a589ff1c0284e500a6acd3,2ad4f82ba85d382d9ee497dbe68d5c36,delivered,2018-05-21T16:33:10.0000000,2018-05-24T15:33:06.0000000,2018-05-29T00:00:00.0000000,0,109.90,9.12,119.02,119.02
698c42d4d45a628919b9b38241aebf4a,415318e16cc2f959d7c15cf63f127956,delivered,2017-09-20T13:56:43.0000000,2017-10-11T18:25:52.0000000,2017-10-24T00:00:00.0000000,0,368.90,50.02,418.92,418.92
6b8d21bbe1e219c7b5039f232ca30e46,2da3c88ac9284b3bf9bea4cb79fd0e47,delivered,2018-01-04T14:33:41.0000000,2018-01-16T23:31:52.0000000,2018-02-06T00:00:00.0000000,0,55.49,16.15,71.64,71.64
f798a01c8646f8e701280d70b10f84bf,46e11714d9f2fbe6e44ced00b92c73aa,delivered,2017-12-18T13:47:48.0000000,2017-12-28T14:51:51.0000000,2018-01-19T00:00:00.0000000,0,99.00,29.73,128.73,128.73
a5edec799559e5ad6a1afa8ad782a771,2151df75aff3122332dfc66083790d56,delivered,2018-07-16T19:40:09.0000000,2018-07-23T20:09:33.0000000,2018-08-07T00:00:00.0000000,0,99.00,18.79,117.79,117.79
7f78756aedc6c867e69e2dcfef932294,4df165e15f5c3b1bd4201efd8c8fe2c1,delivered,2017-06-16T10:32:52.0000000,2017-06-19T20:37:46.0000000,2017-07-06T00:00:00.0000000,0,279.90,13.46,293.36,293.36
dd501072091c950a1e6bb5ea9182df2a,345498125da8b61f64def813c4a2db79,delivered,2018-03-12T13:32:14.0000000,2018-05-14T15:18:58.0000000,2018-05-02T00:00:00.0000000,1,169.90,93.33,263.23,263.23
0be284f82e07ecf4a437f85b82ba09cf,a3777228aa1a73a3bf9a3127609cf68a,delivered,2018-06-16T09:18:08.0000000,2018-06-21T17:32:34.0000000,2018-07-11T00:00:00.0000000,0,99.97,15.80,115.77,115.77
297b78c63260d89009ce4a807842a5c0,ff92e1be6dc1bad3695547e321d2003b,delivered,2017-07-26T20:10:09.0000000,2017-08-11T21:37:41.0000000,2017-08-17T00:00:00.0000000,0,129.49,16.74,146.23,146.23
60b041f9c97f5cb1d089443156a52836,8dc532d8d7de85183b628175ba71e69e,delivered,2018-05-12T20:52:24.0000000,2018-06-05T12:16:24.0000000,2018-06-08T00:00:00.0000000,0,230.00,75.01,305.01,305.01
40df926a6d695cec9507ed972fa8b2f6,61911032487aa85b980785414f67e8b7,delivered,2017-04-03T18:20:46.0000000,2017-04-19T08:56:56.0000000,2017-05-02T00:00:00.0000000,0,129.60,11.52,141.12,141.12
00bd2cb7e9076e1ccc9f766fc01a4cfd,45016dcb53fa07cb0c050dc78b2d6f51,delivered,2018-04-18T10:00:14.0000000,2018-04-30T21:16:48.0000000,2018-05-23T00:00:00.0000000,0,98.81,13.81,112.62,112.62
c442924838668a8f207a02063556d814,9346c5bf5e6eac10f0c9feaff3eb306e,delivered,2017-11-16T19:37:21.0000000,2017-11-18T15:48:27.0000000,2017-11-29T00:00:00.0000000,0,184.00,13.84,197.84,197.84
ddf574153803a9012e68e479fa941b0f,84f9776d9f55cb53b6690857744ca1ba,delivered,2018-04-04T21:40:03.0000000,2018-04-21T06:19:16.0000000,2018-04-26T00:00:00.0000000,0,15.00,18.23,33.23,33.23
40deb01ced4c0d076432514cea0a091e,466ca075213145305a2760482ecf8c26,delivered,2018-03-11T11:55:16.0000000,2018-03-16T20:06:31.0000000,2018-03-23T00:00:00.0000000,0,18.89,7.55,26.44,26.44
6942e86d33b375b95195dda92c2f603d,d6cdfeca7b382005c0afaff5ee4c24cd,delivered,2018-03-24T18:25:24.0000000,2018-04-09T22:51:32.0000000,2018-04-26T00:00:00.0000000,0,30.00,18.23,48.23,48.23
45545b0586d46e77f4758cb7a15320b9,87cc80e439ab356ef3b045e8be9bcea3,delivered,2018-07-30T19:46:51.0000000,2018-08-01T19:28:54.0000000,2018-08-06T00:00:00.0000000,0,29.00,7.46,36.46,36.46
4b8332fdbf824168f691498b79e5e556,6d1fe6ac78f6c088409c33ab54124a35,delivered,2018-02-23T11:55:55.0000000,2018-03-08T16:51:58.0000000,2018-03-22T00:00:00.0000000,0,187.20,17.07,204.27,204.27
95e8e7edf6d02da861e93170a9953465,d5c3f175135abfeee7f63c1d64882156,delivered,2018-03-01T20:39:11.0000000,2018-03-16T21:32:24.0000000,2018-03-19T00:00:00.0000000,0,350.00,13.95,363.95,363.95
d341bf71429128ec496e8012f3f8e2a0,84cad6a5d13b2a45316812384327e16f,delivered,2018-06-12T21:41:59.0000000,2018-06-18T22:08:52.0000000,2018-06-29T00:00:00.0000000,0,84.90,14.90,99.80,99.80
a006e96e455871265c8ca46cf83bf54c,fcce126f6d5805434739fe769241e00c,delivered,2017-07-27T19:52:48.0000000,2017-08-01T19:25:42.0000000,2017-08-18T00:00:00.0000000,0,84.90,14.32,99.22,99.22
179b63fcfafb80e064370a2ce74c81f7,f63db8b1515a5d3606d101d9b9cf9fe2,delivered,2018-04-17T11:53:36.0000000,2018-05-25T13:41:46.0000000,2018-05-21T00:00:00.0000000,1,53.90,0.00,53.90,53.90
813bd43a2ed21157ce6f32346a63e01a,10606ec9144627ef888d2069483083a5,delivered,2018-06-25T01:14:24.0000000,2018-06-27T14:38:49.0000000,2018-07-05T00:00:00.0000000,0,109.99,9.52,119.51,119.51
24abde75980ca7fd4234cc23e098c2ee,e641f40e2e360a2c73d6cd8a50de252a,delivered,2018-04-24T10:08:21.0000000,2018-05-04T00:22:43.0000000,2018-05-18T00:00:00.0000000,0,29.99,15.23,45.22,45.22
520ddcbcf0082ed43b0a73ce1127f073,0c7e81c095866ddce9df46721a8a158a,delivered,2018-01-27T20:36:58.0000000,2018-02-06T12:22:40.0000000,2018-02-20T00:00:00.0000000,0,21.90,11.85,33.75,33.75
b686713e41eabb681b6e7948118f24f7,c7f26440b498a90f758f26eda34f1801,delivered,2018-03-19T12:14:50.0000000,2018-04-02T22:36:51.0000000,2018-04-19T00:00:00.0000000,0,144.99,17.28,162.27,162.27
ae5e5e33fbc4cfa818e4391563778f66,26107dfac63f8909bfbfaea86f095c05,delivered,2017-11-28T17:46:25.0000000,2017-12-03T18:38:35.0000000,2017-12-12T00:00:00.0000000,0,24.90,9.09,33.99,33.99
566c5bff1142c9d6003a83fd2e8ad1e5,892022d497c9598ce4a313f64ceaa87e,invoiced,2017-11-23T18:03:23.0000000,,2017-12-18T00:00:00.0000000,0,8.90,8.27,17.17,17.17
534c285356eb06898b7ea7edbb14476b,b692fb160782271845b7c858cbd9c1df,delivered,2018-03-23T08:49:19.0000000,2018-03-28T02:52:21.0000000,2018-04-11T00:00:00.0000000,0,255.00,24.10,279.10,279.10
68f0f840a681f5c203a817cdb263b739,2913c6807310716ade0bd399a9abca3e,delivered,2017-09-23T10:46:05.0000000,2017-10-13T17:33:47.0000000,2017-10-17T00:00:00.0000000,0,101.99,21.37,123.36,123.36
85be7c94bcd3f908fc877157ee21f755,54b307e9a6121f572faef4f220fbac3a,delivered,2017-09-21T22:00:36.0000000,2017-09-26T19:27:37.0000000,2017-10-13T00:00:00.0000000,0,59.99,12.76,72.75,72.75
abcbd7d5a339a1f5f553ba84b4d9cc69,da90cf906fefe43638ea19d590ad987c,delivered,2018-03-24T20:43:24.0000000,2018-04-12T22:09:50.0000000,2018-04-26T00:00:00.0000000,0,1299.00,23.97,1322.97,1322.97
47f1d4cd72cfee577340ecb01a3e8028,db4810eb355a4519838ae8a121975b6f,delivered,2017-11-05T11:12:52.0000000,2017-11-09T21:57:00.0000000,2017-11-24T00:00:00.0000000,0,299.90,13.60,313.50,313.50
99c9fec8ab028336e605f216e55337e6,1795d4e196e92788373519059c0e6897,delivered,2017-12-01T09:05:03.0000000,2017-12-18T18:35:16.0000000,2018-01-04T00:00:00.0000000,0,49.90,15.10,65.00,65.00
9c54a1816e487456bb7eb5082b9823ff,1d48a5dcde374b9d63b2c29e6af97cb8,delivered,2017-01-17T14:23:54.0000000,2017-02-08T08:43:59.0000000,2017-03-02T00:00:00.0000000,0,68.90,17.22,86.12,86.12
a7c06c01fe6ddeff25b3c60459b5fcb4,720f6f7d2b4d286d12fda1ea47781302,delivered,2017-05-29T09:28:35.0000000,2017-06-05T21:22:42.0000000,2017-07-03T00:00:00.0000000,0,49.80,23.70,73.50,73.50
d8d9232af59462bbb0961d11222ea210,22569cf3f36b02da715a15f53101ed52,delivered,2018-08-16T19:17:56.0000000,2018-08-22T17:48:53.0000000,2018-09-12T00:00:00.0000000,0,69.00,15.58,84.58,84.58
42d8cfd4e239b47ae745848a8bdd5193,43052296c9ba662bc8628ebf9661a86d,delivered,2018-02-26T10:30:52.0000000,2018-02-27T12:38:55.0000000,2018-03-12T00:00:00.0000000,0,54.90,13.08,67.98,67.98
e7e312612b232f936e5f1ff9ee5bc2b5,697100d1e9811a011dc96a0887406e50,delivered,2017-10-21T11:01:29.0000000,2017-11-01T16:12:43.0000000,2017-11-14T00:00:00.0000000,0,169.90,27.51,197.41,197.41
016fbc333d66b414be541c6159576c40,83fc79bfef5a8fb84c5d77f3748e0064,delivered,2018-05-30T18:09:10.0000000,2018-06-11T21:28:42.0000000,2018-07-24T00:00:00.0000000,0,84.90,18.52,103.42,103.42
ab87dc5a5f1856a10640d5f42e4c2fd9,538a4d02876412846b966a3c057395e5,delivered,2018-06-04T12:38:45.0000000,2018-06-11T20:39:49.0000000,2018-07-17T00:00:00.0000000,0,179.00,31.90,210.90,210.90
5295794ed329bd3ffd4581bc4a0627a5,bce1676dd0edb9474cba3d3aa9067024,delivered,2017-05-16T13:58:54.0000000,2017-05-25T09:28:55.0000000,2017-06-20T00:00:00.0000000,0,118.90,37.97,156.87,156.87
66e7b21711a5ac0d6b6a5f60e4c79a75,7f6e0647dfddaccdf6e140f98e0945bd,delivered,2017-11-28T14:31:04.0000000,2018-01-03T13:13:00.0000000,2017-12-21T00:00:00.0000000,1,83.23,15.33,98.56,98.56
002f16b7bc4530031b7d90f791b12d8a,1eeffe21744883fbf61fbf138dbb8eee,delivered,2018-07-02T16:51:47.0000000,2018-07-06T18:14:47.0000000,2018-07-25T00:00:00.0000000,0,249.90,34.23,284.13,284.13
d8d281c1a1398a1e835fdc4adfb81e2a,14c1e4101ca2dc7dbf876d9c9e6b11a6,delivered,2018-07-23T20:50:50.0000000,2018-07-27T18:27:42.0000000,2018-08-07T00:00:00.0000000,0,664.00,38.41,702.41,702.41
2b781b53b653523cf1337a742b71aed3,313d46bf885960e2f3a62effcfbd789f,delivered,2017-10-12T09:33:01.0000000,2017-10-20T18:06:34.0000000,2017-10-31T00:00:00.0000000,0,104.90,17.44,122.34,122.34
cb418bb4b6115438d20b0141ed5bc9e0,a7ea318cbe9df2ec79ab37cd7ca2135d,delivered,2018-06-07T13:53:52.0000000,2018-06-16T16:48:23.0000000,2018-07-18T00:00:00.0000000,0,3198.00,58.14,3256.14,3256.14
dcedac1406b3713259927ba54a3ad206,a8695124db570d100b87f73fbdaef64a,delivered,2017-11-22T16:56:05.0000000,2017-12-02T18:18:28.0000000,2017-12-15T00:00:00.0000000,0,69.99,15.25,85.24,85.24
6a7e99c1218ca32aefdff408295eb467,b1ae8978938a4a36dd3724b750b23d6c,delivered,2017-10-03T08:34:54.0000000,2017-10-10T18:17:34.0000000,2017-11-01T00:00:00.0000000,0,149.90,16.81,166.71,166.71
80dabd6ee5b0e0d7d5672d511ca8cc7e,fbea4ed949b70f597425d14164f82851,delivered,2017-10-01T20:04:21.0000000,2017-10-09T19:40:09.0000000,2017-11-03T00:00:00.0000000,0,89.99,16.39,106.38,106.38
7165aba369a4514fae50be36d6b5e592,31c084fb2c73c4aee537dbb9f96fc0f5,delivered,2018-01-17T16:32:19.0000000,2018-01-24T19:59:00.0000000,2018-02-07T00:00:00.0000000,0,57.80,23.70,81.50,81.50
7be005575f2d7598f774514a9e575f27,c4445fac077e8eb2dca9de6f5be8a6ca,delivered,2018-07-30T10:00:40.0000000,2018-07-31T17:46:55.0000000,2018-08-03T00:00:00.0000000,0,22.44,7.42,29.86,29.86
a7ed24c6e9dd5c83996984932b57c9dc,29397baa14b34d03bb0491d3a99564ca,delivered,2017-12-06T22:54:33.0000000,2018-01-02T19:07:23.0000000,2018-01-05T00:00:00.0000000,0,56.99,15.15,72.14,72.14
216bc8ebe70b73bb6e7e3270d9a5df56,7f6409eecd4073f3002766034aa36e62,delivered,2017-10-03T19:29:06.0000000,2017-10-09T19:18:51.0000000,2017-10-20T00:00:00.0000000,0,58.99,11.73,70.72,70.72
87a330a52c9e677f1252f2f17e54cf65,ad7bbfe917e8a82b01c911b1f6752c7a,delivered,2017-09-13T23:19:22.0000000,2017-10-16T16:35:32.0000000,2017-10-05T00:00:00.0000000,1,39.90,16.79,56.69,56.69
8a6687e2edd62edc2b9c1de51234bd98,7c93fdee2bef9805081b51d931b99bc7,delivered,2018-07-02T12:06:33.0000000,2018-07-10T19:32:05.0000000,2018-07-30T00:00:00.0000000,0,158.90,38.02,196.92,196.92
755acdbf6da2041544f004ead2cdd080,ee64351d93ed36563eea84500a3f558a,delivered,2018-05-05T12:40:10.0000000,2018-05-11T01:32:49.0000000,2018-05-25T00:00:00.0000000,0,80.50,18.44,98.94,98.94
d16e915397932f8b3510f595170d1d6b,020edf80d85585b9ccf1c48396ec32aa,delivered,2018-05-07T20:43:47.0000000,2018-05-16T18:56:50.0000000,2018-05-29T00:00:00.0000000,0,29.99,18.23,48.22,48.22
d79f6f82d928f3116b391795f3a4337f,458430198d0e879d5f272f5a5b959a2e,delivered,2018-03-09T22:35:23.0000000,2018-04-04T18:37:40.0000000,2018-04-06T00:00:00.0000000,0,50.00,18.23,68.23,68.23
577dbf4b3668adb656ec29c2ce049ab1,8dc378ece8c57180e796e818c803e577,delivered,2018-02-10T15:15:50.0000000,2018-02-15T21:17:06.0000000,2018-02-26T00:00:00.0000000,0,26.90,7.78,34.68,34.68
1ac975a2e0caad3a89c4c5bbdc8f996a,a883031033e9e3a9b75867f0bb39b4d4,delivered,2018-08-06T13:04:26.0000000,2018-08-13T23:25:37.0000000,2018-08-31T00:00:00.0000000,0,85.00,19.79,104.79,104.79
cfe5cfa623b5e9cd32abf47ac65b3776,f27d38186712a26c18ddaad3f3165e42,delivered,2017-06-14T16:29:40.0000000,2017-06-21T16:59:57.0000000,2017-06-28T00:00:00.0000000,0,36.00,8.72,44.72,44.72
77d9489f6394fff407ce6a4ab64957be,6aab7c3dcfc8d7221cf7096fcdb40f58,delivered,2017-11-20T14:31:13.0000000,2017-11-29T20:21:38.0000000,2017-12-14T00:00:00.0000000,0,138.00,15.73,153.73,153.73
ceecda7c9b24cbff643a6c5119a9ec6d,76127da03b20e432691fcc923788d9b3,delivered,2018-07-31T14:31:45.0000000,2018-08-06T18:05:43.0000000,2018-08-06T00:00:00.0000000,1,20.90,7.41,28.31,28.31
9b8dce6896a07b137779350966e11e99,8ab9de8260d0b7e0dc87c417a073e0e0,delivered,2018-06-10T22:06:29.0000000,2018-06-15T17:40:39.0000000,2018-06-28T00:00:00.0000000,0,44.50,14.29,58.79,58.79
eb94ceabe643cd28e6fb58503790a2e1,b576ef11e3b12196c16e412f8ab8e65c,delivered,2017-05-18T23:25:09.0000000,2017-05-23T22:48:35.0000000,2017-05-31T00:00:00.0000000,0,789.99,14.34,804.33,804.33
4d41aecae7fc035c91789128309fb7b0,66f301b13bbabd16970b1f7a8f4e40ac,delivered,2017-04-30T00:12:14.0000000,2017-05-16T14:55:52.0000000,2017-05-25T00:00:00.0000000,0,34.99,14.52,49.51,49.51
42895607072db349b61edb6cdbc363a3,2eb20bcef198dfa0ecc7d8e46ba0c856,delivered,2017-09-06T13:14:35.0000000,2017-10-05T18:37:25.0000000,2017-10-03T00:00:00.0000000,1,185.00,28.67,213.67,213.67
f07cd569c4555fbf9dd3568b7995827a,8f41cca39f1d5a5cbed373e947d79e55,delivered,2018-05-07T08:05:30.0000000,2018-05-18T17:37:27.0000000,2018-05-29T00:00:00.0000000,0,145.00,18.89,163.89,163.89
0711b9c575a5235790c3f863179c3267,0338cedf9fd370fe655047aaa0725078,delivered,2018-06-01T08:21:03.0000000,2018-06-13T00:08:45.0000000,2018-07-12T00:00:00.0000000,0,390.00,70.47,460.47,460.47
a9d574fb4532cc54b608ac0218225ed3,e6b66b7e38d4ec0a5c703351f220a98c,delivered,2017-12-29T11:08:04.0000000,2018-01-23T20:17:09.0000000,2018-01-24T00:00:00.0000000,0,186.00,13.64,199.64,199.64
4473dab90d5c08b597499e973725804a,512b6230960174ed572f2d70d3db6e89,delivered,2017-10-26T16:19:58.0000000,2017-10-31T21:03:54.0000000,2017-11-13T00:00:00.0000000,0,56.99,8.72,65.71,65.71
b52ce41a14821d9fa67f8a77cebb3efc,20d8643f227f32bd4ea7070fb153db32,delivered,2018-02-10T18:24:53.0000000,2018-03-10T02:08:40.0000000,2018-03-09T00:00:00.0000000,1,210.00,52.69,262.69,262.69
18c95a0e4c4a3d218d5eda56e235436e,d7dd95871faf13264a7a32166dfba38d,delivered,2018-03-20T17:18:09.0000000,2018-03-24T00:58:30.0000000,2018-04-02T00:00:00.0000000,0,39.99,8.29,48.28,48.28
ef340fd20274f4bc0181f8d9b8ae9748,b8be0fb88b88d0e00af27f75835e1c50,delivered,2017-05-10T19:29:00.0000000,2017-05-16T11:46:57.0000000,2017-05-30T00:00:00.0000000,0,39.90,15.10,55.00,55.00
1950d777989f6a877539f53795b4c3c3,1bccb206de9f0f25adc6871a1bcf77b2,canceled,2018-02-19T19:48:52.0000000,2018-03-21T22:03:51.0000000,2018-03-09T00:00:00.0000000,1,29.99,14.10,44.09,44.09
011e6e76dd0cd56d26b5b0cb036e80a8,3a6fc4af206cad7a5eaca926cdffd0d7,delivered,2018-04-08T17:34:16.0000000,2018-04-11T20:53:28.0000000,2018-04-19T00:00:00.0000000,0,14.99,8.29,23.28,23.28
8882b69ff0006727224cd56da4932e89,df69e936b93edc5cecff8047373bc369,delivered,2017-03-16T12:03:27.0000000,2017-03-30T15:42:36.0000000,2017-04-07T00:00:00.0000000,0,34.00,14.52,48.52,48.52
03c7acb8cfb3a3567a70fee4a1e2f82d,7a185d1a7b35b67cc0fa426ad845f666,delivered,2018-03-28T16:57:56.0000000,2018-04-17T18:45:54.0000000,2018-04-17T00:00:00.0000000,1,179.49,16.14,195.63,195.63
ba6293d68e1fb59ee455806a8ef6d651,545b9a267af9ba134305649a5a51af74,delivered,2018-02-14T10:48:33.0000000,2018-02-23T21:23:45.0000000,2018-03-07T00:00:00.0000000,0,116.99,13.84,130.83,130.83
446634c9e8e8c3a70fef1507c82d5c68,9248f24013892b2690a39829f54159b9,delivered,2018-02-19T15:16:15.0000000,2018-03-27T00:58:35.0000000,2018-03-21T00:00:00.0000000,1,224.90,35.37,260.27,260.27
52432d42fb818ca588e38c5067f73c3f,045178794d4eb65a4b79f34dee26374a,delivered,2017-12-12T13:20:01.0000000,2017-12-17T11:26:00.0000000,2018-01-12T00:00:00.0000000,0,69.90,16.12,86.02,86.02
884fc1672d7c26265ce8f3b2e2369b32,138a01aa92239376fe0599ebb07a2c1e,delivered,2017-12-18T15:09:06.0000000,2017-12-31T15:19:16.0000000,2018-01-15T00:00:00.0000000,0,86.90,21.10,108.00,108.00
e5b692a00119342b4412cf70919378bd,a524eab70342a06e4b101d33124fee29,delivered,2018-03-05T14:35:12.0000000,2018-03-26T19:33:04.0000000,2018-04-02T00:00:00.0000000,0,58.80,32.22,91.02,91.02
ce38feac183edc1669336435be2a2ef3,c1b54e5ba377e64db9dc49d1e094e409,delivered,2018-01-07T11:07:34.0000000,2018-01-15T12:33:19.0000000,2018-01-31T00:00:00.0000000,0,60.00,13.44,73.44,73.44
c50da75d0af4bf40f1213d2d8d5f13b4,dea2ad6bafd73c46a58b4dee61bbf942,delivered,2018-05-15T20:19:37.0000000,2018-05-24T15:14:36.0000000,2018-05-30T00:00:00.0000000,0,55.00,13.55,68.55,68.55
3cb69ccd08eea344a68a66e8ce49a282,9238a417f2d525ad5640693385b86d9b,delivered,2017-07-06T16:18:52.0000000,2017-07-12T17:43:32.0000000,2017-07-26T00:00:00.0000000,0,59.40,13.44,72.84,72.84
00f2c876aa08fbba04199823952e96c1,eb4fea182012be623175b35ee37dfe50,delivered,2017-04-06T10:21:23.0000000,2017-04-18T14:10:11.0000000,2017-05-09T00:00:00.0000000,0,69.00,17.22,86.22,86.22
6fa8043bdb80a1aed9ed56be51399cfe,ffceee06e0f7d5d3747eae50a0ccd61f,delivered,2018-01-04T15:31:25.0000000,2018-01-13T12:58:40.0000000,2018-01-31T00:00:00.0000000,0,69.90,17.74,87.64,87.64
53ad0f90be4c36080d70c96aa70eafe9,88ba6e648722917fa0eb0823d3197582,delivered,2018-03-03T20:15:00.0000000,2018-03-26T17:08:55.0000000,2018-03-27T00:00:00.0000000,0,85.90,17.85,103.75,103.75
55f6044cecace75277ac3fb0335bf9a5,df01a0e718fa759ac5bcf053453b8243,delivered,2017-12-07T19:15:18.0000000,2017-12-20T22:11:40.0000000,2018-01-04T00:00:00.0000000,0,69.90,17.74,87.64,87.64
4fe2e8b329e56a00aba9b0136b46f00f,0c6e74d3848e590888f197074ee1f5ff,delivered,2017-01-13T11:06:56.0000000,2017-01-20T11:33:43.0000000,2017-02-24T00:00:00.0000000,0,69.90,13.07,82.97,82.97
fb0a15c6b3645581d8535f4f873c7110,cffb172123085bb4496595230e43b97d,delivered,2018-07-09T14:31:00.0000000,2018-07-16T11:02:00.0000000,2018-07-26T00:00:00.0000000,0,194.91,8.62,203.53,203.53
c5a6176838c42bcb0286f07cf06afe84,141a1a131f78b3329311abcc428991bf,delivered,2017-12-04T12:44:45.0000000,2017-12-28T23:03:53.0000000,2018-01-10T00:00:00.0000000,0,79.00,21.35,100.35,100.35
762fa054ae976d76eea5688eaa2a92e6,8205033143e83aeee71e4df23fedc372,delivered,2018-08-26T09:22:44.0000000,2018-08-30T20:50:41.0000000,2018-09-05T00:00:00.0000000,0,79.90,15.86,95.76,95.76
aa3babada56030c2ad79976c60d51e79,df4c766338ff657c085016f56ba362a5,delivered,2018-05-24T15:06:12.0000000,2018-06-07T19:27:28.0000000,2018-06-19T00:00:00.0000000,0,87.28,6.53,93.81,93.81
56fdda0cb0aee560cd00b1a571dcb10f,d558a46ba4dd583c224349c628c52c56,delivered,2018-07-13T18:07:37.0000000,2018-07-24T20:12:30.0000000,2018-08-09T00:00:00.0000000,0,145.98,37.22,183.20,183.20
f01a5a364ba478074322dbb1b084d647,4aaa498a3b2f602e7faa8c84a8465d29,delivered,2017-11-22T12:14:30.0000000,2017-12-06T20:38:50.0000000,2017-12-11T00:00:00.0000000,0,84.99,12.93,97.92,97.92
70af5c624ad6c3daf236b9acb1ada8d0,9ce954c266d631d96fca00f1eb740ef7,delivered,2017-08-11T11:59:04.0000000,2017-08-21T22:53:44.0000000,2017-09-06T00:00:00.0000000,0,58.99,14.16,73.15,73.15
846de1a3e7ca6bf29333e1db02040ab6,fed9258e995bc38766aea4fcdead8676,delivered,2018-01-30T11:51:07.0000000,2018-02-08T21:52:09.0000000,2018-03-02T00:00:00.0000000,0,258.00,32.68,290.68,290.68
5ca6beedce6f32eef65de17a1f81d50d,c06f5779dc9ad82cf60b76db2434366c,delivered,2018-08-17T12:26:02.0000000,2018-08-23T20:31:58.0000000,2018-08-29T00:00:00.0000000,0,118.44,15.14,133.58,133.58
758e852ab6d20c02ec1b0f75a024d83f,7c89a2053c38cf699f55fb5864282447,delivered,2017-05-17T22:16:39.0000000,2017-06-01T13:15:33.0000000,2017-06-19T00:00:00.0000000,0,45.90,23.22,69.12,69.12
369423839b4d9789d69665b7c2361443,fd09581178029df57e2c1f177fc8ef29,processing,2017-11-10T08:56:32.0000000,,2017-12-05T00:00:00.0000000,0,299.98,31.60,331.58,331.58
a5a6a37b03ab138756330778a96a5e3c,8b8805ad94732dbe96a3b7c98fb20b44,delivered,2018-06-21T09:22:11.0000000,2018-07-06T16:22:29.0000000,2018-08-13T00:00:00.0000000,0,124.90,22.80,147.70,147.70
ff22f062d286cb9f0ac08978e3088b82,5a99eaf5187e3741ee19a3b972befc14,delivered,2017-08-22T10:56:43.0000000,2017-08-31T18:40:05.0000000,2017-09-14T00:00:00.0000000,0,51.90,16.12,68.02,68.02
2ea399422b697257c14a7f63c224c9f2,15225afcf8a9e71763e021734ccf163c,delivered,2018-06-07T19:56:49.0000000,2018-06-22T19:06:34.0000000,2018-07-27T00:00:00.0000000,0,249.00,120.61,369.61,369.61
efcdad37e7529147a3c3ece422943baf,68ce6b05de7e3b0d5103fb9952c9c959,delivered,2017-11-06T12:09:21.0000000,2017-11-10T18:24:54.0000000,2017-11-17T00:00:00.0000000,0,27.99,7.78,35.77,35.77
2be34c2ba4b5bbab97cc1ab70c699168,7b07399a09c03f0e2f898eddc04cefb1,delivered,2018-08-20T16:43:55.0000000,2018-08-27T22:12:58.0000000,2018-09-03T00:00:00.0000000,0,69.90,19.68,89.58,89.58
5f71bc83356f39cf9e9b8004f39a989a,3f979bbdedf57087a39ae7fed98ec7de,delivered,2017-08-23T14:29:48.0000000,2017-09-11T19:47:32.0000000,2017-09-25T00:00:00.0000000,0,199.94,41.79,241.73,241.73
6014de3ed0a310e59ac664e276af54eb,71d824a92863847504035325c4865f7e,delivered,2017-03-05T16:46:02.0000000,2017-03-13T18:52:03.0000000,2017-03-27T00:00:00.0000000,0,29.99,14.11,44.10,44.10
1a17c1925a4d5a18c4880b06b51c2b0f,d35b5587adfbd22e54b0c7e32762359a,delivered,2017-06-29T16:38:51.0000000,2017-07-05T15:54:35.0000000,2017-07-21T00:00:00.0000000,0,39.90,15.10,55.00,55.00
689e8820798347950a2649f71c734bd0,1510278962879d204243606cbd1a9ede,delivered,2017-10-12T10:25:23.0000000,2017-10-31T16:37:34.0000000,2017-11-06T00:00:00.0000000,0,158.00,31.98,189.98,189.98
72eee104bc08e3498017c9c02b2ae1dc,ed4acf9c881936dc203b8d884228962f,delivered,2018-05-05T20:55:21.0000000,2018-05-14T18:15:00.0000000,2018-05-30T00:00:00.0000000,0,219.00,16.41,235.41,235.41
91ecb8522096ff10be2144645c994c6f,4617e05b28548d6730f1d06a9bd3699e,delivered,2018-02-24T16:42:01.0000000,2018-03-16T22:16:28.0000000,2018-03-23T00:00:00.0000000,0,69.90,16.25,86.15,86.15
2aab860630cc1798482e942ad176f05c,ddcce6518b9590ef2f19603869eadcaf,delivered,2018-01-26T21:56:44.0000000,2018-02-08T23:22:02.0000000,2018-02-20T00:00:00.0000000,0,134.90,16.70,151.60,151.60
928cc774345b405181cc07ab2497e930,8fe6bbc3193663dc50317d188ab5e9ae,delivered,2017-10-28T10:26:14.0000000,2017-11-07T18:51:26.0000000,2017-11-30T00:00:00.0000000,0,32.00,17.60,49.60,49.60
d8f4ac2b5cf577657a2165a7c75857ff,6aedd904a13070b8a5c21abd8de0c090,delivered,2017-11-27T11:05:38.0000000,2018-01-22T13:56:53.0000000,2017-12-19T00:00:00.0000000,1,119.90,21.33,141.23,141.23
35a43762d907c68ab2a6a697fe52a336,094560467d8afd775d9f89d00cf1e682,delivered,2018-03-29T00:31:03.0000000,2018-04-17T18:54:51.0000000,2018-04-24T00:00:00.0000000,0,86.90,21.56,108.46,108.46
823e8a998c065938c05f4302610c3a5d,fd1dd010106ac6f84273fe976a08e6bf,delivered,2018-04-01T20:18:06.0000000,2018-04-10T10:28:59.0000000,2018-04-19T00:00:00.0000000,0,79.00,25.14,104.14,104.14
c5de0e05fad9231797b6cf731d56f2bc,82645746abdce9793cd3dda43294b2ce,delivered,2018-07-18T19:20:21.0000000,2018-07-24T20:09:49.0000000,2018-08-07T00:00:00.0000000,0,179.99,17.45,197.44,197.44
20e223f06b4ead7a6d8ed147dae59b12,af26b439d05ed8d48bd0908f15feecdf,delivered,2017-07-08T12:23:36.0000000,2017-07-24T22:32:47.0000000,2017-08-01T00:00:00.0000000,0,59.90,15.18,75.08,75.08
ac809d1a80a159ae8a440c726f579700,ad5e33166ef8e090f857ea53dc70bb18,delivered,2017-05-25T10:27:40.0000000,2017-06-02T15:18:14.0000000,2017-06-21T00:00:00.0000000,0,28.18,16.11,44.29,44.29
c56063fb44250985a4649811b257edc7,ffaa3252833866f2cd17833586a30422,delivered,2018-03-31T01:11:46.0000000,2018-04-03T20:51:36.0000000,2018-04-12T00:00:00.0000000,0,27.50,7.71,35.21,35.21
c5a1e865d2341b9c0330f478a3e8751f,252dfd638053d916c4b380dbbd08fb01,delivered,2017-12-17T14:44:48.0000000,2017-12-29T20:13:15.0000000,2018-01-18T00:00:00.0000000,0,75.00,21.33,96.33,96.33
a313d68655c65a778d04823ab8e2e5a2,197681a5dfd0b55a552f223225f5dd86,delivered,2017-11-19T21:25:48.0000000,2017-11-27T16:17:08.0000000,2017-12-08T00:00:00.0000000,0,315.00,16.96,331.96,331.96
0130f0f71fb0e831d18e6a3b33a3a50c,e56f6dff7b8ac9813ddeb2312f0d834f,unavailable,2017-05-12T10:17:23.0000000,,2017-05-22T00:00:00.0000000,0,,,52.77,
2a6fcdee30bb4fda09190b53b4e9ffee,a28f1808c668259eb67c88f0b7afe15f,delivered,2017-11-12T15:20:27.0000000,2017-11-25T16:09:57.0000000,2017-12-11T00:00:00.0000000,0,59.90,17.99,77.89,77.89
25bd2ad9d282f59e4e6a048ef9bf214f,be34bf56044c5614fc66d97251c0adc6,delivered,2018-03-12T16:20:32.0000000,2018-05-02T19:36:36.0000000,2018-04-11T00:00:00.0000000,1,161.70,127.32,289.02,289.02
14001e8cd1c29d0bce5b5bfca73338af,620c2e659b5d119813362bfe4bbe8634,delivered,2018-01-31T00:04:39.0000000,2018-02-05T21:21:21.0000000,2018-02-23T00:00:00.0000000,0,179.90,16.01,195.91,195.91
5413211efa4372ef637627d1e59d2f82,e0c16bf3f9dcc2303aac70772701268e,delivered,2018-07-23T16:57:30.0000000,2018-07-26T22:06:35.0000000,2018-08-01T00:00:00.0000000,0,148.80,8.30,157.10,157.10
25e2eb92a4861f100d82edfb2cbbb47f,55564b631a23d681ef873e8354142da1,delivered,2018-03-19T10:02:36.0000000,2018-04-24T23:33:03.0000000,2018-04-06T00:00:00.0000000,1,89.66,19.60,109.26,109.26
bbab0f55c714a04cc7a5c065c65f1089,df68b16176a400cda1dda3bfa1022760,delivered,2018-08-12T20:27:59.0000000,2018-08-15T20:46:28.0000000,2018-08-17T00:00:00.0000000,0,30.00,8.37,38.37,38.37
c2b069d5ec39e0542002c35099d4ed4e,b2284c8ca3597551ab478ae9e1558aaa,delivered,2017-12-04T19:43:16.0000000,2017-12-13T16:48:55.0000000,2018-01-05T00:00:00.0000000,0,99.90,19.94,119.84,119.84
0ba1dfa80ede726f98e36af9a418e437,cdc2e8e8d2dd01cc8e5556ab440ccb92,delivered,2018-04-20T14:47:55.0000000,2018-05-01T01:38:34.0000000,2018-05-14T00:00:00.0000000,0,59.98,30.46,90.44,90.44
5c4e9b69cfdcd45f69531467695237e4,c5da1fb3c49637fc168e5a95a67b73d7,delivered,2018-07-23T20:09:23.0000000,2018-08-01T20:12:56.0000000,2018-08-13T00:00:00.0000000,0,17.90,19.04,36.94,36.94
ead893b6feb078f2a8f88787db56dcc7,07176b181cc48bdaa6807f4a88e17d4a,delivered,2018-06-19T09:28:14.0000000,2018-06-20T18:41:10.0000000,2018-07-04T00:00:00.0000000,0,199.89,15.92,215.81,215.81
2b59656fdff6d982bd2a0a2b257a4562,15c959112cff28d4f5f7c0eb3ce665fe,delivered,2017-05-13T11:51:34.0000000,2017-05-22T23:22:16.0000000,2017-05-24T00:00:00.0000000,0,189.00,17.03,206.03,206.03
d781433971d92b00f67ae15b2265fabe,da4d1ca7f0150ef5f5ff3b86c2b67af4,delivered,2017-10-31T14:30:54.0000000,2017-11-16T22:36:54.0000000,2017-11-24T00:00:00.0000000,0,79.00,16.31,95.31,95.31
553d47dc490558ea119058262b5f472a,655f1ed27d68add99540cd88ea16ec88,delivered,2018-03-08T15:59:32.0000000,2018-03-23T17:53:30.0000000,2018-04-13T00:00:00.0000000,0,59.90,20.99,80.89,80.89
dd6a1b472e35baa63f56890e96f5ae0a,e223fcf0283b5860d6ddb1d6a6a58d80,delivered,2017-08-05T19:55:05.0000000,2017-08-21T19:45:57.0000000,2017-08-31T00:00:00.0000000,0,109.90,15.52,125.42,125.42
f315f8fbe6489c99c9e99dcbe52dace4,e8b6e39a1a0c60cf6661a8eaecef524e,delivered,2018-04-01T19:06:02.0000000,2018-04-07T00:58:39.0000000,2018-04-19T00:00:00.0000000,0,118.90,17.74,136.64,136.64
2a61a7cf365db56cbf9fb72e2a422653,b1b136ceac7fc54316f2280cd040ed6b,delivered,2017-03-20T00:36:36.0000000,2017-03-31T18:15:51.0000000,2017-04-10T00:00:00.0000000,0,52.50,14.54,67.04,67.04
b835a702f116e758be4f80ae292bca2e,dc27f0ba438996b55e0c008515a38147,delivered,2017-03-10T17:33:50.0000000,2017-03-24T11:12:26.0000000,2017-04-05T00:00:00.0000000,0,52.90,18.65,71.55,71.55
a1fa82769a203e30b8faf81cd32e5193,0e240f6e253b7d7646700ce3b28fe413,delivered,2017-09-05T09:29:17.0000000,2017-09-13T19:53:31.0000000,2017-10-03T00:00:00.0000000,0,350.90,90.15,441.05,441.05
313ecdf6cb87d671335ffbd49eeb13c9,7068851c14a0be8052b9a4bc4586b684,delivered,2017-06-10T13:07:03.0000000,2017-06-29T15:15:55.0000000,2017-07-07T00:00:00.0000000,0,99.90,16.14,116.04,116.04
4e7ca1c32e075c6efd8bdffeac2be58a,396155add48b67c364d17f5c16625e13,delivered,2018-06-11T08:14:20.0000000,2018-06-12T22:54:40.0000000,2018-06-20T00:00:00.0000000,0,23.99,7.39,31.38,31.38
e8bcc9b5ec88c2aec681b7d52e5abccd,97f8823fa26f551689520aaa18f7391a,delivered,2017-04-13T21:06:23.0000000,2017-05-03T11:04:42.0000000,2017-05-16T00:00:00.0000000,0,49.90,17.19,67.09,67.09
12d5570966b69e36f603e3ff8aac9d4f,66ec5ecfd2fa4c5ff6676a3defe3c292,delivered,2017-10-06T08:52:38.0000000,2017-10-13T16:08:04.0000000,2017-10-24T00:00:00.0000000,0,64.90,7.78,72.68,72.68
58a2de891c9d6c4e5b5a36320350bfd2,6e11936eae9d2dea7265d58ca0b4fd96,delivered,2018-03-06T15:28:33.0000000,2018-04-03T00:04:36.0000000,2018-03-28T00:00:00.0000000,1,129.00,65.89,194.89,194.89
55ab3650a53071b34253bdcada9e584b,deb534c4ce5c2d8ef23f386321389079,delivered,2018-08-03T01:10:33.0000000,2018-08-08T20:51:54.0000000,2018-08-14T00:00:00.0000000,0,27.90,12.86,40.76,40.76
74748a8ba7d523ab46fe3354996609f6,a3cce16d1def5991f7314b717b373ab4,delivered,2017-02-08T12:55:23.0000000,2017-02-14T16:08:45.0000000,2017-03-17T00:00:00.0000000,0,178.00,79.02,257.02,257.02
7d000dae81f29889a65eb97b1a620949,350c4383f9145535bb335cfc8f880dae,delivered,2017-12-29T10:36:33.0000000,2018-01-08T21:37:22.0000000,2018-01-24T00:00:00.0000000,0,129.00,13.92,142.92,142.92
4d44526e9f5875e440f58363f5a621de,803996d0e510a99f243e939b6c6f705f,delivered,2018-04-25T09:18:10.0000000,2018-04-26T13:43:41.0000000,2018-05-14T00:00:00.0000000,0,129.00,7.77,136.77,136.77
3db52c1df4d52ab19d7e7365d647f6fc,94df3c23c37dc051dbb2f1d03a3693de,delivered,2018-05-25T09:54:34.0000000,2018-06-04T20:28:32.0000000,2018-06-19T00:00:00.0000000,0,189.90,15.41,205.31,205.31
ac28887de5f5bbd520cb77370e8b219d,60c1f4151b92f9bbf80813a1f6b4f3db,delivered,2017-09-29T14:44:31.0000000,2017-09-30T15:13:14.0000000,2017-10-17T00:00:00.0000000,0,69.99,9.34,79.33,79.33
9bbd037f106d5d924f8fa73e2223a8e8,73fe5c78e86e6a518f4c9a834b96ba1b,delivered,2017-04-18T08:01:02.0000000,2017-05-02T15:14:53.0000000,2017-05-11T00:00:00.0000000,0,19.90,14.52,34.42,34.42
2d1e2d5bf4dc7227b3bfebb81328c15f,ec05a6d8558c6455f0cbbd8a420ad34f,delivered,2017-11-28T17:44:07.0000000,,2017-12-18T00:00:00.0000000,0,117.30,17.53,134.83,134.83
59988c783a4c292d49704af7f41fc85f,7195469ee40337cc9e3c666b6e79e165,delivered,2018-05-09T13:06:51.0000000,2018-05-18T22:39:43.0000000,2018-06-20T00:00:00.0000000,0,189.90,19.21,209.11,209.11
962168b15dbecc9e3b3bc31b1fb9df93,cbab1990320bef24c4307923c7b0dc13,delivered,2017-10-13T13:34:10.0000000,2017-10-31T20:28:52.0000000,2017-11-06T00:00:00.0000000,0,119.59,18.12,137.71,137.71
826b47e4cd7bba4e4c6fa5485f898b74,e68e6423401e85c138229b23d4bf4761,delivered,2017-12-01T22:37:42.0000000,2017-12-06T19:09:43.0000000,2017-12-27T00:00:00.0000000,0,336.90,27.28,364.18,364.18
773995e26bad51964885520767aede42,37a9de7fb734ab0d41eb3b796fca1854,delivered,2018-06-15T19:51:01.0000000,2018-06-20T21:26:53.0000000,2018-06-28T00:00:00.0000000,0,109.80,10.08,119.88,119.88
5f649cfbd3c5dabddf7f9ada09b90edd,ef3fe54b959da86961c5301a33cee529,delivered,2018-08-16T16:19:13.0000000,2018-08-28T18:48:59.0000000,2018-08-31T00:00:00.0000000,0,49.90,22.28,72.18,72.18
2188019060b6276ae9fc889917f6d5cb,435799869fa235e84f46308cb8c4937d,delivered,2017-08-16T22:34:10.0000000,2017-08-25T17:06:15.0000000,2017-09-20T00:00:00.0000000,0,32.64,21.15,53.79,53.79
25dbad31db4b9059dd02d72929578d1c,5512f32e517ea091e4410f66504dad30,delivered,2018-01-23T11:15:44.0000000,2018-01-26T21:12:49.0000000,2018-02-07T00:00:00.0000000,0,24.90,8.72,33.62,33.62
642d9648ee8c3cd7d0a2be2b8816cc91,67b73da9983e08fd2e278531a7062d89,delivered,2017-07-19T18:44:40.0000000,2017-08-03T19:43:07.0000000,2017-08-22T00:00:00.0000000,0,149.00,29.44,178.44,178.44
b777b7d618ee48ec7cf64aeb188e9da5,2b83d4c1da04d92aceb19710d0a59ef9,delivered,2018-08-09T11:47:22.0000000,2018-08-10T15:41:50.0000000,2018-08-15T00:00:00.0000000,0,86.00,8.76,94.76,94.76
36a6432a0a4312955a3e57af99e83b80,03a5dc88300acdc63c40c0fcb54799ec,delivered,2018-08-22T00:07:15.0000000,2018-08-28T15:03:35.0000000,2018-09-03T00:00:00.0000000,0,44.90,15.41,60.31,60.31
d92ec01edb4390e4a8e311202039e06a,1222ae0f15dc56dc392fa0bb0f033f6b,delivered,2017-12-01T13:01:47.0000000,2017-12-21T03:34:17.0000000,2017-12-28T00:00:00.0000000,0,425.00,27.81,452.81,452.81
0899b756a6357ed330e0620ad548d70d,2d90e2af0254c36c6a60ca45c25ecbc3,delivered,2017-08-30T01:51:30.0000000,2017-09-04T14:32:29.0000000,2017-09-12T00:00:00.0000000,0,117.99,9.64,127.63,127.63
83a9c18344682fcbc57696019ff1ff2a,96ca69bfa1a8b97847ced6f03bed4e79,shipped,2017-08-11T17:40:19.0000000,,2017-09-13T00:00:00.0000000,0,50.00,17.60,67.60,67.60
8153b217909426be6b194646850bde63,2736f4f125ad035971cbe2c7d40fdd12,delivered,2018-07-19T20:19:17.0000000,2018-07-26T01:42:43.0000000,2018-07-27T00:00:00.0000000,0,59.99,8.58,68.57,68.57
fc85b94eb688b0abb29954cf6354c1bc,30618802562d31117ba648da7cf54645,delivered,2018-01-09T19:19:32.0000000,2018-01-23T22:09:55.0000000,2018-02-05T00:00:00.0000000,0,160.99,21.62,182.61,182.61
97784ba0e32f20b4da48e8e20456543b,8c79e197cb74694ef8449bc0c0385662,delivered,2018-04-18T20:58:40.0000000,2018-04-20T19:08:44.0000000,2018-05-09T00:00:00.0000000,0,39.90,8.88,48.78,48.78
08a14ebab7440e5f7bfd8ca0b37fc613,d115a25e0eea3efaa6033849f369ee16,delivered,2018-03-19T21:26:45.0000000,2018-04-03T16:54:58.0000000,2018-04-05T00:00:00.0000000,0,68.99,12.92,81.91,81.91
9c5f3018cce3b5a74df31586dae02c4a,331252685d466953567f1972562ec167,delivered,2018-06-19T17:33:51.0000000,2018-06-27T19:58:36.0000000,2018-07-25T00:00:00.0000000,0,95.00,15.77,110.77,110.77
3a31fc2eeec3c45ebdb6a390a5b1d3e2,3b9b9424937310a2af0929576c3219d6,delivered,2018-02-06T17:11:21.0000000,2018-02-16T00:16:57.0000000,2018-03-02T00:00:00.0000000,0,16.00,14.10,30.10,30.10
2fbdb50797dfdc8089e52ac8cf70152e,3812b56733f6771e29363fede485cd6a,delivered,2018-02-15T11:59:37.0000000,2018-03-08T17:53:27.0000000,2018-03-15T00:00:00.0000000,0,149.00,45.12,194.12,194.12
df972aca1fba0a417674857678e2c4bb,322eae54daccdcbee96799ebd3a67830,delivered,2018-05-21T11:39:30.0000000,2018-06-02T15:28:45.0000000,2018-06-07T00:00:00.0000000,0,119.90,15.72,135.62,135.62
33cf8e9da9865079f64965b83061baae,1004c05877ddf8196ad1341ca602e628,delivered,2018-03-20T09:25:27.0000000,2018-03-24T15:41:04.0000000,2018-04-16T00:00:00.0000000,0,199.60,37.21,236.81,236.81
5a65b91aff9c0fb03e7971823e104163,8ae0c3603d6625e690bbc25bd6a29b70,delivered,2017-09-16T12:40:49.0000000,2017-09-20T19:13:23.0000000,2017-09-28T00:00:00.0000000,0,69.00,7.78,76.78,76.78
2cb80b6bb30641c14665e1bb8a910872,69dfabaf85cc92de6ad47cc49070642c,delivered,2018-08-13T09:39:23.0000000,2018-08-22T17:36:52.0000000,2018-09-05T00:00:00.0000000,0,11.49,19.04,30.53,30.53
9edcd3a848a4995853a247201493b4d7,ee6100728d86a653a0b865b4109b86dc,delivered,2017-11-09T13:00:58.0000000,2017-11-21T18:42:11.0000000,2017-11-29T00:00:00.0000000,0,139.90,14.00,153.90,153.90
1bed42b5193345848c17de4d32e42a5d,9eb793d1939a97ed213e8e7415947d8e,delivered,2017-10-04T15:47:48.0000000,2017-10-10T09:44:17.0000000,2017-10-30T00:00:00.0000000,0,10.00,15.10,25.10,25.10
336e923c0b5e6d95d3d0644bf4c516c4,0147fbc5c91112d914a4f4a480a0f09e,delivered,2017-03-19T17:06:25.0000000,2017-03-31T10:45:51.0000000,2017-04-25T00:00:00.0000000,0,169.96,34.56,204.52,204.52
b9e3810153620449fc947aeb350f4d53,da8a74c5ac056c3961c84a67b7939aa2,delivered,2018-06-04T12:43:30.0000000,2018-06-19T00:51:05.0000000,2018-07-20T00:00:00.0000000,0,99.00,18.57,117.57,117.57
807a4c5f5dab3090fbad1dd16140f706,66741453d979b61f9cdf5a20f382e6b6,delivered,2018-03-14T20:31:40.0000000,2018-04-09T17:28:40.0000000,2018-04-05T00:00:00.0000000,1,54.99,22.09,77.08,77.08
d12938a56eae845fa37620309ec0eea6,b7c8b0dc77f216cc38f1c2f722bde338,delivered,2017-11-10T12:30:18.0000000,2017-11-25T13:41:48.0000000,2017-11-24T00:00:00.0000000,1,26.00,9.34,35.34,35.34
a4d782cea9ad01e830a3603bc4e7a716,4f0fa92e598fc48c2f7771e220791a55,delivered,2018-03-16T21:34:22.0000000,2018-04-02T22:38:34.0000000,2018-04-23T00:00:00.0000000,0,180.00,17.80,197.80,197.80
5f82d80fc04ae3521ac4cdad135aa9b1,bb1e941d0e011c8a1a72bb2bfceb6c61,delivered,2017-11-02T18:46:17.0000000,2017-11-24T17:09:09.0000000,2017-12-05T00:00:00.0000000,0,59.90,37.97,97.87,97.87
3f0c7e7bedf15ae58cd1c2148d5786e3,705f15a6697fdd1669e161b7a5295dca,delivered,2017-11-20T13:05:07.0000000,2017-12-06T18:17:07.0000000,2017-12-18T00:00:00.0000000,0,388.00,23.21,411.21,411.21
2a520d819adb06eabf4557143110ade4,14eb49caaf14d8168944777b97b48499,delivered,2017-12-13T11:49:03.0000000,2017-12-20T20:59:08.0000000,2018-01-31T00:00:00.0000000,0,79.90,15.31,95.21,95.21
c9fddd8d2730610e00bbcda3e79fdcca,e3a89345d860faa5a9431ec4fb1e307c,delivered,2017-11-27T00:58:20.0000000,2017-12-11T17:33:10.0000000,2017-12-21T00:00:00.0000000,0,149.99,16.81,166.80,166.80
6d646ecd1e4497544257783077e9ce14,d4d76ccbcef33b38af7ec758e1d73bb8,delivered,2017-02-05T11:58:04.0000000,2017-02-15T18:12:27.0000000,2017-03-03T00:00:00.0000000,0,64.50,17.19,81.69,81.69
cd297c74672655559f2c22ea2a1550eb,259a82ce1a494066420e300430fb3e57,delivered,2018-04-23T10:56:50.0000000,2018-04-30T19:46:37.0000000,2018-05-10T00:00:00.0000000,0,119.70,23.13,142.83,142.83
e0a98f9b707c33a4c46e02a530c3419b,2d31d011eab667bca8c55f57ab884530,delivered,2018-03-17T13:39:39.0000000,2018-03-28T23:03:44.0000000,2018-04-13T00:00:00.0000000,0,19.90,16.95,36.85,36.85
b405945d4c5330b5ba8f892602e7d9e8,ca779f9ca67a4d4240dea192d6cdd454,delivered,2018-01-31T10:09:09.0000000,2018-02-23T21:17:41.0000000,2018-03-06T00:00:00.0000000,0,443.00,33.85,476.85,476.85
00f57f2ccce2a2e3f393fe8f5e616e0d,c5e16ca2f4093350809b5f66c5cdfd32,delivered,2018-07-08T22:01:30.0000000,2018-07-16T15:38:32.0000000,2018-07-30T00:00:00.0000000,0,225.00,60.81,285.81,285.81
5c83723b6467f6729e47c640005cd148,31ff9fdb19198508ad8743ce26adeb43,delivered,2018-06-16T18:30:30.0000000,2018-06-22T19:48:36.0000000,2018-07-12T00:00:00.0000000,0,34.90,16.43,51.33,51.33
360d163a85ba5960c9c1f0880fcac099,4e5d57852c4fa022427541ab6f3f861c,delivered,2017-05-08T12:20:41.0000000,2017-05-17T09:47:53.0000000,2017-05-26T00:00:00.0000000,0,19.99,9.34,29.33,29.33
57cbc8e34a5ceffb92f8b3193e4ffdb8,186ec83c7ec57c2073127c57d48d6549,delivered,2018-08-02T16:24:47.0000000,2018-08-08T19:26:39.0000000,2018-08-16T00:00:00.0000000,0,89.90,23.43,113.33,113.33
2733b7a9eda2b9f2ffa314fd4b45b330,277c6406dfd76e437ad282e61cfea438,delivered,2018-01-22T11:39:08.0000000,2018-01-29T18:41:44.0000000,2018-02-15T00:00:00.0000000,0,128.26,12.40,140.66,140.66
862cca64868df4c3a3f0058a93aef465,58f2a48696b2cf8da50fcb21f8512c14,delivered,2018-04-19T09:43:15.0000000,2018-04-26T16:46:37.0000000,2018-05-18T00:00:00.0000000,0,76.32,72.53,148.85,148.85
6ef5dc1efc95e43b6418e91ebc700210,fa326e9c35ae7f61dd83e1e13a6b8353,delivered,2017-11-09T17:37:49.0000000,2017-11-16T22:19:07.0000000,2017-11-30T00:00:00.0000000,0,399.99,19.05,419.04,419.04
fb7a31602527aff8e971f4cf8e5ba0b2,932632fb555d55c80b3f88e830abf866,delivered,2017-06-09T10:05:46.0000000,2017-06-19T19:27:43.0000000,2017-07-12T00:00:00.0000000,0,48.99,16.79,65.78,65.78
9560aa739add27151f49eb54dc654667,8bbb438d93d80fe92752705099cf5716,delivered,2018-05-07T09:31:22.0000000,2018-05-16T21:55:44.0000000,2018-05-28T00:00:00.0000000,0,144.00,13.45,157.45,157.45
34b796020f4e844c32a2be513b713f4e,648b76d368b7925ea72042de4f00a9a8,delivered,2018-06-24T12:56:24.0000000,2018-07-04T19:21:38.0000000,2018-07-24T00:00:00.0000000,0,112.00,36.98,148.98,148.98
921966cdddb4dbedc7f52b64ba46ec2e,0a2e992fbd2ac576c71a9650d421a2fd,delivered,2017-12-27T09:08:17.0000000,2018-01-10T17:19:23.0000000,2018-01-26T00:00:00.0000000,0,55.00,16.15,71.15,71.15
16ec5f5b0b5245798a6334e4c239d13a,78463bfeb649747e91ee9a424d0edc3c,delivered,2018-01-22T10:46:14.0000000,2018-02-05T11:43:00.0000000,2018-02-15T00:00:00.0000000,0,108.00,15.52,123.52,123.52
5b19cc30f1a0a44439a744db5c2cc979,1204a88c6f98fdc14edcbc6dc6df434c,delivered,2018-05-12T20:22:29.0000000,2018-05-30T22:51:10.0000000,2018-06-01T00:00:00.0000000,0,44.90,12.79,57.69,57.69
d75e6a846d4aa0cfed378238a9147689,4db36b898bb3a416e703634b1a2ecf18,delivered,2018-08-18T18:56:33.0000000,2018-08-28T14:58:51.0000000,2018-09-10T00:00:00.0000000,0,25.00,18.28,43.28,43.28
ddaec6fff982b13e7e048b627a11d6da,68f4ad79cc0c2ad06e19088f5c00e9fa,canceled,2016-10-04T19:41:32.0000000,,2016-11-16T00:00:00.0000000,0,,,116.99,
7d5f037cd90e278069b2d0fd0d060543,c3765d3e438378787581dea1c3dc3d8a,delivered,2018-04-10T10:53:00.0000000,2018-04-24T15:37:12.0000000,2018-05-17T00:00:00.0000000,0,21.90,15.23,37.13,37.13
0870ee292ce510fc7bf1ccd86a6d28c7,e2213ef52c2e5b77e384da020482acbc,delivered,2017-06-28T08:32:54.0000000,2017-07-18T15:59:48.0000000,2017-07-28T00:00:00.0000000,0,49.90,34.15,84.05,84.05
8cae6053f4694ebc081e862e0d013a89,bcb7503aef00e5b3443bc1cd5397276d,delivered,2018-05-15T17:08:37.0000000,2018-05-22T17:42:32.0000000,2018-06-25T00:00:00.0000000,0,100.00,15.58,115.58,115.58
db103a5891ce37dbf3a84d9273f55dbe,89c1a5468ace3f798921747d80c7a7bd,delivered,2018-07-18T12:50:40.0000000,2018-07-25T21:04:48.0000000,2018-08-02T00:00:00.0000000,0,149.97,19.35,169.32,169.32
ea110ced6459b4dc6c73e0b2367077e9,c0101b91cb49da980a14e5eb006ab394,delivered,2018-06-17T20:32:45.0000000,2018-06-19T21:33:32.0000000,2018-06-28T00:00:00.0000000,0,1890.00,25.53,1915.53,1915.53
fdaccd7db2bdc0c0f6632319b9020d26,edfab77f860875d798260a793b997664,delivered,2018-01-20T19:46:23.0000000,2018-01-31T16:41:24.0000000,2018-02-15T00:00:00.0000000,0,45.90,14.10,60.00,60.00
217fa08ee792f84b2a3b3a84ee263b0e,804751ae168c4c4d6d5178553e544300,delivered,2017-09-26T00:51:00.0000000,2017-10-28T15:35:59.0000000,2017-10-25T00:00:00.0000000,1,70.90,15.94,86.84,86.84
2e931584519b7ebc7b1a445a4f7cd8f1,f33c9d0eaa22a1be86ff276c1516e17f,delivered,2017-12-05T14:32:44.0000000,2017-12-19T19:18:36.0000000,2018-01-04T00:00:00.0000000,0,149.90,25.89,175.79,175.79
0e748699edd544eb244d173a5658b7a8,a17033054d84cb831e8b33dc63682ba1,delivered,2017-11-15T11:41:07.0000000,2017-11-27T18:42:48.0000000,2017-12-05T00:00:00.0000000,0,119.80,13.44,133.24,133.24
62fffe3cf205e0deb385d92481d3cb40,502f84b96849b881c0bb14a9650d0a13,delivered,2018-02-02T15:40:59.0000000,2018-02-21T10:53:13.0000000,2018-03-05T00:00:00.0000000,0,230.00,29.12,259.12,259.12
8757dc05fefc469b988804e017319c10,7896cf5e5a3973bdbc7811c3727dd6e8,delivered,2018-05-06T23:03:13.0000000,2018-06-04T14:25:36.0000000,2018-05-30T00:00:00.0000000,1,119.99,24.97,144.96,144.96
be28b0f75cc73c684cc905abc8cc60c5,8b60b8dec005d399721df6402e8e726b,delivered,2018-02-22T13:38:10.0000000,2018-03-08T23:06:32.0000000,2018-03-19T00:00:00.0000000,0,29.99,15.10,45.09,45.09
296c7c7658a3d5919cd1a5382e141c26,560f0ff0305e7fcf6410eab8d8767337,delivered,2018-01-30T21:10:13.0000000,2018-02-22T19:52:40.0000000,2018-03-02T00:00:00.0000000,0,48.90,37.90,86.80,86.80
79bdeae310789e415e342ede8f9ad5f5,f536a2636bfc8640ca368d2887eab64b,delivered,2017-11-22T09:18:48.0000000,2017-12-01T21:36:36.0000000,2017-12-08T00:00:00.0000000,0,232.56,13.13,245.69,245.69
9db4c3ce35bd9bdf6b8eb62c68eb4415,498c737759c2eddf05f25604e2f9c696,delivered,2018-06-20T09:45:24.0000000,2018-06-26T16:53:41.0000000,2018-07-20T00:00:00.0000000,0,158.00,55.00,213.00,213.00
b958654614e94b4600cb336391326045,18cdebd5cfe07beb5258254ff1f8fe85,delivered,2018-02-16T17:54:24.0000000,2018-03-01T19:38:36.0000000,2018-03-13T00:00:00.0000000,0,29.99,15.10,45.09,45.09
92ce98dde4657a2abb32411bacc29e60,fe83404b9bad08962daf680561f42aa9,delivered,2018-05-08T19:42:13.0000000,2018-05-16T23:38:52.0000000,2018-05-22T00:00:00.0000000,0,990.00,67.88,1057.88,1057.88
1683815c34e20076a6b3a8b1fd3d8809,2d9a7f6bfb053e602cc26e9c77c5f2ee,delivered,2018-05-29T18:09:04.0000000,2018-06-11T18:13:32.0000000,2018-07-05T00:00:00.0000000,0,90.97,48.39,139.36,139.36
84135f650b81a3dad8babdef22952b7f,cb3caf08929ebfa13fdcffec28f3cd6f,delivered,2018-06-25T14:34:45.0000000,2018-07-05T23:18:44.0000000,2018-07-27T00:00:00.0000000,0,499.89,80.04,579.93,579.93
649af2abdcd7f8f609dc36ee5d249a2f,0a0f638f52bade74d67c0239da49e2d6,delivered,2017-06-02T09:35:21.0000000,2017-06-10T23:19:43.0000000,2017-06-27T00:00:00.0000000,0,329.00,16.05,345.05,345.05
8b7fd198ad184563c231653673e75a7f,3eddc75fe2314996f68ddcd89ddb5caf,delivered,2017-11-14T10:04:27.0000000,2018-02-27T18:05:08.0000000,2017-11-28T00:00:00.0000000,1,39.99,9.34,56.97,49.33
102dc75f04e28c228169dedb666dcd3e,2ecfe1283802b15ec960b6d0c903de2c,delivered,2017-12-11T11:27:52.0000000,2018-01-05T00:43:00.0000000,2018-01-09T00:00:00.0000000,0,12.90,15.10,28.00,28.00
6fcd1385684eaf7076ac0d72b1fab2db,5dc9d4245de8364e6dd879734ea905e7,delivered,2017-11-29T09:12:25.0000000,2017-12-20T16:18:37.0000000,2017-12-22T00:00:00.0000000,0,309.56,22.66,332.22,332.22
26262a08c620d910b93d309db0e16725,2aa3c45e42925370972f456902aa66bd,delivered,2017-12-13T14:40:11.0000000,2017-12-15T19:17:07.0000000,2018-01-05T00:00:00.0000000,0,23.99,7.78,31.77,31.77
94f5c07efddbe8e3f3880195377736ee,bc6003b439787a2de9ae42da13cd4e00,delivered,2018-04-24T10:44:01.0000000,2018-05-02T15:03:24.0000000,2018-05-21T00:00:00.0000000,0,95.00,18.55,113.55,113.55
a0ce637ae9c3e3dedcf9dea3715b7331,a18e4956844fab232555e2bfd53eca5e,delivered,2018-06-27T14:04:06.0000000,2018-07-11T16:03:40.0000000,2018-08-13T00:00:00.0000000,0,122.99,20.05,143.04,143.04
e29d6e9ee9068425cc712d11435411b5,0ef335857487dc9dfc2df391ab328b5c,delivered,2017-05-15T11:20:05.0000000,2017-05-29T11:47:37.0000000,2017-06-02T00:00:00.0000000,0,135.90,16.71,152.61,152.61
84b8ba39037606b7b30a39d02e9e4154,7c2bf05f6902368e5d21040b68c2bbdb,unavailable,2018-06-27T19:51:02.0000000,,2018-07-12T00:00:00.0000000,0,,,414.97,
c9e55382f594e06306eb0f4c3b3d0418,988980a4b52e5e81702adb584933912c,delivered,2018-08-13T12:36:19.0000000,2018-08-20T20:21:45.0000000,2018-08-29T00:00:00.0000000,0,29.90,18.31,48.21,48.21
0e9615b2e47df6cf349b4e458b056289,0421ca2c62e1e13536c13c8dea602d2f,delivered,2017-08-26T19:56:13.0000000,2017-09-08T18:47:42.0000000,2017-09-27T00:00:00.0000000,0,59.90,17.67,77.57,77.57
18c2175899ae0ea38308dec32efffc22,11d81028de401df36d24cd769fa0aef3,delivered,2018-04-03T18:21:15.0000000,2018-04-14T10:06:44.0000000,2018-05-02T00:00:00.0000000,0,98.44,18.57,117.01,117.01
e639eb028398f98b7958207b2a45684c,4cbe7cdb500ac94cf673f67c9f28d8c3,delivered,2018-03-03T09:57:04.0000000,2018-03-21T23:26:46.0000000,2018-04-06T00:00:00.0000000,0,95.00,15.42,110.42,110.42
834e9097bcd25d276e01695c82562ea7,e89fa350fe8cbcf495cfee2aef3d44e1,delivered,2017-12-10T11:29:28.0000000,2018-01-03T20:58:49.0000000,2018-01-15T00:00:00.0000000,0,69.99,16.25,86.24,86.24
b1235029ff825a6ee63ea5c87797cd82,b11ef54879526dd5426f747d2ed677c1,delivered,2017-03-18T15:22:19.0000000,2017-03-29T16:45:13.0000000,2017-04-10T00:00:00.0000000,0,75.00,18.81,93.81,93.81
ddbe4f58b06d8793a3c77c114b180574,a0aed67ecbb943f0137ece72e30ad913,delivered,2018-04-16T21:10:02.0000000,2018-05-17T20:28:53.0000000,2018-05-21T00:00:00.0000000,0,179.90,71.25,251.15,251.15
93ab2d00c107c41d04f35ff29553b866,1d352b619e69552d34827f112485468f,delivered,2018-01-04T09:29:24.0000000,2018-01-24T15:44:39.0000000,2018-02-01T00:00:00.0000000,0,69.90,17.74,87.64,87.64
24843df655e56c3713485a7880677287,6f8f6a52f408ae47a83c5e2b7d1d395f,delivered,2017-10-30T10:44:32.0000000,2017-12-01T21:21:12.0000000,2017-11-30T00:00:00.0000000,1,250.00,81.20,331.20,331.20
5290c34bd38a8a095b885f13958db1e1,92af427e290117f39d9ff908566072e0,canceled,2018-08-21T10:25:18.0000000,,2018-09-06T00:00:00.0000000,0,,,206.88,
2e8265affe5bc22876b8e69548e074fb,9c4f2d8c14b700df0e7625d3ffa35174,delivered,2017-12-28T00:26:37.0000000,2018-01-10T21:10:38.0000000,2018-01-29T00:00:00.0000000,0,49.90,17.66,67.56,67.56
612200d1732f963c7706d8da2517c04d,bd00d85fe38ab7724a32f2608f8e39eb,delivered,2018-07-28T19:40:29.0000000,2018-08-15T14:44:50.0000000,2018-08-31T00:00:00.0000000,0,229.90,19.71,249.61,249.61
28ccc6df03d720b1c01c91ce78025016,da47b8739cc4221880eda77a98215f84,delivered,2018-08-17T12:41:18.0000000,2018-08-28T16:24:58.0000000,2018-09-03T00:00:00.0000000,0,74.00,30.72,104.72,104.72
7d29c8dc7f0169a08554b4309f115a2d,6775ba6a3e92020abc8e6cd6e19e867e,delivered,2017-05-27T00:55:16.0000000,2017-06-05T15:55:58.0000000,2017-06-19T00:00:00.0000000,0,68.00,11.98,79.98,79.98
9009f8c050bec7b31063988e925b6da9,9337ec2e1ef3abd571d0b65cd6054c65,delivered,2018-01-13T12:41:19.0000000,2018-01-25T19:44:03.0000000,2018-02-08T00:00:00.0000000,0,32.20,15.11,47.31,47.31
88c236f7e3dd040afb885a0a214f9b0a,8b8bad2ad2a7e102081360cd2a107edd,delivered,2017-11-06T17:21:59.0000000,2017-11-21T20:57:14.0000000,2017-11-28T00:00:00.0000000,0,99.90,21.19,121.09,121.09
0b4129a3415a486e4965d618f9b5debf,c8dcc1767867cf118c0aa5f86519d14e,delivered,2017-11-26T12:59:04.0000000,2017-12-11T18:39:37.0000000,2017-12-22T00:00:00.0000000,0,98.90,27.21,126.11,126.11
035d66b23a4bba74f8119f9ebe3458ee,521302710083ba5e737ef5cf6438450f,delivered,2018-05-18T18:46:54.0000000,2018-06-06T14:12:25.0000000,2018-06-05T00:00:00.0000000,1,99.00,15.57,114.57,114.57
0ddc19990b82039355525481533ea7eb,989dbaf933f4e0cad8b35f8ce7db9545,delivered,2017-12-08T17:03:24.0000000,2017-12-22T16:59:25.0000000,2018-01-03T00:00:00.0000000,0,180.00,14.28,194.28,194.28
15c4d15a595aaff02d4de63093a4b57c,ce23f51b42b3258700b4aeedcf53a96d,delivered,2018-08-06T11:22:17.0000000,2018-08-14T00:47:33.0000000,2018-08-14T00:00:00.0000000,1,210.00,15.78,225.78,225.78
55779fa8fe072d9f8c92d672154558f2,4c9b48364e100b48b70b65f7223518bb,delivered,2017-09-13T23:13:16.0000000,2017-10-08T15:40:04.0000000,2017-10-04T00:00:00.0000000,1,161.90,71.76,233.66,233.66
a0e6863a821d35dcaeb3eb109f21d443,958f8d94c5c2d21ccf6a43d0e3d50308,delivered,2017-05-23T08:18:32.0000000,2017-06-02T12:09:23.0000000,2017-06-16T00:00:00.0000000,0,65.00,15.20,80.20,80.20
d19ec9502348424357f7a9bfc4173ddb,36b9a428f314355ab3a28444932f409e,delivered,2018-03-22T17:11:15.0000000,2018-03-27T13:42:30.0000000,2018-04-04T00:00:00.0000000,0,74.99,8.88,83.87,83.87
e078f7da1a6312d4103ba33cd4abd3b4,8228970427bdddfa151f173ad4c9884b,delivered,2017-09-18T23:11:47.0000000,2017-09-22T19:22:41.0000000,2017-10-04T00:00:00.0000000,0,96.90,13.70,110.60,110.60
f477310b29b71da3ef394aaf61669075,f7030ef55d9a5ec617439b05e42a707b,delivered,2018-02-04T21:43:29.0000000,2018-02-28T15:45:14.0000000,2018-03-12T00:00:00.0000000,0,10.50,16.79,27.29,27.29
9b09902ff42cd359909e5203a008a921,4626deb1d6528b9fe2ff75fd889f27c2,delivered,2018-06-03T10:28:43.0000000,2018-06-12T21:07:09.0000000,2018-07-13T00:00:00.0000000,0,23.90,18.23,42.13,42.13
0ee52d4b00ab65f19b7e89e5683766bf,9d9fc80cdedb63de913387b502bee19b,delivered,2017-09-12T20:38:53.0000000,2017-09-18T16:48:15.0000000,2017-09-22T00:00:00.0000000,0,95.00,7.92,102.92,102.92
34bc0a0bfffcb81d3b412e77e2933a4a,a4859628b4cc633732ea27fb1a00420b,delivered,2018-04-13T20:57:58.0000000,2018-04-19T22:28:49.0000000,2018-04-25T00:00:00.0000000,0,22.99,11.15,34.14,34.14
901a84df9454849d20d02683117105ac,61f3b1e44f811e6f59c9433a3bea727c,delivered,2018-07-17T10:27:37.0000000,2018-07-25T00:03:20.0000000,2018-08-15T00:00:00.0000000,0,69.50,18.59,88.09,88.09
a198770e8161a0593a4acdbd70b6681a,f3639d5ac79b87a62d0e0829e46928c4,delivered,2017-12-06T00:06:51.0000000,2017-12-22T00:37:11.0000000,2018-01-02T00:00:00.0000000,0,98.63,21.53,120.16,120.16
e7f237163458b9df35d29d4ee460f233,0561cee0e208939ff198184d3d7bd9fa,delivered,2018-05-11T09:58:44.0000000,2018-05-17T22:05:48.0000000,2018-06-06T00:00:00.0000000,0,388.90,20.60,409.50,409.50
4bd80487e45eb96ed277f47d7b9dca63,b791f3a14af336adefada909e64691b1,delivered,2017-11-25T08:05:08.0000000,2017-12-08T16:57:45.0000000,2017-12-11T00:00:00.0000000,0,494.99,14.67,509.66,509.66
6caff58e656c5b6c5769918fd09707c2,f463d27a26d6aa1d7f438df524c501dd,delivered,2017-06-15T17:52:57.0000000,2017-06-19T13:54:02.0000000,2017-07-06T00:00:00.0000000,0,15.99,7.78,23.77,23.77
cae550bd1bf7bfba357a10319a0fb4be,e192997c0b0792b8ba9e8364d063046a,delivered,2018-07-11T15:45:51.0000000,2018-08-05T11:42:39.0000000,2018-08-01T00:00:00.0000000,1,64.99,13.94,78.93,78.93
36da3594f270f9d28bae07df5974d240,4d1e62429d88723ea3c9a72fb4c4ffe3,delivered,2017-10-21T12:35:40.0000000,2017-10-26T20:32:43.0000000,2017-11-09T00:00:00.0000000,0,149.90,14.64,164.54,164.54
cb2b577a4ebd84bf84ff3990084d490f,ebd67b458c0b8b23fa5d869779adc761,delivered,2016-10-05T17:11:49.0000000,2016-10-31T21:41:43.0000000,2016-11-29T00:00:00.0000000,0,128.90,21.01,149.91,149.91
b4c9f083bce61caf47fb38f9ba058bce,6ce60503e530d8a67926e9b8e3fdb635,invoiced,2017-08-05T16:00:56.0000000,,2017-08-30T00:00:00.0000000,0,104.90,20.22,125.12,125.12
b3f352a3b3887a501a98642fa5840e66,a6c4086c5ec600d696fbc7acc81aaabf,delivered,2018-01-14T22:46:04.0000000,2018-02-16T21:46:42.0000000,2018-02-08T00:00:00.0000000,1,317.99,26.54,344.53,344.53
d9a08faa201940dd3302f06944b5c739,0fbba4e64c66162f8108ba004d0b929d,delivered,2017-01-17T18:57:58.0000000,2017-01-31T12:22:42.0000000,2017-02-15T00:00:00.0000000,0,38.90,11.16,50.06,50.06
1fce119897499a117beb9f48ac6cff5c,3ff44e26adfbbe256c5c9dcfb14d5822,delivered,2018-01-31T10:22:57.0000000,2018-02-14T21:53:18.0000000,2018-02-22T00:00:00.0000000,0,79.00,13.57,92.57,92.57
bd396d4cd7a0507db99110954a0d9173,a71764704f63e605e020c4ae34aa78f6,delivered,2017-08-28T18:04:17.0000000,2017-09-04T16:06:53.0000000,2017-09-14T00:00:00.0000000,0,79.90,13.58,93.48,93.48
cbb8697212a65198772c9406834180f8,c2b7ffaec7595810b1c1f71e75081c39,delivered,2017-12-12T17:52:38.0000000,2017-12-28T15:53:05.0000000,2018-01-12T00:00:00.0000000,0,49.00,15.10,64.10,64.10
be4c5d2cf0254f1c2bee8cf45f690b96,3247cd3218e45b431e7920aca9acea3f,delivered,2018-01-07T14:08:32.0000000,2018-01-11T21:05:33.0000000,2018-02-06T00:00:00.0000000,0,18.90,14.10,33.00,33.00
c1eae222313b3a7eac740761313cbd27,819d8a9b81c0d3e3204e5b80252660ca,delivered,2017-09-05T12:48:49.0000000,2017-09-13T14:58:56.0000000,2017-11-06T00:00:00.0000000,0,164.90,18.40,183.30,183.30
77e1d11cc4954b7a395f9ecba7edd397,9b4daa1db65ef1623983286611eb63e1,delivered,2018-03-09T08:23:05.0000000,2018-03-23T15:06:51.0000000,2018-04-05T00:00:00.0000000,0,898.00,41.72,939.72,939.72
5a56d595adbe321751c4f42b708ccc35,a1be9f93fac47b616502d82987542c6e,delivered,2018-05-08T13:37:09.0000000,2018-05-18T21:06:15.0000000,2018-05-28T00:00:00.0000000,0,64.00,18.33,82.33,82.33
15e63a2cb02a2f0485e5740e8c6f0155,b2333f7e589f125452148e1bec4b9fcd,delivered,2018-04-26T14:56:40.0000000,2018-05-03T21:28:50.0000000,2018-05-24T00:00:00.0000000,0,154.00,17.99,171.99,171.99
fe58b25c8ebdc65c3d4cb34070bf9e5d,d70a4c877dba1679f5c7ded688e39609,delivered,2018-02-18T21:52:42.0000000,2018-04-02T16:12:35.0000000,2018-03-12T00:00:00.0000000,1,54.90,14.13,69.03,69.03
56515935f0fcb6b511a18dc10a50173f,614fe1c6546241092e71ac4d9017cb0b,delivered,2018-03-07T14:50:20.0000000,2018-03-16T19:51:00.0000000,2018-03-23T00:00:00.0000000,0,429.90,17.10,447.00,447.00
4cf05124a340f768d9d89d5b91a6af97,17109b321000eac4651619ac8f9b6035,delivered,2018-03-02T09:30:33.0000000,2018-03-12T21:52:44.0000000,2018-03-26T00:00:00.0000000,0,18.90,12.48,31.38,31.38
7a6f03d6c02a319e084dd0ca7bdb5d07,ddc305318969c71969b82bd97a1d1560,delivered,2017-12-20T04:52:44.0000000,2018-01-04T21:27:01.0000000,2018-01-09T00:00:00.0000000,0,45.90,9.34,55.24,55.24
cd4d7e23c22aeff7984a40a3045e9751,4e980e0ab8106b6976d795063aeb3a51,delivered,2017-12-26T15:58:42.0000000,2018-01-15T20:48:34.0000000,2018-01-22T00:00:00.0000000,0,141.98,28.48,170.46,170.46
28cf49bbfe2683759d3cf866b7fda22f,94a265c7d6fa0389f4fec04d4eae8b66,delivered,2018-01-20T15:47:45.0000000,2018-02-09T17:35:37.0000000,2018-02-19T00:00:00.0000000,0,60.00,90.60,150.60,150.60
4cc22fa6b7267027aac4151271636112,d2352eb89c2f0a1e01fca14e007aeb87,delivered,2018-08-14T19:39:04.0000000,2018-08-24T00:06:59.0000000,2018-09-12T00:00:00.0000000,0,78.90,22.83,101.73,101.73
ca649df2968bbbc843a5c75c7bc803ba,2cfe4a934e085d0311823648400e4cd2,delivered,2017-11-14T11:33:24.0000000,2017-11-28T01:40:39.0000000,2017-12-07T00:00:00.0000000,0,420.00,23.34,443.34,443.34
cdc1ac6a94d34f438c153db4b7b5a691,ef6b2b4d3dafcaff444be4b56e9edcf8,delivered,2018-08-06T10:11:21.0000000,2018-08-14T19:18:48.0000000,2018-08-20T00:00:00.0000000,0,197.38,39.76,237.14,237.14
fb1e54ec77d42cc140f67895fd2c8d8a,65dd345a83fd68cf607c3df70deb40df,delivered,2017-05-27T11:19:04.0000000,2017-05-30T06:17:13.0000000,2017-06-09T00:00:00.0000000,0,44.90,7.78,52.68,52.68
43698bc1371b83853814e6a6afcc89f8,c9810bad88b465541f86a819e6c17b69,delivered,2018-03-20T15:06:42.0000000,2018-03-28T20:38:34.0000000,2018-04-13T00:00:00.0000000,0,99.90,26.78,126.68,126.68
41db0ab7c0c615a697ca63860cd13a33,71d0aa2c2ddf9293f7a1855c366ec21e,delivered,2017-11-14T16:57:27.0000000,2017-11-21T17:21:59.0000000,2017-12-07T00:00:00.0000000,0,105.00,25.57,130.57,130.57
317bfcd79627d89d54a917da6e066beb,124ea0ac4cadfffc49227a24235871fe,delivered,2018-03-12T09:48:20.0000000,2018-03-17T17:40:36.0000000,2018-04-10T00:00:00.0000000,0,110.00,13.89,123.89,123.89
b4b08f39312c936c9ecb2327c63337ea,2cd6065a0296dc8f007dbf413a225da4,delivered,2018-01-29T09:59:36.0000000,2018-02-15T17:31:02.0000000,2018-03-02T00:00:00.0000000,0,31.90,14.10,46.00,46.00
d307290675e59c844ebde65696377750,8f921c03841a893f7102c58d54d431a9,delivered,2017-04-28T18:25:16.0000000,2017-05-24T22:29:30.0000000,2017-06-06T00:00:00.0000000,0,399.90,25.35,425.25,425.25
7068f14af6c3c575490f74b6aaf2f05c,30fc4a8a18b770f84c381b09eccd9b8d,delivered,2018-04-11T12:34:56.0000000,2018-04-30T18:33:14.0000000,2018-05-16T00:00:00.0000000,0,915.00,178.52,1093.52,1093.52
df281308c4a5cd2e3f2cc5c7eb5c30c3,4666258a26f60758fbdbaaea7ae1173c,delivered,2018-03-26T18:01:40.0000000,2018-04-06T20:16:44.0000000,2018-04-19T00:00:00.0000000,0,12.99,19.32,32.31,32.31
b687f81e0e59c1153eaa197ad1c1d043,4c047a7a1169d69034904b2fb4abb348,delivered,2018-02-28T19:46:26.0000000,2018-03-19T23:46:25.0000000,2018-03-15T00:00:00.0000000,1,186.00,14.91,200.91,200.91
692bd5c2be36c7274148d55f3ab22edc,08bdb18f09e1d64ab30eefcac034e265,delivered,2017-11-27T11:05:58.0000000,2017-12-22T02:18:51.0000000,2018-01-05T00:00:00.0000000,0,45.90,17.92,63.82,63.82
257a853e3afe9bee83a67f4798e6db79,6e0d24cca09d3e293781b6fb16fb5a3c,delivered,2018-05-08T14:09:32.0000000,2018-05-16T19:16:40.0000000,2018-05-28T00:00:00.0000000,0,90.00,38.64,128.64,128.64
72c061dd658608d47b290082ddbb976d,a16c7e7bd772bc541be94b7a25c1a906,delivered,2017-10-07T10:38:35.0000000,2017-10-13T17:04:02.0000000,2017-10-25T00:00:00.0000000,0,179.49,9.45,188.94,188.94
394f1635c89b6816274552e7caa43099,9134f2092e13a2323b387cbad1f56d1d,delivered,2017-10-08T11:39:39.0000000,2017-10-18T20:31:45.0000000,2017-11-09T00:00:00.0000000,0,188.00,16.07,204.07,204.07
e793e2ffd549447018149bce4de2850c,b0e809b21312efd191d8cd6055457f41,delivered,2017-09-05T11:07:35.0000000,2017-09-15T17:42:19.0000000,2017-09-29T00:00:00.0000000,0,19.90,16.79,36.69,36.69
8835bc08d0bba62b3f65c7903126fa49,aa78339a081ffb1671c7140d2693ee86,delivered,2018-08-06T13:26:46.0000000,2018-08-15T14:28:29.0000000,2018-08-15T00:00:00.0000000,1,59.99,18.52,78.51,78.51
e6657617ef1f4cc4cc2413cb0a6630ae,473510bdc67d814c1feda19dc137023e,delivered,2018-01-30T16:16:45.0000000,2018-02-14T19:43:24.0000000,2018-02-21T00:00:00.0000000,0,86.90,16.24,103.14,103.14
53cf21aea186e583d69fe8d531829e3c,c905b50d1a1fadcba284eab7fa52fb25,delivered,2017-12-02T20:09:30.0000000,2017-12-26T22:32:46.0000000,2017-12-29T00:00:00.0000000,0,125.50,16.64,142.14,142.14
c4338fc6904fe8ebef8e0e42ead3c0e0,7225f2492ed367f203858f47023b7172,delivered,2017-12-17T01:00:48.0000000,2017-12-22T22:28:50.0000000,2018-01-24T00:00:00.0000000,0,56.99,15.15,72.14,72.14
97bca524044b6fffcdbcc4ced6e2390f,5a31560ab7821af245ac21f6ede6f4c3,delivered,2017-10-03T21:30:44.0000000,2017-10-05T22:02:40.0000000,2017-10-19T00:00:00.0000000,0,49.99,8.90,58.89,58.89
08cef746691fa27e23fe2c32a02c0e21,b169b69e3ad77c2ea0e63ae4710b863b,delivered,2018-02-26T14:09:33.0000000,2018-04-06T18:32:18.0000000,2018-03-26T00:00:00.0000000,1,349.90,31.98,381.88,381.88
6e9c0612875f3247e91446d8d0bf7d50,ba6cf34ac15f009cb735e05fb4f48c11,delivered,2017-12-23T18:41:40.0000000,2018-01-09T15:44:23.0000000,2018-01-15T00:00:00.0000000,0,24.90,7.78,32.68,32.68
b7aeacfc25789063ab26dcbed69401a3,9b1cf85143c429c569ffa542f24ce20a,delivered,2018-01-21T17:28:33.0000000,2018-01-29T17:13:54.0000000,2018-02-14T00:00:00.0000000,0,49.90,13.37,63.27,63.27
0aa6d207e7ba004eef415715c25765ce,f467accea193ed2a3000f9ea4092820b,delivered,2018-04-15T11:59:06.0000000,2018-04-20T20:08:41.0000000,2018-05-04T00:00:00.0000000,0,99.90,18.58,118.48,118.48
d59a804dba63b4bae7ee24c0befec958,2b2615fdbdbd7f81776f95163acbd096,delivered,2017-11-24T23:12:50.0000000,2017-12-11T22:19:06.0000000,2017-12-19T00:00:00.0000000,0,140.00,12.48,152.48,152.48
29b56549adf0256e35b6aabd8a7f7455,2c2403fd211b56dcde8c570e2af77ff6,delivered,2017-08-07T16:45:26.0000000,2017-08-15T19:03:22.0000000,2017-08-29T00:00:00.0000000,0,43.98,17.60,61.58,61.58
5c51684e9930d09a7f209a96c71064ef,cce67659e9d04865a064779206b7f545,delivered,2018-05-02T23:21:16.0000000,2018-05-04T22:03:20.0000000,2018-05-18T00:00:00.0000000,0,74.99,11.15,86.14,86.14
a8098c74d0b6846c8dd5ea90952879ce,0dfc0621220f4aa19960d5c5397f0835,delivered,2017-07-14T13:10:50.0000000,2017-07-24T21:06:02.0000000,2017-08-07T00:00:00.0000000,0,22.50,14.10,36.60,36.60
f472c6c9045f35a40845e71c997dcc74,cb153f91686e47164e735df3c91296d5,delivered,2018-05-19T20:15:00.0000000,2018-06-05T14:48:02.0000000,2018-06-06T00:00:00.0000000,0,119.00,29.14,148.14,148.14
1d46e93ded8b3ff059abe41e14754362,ddc49820b80baa11c1fd013d27e171fd,delivered,2017-08-23T13:58:50.0000000,2017-09-04T21:15:12.0000000,2017-09-19T00:00:00.0000000,0,119.80,32.36,152.16,152.16
9798002938de9acb5883e90411ded034,94a67251f1d5468f05e0758a00cf070d,delivered,2018-06-15T19:24:37.0000000,2018-07-10T18:07:42.0000000,2018-07-11T00:00:00.0000000,0,36.90,18.36,55.26,55.26
354310406adf3de2d6793865cca4eb97,ad70f138775d968ee261c7dfec755835,delivered,2017-11-06T20:23:42.0000000,2017-11-13T20:58:25.0000000,2017-11-24T00:00:00.0000000,0,759.99,19.07,779.06,779.06
14b791be12b020b826c2ee4c7662a5da,d79bbf4a1c9af9f33686cf1f64457f63,delivered,2018-03-30T16:27:56.0000000,2018-04-13T23:28:32.0000000,2018-04-25T00:00:00.0000000,0,34.36,15.23,49.59,49.59
cf2159bbc127ae7a92a057266d687260,79986e17c3a038cb24355365fc78a0e9,delivered,2018-04-13T07:50:12.0000000,2018-04-19T18:42:45.0000000,2018-05-11T00:00:00.0000000,0,64.90,16.42,81.32,81.32
10084ae353466f1c95f62cbacf6168d5,16da36096df96205bb8d9505199f726d,delivered,2018-02-20T10:33:58.0000000,2018-03-02T20:48:32.0000000,2018-03-14T00:00:00.0000000,0,108.00,17.33,125.33,125.33
bfbac0cb986a021b149fd1ecd301a95e,445845e4372db1e918553b093b13fe8e,delivered,2018-08-05T14:47:02.0000000,2018-08-07T20:32:43.0000000,2018-08-09T00:00:00.0000000,0,99.00,8.85,107.85,107.85
3d89350fbbbebf725356d7abe70f17a0,7574e4f5f09e0daa235e6ea3d3b3d5fc,delivered,2018-01-31T17:08:13.0000000,2018-02-27T21:22:33.0000000,2018-02-22T00:00:00.0000000,1,29.99,14.10,44.09,44.09
4c8c092a897404409eb4858b2c35f100,a82a9ed42b002098621df8124fefd4ff,delivered,2018-08-07T08:40:31.0000000,2018-08-14T17:51:20.0000000,2018-08-10T00:00:00.0000000,1,140.00,17.25,157.25,157.25
c39ffdd77f5ddda482650795f30f7aac,2bd76f7c3456afd0a6885eb89e8bc212,delivered,2018-08-02T12:29:52.0000000,2018-08-07T11:12:07.0000000,2018-08-14T00:00:00.0000000,0,34.90,15.34,50.24,50.24
654ba98a499a03473f9780e5c7fc227b,a81d2b8ee773249a32739a766ef9d891,delivered,2017-08-04T03:06:27.0000000,2017-08-09T18:34:17.0000000,2017-08-17T00:00:00.0000000,0,62.80,9.94,72.74,72.74
4801b9cf238c2c9098bd66a5f092c2da,ca85ad830716e1b7b2964c68c146195d,delivered,2017-11-29T23:02:28.0000000,2018-01-08T20:54:56.0000000,2017-12-29T00:00:00.0000000,1,133.00,19.28,152.28,152.28
d7273b44707722d534c868f279e235cb,c32080bd1442f65f3859a01f865bdf93,delivered,2017-11-08T12:09:31.0000000,2017-11-22T14:57:19.0000000,2017-12-06T00:00:00.0000000,0,319.00,19.51,338.51,338.51
ddc75e18227aa517946c2239d18d1300,74fd1de60f458a07ceaded11a698fbc3,delivered,2018-07-27T21:30:56.0000000,2018-08-02T18:46:49.0000000,2018-08-15T00:00:00.0000000,0,199.00,35.47,234.47,234.47
98a6c523ea54e65d9320d388708b49d3,052c644eb399b528aa0c6ff95a3ea856,delivered,2018-08-07T18:45:30.0000000,2018-08-16T15:53:45.0000000,2018-08-23T00:00:00.0000000,0,59.90,18.52,78.42,78.42
40ff15fd1f4a802dd323bd89a6967b5c,4ffdc20f14db2fc732a0548cf3778396,delivered,2018-05-31T15:31:29.0000000,2018-06-06T15:07:03.0000000,2018-06-19T00:00:00.0000000,0,38.00,7.39,45.39,45.39
63e4ede8e88252dcabc3a251e84dd7ff,4d5ad499182eec2023662b93e804e9a4,delivered,2017-12-15T23:05:43.0000000,2018-01-05T23:58:57.0000000,2018-01-12T00:00:00.0000000,0,29.90,15.11,45.01,45.01
605ddab5485410c9c3c11f4ab9a74f6a,9166122ca8d3afb612cd3bdf4f804bcd,delivered,2018-01-18T11:21:37.0000000,2018-02-03T00:42:49.0000000,2018-02-16T00:00:00.0000000,0,78.00,15.30,93.30,93.30
316495342fc714e50303c6cf4feea79f,f5af1f7ad0a0eeb438292e8540480407,delivered,2017-12-27T21:34:00.0000000,2018-01-05T00:25:33.0000000,2018-01-16T00:00:00.0000000,0,40.90,7.78,48.68,48.68
a2b99b6a9c5b0c402cfbabfdbb69918e,f7f33607a433200f6a87624740e24f8e,delivered,2017-09-10T07:09:18.0000000,2017-09-19T18:11:22.0000000,2017-09-27T00:00:00.0000000,0,49.70,16.60,66.30,66.30
287445be3e2a5f0d3f5036b2a778d1c5,d86567cdc776774d6de508880d117fdd,delivered,2018-05-16T13:29:40.0000000,2018-05-22T17:06:33.0000000,2018-06-19T00:00:00.0000000,0,59.90,23.00,82.90,82.90
ec258e1773b41df94290f07bccbd1ec1,aeb558923701cfd4b4ee039cecb8fa77,delivered,2017-12-30T13:46:14.0000000,2018-01-10T21:18:27.0000000,2018-01-29T00:00:00.0000000,0,53.00,15.12,68.12,68.12
47eb628894a1aa066bafb6d3de07da4b,52f7dfec08a527c57de6b521b799945b,delivered,2018-01-11T18:05:35.0000000,2018-01-18T21:13:54.0000000,2018-02-06T00:00:00.0000000,0,109.90,40.10,150.00,150.00
bb6f77e22d300a3c74436c9ea8925945,76696c96f4cfa5fbaa17fdcced323c9b,delivered,2017-12-19T23:00:42.0000000,2018-01-04T22:56:57.0000000,2018-01-24T00:00:00.0000000,0,119.90,29.24,149.14,149.14
a96e4916afbe040afbe005d10eb41523,6a575fe9813b011bf94d8185ec600045,delivered,2017-07-26T20:49:07.0000000,2017-08-03T16:52:28.0000000,2017-08-08T00:00:00.0000000,0,176.99,25.75,202.74,202.74
2de5b68f713b073b77fda04cb4868443,b3ef2e15b1f2d5598a28e08e3536542b,delivered,2017-12-05T14:10:07.0000000,2017-12-09T14:07:07.0000000,2017-12-28T00:00:00.0000000,0,47.30,12.69,59.99,59.99
4173123220bd4c3bd19044ee5f76c467,2a1789d31dc13c07b1687e2731f7887b,delivered,2017-08-30T14:24:18.0000000,2017-09-11T18:30:46.0000000,2017-09-28T00:00:00.0000000,0,29.90,15.10,45.00,45.00
6373b46dd60ea2f0d7890c131155a0a8,e93fe682b610d10753091905388c433f,delivered,2018-03-15T17:33:38.0000000,2018-04-05T21:14:34.0000000,2018-04-24T00:00:00.0000000,0,139.99,30.56,170.55,170.55
a558df35f2582dce7a0a683f618ea859,70e9cf1e18e454538ab51d6b0c52758d,delivered,2018-02-19T06:54:22.0000000,2018-03-07T20:29:49.0000000,2018-03-15T00:00:00.0000000,0,79.90,21.05,100.95,100.95
650ca3873d0a09fb4604deef7817ef60,5181e6f1eb922ea7daaec1d9f06aa7d7,delivered,2017-11-12T18:56:02.0000000,2017-11-27T20:16:49.0000000,2017-12-08T00:00:00.0000000,0,16.97,15.10,32.07,32.07
0b0334d5ad01e008caafb19973bf1acb,64c1209f6fae0cbe57bd7e39469506f4,delivered,2018-04-25T10:52:10.0000000,2018-05-07T20:12:24.0000000,2018-06-05T00:00:00.0000000,0,179.97,58.17,238.14,238.14
7a0eb0a897a19d67575a24798ba26fc5,7e4afd20ae143f73bec2e0ce84be702f,delivered,2017-03-04T10:37:13.0000000,2017-03-14T15:51:50.0000000,2017-03-23T00:00:00.0000000,0,72.90,11.12,84.02,84.02
397f4ed009841e83e71435ab9376cc8c,111dcb0d9a9858c0d2b01fffc0b8126d,delivered,2018-07-19T18:32:43.0000000,2018-07-25T20:48:51.0000000,2018-08-20T00:00:00.0000000,0,299.00,45.96,344.96,344.96
4f39a94d6e474819d898d6df7d394996,27a410dccb395b6ce45963874d158352,delivered,2017-04-28T16:28:03.0000000,2017-09-19T13:54:18.0000000,2017-05-30T00:00:00.0000000,1,158.00,38.50,196.50,196.50
223b2b4c06ffe3ced7307cad0ebd5e44,32df5b33f0b3abf4b75988b73732701a,delivered,2017-12-11T23:10:16.0000000,2017-12-28T20:28:50.0000000,2018-01-10T00:00:00.0000000,0,159.99,20.36,180.35,180.35
cc85879fb8f1767ad9b67dbcfa113e7b,fef63fc541ea4380366f67bee5cf11d2,delivered,2018-04-07T13:26:51.0000000,2018-04-17T21:36:46.0000000,2018-05-04T00:00:00.0000000,0,109.90,21.85,131.75,131.75
cf3da3c7f3915ee38eb71471c6aac434,30c0d1803692aa5d5f70dfb0740175c1,delivered,2018-08-10T09:56:58.0000000,2018-08-13T17:46:55.0000000,2018-08-16T00:00:00.0000000,0,82.49,8.74,91.23,91.23
93709cc8ac5e38fe6622dcebd2ce72bf,5d6af0de0877df24d2c737741eeaad2d,delivered,2017-10-28T08:28:41.0000000,2017-11-07T14:41:20.0000000,2017-11-21T00:00:00.0000000,0,133.40,32.93,166.33,166.33
0744ce655e97e70eb03a99cf52385502,ae2702f08dfccf04bf793a9cea9a4b31,delivered,2017-08-08T13:24:36.0000000,2017-08-23T20:26:55.0000000,2017-09-05T00:00:00.0000000,0,69.90,16.25,86.15,86.15
78d7bf360bb60d0dd4bd37663c126524,bbfd6562ad0326487d9e5c8e6433fc8d,delivered,2018-08-26T13:23:23.0000000,2018-08-30T23:40:54.0000000,2018-09-10T00:00:00.0000000,0,169.90,18.99,188.89,188.89
915a2730449787ced8fbbc1794ca7d0b,41db322bbc128ead2b4dcb94280a9ce0,delivered,2018-07-25T10:57:54.0000000,2018-08-07T22:04:08.0000000,2018-08-21T00:00:00.0000000,0,149.90,31.92,181.82,181.82
b2217a354063d984ee320fa29b6baf1a,79e3ba6298327f701c453dedbd155600,delivered,2018-08-03T19:00:56.0000000,2018-08-09T20:28:44.0000000,2018-08-20T00:00:00.0000000,0,127.50,53.64,181.14,181.14
100c3a4b273a82310ce16d5524e14450,d61a69cff9f2013ae34f6067ddf94523,delivered,2017-09-16T09:00:56.0000000,2017-09-22T17:11:17.0000000,2017-10-05T00:00:00.0000000,0,119.40,17.09,136.49,136.49
49d82571c200aac8b226cae094dc8f0c,4b4bee09940f6ede7b3cac4b3a2e9a3d,delivered,2018-06-12T21:00:18.0000000,2018-07-26T15:12:37.0000000,2018-07-05T00:00:00.0000000,1,209.99,28.76,238.75,238.75
fe0f62fd99cb34355fb8706ce0faf6c6,1dcf37da2946cd5a450289683d39887b,delivered,2018-04-18T16:08:49.0000000,2018-04-23T15:22:16.0000000,2018-05-07T00:00:00.0000000,0,42.90,9.44,52.34,52.34
02a0929986b1647b2df9bb303b4851b9,aee9d44d59c6cb00a9d64b390666224d,delivered,2018-06-25T21:13:29.0000000,2018-06-29T22:21:32.0000000,2018-07-12T00:00:00.0000000,0,259.00,39.58,298.58,298.58
7674a39ac1ba0b1ca68a18cfbd151b1b,90d7075599361b6945ce6c9e200a687b,delivered,2017-07-28T17:03:33.0000000,2017-08-07T14:57:25.0000000,2017-08-28T00:00:00.0000000,0,54.06,30.22,84.28,84.28
718b31ebf4b412db36cb480229bca6ab,644ffd89339a2d2cd3479be46dbce91d,delivered,2018-05-07T13:00:22.0000000,2018-05-14T14:03:02.0000000,2018-05-30T00:00:00.0000000,0,148.00,9.91,157.91,157.91
14f31f8bfd37cf6b1fa6a4aa6e94e930,b7036379c8ca6db063c7e288cdea5094,delivered,2018-02-27T15:42:55.0000000,2018-03-05T22:57:53.0000000,2018-03-14T00:00:00.0000000,0,139.80,26.16,165.96,165.96
571b3d06ddb5bba38fac92f4da0778e7,73bd1eb83b4172b898bc19681afc885f,delivered,2017-02-01T20:59:12.0000000,2017-02-08T15:51:14.0000000,2017-03-03T00:00:00.0000000,0,129.90,46.86,176.76,176.76
818878a0bdfd8a8cf46e474a03fc5366,e865ee96ba1d73c1bfad1dc94269fc14,delivered,2017-10-26T13:43:41.0000000,2017-11-09T16:44:32.0000000,2017-11-23T00:00:00.0000000,0,89.99,16.39,106.38,106.38
67009d1f213f762960c97b4f8629159c,d3e3cb2b2922f53b23b090d9668a1b13,delivered,2018-01-20T11:38:30.0000000,2018-02-01T21:18:30.0000000,2018-02-23T00:00:00.0000000,0,199.00,17.83,216.83,216.83
7d4101163410b1380268da3933e691f1,603836070f1882347e4800d647793d88,delivered,2017-07-20T23:03:33.0000000,2017-07-26T20:17:41.0000000,2017-08-21T00:00:00.0000000,0,179.80,34.14,213.94,213.94
55bd3d21d10786b863b8537b32bc3899,6656caf59604b25703d86b9a8ea0f814,delivered,2018-08-01T13:52:56.0000000,2018-08-07T20:33:36.0000000,2018-08-20T00:00:00.0000000,0,16.29,18.23,34.52,34.52
e981933dec07dfe833f737618e90afe2,9d1db085c2312cc76a261c2f0d153ee5,delivered,2018-08-21T19:49:42.0000000,2018-08-23T23:16:47.0000000,2018-08-24T00:00:00.0000000,0,64.99,8.62,73.61,73.61
813c55ce9b6baa8f879e064fbfbc9e07,33ff667cdb878cb8e222ae48d131c739,delivered,2017-04-26T01:01:39.0000000,2017-05-08T08:54:36.0000000,2017-05-18T00:00:00.0000000,0,279.90,16.13,296.03,296.03
9ce36e2fe5d89681ffcdc294ea7363ac,583f92cf005d530fb347398860f184c4,delivered,2018-06-04T11:16:53.0000000,2018-06-14T10:03:26.0000000,2018-07-20T00:00:00.0000000,0,35.90,50.85,86.75,86.75
0e9ed1bc6589695f10e03b8eca833201,bd33f7c7a64e619e46ee0edd5caf74ef,delivered,2018-08-20T03:21:20.0000000,2018-08-23T21:57:45.0000000,2018-09-20T00:00:00.0000000,0,118.13,17.02,135.15,135.15
daec7c006304b60ca87044f26409ef2e,9232215e0cd2e157268266f474ca3f11,delivered,2017-08-16T13:12:14.0000000,2017-08-23T21:30:05.0000000,2017-09-05T00:00:00.0000000,0,16.90,11.85,28.75,28.75
f38baece3d405c61575ec8886dcf4cfe,a2cc9f80829ee0d67d9767a999c9de40,delivered,2017-05-21T09:02:27.0000000,2017-06-01T15:04:57.0000000,2017-06-13T00:00:00.0000000,0,98.79,13.03,111.82,111.82
b6f7267c5de549e8079e23367dafd3a1,e45d7222b87e8b15b377853dba5be723,delivered,2018-06-11T10:26:21.0000000,2018-06-15T18:18:34.0000000,2018-06-28T00:00:00.0000000,0,19.90,12.79,32.69,32.69
35298b52820bdcc64b7bf71ccc28a36c,52496ddf0025f7b0ec3cb640a97990f8,delivered,2017-12-31T19:28:24.0000000,2018-01-09T19:38:13.0000000,2018-02-09T00:00:00.0000000,0,56.99,25.68,82.67,82.67
6c8accd4cab9d1cccad9d791492d53b2,847a65ac1b1b67459d7fe6e1a1af3c83,delivered,2018-03-17T03:08:01.0000000,2018-04-06T18:51:43.0000000,2018-04-16T00:00:00.0000000,0,79.99,14.55,94.54,94.54
5690636f35f3831fe4cf8d5c8e060d99,c0fcce97e056aff1a7848e43fc975359,delivered,2017-11-25T09:06:15.0000000,2017-12-12T23:49:27.0000000,2017-12-19T00:00:00.0000000,0,114.90,18.05,132.95,132.95
a0276ec686c0ea314da1e9da49e8a46a,082b0e812e5a5e7be47a20928caee80b,delivered,2018-02-12T17:31:43.0000000,2018-03-08T23:37:25.0000000,2018-03-15T00:00:00.0000000,0,13.65,16.79,30.44,30.44
c0b4d042df532a3a84b95e89bf2a53c1,fe7d8a2ba8e06d46cc04b6901fa533ff,delivered,2018-04-11T16:59:22.0000000,2018-04-28T20:04:14.0000000,2018-05-08T00:00:00.0000000,0,53.90,52.95,106.85,106.85
69b4682d3ab5ef1f14a8e9e74638f87e,765b56e9a7716dfe3074a58a8aac5974,delivered,2018-08-07T14:10:05.0000000,2018-08-13T16:02:24.0000000,2018-08-17T00:00:00.0000000,0,212.00,14.14,226.14,226.14
ab18ff09f55ca3ccc4dbf5bed2c9036d,478c615b39c193099e6f6b352d706ab7,delivered,2018-03-24T12:25:44.0000000,2018-04-19T18:44:55.0000000,2018-04-16T00:00:00.0000000,1,59.90,18.30,78.20,78.20
99662b91e0128a7de8c373ab7e566dc9,d09200136a8aec3f7a9831754d554b5c,delivered,2018-03-20T15:20:59.0000000,2018-03-27T18:27:39.0000000,2018-04-11T00:00:00.0000000,0,69.00,18.36,87.36,87.36
9167e0a67d886b453dbb9318f1db42cc,44e22962c585a40a9294dab5ded35dbb,delivered,2017-06-13T15:50:59.0000000,2017-06-26T11:56:31.0000000,2017-07-06T00:00:00.0000000,0,74.00,30.20,104.20,104.20
db4d39113d1f1f359709384518d81e31,91aed284ce3e18b2be4cb2dafc798b51,processing,2017-09-19T11:08:41.0000000,,2017-10-10T00:00:00.0000000,0,79.99,17.81,97.80,97.80
1e73093ee708ed2b782f359056925208,3f3e1ecfa168cfaffdf4bbdc26c8fd35,delivered,2017-08-14T18:54:04.0000000,2017-08-18T16:59:34.0000000,2017-09-14T00:00:00.0000000,0,18.90,16.92,35.82,35.82
1494db03a5c6e6ed463866c7e1171104,993add0b1f0f75f14cc08bc0e180db18,delivered,2018-07-17T23:35:22.0000000,2018-07-30T18:16:48.0000000,2018-08-09T00:00:00.0000000,0,99.90,23.50,123.40,123.40
3c04118e4788bb999f7371015e3dbdbe,a2cd17436c82a68234fbda01562f6e50,delivered,2017-08-16T17:41:35.0000000,2017-08-25T13:52:33.0000000,2017-09-14T00:00:00.0000000,0,10.00,11.85,21.85,21.85
f16dee6de72d9dcf6b644a19233a39da,00b96a156e6827442e5ec7c620a39d24,delivered,2018-04-21T15:10:45.0000000,2018-04-26T21:57:31.0000000,2018-05-16T00:00:00.0000000,0,39.99,15.23,55.22,55.22
3550480abae8b6120d0c8d5ca9bbbdfd,d20ce9616a4f457e01b607334fbbb722,delivered,2018-05-10T08:40:32.0000000,2018-05-15T23:42:32.0000000,2018-06-07T00:00:00.0000000,0,36.50,22.93,59.43,59.43
1cf0fc2c07de89a211f8dcf9ff5af15b,97a0e2c05d5882609289a1816e234ba0,delivered,2018-08-07T21:53:39.0000000,2018-08-18T18:21:11.0000000,2018-08-15T00:00:00.0000000,1,395.00,20.94,415.94,415.94
0a84fbd88ba3278bbb66308e79b2f416,bd82e5acdc4197ed672255f002b9cc45,delivered,2017-03-07T17:50:02.0000000,2017-03-13T15:22:53.0000000,2017-03-24T00:00:00.0000000,0,399.99,14.19,414.18,414.18
fea58e65b788d96dd982a2660be9e2cc,d366fbc54434d58bb744ed9216f11d5a,delivered,2018-07-20T13:26:04.0000000,2018-07-26T22:05:13.0000000,2018-08-08T00:00:00.0000000,0,29.30,12.87,42.17,42.17
f2b00200fa3b427fee60eb4fa811720b,fefe47950f42fddc66afdf7315a36dae,delivered,2018-05-24T16:43:06.0000000,2018-06-07T17:44:58.0000000,2018-07-03T00:00:00.0000000,0,299.40,115.92,415.32,415.32
a99b56767df11d454006074f4ba801e1,4990d6ec5b1b6ca2b76a73bba192a451,delivered,2018-08-06T00:52:30.0000000,2018-08-21T17:08:37.0000000,2018-08-22T00:00:00.0000000,0,54.90,13.72,68.62,68.62
e5fa83ee166ad4e56b60c0bc4a2e12bc,09019e777b997c943ed2c3b3b9fb2707,delivered,2017-10-30T23:55:00.0000000,2017-11-24T21:11:19.0000000,2017-12-01T00:00:00.0000000,0,34.90,25.63,60.53,60.53
ddc5df3b1c497720bae1692c170baec0,94074895c5b185e9642b1a66a3ef05a7,delivered,2017-11-24T13:33:20.0000000,2017-12-06T13:12:48.0000000,2017-12-26T00:00:00.0000000,0,148.90,43.45,192.35,192.35
8af022ef5bcb85da7e559f43367171bf,5d620255702bc2d194c87b2911951aa7,delivered,2018-01-08T12:11:29.0000000,2018-01-16T21:11:45.0000000,2018-01-31T00:00:00.0000000,0,13.65,14.10,27.75,27.75
ca135e527ced56014617ee57b5386a2f,89e228202833d7ef75a17cf778a4bf40,delivered,2018-01-29T21:03:16.0000000,2018-02-26T20:41:43.0000000,2018-03-13T00:00:00.0000000,0,74.89,27.06,101.95,101.95
749ccd54a6e860862770d11abcbbe0bc,fbf63348f1407b889627f56bf252be12,delivered,2018-08-14T21:02:48.0000000,2018-08-21T21:28:45.0000000,2018-08-27T00:00:00.0000000,0,12.99,12.79,25.78,25.78
7caa0a770f1010526a3e5f65757755f0,8eaeb7321c581b23d11baa046e326351,delivered,2017-07-14T12:56:31.0000000,2017-08-15T17:20:06.0000000,2017-08-17T00:00:00.0000000,0,280.00,18.40,298.40,298.40
fdeb8e2ed51d3a12a9d6c27a2f70e255,16cbc4e32c7cdb2964442a15b807711c,delivered,2018-01-21T22:20:52.0000000,2018-02-03T12:07:31.0000000,2018-02-06T00:00:00.0000000,0,150.00,8.30,158.30,158.30
14e4354a0f5d87e8db773937a3f2331e,18aae46d2f68affaf9763d9b54ac6a7f,delivered,2017-10-13T12:37:49.0000000,2017-10-27T03:02:51.0000000,2017-11-10T00:00:00.0000000,0,55.60,17.96,73.56,73.56
cd073a09b3f9f8f60fe4b7aa998f2ca0,992827c0798eac56fbf32454152b47b5,delivered,2018-06-20T08:57:50.0000000,2018-06-25T15:16:38.0000000,2018-07-12T00:00:00.0000000,0,60.00,15.52,75.52,75.52
fc0ab8cdbc2f9a64c50264d217e47114,bc9340424036e7a409f72b4628d55973,delivered,2017-05-09T12:22:51.0000000,2017-05-12T13:12:53.0000000,2017-05-29T00:00:00.0000000,0,57.99,17.66,75.65,75.65
d8d4e1a57a139526d78c7713a4eed523,6f4757d5bc29373b8d9e85452d5c5084,delivered,2018-08-02T20:27:24.0000000,2018-08-13T19:54:46.0000000,2018-08-22T00:00:00.0000000,0,39.90,18.38,58.28,58.28
ad2cb7174d08a12cbc905429e2027c96,c11fbc580671361648bce57643122d12,delivered,2018-05-10T12:06:38.0000000,2018-05-18T22:51:56.0000000,2018-06-07T00:00:00.0000000,0,598.00,253.82,851.82,851.82
7e33051b148132bd0c823915b8863e35,e5d2e5d5a118426869969e7edf137611,delivered,2018-05-03T07:24:46.0000000,2018-05-08T22:58:50.0000000,2018-05-28T00:00:00.0000000,0,159.90,20.09,179.99,179.99
3ab5bdee7463665002059afbc68144b3,98148e148042527f57490f05af4149ee,delivered,2017-11-07T17:30:39.0000000,2017-11-24T16:48:42.0000000,2017-12-01T00:00:00.0000000,0,39.00,13.37,52.37,52.37
75a274082b03938965592307afe46ae2,341baecb319d65b15bcfc9c3adc5de7f,delivered,2018-01-04T16:54:54.0000000,2018-01-24T22:12:09.0000000,2018-02-14T00:00:00.0000000,0,73.50,17.76,91.26,91.26
5c08c71d1da2a1cbbb12fe54b0419b41,8e00885d43c3f587e4d60b751462cdf7,delivered,2018-05-06T02:04:47.0000000,2018-05-15T17:18:35.0000000,2018-05-25T00:00:00.0000000,0,139.90,20.32,160.22,160.22
15261e1a4e2be405c49fb08d7e07773c,944ad7299db6b270609f52b1114ec87b,delivered,2017-11-24T19:51:55.0000000,2017-12-05T17:52:09.0000000,2017-12-19T00:00:00.0000000,0,21.60,15.10,36.70,36.70
e210ce645469e7eb44209cb28f6bf097,ab5f976b67616479af3bd2404c26ed9b,delivered,2017-12-21T14:45:24.0000000,2018-01-11T22:20:38.0000000,2018-01-29T00:00:00.0000000,0,79.00,28.95,107.95,107.95
9e6e335c851fd08c6e1b22a0d70bb540,788e9580bf43966d1477ce4fccde2d32,delivered,2017-12-19T15:55:46.0000000,2018-01-04T00:09:01.0000000,2018-01-17T00:00:00.0000000,0,89.90,18.20,108.10,108.10
614990b55e705d163e360ad21ed63a30,b228af379316f9f5d41d658f91ef6c48,delivered,2018-05-16T18:10:37.0000000,2018-06-12T20:21:27.0000000,2018-06-08T00:00:00.0000000,1,113.90,19.77,133.67,133.67
08acb70a4f06f300068802d8776fefaa,d95c4eb894db9fa73c355006bfa2534b,delivered,2017-07-28T10:29:15.0000000,2017-08-02T19:21:54.0000000,2017-08-14T00:00:00.0000000,0,45.33,9.94,55.27,55.27
a236e52ad4592e2e25502b20473e84fc,ed0058629ce30eb5d840ce1316d094b7,delivered,2018-08-11T19:25:27.0000000,2018-08-16T20:41:24.0000000,2018-08-28T00:00:00.0000000,0,44.90,18.11,63.01,63.01
7be3a5089c1dc43a6943bfb89a249b8c,4ce34b1541d53e6b1b023e4317ae0d3d,delivered,2018-07-24T19:19:18.0000000,2018-07-30T15:32:09.0000000,2018-08-30T00:00:00.0000000,0,890.00,81.03,971.03,971.03
0786c4c0e6cac26fe4f5c558b232e392,eeef230ea3868be789d424edb3b91546,delivered,2017-08-17T13:19:30.0000000,2017-08-28T20:56:06.0000000,2017-09-06T00:00:00.0000000,0,62.00,16.06,78.06,78.06
40aecb2022cf80ba1efc9b0ddf5cd690,061a531d906f4bfb762be36757e41f7b,delivered,2017-07-17T18:19:50.0000000,2017-08-02T21:23:26.0000000,2017-08-21T00:00:00.0000000,0,56.99,25.43,82.42,82.42
aef9c99ee1272a501f52167fe0c5631a,d8f2d04650db8e8b43d2bdce53ddbfa0,delivered,2017-05-04T15:20:54.0000000,2017-05-16T16:00:09.0000000,2017-06-02T00:00:00.0000000,0,199.00,22.02,221.02,221.02
47120c8873cf3ca85fec9f20ec00a032,a3dff9a630a63b528b2fbed1bc448fbe,delivered,2017-06-17T11:16:11.0000000,2017-06-26T15:03:10.0000000,2017-07-07T00:00:00.0000000,0,19.90,11.85,31.75,31.75
265858f2ac3e966d6f2e63e5f7a51092,c8e156923e9f6ddffd08c5df3c01880b,delivered,2017-10-26T10:30:47.0000000,2017-10-28T13:57:46.0000000,2017-11-08T00:00:00.0000000,0,29.00,7.78,36.78,36.78
f99c42cf20b64fe3dc045ae83e56f4e1,18af14116834f457513ba68d3c208eda,delivered,2017-07-11T21:23:14.0000000,2017-07-18T12:34:03.0000000,2017-07-24T00:00:00.0000000,0,480.00,86.00,566.00,566.00
1c64a95702ee730080852e28d43a73e6,28cfdb6caa2f2821c935a3fedbb785ac,delivered,2017-04-18T20:33:32.0000000,2017-04-28T09:36:36.0000000,2017-05-10T00:00:00.0000000,0,127.90,23.89,151.79,151.79
a8dd3db8266dac551c7fe1da54c8d415,d149bc46adcbda6621ab6f9055f11bb0,delivered,2018-01-19T12:09:56.0000000,2018-01-26T15:27:42.0000000,2018-02-15T00:00:00.0000000,0,129.00,45.36,174.36,174.36
3056cd8b96b8ff6badf1b936a8cb3bc8,07ebdcd609056322ab696bca753690ee,delivered,2018-03-01T23:08:25.0000000,2018-03-07T20:52:56.0000000,2018-03-26T00:00:00.0000000,0,25.00,14.10,39.10,39.10
753c946b8e6608e274c63dacb53fb67f,8a2fc75853530d4225f7fba2d836d387,delivered,2018-07-06T18:37:58.0000000,2018-07-16T14:13:25.0000000,2018-08-03T00:00:00.0000000,0,238.00,42.65,280.65,280.65
582ecddc80251f58adb996143e81d6e0,d6aba909671bed4ffb393c2c4a9c1cb2,delivered,2018-05-15T16:13:39.0000000,2018-05-21T18:36:54.0000000,2018-06-07T00:00:00.0000000,0,245.00,19.59,264.59,264.59
2275c86505ffbdf6aa88cd91bfeeae33,0b6176d7c46eb2e5d839fbd9f6d1bce7,delivered,2017-12-01T11:10:55.0000000,2017-12-18T20:37:17.0000000,2017-12-27T00:00:00.0000000,0,27.19,17.60,44.79,44.79
00a174dbf11967d260033fa6ab711493,ae06f7ef9cae527f248b5401c5663265,delivered,2017-11-27T10:29:23.0000000,2017-12-19T19:33:32.0000000,2017-12-20T00:00:00.0000000,0,249.90,41.53,291.43,291.43
9c0ca649b4269a45a953747ae381d37c,9f57e674f66d1758920393d010d9e969,delivered,2018-08-10T20:18:50.0000000,2018-08-16T21:41:07.0000000,2018-08-27T00:00:00.0000000,0,79.99,18.66,98.65,98.65
b0121f9117cd8f3e1d9fcfa7c21533d4,a6ce93bc0e8cb0642ef2c8105456fe91,delivered,2017-06-02T16:17:33.0000000,2017-06-06T12:44:07.0000000,2017-06-16T00:00:00.0000000,0,802.14,13.81,815.95,815.95
70e430723d15eaf320da7d163e736ed3,3411e434834321dbc03ce82d340a0d78,delivered,2018-08-16T12:46:48.0000000,2018-08-21T18:32:59.0000000,2018-09-11T00:00:00.0000000,0,32.00,15.32,47.32,47.32
b7441c24c727cdf423f8339a62447193,83ec5df9d919623cea294ca76be73b0c,delivered,2017-11-22T21:12:44.0000000,2017-12-18T15:19:08.0000000,2017-12-11T00:00:00.0000000,1,250.00,35.02,285.02,285.02
96c01643f38c59fe8ac1ef0480d423fc,1796c18274a6cb3a6ec3ac02cde5389c,delivered,2018-04-11T22:47:02.0000000,2018-04-16T19:54:48.0000000,2018-05-08T00:00:00.0000000,0,69.90,17.08,86.98,86.98
9ab5644159baae7027369bff9c6890b1,a1be2e6e7eded43730e9b8abd863e039,delivered,2018-01-27T20:56:12.0000000,2018-02-05T20:11:56.0000000,2018-02-20T00:00:00.0000000,0,68.80,24.54,93.34,93.34
2468e620a816b687f5dc6878e7d847ce,c263ebf69a31d58fe14346bb309ff697,delivered,2018-02-09T10:47:01.0000000,2018-02-20T15:03:38.0000000,2018-03-05T00:00:00.0000000,0,79.00,12.89,91.89,91.89
dea01d9c1e4b72c2db85ece62b00d823,abd0d963d378cd25a471cb2e45534c8d,delivered,2018-01-19T11:37:49.0000000,2018-02-05T19:41:56.0000000,2018-02-16T00:00:00.0000000,0,57.90,26.65,84.55,84.55
6b998c66969da91aea4b8ce0173a5bdd,b7683baa9491190a81d10e9c2502c1d0,delivered,2018-05-04T11:09:54.0000000,2018-05-10T14:22:53.0000000,2018-05-30T00:00:00.0000000,0,102.00,13.15,115.15,115.15
d607cf247d8e19a82548c3a30cb2d173,1f286139afe2eb2040a68fee6e253eda,delivered,2017-09-13T20:23:41.0000000,2017-09-15T19:36:35.0000000,2017-09-25T00:00:00.0000000,0,29.00,7.78,36.78,36.78
e194f9ac9793de14b87eecf9b3532421,edb556fd9c201137bdea274e76b67a9c,delivered,2018-03-16T17:55:29.0000000,2018-04-18T22:08:40.0000000,2018-04-11T00:00:00.0000000,1,250.00,97.56,347.56,347.56
0acfe927eda045512670dbbf763b330a,c56ac9e8772a402f6a167237b0c13f28,delivered,2018-04-21T15:10:55.0000000,2018-04-27T13:31:48.0000000,2018-05-17T00:00:00.0000000,0,100.00,14.79,114.79,114.79
0f081161ec11a7986d836cf8e012cd21,70e6d8407a54a97e0985316f11f46ee6,delivered,2017-04-15T17:06:36.0000000,2017-04-20T09:35:29.0000000,2017-05-15T00:00:00.0000000,0,134.90,16.05,150.95,150.95
7d27be18a08a2dbe4ee2d12c2fc5a739,1186b32fd68e9c50884527b4ad233083,delivered,2018-03-16T21:22:05.0000000,2018-03-20T14:58:40.0000000,2018-03-28T00:00:00.0000000,0,39.90,8.29,48.19,48.19
d265e2114f019b12adfff1e68a241a8e,49fbad4fd44bf061db521927312ac8f5,delivered,2018-08-27T19:39:33.0000000,2018-08-29T20:08:43.0000000,2018-08-31T00:00:00.0000000,0,34.00,7.50,41.50,41.50
bc01ea4b0d29f66c3b84774cedea3667,edaa9852dc9c501799d0062442a05a52,delivered,2018-03-27T16:27:51.0000000,2018-04-06T18:29:46.0000000,2018-04-18T00:00:00.0000000,0,149.90,25.18,175.08,175.08
671da50aeba5a03f468677e421e93b3d,a8f5a28154b64dab69d0a0ada4d223ff,delivered,2017-06-21T16:40:23.0000000,2017-06-26T14:32:51.0000000,2017-07-06T00:00:00.0000000,0,89.99,7.88,97.87,97.87
082c7986084072affce4f8c0a20a39df,709a44317585874947086347088ff28b,delivered,2018-02-28T13:15:20.0000000,2018-03-23T19:14:33.0000000,2018-03-19T00:00:00.0000000,1,42.79,12.48,55.27,55.27
92ea6a0cefc845d92f3b1339e0e0100a,e66d33cb50becd445c9a52eeee37adbf,delivered,2018-01-12T15:02:58.0000000,2018-01-26T20:05:22.0000000,2018-02-21T00:00:00.0000000,0,168.90,36.50,205.40,205.40
d3d2abdcb92f954926408fc4e9088e45,ba8329f5610eea3af74dc1d1fe3e4564,delivered,2018-02-04T18:28:36.0000000,2018-02-16T14:44:44.0000000,2018-03-01T00:00:00.0000000,0,79.90,12.90,92.80,92.80
d7c88efc86371e81d37eb2cff1c61020,c6405c62925ba71e578093f93a07814a,delivered,2017-05-23T08:51:27.0000000,2017-05-29T10:37:40.0000000,2017-06-13T00:00:00.0000000,0,109.90,12.27,122.17,122.17
38a7d2cc64bcabb5595e709def8dba7e,0df5896a6f325a7c16bbe6c4d80eb82f,delivered,2018-01-11T19:36:51.0000000,2018-01-22T21:48:32.0000000,2018-02-05T00:00:00.0000000,0,29.50,15.98,45.48,45.48
9db84495f43c7c241929f3c0380dc27b,bff5381b97603b77d34b06e7b95695fb,delivered,2017-03-24T13:56:44.0000000,2017-04-11T12:13:28.0000000,2017-05-05T00:00:00.0000000,0,482.90,21.66,504.56,504.56
bb459de681cfef5d3484ec88dc2b508f,cdfb43f4e84e1508fdaa9d6eb73e52d8,delivered,2018-05-14T15:42:44.0000000,2018-06-07T13:19:25.0000000,2018-06-11T00:00:00.0000000,0,89.00,52.75,141.75,141.75
f67ed27c364607b4afba7d4d7b32f524,10b92e68e50359e80f2c0459df7d2442,delivered,2017-10-08T19:34:49.0000000,2017-10-10T16:05:55.0000000,2017-10-25T00:00:00.0000000,0,199.99,37.49,237.48,237.48
727ff4968b521aca37f5ac012eb0c9ad,314222754b66db2d977b14ecc4ee2756,shipped,2017-11-24T12:03:10.0000000,,2017-12-08T00:00:00.0000000,0,46.90,8.72,55.62,55.62
122113ebabe53addad2976ed1ba7cfe3,468c50060017c568e068d4608b5bfa16,delivered,2017-04-10T17:23:43.0000000,2017-04-20T13:52:59.0000000,2017-05-15T00:00:00.0000000,0,69.90,16.19,86.09,86.09
0bcb914e60bb0de6160699483722bc0d,7095f9b891c923ab4e2298b22649e6ca,delivered,2018-05-06T19:50:08.0000000,2018-05-21T21:28:20.0000000,2018-06-04T00:00:00.0000000,0,42.00,12.76,54.76,54.76
94a224f03c816cd9a1d94b886e26da80,ee356dc1282ff78b19141fc057037a08,delivered,2018-03-04T18:31:38.0000000,2018-04-13T19:14:49.0000000,2018-04-02T00:00:00.0000000,1,149.90,15.80,165.70,165.70
1500f1a091b64e1e36d67b8622031e93,7edc8f32ebb21dbf9f6e734f2e461afa,delivered,2017-12-05T00:06:40.0000000,2017-12-12T22:18:03.0000000,2018-01-02T00:00:00.0000000,0,75.00,21.02,96.02,96.02
58fcb8ce8784213ace394e1427f50fb7,9e4f4608b4a885205ebb609ecdb7ea5b,delivered,2018-07-11T01:50:33.0000000,2018-07-12T21:51:39.0000000,2018-07-19T00:00:00.0000000,0,39.96,22.32,62.28,62.28
56ef80c564f6fd57cc662adee0379746,207df7ad3a701cc5f0a232000cca51f9,delivered,2017-01-16T14:24:22.0000000,2017-01-23T08:56:05.0000000,2017-02-24T00:00:00.0000000,0,34.90,14.52,49.42,49.42
98886a41872c9df13b990863b330f710,fb858665709e2e6adfe0207bcc5b3118,delivered,2018-08-06T14:44:25.0000000,2018-08-16T19:28:39.0000000,2018-08-15T00:00:00.0000000,1,69.99,11.51,81.50,81.50
73c0786753e32171d5d1bba1e682b4ba,437820aa4853d90478621dffef1aae45,delivered,2017-08-07T21:41:19.0000000,2017-08-17T15:46:52.0000000,2017-09-06T00:00:00.0000000,0,14.90,16.79,31.69,31.69
e30bc9599660c657ce6cf351f1a98b5f,cc9e0c2d088a2b71c3b5f067fafab259,delivered,2017-11-11T20:24:57.0000000,2017-11-23T16:31:44.0000000,2017-12-01T00:00:00.0000000,0,166.99,20.66,187.65,187.65
956f15dfe9a7f2414a02c445fdbb865a,007b7f04a35e02745c23ea706492ca20,delivered,2017-01-21T18:37:21.0000000,2017-02-02T13:54:06.0000000,2017-03-17T00:00:00.0000000,0,59.90,17.16,77.06,77.06
90b0ca32bb968251ac0b7eeb5393b7fe,9298e21b96ed98849264062a27a76c63,delivered,2017-11-06T23:01:26.0000000,2017-11-22T18:58:32.0000000,2017-11-24T00:00:00.0000000,0,119.80,26.88,146.68,146.68
ffdd178654127ccf34a439e8704fecd9,33d0814c9eff200629eb49330ce5c6a3,delivered,2018-03-07T14:07:47.0000000,2018-04-07T13:16:50.0000000,2018-04-04T00:00:00.0000000,1,69.90,38.71,108.61,108.61
78d54cc2c9c87e4bc2a38d1443d81cbd,c624328295d90847765ee77db086b58e,delivered,2018-07-26T16:55:46.0000000,2018-08-02T21:51:05.0000000,2018-09-04T00:00:00.0000000,0,33.90,22.17,56.07,56.07
afc22368eeb04afb4727cdec59103f90,4494791f21d3b8231c74f272671b6167,delivered,2018-07-23T15:08:01.0000000,2018-08-03T16:41:40.0000000,2018-08-09T00:00:00.0000000,0,74.99,30.33,105.32,105.32
5c8a12c2c89e9e65e52260359ac95a15,05006a510ff7ae9e5b9901344cac5f24,delivered,2018-04-30T13:54:32.0000000,2018-05-03T18:51:42.0000000,2018-05-14T00:00:00.0000000,0,33.90,7.87,41.77,41.77
cf89399a034c96945092cc819f31801d,eb3e00534a970a5f3309eac06880f0f6,delivered,2018-02-11T11:13:55.0000000,2018-03-01T01:43:14.0000000,2018-03-06T00:00:00.0000000,0,144.99,14.03,159.02,159.02
34871174fe1f4c68f7efac5e5b3fbbde,0d72c06cbd17cde4598ce4aa6d065a7c,delivered,2018-08-19T22:45:16.0000000,2018-08-30T16:03:02.0000000,2018-08-27T00:00:00.0000000,1,85.90,11.62,97.52,97.52
173f3e01cc3fc12d3831a3d80a024a90,f493f84141c8e1de969c750413554006,delivered,2018-07-22T20:27:10.0000000,2018-07-31T20:46:52.0000000,2018-08-16T00:00:00.0000000,0,109.00,18.86,127.86,127.86
b02a2e4aaf38eb7c05ef28a6091ae2ce,4befc2f11b265e8aad849eafc3c82e43,delivered,2018-04-19T10:15:03.0000000,2018-05-09T21:33:13.0000000,2018-05-24T00:00:00.0000000,0,500.00,40.19,540.19,540.19
8c96e32cbba91af2ff0d72a45445d204,e3396866db806ab204f8b769bbca8e35,delivered,2018-08-19T14:19:27.0000000,2018-08-28T18:17:22.0000000,2018-08-31T00:00:00.0000000,0,179.00,18.38,197.38,197.38
208f107af74f48f12d680a404d4424cd,7ca26bcdcf2ab6db5a923a08fefe050f,delivered,2018-05-09T02:19:25.0000000,2018-05-15T00:19:51.0000000,2018-05-22T00:00:00.0000000,0,39.99,7.39,47.38,47.38
e80d8758f771bccd842da8b6fc2837ca,f11e9b6d22751ce7f65db87b615fea21,delivered,2018-03-19T17:53:45.0000000,2018-03-24T15:03:53.0000000,2018-03-29T00:00:00.0000000,0,144.99,11.64,156.63,156.63
86f3eab0f6458fbf53389a14fc8ce71a,994c8f911235968e88a5249a81909121,delivered,2017-04-12T18:49:13.0000000,2017-04-19T13:24:54.0000000,2017-05-08T00:00:00.0000000,0,499.99,18.26,518.25,518.25
805bde3649dd9d348ea3b77004f1c6d5,267856cea77d0833f02cb04e26e72100,delivered,2018-06-05T21:54:42.0000000,2018-06-08T18:08:24.0000000,2018-07-03T00:00:00.0000000,0,20.00,7.39,27.39,27.39
ac4987e64619cf021a4e8fbb9758cc96,1a5f9e24a9605dc54ffd4eec8835be86,delivered,2017-08-16T08:36:41.0000000,2017-08-28T21:32:11.0000000,2017-09-12T00:00:00.0000000,0,35.90,15.79,51.69,51.69
eda1d5c35a11575cffaa3e0fa9d0cd5e,6d5507a06e103b9ea6eeab8fbce6247d,delivered,2018-04-08T13:05:27.0000000,2018-04-17T11:34:24.0000000,2018-04-27T00:00:00.0000000,0,99.80,25.58,125.38,125.38
d6c1ed12e8eeaa15e9d5c83c79598f85,550ccac77275f9cdec4b6cd97ac118d0,delivered,2018-08-10T17:15:07.0000000,2018-08-14T20:50:53.0000000,2018-08-15T00:00:00.0000000,0,34.99,7.51,42.50,42.50
dec0a06aff130c128418082f77f5b083,63a5e1ee8b7cd39dd906347a4d3cc002,delivered,2018-01-11T12:06:33.0000000,2018-01-24T23:44:18.0000000,2018-02-07T00:00:00.0000000,0,43.50,16.60,60.10,60.10
28d14a9fb1c0c5e0667fd9ed3834eb5e,4c9dd00d5d6518a570a4aad430b9bdf4,delivered,2018-05-18T13:56:53.0000000,2018-05-25T22:02:26.0000000,2018-06-08T00:00:00.0000000,0,70.90,17.21,88.11,88.11
478232e63af0da7ce4c2e2081629ccfe,c17267116673d32cbb4178325794613f,delivered,2017-06-05T13:40:45.0000000,2017-06-21T16:41:47.0000000,2017-07-10T00:00:00.0000000,0,79.90,25.84,105.74,105.74
c972a78eeb0dde0aac82eb51b1450c53,d8bd4f0d3512b29c32850d5e00698b88,shipped,2017-09-30T11:00:12.0000000,,2017-10-27T00:00:00.0000000,0,55.00,16.15,71.15,71.15
55c5b6e322eed3fe3dbbd82da9906019,ba1b4a0f287cf0364816c7376ac2b141,delivered,2017-09-18T19:35:11.0000000,2017-09-28T18:30:17.0000000,2017-10-05T00:00:00.0000000,0,349.99,19.89,369.88,369.88
725fd97b392659b4ae97f0aa8a339853,27042fb514020b4fd8b981f6826d3b22,delivered,2018-02-15T16:56:38.0000000,2018-02-24T12:42:06.0000000,2018-03-13T00:00:00.0000000,0,62.90,13.46,76.36,76.36
1e2566907e0655a3549bdcb88b0291f1,4574518f4c6e0eef440e205139e125d6,delivered,2017-09-12T16:04:11.0000000,2017-09-14T18:07:40.0000000,2017-09-22T00:00:00.0000000,0,55.00,7.78,62.78,62.78
9bf7384574b699b32297382b5df68d09,f4a4d39c7832ae7e22deddde1122de01,delivered,2018-02-03T17:03:44.0000000,2018-02-14T22:15:28.0000000,2018-03-08T00:00:00.0000000,0,29.50,17.92,47.42,47.42
ee941f6c41c8ec03c25b856432b50153,531b21f332366319dd5519bb9dd3743c,delivered,2017-10-08T21:38:21.0000000,2017-10-20T21:33:06.0000000,2017-11-10T00:00:00.0000000,0,184.95,36.61,221.56,221.56
3c8f1081e21484680c3885d3bb35272c,0bd6589cc150d21213487c73a45b7d3f,delivered,2017-07-20T14:03:36.0000000,2017-08-04T21:42:11.0000000,2017-08-16T00:00:00.0000000,0,213.00,17.74,230.74,230.74
ef6fb04e563be683ade0b04904bf0d39,c591b62b0d38be0089c516584f6671db,delivered,2018-02-23T00:07:45.0000000,2018-02-28T14:39:06.0000000,2018-03-09T00:00:00.0000000,0,19.90,7.94,27.84,27.84
8a9b30ac80da3860f049247b7464596f,8e150843c1138147cf8ea7253de0319d,delivered,2018-02-08T08:46:56.0000000,2018-02-16T20:14:59.0000000,2018-02-26T00:00:00.0000000,0,27.30,8.11,35.41,35.41
e99d24bf7bab6f3b13feddbc3cca9cb7,2e43f7f2d2224f51ee172eff5de196d1,delivered,2018-03-24T07:30:17.0000000,2018-03-28T19:06:30.0000000,2018-04-10T00:00:00.0000000,0,34.50,7.39,41.89,41.89
6261f3240a8778c656bd28aeb2ba9985,59c0ac147fb499a0f14577f508a3657d,canceled,2017-05-31T13:21:35.0000000,,2017-07-04T00:00:00.0000000,0,198.00,17.83,215.83,215.83
5dc0af9bde879bc9546685cc7c1035da,3b6c1300a15f16c2097081156eb8355d,delivered,2018-05-16T09:38:21.0000000,2018-05-21T20:08:44.0000000,2018-05-30T00:00:00.0000000,0,399.00,38.65,437.65,437.65
f7ad644f2dc46710f51f1bfbf01f94f2,506b50a8062885f9d9862e86bbcfcf94,delivered,2017-08-19T22:39:09.0000000,2017-09-04T21:19:41.0000000,2017-09-15T00:00:00.0000000,0,119.80,15.59,135.39,135.39
b9040b3da32e7ac3e6bddf429155c114,2098ea68fab80113fd93ed9e8ba83759,delivered,2017-10-01T14:47:56.0000000,2017-10-05T20:32:27.0000000,2017-10-24T00:00:00.0000000,0,25.00,11.85,36.85,36.85
bc52c0e67c00cdbba3a7b62d70979075,993f2de0c7a27d4b99698707cae71d7f,delivered,2017-03-14T12:18:22.0000000,2017-03-24T15:33:22.0000000,2017-04-04T00:00:00.0000000,0,59.99,15.63,75.62,75.62
2fc59b5605bf0cfc03638cb2cca26b16,fac64b6875bc7840442069be52752e14,delivered,2018-08-21T18:24:35.0000000,2018-08-24T21:51:58.0000000,2018-08-29T00:00:00.0000000,0,39.99,9.59,49.58,49.58
324bba1a05579faca9bea05049eda757,aed82065b343d8ad3d802fe259e945d5,delivered,2018-03-10T17:20:00.0000000,2018-04-09T13:02:55.0000000,2018-04-05T00:00:00.0000000,1,151.90,27.14,179.04,179.04
ec67500767e46c56db2d046d13e46296,6f33f93011237ac8e47e0652b5da71de,delivered,2018-02-28T09:40:36.0000000,2018-03-08T18:46:42.0000000,2018-03-20T00:00:00.0000000,0,149.90,17.70,167.60,167.60
b322c7bdd4cf76d82887b87689e6b7d8,d573d2e2d3e1ebdf6360fe42765582ec,delivered,2018-03-11T14:24:19.0000000,2018-03-21T16:12:12.0000000,2018-04-04T00:00:00.0000000,0,44.90,22.06,66.96,66.96
830f2dd158e996fbc6d363d90978d530,0ff924800f1b14fea0d993177b08cf1a,delivered,2017-12-15T14:08:08.0000000,2017-12-29T03:36:14.0000000,2018-01-16T00:00:00.0000000,0,13.30,16.79,30.09,30.09
03e94224875e6dec154cc7a142ce5de2,bb7651b2df4512e6c29ff35a7b8cd754,delivered,2018-04-23T10:09:03.0000000,2018-04-25T18:58:59.0000000,2018-05-08T00:00:00.0000000,0,269.90,12.51,282.41,282.41
f689e331732447a491cab98872e7d53b,8dd6ce43135afeb3424e408875c010b1,delivered,2018-03-27T17:14:24.0000000,2018-04-04T21:18:22.0000000,2018-04-19T00:00:00.0000000,0,72.99,18.09,91.08,91.08
1ae003b46540d604b41cac187e07fbf7,f2b4062de04b2adb7111ee7163252b24,delivered,2018-03-21T11:23:05.0000000,2018-03-31T19:28:42.0000000,2018-04-13T00:00:00.0000000,0,259.90,22.62,282.52,282.52
d16b2207d93383dc91aa5da54cec3d0a,45193c34a13942938ead2873b64c360c,delivered,2017-11-26T22:51:05.0000000,2017-12-27T15:47:59.0000000,2017-12-15T00:00:00.0000000,1,89.90,16.26,106.16,106.16
c2412bd3e8f3094b54d02284ae238108,ff6e494112db6e543970ab264d2e3c8e,delivered,2017-05-22T21:19:41.0000000,2017-06-06T14:22:56.0000000,2017-07-20T00:00:00.0000000,0,252.00,35.56,287.56,287.56
5b33e5b23e569f404e6eccbbce3e0aa4,c94ec1165bd4556cfedff58b1e56c4ce,delivered,2017-07-07T17:16:39.0000000,2017-07-28T19:47:43.0000000,2017-07-31T00:00:00.0000000,0,572.00,64.74,636.74,636.74
4695874459264348f76f20abb7897ec3,1b1304cace9aadc95b98b913a3f4047a,delivered,2017-05-22T17:45:32.0000000,2017-06-01T15:03:21.0000000,2017-06-28T00:00:00.0000000,0,467.00,20.55,487.55,487.55
0231382a78f19752dabca6a86b618152,02cb822eec8b6309e7ce715ccea3390d,delivered,2017-03-09T21:17:43.0000000,2017-03-23T12:42:21.0000000,2017-03-28T00:00:00.0000000,0,76.49,9.53,86.02,86.02
803f15601207b09e8cf7c80a4fdb1e30,98cf5a598b51e6d8e0e169bb54bc807e,delivered,2017-06-30T14:08:39.0000000,2017-07-18T21:59:31.0000000,2017-08-03T00:00:00.0000000,0,349.99,40.00,389.99,389.99
73c545df0a564badb07ae15f5fe6f1e1,0e3ab8ca2f217ac576613e69840d25ab,delivered,2018-02-18T18:44:27.0000000,2018-02-26T18:47:45.0000000,2018-03-09T00:00:00.0000000,0,149.99,16.68,166.67,166.67
c84cb424afdb4c6b771f39743b3716e0,b9648176c3b792c649b44d811ae35b12,delivered,2018-07-26T22:42:46.0000000,2018-08-07T15:18:43.0000000,2018-08-14T00:00:00.0000000,0,18.00,36.46,54.46,54.46
7c4300b4566920906b3107048eabfcd7,a6af89bba915546c49649eb828009118,delivered,2018-06-09T12:00:53.0000000,2018-07-03T19:48:41.0000000,2018-07-11T00:00:00.0000000,0,144.00,19.98,163.98,163.98
a02af2d708eae3995c247d758141efc8,e41b352847236a6ae426ddbd2c3a4e1b,delivered,2017-11-09T22:57:23.0000000,2017-12-10T20:04:07.0000000,2017-12-04T00:00:00.0000000,1,24.99,15.79,40.78,40.78
8cda0578a690b3f9d6d86c95cd2ba7d4,4ad39f4021dcce82a5eebf9fd9dd7a6d,delivered,2017-09-21T15:30:39.0000000,2017-10-06T12:04:59.0000000,2017-10-19T00:00:00.0000000,0,99.00,41.08,140.08,140.08
eb35492173c3951dc20f437e0f5baf8e,4e3b341939a50bd5d99a86546e81526c,delivered,2018-04-26T09:51:43.0000000,2018-04-30T16:06:44.0000000,2018-05-10T00:00:00.0000000,0,87.00,23.61,110.61,110.61
8c64ba171311b3312bd880905b8da534,a340ce6c3570e68d4575a06053ecc491,delivered,2018-04-18T14:29:17.0000000,2018-05-08T21:24:43.0000000,2018-05-15T00:00:00.0000000,0,99.49,23.20,122.69,122.69
47de8637746123051630916b1ab338cf,0b39d705dbfe16398432a7a048591853,delivered,2017-11-21T13:56:43.0000000,2017-11-25T15:42:19.0000000,2017-12-01T00:00:00.0000000,0,159.00,16.82,175.82,175.82
d1c6fa11a0fb958619647d438f9e4849,b69f71499d18371756e7a6d31a9ac0dc,delivered,2018-06-29T10:32:33.0000000,2018-07-26T16:08:03.0000000,2018-07-25T00:00:00.0000000,1,64.90,22.73,87.63,87.63
d30c22b84ba5239f2ae0fc078be7611c,42b3b672e11bdf08931bcbc9ebaa7eb2,delivered,2018-07-23T15:48:01.0000000,2018-08-22T14:15:51.0000000,2018-08-14T00:00:00.0000000,1,74.99,39.68,114.67,114.67
2011a926846f9fa10088488fca493f95,e3f8a41dc8def48711c086dad89ab9fd,delivered,2017-11-24T13:25:13.0000000,2017-12-05T14:03:45.0000000,2017-12-22T00:00:00.0000000,0,19.90,16.79,36.69,36.69
bb7ae981de452cd0404838ff44ffdc79,e85a01b0c27d1161aa7d71c2afa5977f,delivered,2018-04-11T14:59:00.0000000,2018-04-26T18:56:42.0000000,2018-05-11T00:00:00.0000000,0,68.00,46.92,114.92,114.92
69480e1078841dadad7c1daa54407ad6,346e8953d3aac36a611fbace59ddc415,delivered,2017-06-12T11:00:02.0000000,2017-06-27T14:16:51.0000000,2017-07-05T00:00:00.0000000,0,59.80,15.17,74.97,74.97
335867dcacb4762eddb7773881b73808,6b6d4e00580b09f566797ecde25bfc1e,delivered,2018-07-06T19:27:45.0000000,2018-07-16T15:08:47.0000000,2018-08-01T00:00:00.0000000,0,78.00,15.65,93.65,93.65
f5dd4c037b81efb0d1ea5d0f7d8beddf,4f93c6056cac7dad802e12622a468703,delivered,2017-12-04T15:18:06.0000000,2017-12-16T15:33:21.0000000,2018-01-02T00:00:00.0000000,0,54.00,14.13,68.13,68.13
60d0ff4b039dc85b5b738f59b0b044f9,dcba370f080ddec2e83ae526d062dec2,delivered,2017-04-21T14:05:09.0000000,2017-05-03T13:52:05.0000000,2017-05-19T00:00:00.0000000,0,24.90,10.96,35.86,35.86
686e2fc048d3d4677583ebad2a721b6a,511b5a1256aa314a4c9480950b00f1d2,delivered,2017-05-11T13:14:01.0000000,2017-05-24T12:07:34.0000000,2017-06-02T00:00:00.0000000,0,26.89,16.11,43.00,43.00
c5f0052c5711a034a7b154269bfde906,0e4ffb7264a091878eb8af65e6ef758e,delivered,2018-04-16T11:15:53.0000000,2018-04-24T22:54:18.0000000,2018-05-15T00:00:00.0000000,0,29.90,18.23,48.13,48.13
257699bfe87de4eac234324e88db828a,047c4f9e8ca120c41c8d4a61df722ea2,delivered,2018-05-15T14:16:57.0000000,2018-05-23T23:45:53.0000000,2018-06-06T00:00:00.0000000,0,79.99,22.27,102.26,102.26
91c4c61f5db7e025e8435b2e13e50f6f,53f923fd81130dee89725646dbc1ad0f,delivered,2018-08-12T11:41:14.0000000,2018-08-16T20:23:34.0000000,2018-08-23T00:00:00.0000000,0,48.90,19.53,68.43,68.43
523156bbb727eaea16d8a2880296d26c,23e988565e7a5b46273af0b1f0f65384,delivered,2018-05-10T12:34:52.0000000,2018-05-19T00:02:58.0000000,2018-06-04T00:00:00.0000000,0,145.00,17.19,162.19,162.19
eeeebba48c7b5fc22f6e12734ed319ed,39db8e59edb882c1518ef5624f4caf12,delivered,2018-08-27T20:47:15.0000000,2018-08-30T21:03:24.0000000,2018-09-10T00:00:00.0000000,0,79.00,14.86,93.86,93.86
e247a0570d308da27cd7f349902e66f8,79c1ae1c3d1a81c10781ecf7d7ef1720,shipped,2018-03-13T11:53:42.0000000,,2018-04-02T00:00:00.0000000,0,14.90,12.79,27.69,27.69
2474e13d0d388a471b50fd455057300c,683a8aa7f2d173c62431616f6108efc4,delivered,2018-06-17T19:26:51.0000000,2018-06-25T15:28:49.0000000,2018-07-11T00:00:00.0000000,0,89.99,15.73,105.72,105.72
d7746bb26fc8c125b8f286378c23049d,62681fd345215328176ec9eec92192d6,delivered,2017-06-03T19:59:55.0000000,2017-07-03T17:04:42.0000000,2017-06-26T00:00:00.0000000,1,101.80,23.72,125.52,125.52
a9db675620ea42f15fc07297244112c5,dddb49bfda245a56fa89d16181a90d32,delivered,2018-04-03T15:16:00.0000000,2018-04-11T23:32:35.0000000,2018-04-24T00:00:00.0000000,0,47.00,18.23,65.23,65.23
5ad5a1ef522da1732ab963ea1fb6165b,a76e74100709762a48e683a177dc86b0,canceled,2017-06-22T19:53:09.0000000,,2017-07-05T00:00:00.0000000,0,13.50,11.73,25.23,25.23
9f42ba3ab7f23f1ce0a717cfc841a9ab,3c8f71003ac0c80c105ed834fed4f738,delivered,2018-01-10T14:55:25.0000000,2018-01-19T17:59:04.0000000,2018-02-05T00:00:00.0000000,0,26.99,14.10,41.09,41.09
9de375e01aa3f39d32001e75abd82b99,5f568023042b6139fb399704f7378807,delivered,2018-07-02T22:03:07.0000000,2018-07-04T22:34:32.0000000,2018-07-16T00:00:00.0000000,0,59.00,8.57,67.57,67.57
ff49c0a826a9b21b12361deec89f4a98,48fa9040aa250397845fe8cce75f3f6c,delivered,2018-06-09T13:22:37.0000000,2018-06-18T23:38:50.0000000,2018-06-28T00:00:00.0000000,0,138.00,26.12,164.12,164.12
442dccfb1443cb7035f2b7810f974dd9,adaf88d3b2dd17497e88d690060fe409,delivered,2018-04-02T21:33:35.0000000,2018-05-11T00:39:08.0000000,2018-05-02T00:00:00.0000000,1,129.90,45.46,175.36,175.36
492b48333a37f2f70213b81672d4aa06,4e2e8191d9ba87e497ba547c6354a87a,delivered,2018-04-09T15:14:31.0000000,2018-04-17T23:56:26.0000000,2018-04-19T00:00:00.0000000,0,39.80,7.87,47.67,47.67
9aba484676dd70457681a3301c222d9f,5193da38ee92ecd1078e8f1929b4ef53,delivered,2018-04-13T21:16:20.0000000,2018-04-17T22:42:31.0000000,2018-04-25T00:00:00.0000000,0,95.00,7.53,102.53,102.53
5028b62d8f474883ae57b5da1ffd1e8a,137cde6ffb788ba7d5f56000bfdab63b,delivered,2017-06-08T10:51:40.0000000,2017-06-28T13:39:43.0000000,2017-07-11T00:00:00.0000000,0,159.90,38.67,198.57,198.57
b61baa7b1523a2a7e4e1382f25e6f9de,f280a183e4e63b12aa5b9b6d06baecaf,delivered,2017-07-28T21:49:59.0000000,2017-08-07T20:02:27.0000000,2017-08-28T00:00:00.0000000,0,115.00,14.56,129.56,129.56
257d1faedcbe9d328080c6ec04c8f819,bf29b64b2a630fedd411e4b836c216e7,delivered,2017-03-31T22:04:20.0000000,2017-04-08T23:21:35.0000000,2017-04-25T00:00:00.0000000,0,59.90,15.63,75.53,75.53
3241baf723e29f140a6ff9082b7f9aca,3e13d7562141418f00f431202390536c,delivered,2017-08-02T12:57:27.0000000,2017-08-14T19:36:59.0000000,2017-08-24T00:00:00.0000000,0,365.80,26.82,392.62,392.62
6e5471906b39845aee4480aa16d963d8,eeb730c4c2578aded27aada780e25e93,delivered,2018-04-18T08:21:28.0000000,2018-05-01T00:17:36.0000000,2018-05-16T00:00:00.0000000,0,92.34,23.23,115.57,115.57
81c0952b750d74fa259592bdb837e42d,78f11d5157510e904e39314d79f03da8,delivered,2018-04-08T12:49:53.0000000,2018-04-27T19:58:33.0000000,2018-05-10T00:00:00.0000000,0,59.99,27.15,87.14,87.14
418aaa61ff9515614340e03422fed9c9,bc94fe20172cefc3e041019d0192caff,delivered,2017-03-12T14:02:57.0000000,2017-03-17T12:06:13.0000000,2017-04-03T00:00:00.0000000,0,69.90,15.70,85.60,85.60
47378b461210a310c95e17323f7dd726,8a5881366c8a17270865c025f0636675,delivered,2017-01-27T05:27:14.0000000,2017-02-06T15:44:33.0000000,2017-03-07T00:00:00.0000000,0,124.99,19.15,144.14,144.14
d1f60863289ae7cd6e47fd70eae9bec4,175231d5968a57218468d2517a6a4621,delivered,2017-08-15T15:23:30.0000000,2017-08-24T21:40:06.0000000,2017-09-19T00:00:00.0000000,0,274.00,16.67,290.67,290.67
9b3d7ee9930f8226dccc9eecbd140b99,9e2a7ec851f933a42a84621ae1ed5922,delivered,2017-08-10T09:18:48.0000000,2017-08-23T20:03:56.0000000,2017-09-11T00:00:00.0000000,0,56.99,14.15,71.14,71.14
1fe7be398f57b2c40691376b673de1bb,6f1b9db6eb561df558883985dbd941fc,delivered,2017-10-19T10:17:42.0000000,2017-11-01T17:12:21.0000000,2017-11-14T00:00:00.0000000,0,32.90,17.63,50.53,50.53
a26bfd667ba8c2433195ee30be0fd1d6,c49358dde47a3bedbfd5aa834e6248e8,delivered,2017-12-15T10:32:33.0000000,2018-01-03T21:17:45.0000000,2018-01-15T00:00:00.0000000,0,21.99,15.10,37.09,37.09
a2ec8ff90a5ffced9e2d1853bf3cf609,ee92860167192bbbbf68f161674745e1,delivered,2017-12-10T21:58:51.0000000,2018-01-04T16:24:50.0000000,2018-01-09T00:00:00.0000000,0,109.90,15.52,125.42,125.42
bb0c9e9838bfd4b393853fe7dcf6b8e2,af38d27face41cf31f1915a789d9288b,delivered,2018-02-28T16:50:55.0000000,2018-03-07T23:19:11.0000000,2018-03-14T00:00:00.0000000,0,250.00,30.12,280.12,280.12
8c313d4a1bea83111be5bb00105397dd,a4a0c32813e4d6b4f6dd95dd11dc62f1,delivered,2017-12-01T13:05:08.0000000,2017-12-12T16:48:43.0000000,2017-12-29T00:00:00.0000000,0,36.00,11.85,47.85,47.85
fe5cc94bdaa0c8c83b6cfb74d01747cf,2e401a3a209079930afd5f9e57ec6bb3,delivered,2018-06-25T12:25:23.0000000,2018-07-02T18:18:44.0000000,2018-07-23T00:00:00.0000000,0,27.90,24.55,52.45,52.45
84a68a1498a47dba0c79396d53e46b9e,c9a6c2f1cabd70a425338d9155efe1da,delivered,2018-07-27T23:06:37.0000000,2018-07-31T15:33:45.0000000,2018-08-02T00:00:00.0000000,0,39.99,7.54,47.53,47.53
4bb3eed0b423bcae4c063a401e17308e,251a9c289f548b851f2764ea57f0ea59,delivered,2017-11-24T23:44:45.0000000,2017-12-07T12:44:41.0000000,2017-12-19T00:00:00.0000000,0,650.00,185.55,835.55,835.55
b80e879030f825a648abffe9d993ff6a,0e7697ddfe20700b6a6bbc3394de3db2,delivered,2018-03-03T10:01:19.0000000,2018-03-27T21:14:03.0000000,2018-03-26T00:00:00.0000000,1,199.00,16.14,215.14,215.14
d0570bed0cef820342eaf13ccae334c0,ce0681e1c3f70e1452183c4eb5e66602,delivered,2017-12-19T16:58:22.0000000,2017-12-29T23:26:27.0000000,2018-01-15T00:00:00.0000000,0,71.00,11.73,82.73,82.73
445d0c0872352cc8c31b797c707f4c47,6e316412bd0f394423556d697fbc6d16,delivered,2018-01-17T13:43:55.0000000,2018-01-22T20:49:05.0000000,2018-02-01T00:00:00.0000000,0,12.25,7.78,20.03,20.03
b4abbcf96e5e2aa453be4751a571bca4,9595112daf4d567c6ec90ebc59d6e16c,delivered,2017-09-18T13:13:13.0000000,2017-09-26T20:27:01.0000000,2017-10-11T00:00:00.0000000,0,56.97,16.16,73.13,73.13
cffb339aa5f4745347d75d9999771453,5332220cc8eeb30685f818ac296ecb83,delivered,2017-04-19T17:38:38.0000000,2017-05-05T16:13:32.0000000,2017-05-09T00:00:00.0000000,0,278.77,13.34,292.11,292.11
7c5cfb19cd59e93d54d251302ac8268c,4ad9f3aabf40e6cbb73c0511aa878c7f,delivered,2018-07-09T18:27:41.0000000,2018-07-16T14:34:32.0000000,2018-07-18T00:00:00.0000000,0,45.00,9.01,54.01,54.01
80aa51679b1fef5a66ee92a688e44fa3,f03ed5c05aba9384c235b9eb87a5b499,delivered,2017-11-21T20:28:12.0000000,2017-12-27T21:18:28.0000000,2017-12-15T00:00:00.0000000,1,121.90,18.10,140.00,140.00
e2d3e5a5b56149b36e4df4dedd8648f5,57f4770b4fc8ae0c610fd9821dc38403,delivered,2018-02-12T12:39:57.0000000,2018-03-05T20:38:39.0000000,2018-03-13T00:00:00.0000000,0,169.90,31.94,201.84,201.84
bf0037905499198f0e5f888208d275cf,882d6bef7ba1904c9c0db3f7a4bc8fd3,delivered,2018-05-25T22:21:48.0000000,2018-06-03T18:12:09.0000000,2018-07-03T00:00:00.0000000,0,154.90,23.66,178.56,178.56
2823f47e6fb0f2a1e5a8f221ebb5aa15,f81bed8a63f637b20ff67dccd843c2a5,delivered,2017-07-18T07:17:50.0000000,2017-07-25T22:04:50.0000000,2017-08-09T00:00:00.0000000,0,89.25,15.37,104.62,104.62
c223f0dcc8756ef3523ed32b46da2218,59084ee44b406be03c3d6e28c60bea7a,delivered,2018-06-28T20:08:36.0000000,2018-07-03T03:47:52.0000000,2018-07-17T00:00:00.0000000,0,38.00,8.43,46.43,46.43
73357471c1622c6492352c7cce44eddc,b570c3635a4298fb6ea7f1b24771fe83,delivered,2017-08-15T11:19:37.0000000,2017-08-17T17:47:46.0000000,2017-09-08T00:00:00.0000000,0,49.90,7.78,57.68,57.68
b06ebf1a46fc060c183c59b092ce49ee,3086654455e8ed4401d93f2af816d8b3,delivered,2018-03-16T21:17:17.0000000,2018-03-29T22:54:22.0000000,2018-04-04T00:00:00.0000000,0,59.90,12.86,72.76,72.76
4c3e9e2bce3a3234a9255f390683e3af,9ba4e9572b42c109f0939c3f43eb3e0c,delivered,2018-02-13T12:50:33.0000000,2018-02-15T18:27:49.0000000,2018-03-01T00:00:00.0000000,0,299.90,13.30,313.20,313.20
897da32e9712dafcf2fb6615aeb3318c,6a59a192cd68416ca60a4a5809aecfe7,delivered,2017-05-31T17:06:39.0000000,2017-06-08T10:53:01.0000000,2017-06-27T00:00:00.0000000,0,34.90,14.08,48.98,48.98
2f9615837f509124f0c936dbd93855ac,15357da0aa538a1e5efabe63f0d71095,delivered,2018-08-08T10:25:10.0000000,2018-08-13T19:38:27.0000000,2018-08-16T00:00:00.0000000,0,69.00,14.79,83.79,83.79
9db142d94f2d44a068cfb9ea5da54456,2fdfa48086825561ab78672c8513dba8,delivered,2018-03-07T14:31:46.0000000,2018-03-26T18:19:01.0000000,2018-04-04T00:00:00.0000000,0,193.00,27.43,220.43,220.43
9f2c6714edee90964b0b631c22a22448,89d62100264f60ca62619dd012a12f00,delivered,2018-02-06T01:03:08.0000000,2018-02-20T18:15:09.0000000,2018-03-13T00:00:00.0000000,0,165.00,38.70,203.70,203.70
6060984d92a7f9a5d6f5f99b8815aa64,21665fa6b18402068a25b8b82da33c70,delivered,2018-01-22T17:30:02.0000000,2018-01-26T16:39:13.0000000,2018-02-06T00:00:00.0000000,0,29.90,8.11,38.01,38.01
b357dd0e3d6572e28d060309c0ab339f,4a37008d0c29389ef1c8632e2c4d6ba5,delivered,2017-11-17T05:56:03.0000000,2017-12-20T15:44:48.0000000,2017-12-11T00:00:00.0000000,1,169.90,21.68,191.58,191.58
40f036012bb1fb0195ebf7d43b034d72,620a606fe1841ab9e3659b68e137601f,delivered,2018-04-09T23:06:31.0000000,2018-05-02T12:50:44.0000000,2018-05-11T00:00:00.0000000,0,299.90,26.81,326.71,326.71
2f18fee7e09d77c69bbb75054b8610b1,c201c80c97c3d9b1c5ae6e363e808f14,delivered,2018-06-30T09:31:54.0000000,2018-07-13T14:15:45.0000000,2018-07-20T00:00:00.0000000,0,199.00,19.69,218.69,218.69
2a0facc85fc2b839b8c194436787402b,6d6e81e5815b1fff666907cfa150a691,delivered,2018-05-16T04:35:22.0000000,2018-05-23T11:13:02.0000000,2018-06-05T00:00:00.0000000,0,210.00,13.91,223.91,223.91
e2f630b53cb2637be372c3810b089868,67f3e907dce402e696b15f9308ff22ed,shipped,2017-07-26T11:44:28.0000000,,2017-08-29T00:00:00.0000000,0,149.00,26.32,175.32,175.32
75782ab140cfc2ce9f07f0b6390e32c2,11e0029418313bcb51f04b5ea486743a,delivered,2018-02-16T15:19:06.0000000,2018-03-01T20:09:09.0000000,2018-03-09T00:00:00.0000000,0,93.98,44.16,138.14,138.14
6e3c8fe2572e4a01c43ef9970e59fef2,19eb2ff94ef3470db204adaae3d6cd99,delivered,2018-04-16T16:47:33.0000000,2018-04-25T21:21:15.0000000,2018-05-16T00:00:00.0000000,0,97.50,44.22,141.72,141.72
36995f50cacc28693fffcdb6af6cfedc,3d455fb7aa499fd0cea2a2306b4c43ad,delivered,2017-02-18T17:47:36.0000000,2017-03-01T13:47:58.0000000,2017-03-30T00:00:00.0000000,0,66.99,17.21,84.20,84.20
8cbaf68384ba4227bbfb3ccb24c7c1a2,a59b9fb91b4ebe9aba37c55232abc8ca,delivered,2017-11-24T20:58:59.0000000,2017-12-07T22:44:23.0000000,2017-12-22T00:00:00.0000000,0,6.00,16.79,22.79,22.79
8dba24f9985ee1c23c565330d02c5099,bbed564e83eb94355dc3537879b54f40,delivered,2018-05-13T18:02:41.0000000,2018-05-23T15:04:08.0000000,2018-06-01T00:00:00.0000000,0,500.00,15.94,515.94,515.94
2681f4e9d333e5795a30836c81340c85,e6a01189b2ec98944c29bf5b35adc1d0,delivered,2017-06-27T10:36:44.0000000,2017-07-06T16:24:31.0000000,2017-07-25T00:00:00.0000000,0,82.90,17.02,99.92,99.92
05580ea6005bac590a3f143473c9b296,b22929060c67ae572e2e82d531af2fc4,delivered,2017-11-25T21:45:35.0000000,2017-12-19T22:24:04.0000000,2017-12-22T00:00:00.0000000,0,189.90,21.82,211.72,211.72
2251c2ae48921e06fee59a7779d9bd47,35d15ec55b747200f78c492b3d9ddd72,delivered,2017-10-10T23:51:07.0000000,2017-10-17T19:38:53.0000000,2017-10-23T00:00:00.0000000,0,35.70,8.27,43.97,43.97
f718de7d7e4e4598f3579368cca01a91,c780c18f44b29fa4d0f06f3220d466f4,delivered,2018-07-29T15:45:23.0000000,2018-08-07T23:35:43.0000000,2018-08-07T00:00:00.0000000,1,76.90,15.64,92.54,92.54
6f21ad30200f041d3f19995a8718cd11,27a748bd3c2cba4f31221d301d5401ab,delivered,2018-07-23T14:27:37.0000000,2018-07-25T18:18:36.0000000,2018-07-31T00:00:00.0000000,0,45.95,7.58,53.53,53.53
0d6adc89d2a26a9691f972daeb40f165,c9d2155ff1486076e8570f3d91ec1bea,delivered,2017-03-18T12:23:46.0000000,2017-04-03T15:54:29.0000000,2017-04-10T00:00:00.0000000,0,54.00,14.55,68.55,68.55
b92a772cba8a9bd47b3440908ef29359,63b98f1dfa5acdadfdefedc183756476,delivered,2017-06-12T15:20:54.0000000,2017-06-19T20:11:49.0000000,2017-07-04T00:00:00.0000000,0,28.00,11.85,39.85,39.85
53cbf33b674d602f6746cb90a9d874fd,e5ed7280cd1a3ac2ba29fd6650d8867c,delivered,2017-05-15T17:42:38.0000000,2017-05-22T14:14:45.0000000,2017-06-05T00:00:00.0000000,0,89.90,12.13,102.03,102.03
2f30c0b1905c65a8ff6c6358bc909625,e963d0e4f815dcd28b135d7d340ec51a,unavailable,2017-12-08T09:32:48.0000000,,2018-01-03T00:00:00.0000000,0,,,217.93,
41c284ffd871324eadf06fc989583619,b2455d365185ab7c1da94e742e4976ad,delivered,2018-03-31T15:08:21.0000000,2018-04-13T19:58:36.0000000,2018-05-04T00:00:00.0000000,0,40.00,19.32,59.32,59.32
649aa4ae69d60a0b65b5270e737081be,cc268320e77ed6ba7be0107cc7ad1b8f,delivered,2018-05-27T18:21:21.0000000,2018-06-18T23:44:59.0000000,2018-07-05T00:00:00.0000000,0,158.00,18.69,176.69,176.69
d27a4fbd0d3a4cfdf8a109dd88743502,a2e2d94675768728d29f95b2663f6a6f,delivered,2017-07-26T09:12:56.0000000,2017-08-02T20:25:46.0000000,2017-08-21T00:00:00.0000000,0,97.90,18.93,116.83,116.83
121dd40b10fc0795e5f649ceedab30f9,07e37249529eedeca890d7a80979b91e,delivered,2017-03-31T18:38:27.0000000,2017-05-02T16:30:44.0000000,2017-05-08T00:00:00.0000000,0,49.90,24.84,74.74,74.74
cbbfd069a2876e5db34ae76d6d796c92,3d3bbb0ad71a8a790086e40770b46f97,delivered,2018-02-25T19:10:41.0000000,2018-03-05T16:52:26.0000000,2018-03-20T00:00:00.0000000,0,60.00,16.18,76.18,76.18
e2fa3a143afcfe0dc65730a780af43e1,7332c320bdb473f6e765fee364de7da2,delivered,2018-05-07T13:45:44.0000000,2018-05-15T21:08:43.0000000,2018-05-25T00:00:00.0000000,0,118.90,19.80,138.70,138.70
e2beeb3a428f811804079bc11b23c0c0,31665bd5bc542687ab54c9fd9ed9917b,processing,2017-12-28T12:46:11.0000000,,2018-01-24T00:00:00.0000000,0,129.90,9.28,139.18,139.18
09903fb2d8388ac463b7c269c099b6cb,8f1a32257a013ab264c572e0b3ed01c4,delivered,2018-06-12T20:30:43.0000000,2018-06-24T13:18:29.0000000,2018-07-13T00:00:00.0000000,0,14.95,16.40,31.35,31.35
872b389aca385c49caa8cd43469f684f,b3b571943141ab082521521118c6037e,delivered,2018-08-09T11:38:37.0000000,2018-08-13T15:51:57.0000000,2018-08-28T00:00:00.0000000,0,153.00,19.17,172.17,172.17
3449aa90c200ac98335249ce9f0e3151,672fd46db2cd92beb42ce95dded37e49,delivered,2018-04-03T13:35:33.0000000,2018-04-10T01:41:57.0000000,2018-04-19T00:00:00.0000000,0,49.90,13.47,63.37,63.37
3505a2f5fdc9c1c19d2eea9bfdac56c4,66e61c83b0c33d1a843ab2061bc2926b,delivered,2018-07-10T17:49:08.0000000,2018-07-23T22:58:56.0000000,2018-08-01T00:00:00.0000000,0,51.90,37.27,89.17,89.17
a6456e781cb962cc3f412b04de4fed7b,eee13c10a26da9f6f1c5352b215a88c4,delivered,2018-06-10T13:45:22.0000000,2018-06-12T20:02:44.0000000,2018-06-20T00:00:00.0000000,0,54.90,11.15,66.05,66.05
bb67a1014c3abbea2865926f91a66e26,3fd8f9ee763daa9b036f7263fb64c685,delivered,2018-05-08T19:32:00.0000000,2018-05-17T20:12:20.0000000,2018-05-29T00:00:00.0000000,0,79.90,19.53,99.43,99.43
b0c2a7d04b165525254254a728c50a4e,76a8a3092e48bba0826495241903e450,delivered,2018-06-07T13:28:30.0000000,2018-06-21T17:36:43.0000000,2018-07-04T00:00:00.0000000,0,219.99,26.83,246.82,246.82
28fac8432e4ac40170eeb057fc4c138f,062a227b89b45c5b9bbc9c41a8590e32,delivered,2018-02-17T14:07:42.0000000,2018-03-08T23:53:35.0000000,2018-03-09T00:00:00.0000000,0,104.00,13.75,117.75,117.75
cbf088f9ac169d9c7eddcaa9c5e465fe,db65a636fcd05b218b138dc46a2cbb4e,delivered,2018-02-10T15:13:12.0000000,2018-03-02T15:27:57.0000000,2018-03-12T00:00:00.0000000,0,67.90,12.61,80.51,80.51
96bce1588131f7637bffaa5c25414b33,af7bc908db6f201c0b53506cefd57658,delivered,2017-09-10T09:49:07.0000000,2017-09-22T11:59:28.0000000,2017-10-06T00:00:00.0000000,0,669.99,31.23,701.22,701.22
d0daecbe187c296a08f40888a8cb139a,e3e7d8f2750d84cd02f382c4d242d00c,delivered,2018-04-08T11:42:18.0000000,2018-04-17T17:52:30.0000000,2018-04-30T00:00:00.0000000,0,47.90,19.32,67.22,67.22
38d7ca365470a06bd907802a6a62d83a,d3558802f902aaa861259024d95372f8,delivered,2017-11-21T18:35:19.0000000,2017-12-06T01:48:04.0000000,2017-12-11T00:00:00.0000000,0,38.00,15.10,53.10,53.10
e4cf3be0bfaec7868f5c8ac4f977f997,c0b85a1f2e552f8f4777d3256c3cd3d8,delivered,2017-09-13T07:46:02.0000000,2017-09-25T23:37:00.0000000,2017-10-09T00:00:00.0000000,0,23.99,15.10,39.09,39.09
0fec5b52f7f6c1e7b725c742a8bdf7d4,478d1ae10b5cfa37f148adccee44970a,delivered,2018-04-15T11:05:16.0000000,2018-04-24T17:28:52.0000000,2018-05-07T00:00:00.0000000,0,365.70,334.14,699.84,699.84
800dec7675338cd2670326aceb153f09,346b53f3b9d4d463d32641e88c68d85d,delivered,2017-04-17T21:09:46.0000000,2017-05-04T17:53:57.0000000,2017-05-10T00:00:00.0000000,0,143.80,24.00,167.80,167.80
a910935f581c2ed30ed200064dafbaab,d5633cabde5e5d7747c839160037af90,delivered,2017-07-13T14:01:21.0000000,2017-08-02T16:51:38.0000000,2017-08-04T00:00:00.0000000,0,258.90,86.97,345.87,345.87
bca16cf360ca8795f24ca0beaf2658be,c17c9bfe8ffb37c939ae0d2941c9dec6,delivered,2017-12-13T12:02:03.0000000,2018-01-10T10:12:49.0000000,2018-01-12T00:00:00.0000000,0,265.52,137.04,402.56,402.56
edfbaf2edc8f77e074f28ff26a6ab6ad,0c2454abafe19b2fed0ffb128f23aa63,delivered,2017-12-08T14:14:16.0000000,2017-12-26T15:18:37.0000000,2018-01-03T00:00:00.0000000,0,239.99,16.44,256.43,256.43
93720f5a467d2edd5e84e209e8a9a4f6,d96bb805d2c42af018ae5158fae49e2e,delivered,2018-04-10T22:48:52.0000000,2018-04-18T20:08:35.0000000,2018-04-26T00:00:00.0000000,0,79.00,13.46,92.46,92.46
73efca6402c1b6108195348448d76147,4280fa78d7c43abc5e98a8a3b44d9350,delivered,2018-08-04T14:49:43.0000000,2018-08-09T23:53:30.0000000,2018-08-16T00:00:00.0000000,0,129.99,18.71,148.70,148.70
97ad789b38d3d6a17bd34b3c19fe40b8,5a064a14994cdb7c9ba804c668129dbf,delivered,2018-06-04T18:40:03.0000000,2018-06-27T02:38:46.0000000,2018-07-18T00:00:00.0000000,0,119.00,40.90,159.90,159.90
5d39411a17c42bca603225f6f89a0207,fea3ed32e9d3eea5878fb54a399461a8,delivered,2018-04-02T17:51:14.0000000,2018-04-05T23:27:36.0000000,2018-04-18T00:00:00.0000000,0,109.90,13.21,123.11,123.11
cdc90cad1e7f9d43bfeef525c745ef33,321cb859fffb6249ba9537e12dd348ed,delivered,2017-11-25T12:44:35.0000000,2017-12-01T21:44:00.0000000,2017-12-18T00:00:00.0000000,0,313.08,41.25,354.33,354.33
83f658745fc275530bdb3ce5f57c359f,c8f1ff3238c9c1e3182968395fc2313a,delivered,2017-11-28T23:52:10.0000000,2017-12-03T15:12:28.0000000,2017-12-12T00:00:00.0000000,0,150.00,9.86,159.86,159.86
b388932b3dad9623ce1b062985ce07a1,43a4ab5ca0e5bf683ae1fb0c760a976d,delivered,2018-01-15T23:32:57.0000000,2018-01-24T10:53:02.0000000,2018-01-31T00:00:00.0000000,0,38.90,8.27,47.17,47.17
d037016bf21257acf9413f8a2ee0fd09,57a05331e60fdf30d97f10a1327a1faf,delivered,2018-08-16T12:18:45.0000000,2018-08-21T00:31:40.0000000,2018-08-24T00:00:00.0000000,0,69.00,14.87,83.87,83.87
64b9bd1556119a5b054cf5baede3fad4,69fed80679956179027ec3b2df9620a1,delivered,2018-02-19T19:43:38.0000000,2018-02-28T18:28:54.0000000,2018-03-13T00:00:00.0000000,0,24.99,15.10,40.09,40.09
bb85c5af835af09aa329b2f4922be259,01ec27f833d99e889b944c5112addff9,delivered,2017-08-07T23:05:59.0000000,2017-08-14T14:50:32.0000000,2017-08-18T00:00:00.0000000,0,129.00,13.46,142.46,142.46
f9fc6b37b2a3a42ef88b609566e731c0,a74f39cf6735d061600bc043d4f9326f,delivered,2017-02-05T09:02:40.0000000,2017-03-01T08:03:52.0000000,2017-03-15T00:00:00.0000000,0,119.99,11.45,131.44,131.44
c2fe2f550416c0b36bad93166e4d2d1a,4f087ceb0e06ae3ea989493e4359204d,delivered,2017-10-31T12:02:07.0000000,2017-11-14T20:37:17.0000000,2017-11-22T00:00:00.0000000,0,59.95,16.86,76.81,76.81
7764b1137f1449a900532727d4a58763,fcd9a514a1dc122d997d6a3f84339463,delivered,2017-03-01T17:03:07.0000000,2017-03-07T12:49:09.0000000,2017-03-20T00:00:00.0000000,0,25.99,10.96,36.95,36.95
a4866dfc455353f48014a2b9a86608a2,97ee81fede5757f1ab031e83d1a59f56,delivered,2018-01-11T16:47:03.0000000,2018-02-14T13:09:54.0000000,2018-03-01T00:00:00.0000000,0,253.98,86.52,340.50,340.50
f5af86a3bea41e5daef5c06e7a02ad2e,e8d19c7ae749d892ea35e91da2f345bf,delivered,2018-08-01T23:24:08.0000000,2018-08-20T15:55:42.0000000,2018-08-13T00:00:00.0000000,1,99.00,22.51,121.51,121.51
f46c420c45b388a5dc8fe673db89929f,92d816799e81ea5cdb034d077ddbab15,delivered,2018-02-11T19:18:20.0000000,2018-02-20T22:59:05.0000000,2018-02-26T00:00:00.0000000,0,98.90,7.95,106.85,106.85
f11d1468c04bda8475ef44acac005655,3c7b14b0210d382e4b30d5d7d84bf028,delivered,2018-01-27T10:02:59.0000000,2018-01-31T22:07:14.0000000,2018-02-16T00:00:00.0000000,0,30.00,7.78,37.78,37.78
79a7213058b523bb31b7c6c53add8159,d9f9a5318f33a6d8d57b288586182c18,delivered,2017-03-29T15:28:28.0000000,2017-04-17T11:12:42.0000000,2017-04-20T00:00:00.0000000,0,415.88,148.52,564.40,564.40
070b4a621a6d06dcff9122e5c04b353a,9bf7217158566072ba308c3d057bbc44,delivered,2017-09-10T09:30:28.0000000,2017-09-18T20:38:39.0000000,2017-10-02T00:00:00.0000000,0,219.99,22.34,242.33,242.33
8008c307d21d33e78369fd1ee6cb1284,6aee4197c58218b95b85a3da9d6b7c90,delivered,2018-04-02T11:23:53.0000000,2018-04-10T16:56:36.0000000,2018-04-19T00:00:00.0000000,0,30.00,15.23,45.23,45.23
3529da555e9238eaa0ac000c0ee4fb05,40fc3220c11d51a392dd736e38075206,delivered,2017-11-08T15:52:49.0000000,2017-11-21T15:38:39.0000000,2017-11-29T00:00:00.0000000,0,58.99,13.43,72.42,72.42
ab9a2911bde46933de19f0eef001d3d9,accd76590a428aba5e578d4a7505645c,delivered,2018-07-25T23:52:56.0000000,2018-08-03T18:48:50.0000000,2018-08-08T00:00:00.0000000,0,199.80,35.66,235.46,235.46
cc94aa62777cf27c082eaa521ba00747,ebf28472ced6d1aaf751af1592f56df6,delivered,2018-08-27T07:18:36.0000000,2018-08-28T21:05:23.0000000,2018-09-03T00:00:00.0000000,0,24.99,8.34,33.33,33.33
f5136e38d1a14a4dbd87dff67da82701,3fd6777bbce08a352fddd04e4a7cc8f6,delivered,2017-05-24T18:14:34.0000000,2017-06-05T17:09:48.0000000,2017-06-28T00:00:00.0000000,0,6499.00,227.66,6726.66,6726.66
a8aa8c2af7ddd7b246469a7d4a53ed75,4068f389794929a12941cb19d170fcba,delivered,2018-03-18T14:24:33.0000000,2018-04-13T01:04:05.0000000,2018-04-11T00:00:00.0000000,1,39.90,19.04,58.94,58.94
04d9462386313112744bfe028575d10f,a7fd924b11c1776e4992293e2b2694d3,delivered,2017-06-12T13:55:51.0000000,2017-06-26T14:58:04.0000000,2017-07-11T00:00:00.0000000,0,397.90,17.54,415.44,415.44
e11dbf8f73df2ef44ac68c5dd90b3892,8bba7817c19c5fa590c8857669ade46a,delivered,2018-08-14T17:59:38.0000000,2018-08-17T22:16:24.0000000,2018-08-17T00:00:00.0000000,1,94.90,9.41,104.31,104.31
31d6ca721a02109e3f90202f01c62a4a,0d6041c3775793974d2fe45052568155,delivered,2018-03-10T00:33:50.0000000,2018-03-24T20:06:48.0000000,2018-04-02T00:00:00.0000000,0,24.95,19.32,44.27,44.27
a558d36bc6548afd19f3cf6728bf7077,7414fbad34386bbe9daf9d22b831570b,delivered,2018-06-21T19:03:23.0000000,2018-06-23T11:03:14.0000000,2018-07-04T00:00:00.0000000,0,167.00,9.86,176.86,176.86
27ccb6f42b7ff7e079004d6192ab12bb,4399c824aab097f4974ab7fabf8064b2,delivered,2018-02-07T23:03:51.0000000,2018-02-14T20:27:50.0000000,2018-02-23T00:00:00.0000000,0,224.80,8.83,233.63,233.63
1043d83f1c9a2f7d84385aa1611d7652,88da9ca0d179585f4c09cd62d71af872,delivered,2018-05-20T20:09:00.0000000,2018-05-23T17:48:15.0000000,2018-06-04T00:00:00.0000000,0,110.00,8.53,118.53,118.53
f25bd9ce4a4433355f6011c1a262c49d,e07557a200138bd02c877d6d7ca87db4,delivered,2018-07-27T16:58:06.0000000,2018-07-31T22:35:00.0000000,2018-08-06T00:00:00.0000000,0,39.90,7.86,47.76,47.76
02bfd16c1a67263989b258fa92e20d3b,8f720778bef871705f690cdd7f2c7407,delivered,2018-08-16T20:02:31.0000000,2018-08-29T20:49:41.0000000,2018-09-12T00:00:00.0000000,0,39.89,51.00,90.89,90.89
c602154123d0956a6fa53e0267b25bd8,c1e0dde767b358b5b0c044c8d5f408ee,delivered,2018-06-02T14:02:44.0000000,2018-07-09T09:34:27.0000000,2018-07-19T00:00:00.0000000,0,12.99,22.06,35.05,35.05
2731288f02cee9797af3fcad424f6ee4,115e82729606dd1ad543cc1b410fce37,delivered,2018-04-20T14:42:04.0000000,2018-04-27T20:28:28.0000000,2018-05-14T00:00:00.0000000,0,54.60,16.35,70.95,70.95
784dc805e40803fed828b9fbf45b4858,776ee30289e41e0494e430426d953af2,delivered,2017-05-16T17:48:36.0000000,2017-05-23T00:23:56.0000000,2017-06-01T00:00:00.0000000,0,64.99,7.78,72.77,72.77
b543e95769f2da5f435df6a8ccb13eb6,f007d19db1f83a2f77650ab490703640,delivered,2018-01-16T13:25:36.0000000,2018-01-29T21:37:06.0000000,2018-02-14T00:00:00.0000000,0,19.90,12.48,32.38,32.38
da1d2907817d2c95b1f3e07c76d26bcc,a390b5b8933426a0d79944b89ecf53ca,delivered,2018-06-14T21:15:35.0000000,2018-06-18T21:27:43.0000000,2018-06-28T00:00:00.0000000,0,326.16,18.56,344.72,344.72
8831eaa951f7563404fa3355d0a89f1e,f03c9c80de7a0a901cd92d8507717007,delivered,2017-08-30T16:59:19.0000000,2017-09-01T18:19:07.0000000,2017-09-14T00:00:00.0000000,0,195.00,0.00,195.00,195.00
87dbf189fd5e4ff0a6846675d7fe9d0e,758019ade97df0865b7fabd23bf29ae8,delivered,2017-07-09T20:42:32.0000000,2017-07-17T17:53:31.0000000,2017-07-28T00:00:00.0000000,0,104.99,14.46,119.45,119.45
bf63ec64b243739a224860a034cb5357,5d9af4479e3cddff9ca7cdcaae40329d,delivered,2017-09-15T11:28:58.0000000,2017-09-30T12:48:50.0000000,2017-10-04T00:00:00.0000000,0,38.40,14.10,52.50,52.50
974c26d25f3764b5acde8a0b556843be,9ab1a2a05e0311aded3d496b4da0df87,delivered,2017-12-25T16:46:13.0000000,2018-01-08T22:24:31.0000000,2018-01-19T00:00:00.0000000,0,89.91,13.65,103.56,103.56
f230041025cb889113e0999362dc2ad1,3c0a441449190dbe7fbcda9358caae84,delivered,2018-03-14T17:24:47.0000000,2018-04-13T20:03:22.0000000,2018-04-11T00:00:00.0000000,1,79.90,27.29,107.19,107.19
4c52483789e169329b0dc09e8139b7e2,d4bb4211b01632ddd742d89807c73c82,delivered,2017-07-31T16:57:33.0000000,2017-08-07T20:53:50.0000000,2017-08-22T00:00:00.0000000,0,690.00,16.33,706.33,706.33
d6a2e1d3b958b6c5cb3af6f1d4d4a203,8d087e1ce16374d733458b3e018ea4e7,delivered,2017-11-11T17:46:35.0000000,2017-12-08T22:46:47.0000000,2017-12-07T00:00:00.0000000,1,196.99,57.05,254.04,254.04
ae0df271cb3c9838b323a5764478703c,c93a78ab4219db951b3d94b1d710639d,delivered,2018-07-15T18:48:15.0000000,2018-07-25T23:24:38.0000000,2018-08-01T00:00:00.0000000,0,100.99,23.51,124.50,124.50
c66f263a77d0b978664e122a57598d88,3115ac24b20b9bf9267633753921a408,delivered,2018-01-26T09:28:49.0000000,2018-02-05T16:16:46.0000000,2018-02-15T00:00:00.0000000,0,58.90,14.13,73.03,73.03
a3157fa833670799cf5d82abf9188905,2aadb729e67afb7067245bc438cdde52,delivered,2018-01-02T22:30:18.0000000,2018-01-31T18:26:56.0000000,2018-01-31T00:00:00.0000000,1,79.90,16.32,96.22,96.22
f895460919953cca1c737af25d8faf3c,97558121050ad51b5f8467919840fd7b,delivered,2018-07-08T17:01:33.0000000,2018-07-30T17:54:43.0000000,2018-08-07T00:00:00.0000000,0,66.99,19.38,86.37,86.37
57665b3fb0f04270d6b333c9d1f80a61,958e8ad93117fc0cc509a39861a1e7ff,delivered,2018-07-30T11:22:32.0000000,2018-08-06T22:41:59.0000000,2018-08-17T00:00:00.0000000,0,25.90,15.28,41.18,41.18
6ee93b768b2ece278852a25fecf3eb03,44566093e87dfa38e9e682fbbb1d72d7,delivered,2017-06-10T18:08:15.0000000,2017-06-22T13:56:40.0000000,2017-07-03T00:00:00.0000000,0,207.94,50.08,258.02,258.02
7117ea59ab9bdbf381b1a880eb25b07c,9026aa2a4b854ef18f281eee09434801,delivered,2018-03-14T10:15:23.0000000,2018-03-20T00:06:33.0000000,2018-03-26T00:00:00.0000000,0,370.00,16.32,386.32,386.32
860a775a4c01146f0dac9eebe2ac8461,753f6e40ce5c9753d617ef1405cf67a8,delivered,2017-11-24T11:56:51.0000000,2017-12-28T12:45:03.0000000,2017-12-21T00:00:00.0000000,1,249.00,17.50,266.50,266.50
6514f4ab77bfe2791416987c6c136b84,47cb699aff55772778a179d9a6b32bcb,delivered,2018-06-23T17:05:29.0000000,2018-06-28T21:56:53.0000000,2018-07-13T00:00:00.0000000,0,17.37,7.39,24.76,24.76
67174eff886029c2cc97d11c74eea9a7,6f8a90f42a1120e42bf3db98b595040f,delivered,2017-11-25T12:47:46.0000000,2017-12-10T21:06:16.0000000,2017-12-26T00:00:00.0000000,0,160.00,34.92,194.92,194.92
4f1330720e5aa2d61a474c63620fc42b,428e0381c7a36540d57562f45cf9abd6,delivered,2018-01-12T04:13:58.0000000,2018-03-02T18:51:31.0000000,2018-02-15T00:00:00.0000000,1,88.00,16.87,104.87,104.87
eede8f1b542f41da8b04e72bdd357dde,a70394b12364e5ae44f4553c76076a6a,delivered,2018-03-14T13:19:06.0000000,2018-04-05T22:06:46.0000000,2018-04-09T00:00:00.0000000,0,325.00,38.96,363.96,363.96
14130f70a2038f80f97d9fcc6e590ba8,d88efaaddfde753a7d05f6b1cb1b5411,delivered,2018-03-23T17:22:23.0000000,2018-04-24T20:25:47.0000000,2018-05-09T00:00:00.0000000,0,166.94,102.81,269.75,269.75
46f6ed73fe09537a68e37e5b67fcdd01,92e16dc77c3bc26f219eedd465b6d189,delivered,2017-10-16T14:55:52.0000000,2017-10-23T22:14:22.0000000,2017-11-01T00:00:00.0000000,0,99.90,13.58,113.48,113.48
8f15948ef0bdb4709a5801084a564c56,95be4ef194f75ea2eaf653d3d28b2d60,delivered,2017-09-27T07:11:08.0000000,2017-10-19T19:42:17.0000000,2017-10-31T00:00:00.0000000,0,49.90,34.15,84.05,84.05
ad0ae09a07feb323ebb93e791ab88917,d6c81d2347ad5b090166bece40a93388,delivered,2018-05-10T16:40:15.0000000,2018-05-18T14:33:32.0000000,2018-05-23T00:00:00.0000000,0,99.99,12.03,112.02,112.02
354ca44327bb555017ef42fd921ada11,606ac72d2b2b2a89114d972d2e66a2a4,delivered,2017-01-30T16:33:23.0000000,2017-01-31T19:13:10.0000000,2017-03-15T00:00:00.0000000,0,349.90,18.00,367.90,367.90
534a0fbe91a806a1dc6bf09b497e3d6f,d17ae8582d302dbd41b87e5028e8c0e2,unavailable,2018-01-22T02:45:40.0000000,,2018-02-06T00:00:00.0000000,0,,,158.30,
7d0a48a75ea94fb27cbb514b6bd406b4,1fa8165134d1bc197e2bc4ebf659f35e,delivered,2018-05-29T12:43:18.0000000,2018-06-11T14:51:42.0000000,2018-07-05T00:00:00.0000000,0,59.20,19.38,78.58,78.58
cd9d1ea1541ad23858c2890cbacd2406,de6e854dd86ca4f038c5aca3c86150af,delivered,2018-03-01T11:28:05.0000000,2018-03-07T18:41:56.0000000,2018-03-19T00:00:00.0000000,0,19.90,12.48,32.38,32.38
efc21a26212414ea2383d5392f15f231,b88110cc956e2c4f3ed611c4a64b297f,delivered,2018-04-11T10:45:45.0000000,2018-04-16T19:58:25.0000000,2018-04-27T00:00:00.0000000,0,18.00,7.87,25.87,25.87
6613fb221c62895c22ca8a2958d32156,dcb729d4247a942fe9911fe4685899a9,delivered,2018-05-31T22:01:02.0000000,2018-06-08T20:32:57.0000000,2018-07-11T00:00:00.0000000,0,219.00,24.11,243.11,243.11
6f7390ae95a89ea985e0d81b189e96d5,c17611c9d2852a5b128c4f1ed28fa0e2,delivered,2017-01-30T20:52:02.0000000,2017-02-10T12:09:06.0000000,2017-03-20T00:00:00.0000000,0,279.99,18.00,297.99,297.99
468c2f34312a6d270a20c7aef082041c,c43140cab099145072c92fafa17d0d48,delivered,2017-05-25T00:11:01.0000000,2017-06-06T14:31:22.0000000,2017-06-23T00:00:00.0000000,0,35.90,15.10,51.00,51.00
aaaf314a8cf0d0da71e52c6cd4184cbd,7302e92da39fdc7fa8b02048113bf5ef,delivered,2018-06-19T16:10:55.0000000,2018-06-26T21:17:55.0000000,2018-07-24T00:00:00.0000000,0,122.99,30.11,153.10,153.10
d0f9313e0b3e085cdd4116f42d31da06,2443d43e2cb0271b2e63ba9a0fe2903c,delivered,2018-03-27T11:19:27.0000000,2018-04-10T15:58:30.0000000,2018-04-16T00:00:00.0000000,0,48.00,18.23,66.23,66.23
63feacd35842cf0c330466827955c7fa,bfc79e4f4af23463178a0bbf68ed91df,delivered,2018-04-23T16:53:07.0000000,2018-05-03T17:19:40.0000000,2018-05-17T00:00:00.0000000,0,25.90,18.23,44.13,44.13
f8e926b4541bd4af7a14350967ba217e,f451e59a9232fe95d8deab7507f5b172,delivered,2018-08-11T23:30:33.0000000,2018-08-21T20:37:40.0000000,2018-09-05T00:00:00.0000000,0,47.00,17.26,64.26,64.26
a978d6eb16b0dd287c64cf99680c15e9,033c0ab40161f39cabba89a415feffaa,delivered,2017-02-06T22:02:37.0000000,2017-02-20T16:42:25.0000000,2017-03-27T00:00:00.0000000,0,209.99,25.96,235.95,235.95
9c5b6f458d5e5f8e372c112f8b658af6,e8376bb0980c62f2368025ec10161e4a,delivered,2018-03-07T22:26:43.0000000,2018-03-22T23:58:49.0000000,2018-03-23T00:00:00.0000000,0,69.90,14.58,84.48,84.48
541e98fb4e0b225dbc4493ae9d53eeb3,568be7bdad827e05c5b0b87614cb8c59,delivered,2017-11-27T22:23:47.0000000,2017-12-11T16:34:26.0000000,2017-12-22T00:00:00.0000000,0,120.90,45.69,166.59,166.59
3a39e6f440a811e9d4ad1bf47dd6c14d,5e4c7fa1c287657de20c8e19c2f959a0,delivered,2018-01-09T17:03:01.0000000,2018-01-25T18:26:58.0000000,2018-02-06T00:00:00.0000000,0,29.90,16.11,46.01,46.01
b51eb394d66d1bfb29d0e6367bd57d59,e972fcfb5af10aba3067698ccc05f611,delivered,2018-02-27T09:50:14.0000000,2018-03-19T15:56:34.0000000,2018-03-26T00:00:00.0000000,0,179.10,15.00,194.10,194.10
4534a8dd8fc9a1eccddc2bc6a7fd2ba2,6b419cdbd0dbc828c9fbd809cd6f983c,delivered,2018-06-08T10:06:43.0000000,2018-06-27T18:02:11.0000000,2018-07-19T00:00:00.0000000,0,141.40,22.07,163.47,163.47
264ce11c5e766e56fad7ef4046030511,beca47edbdd65b21b705e744c4275638,delivered,2018-05-25T16:23:48.0000000,2018-06-10T17:02:21.0000000,2018-06-25T00:00:00.0000000,0,69.99,12.93,82.92,82.92
7a70b827ebc6ab85bd4e28739619bb2d,cad3d3fc70d214ca82f4b5d6dfb279f2,delivered,2018-08-08T17:41:10.0000000,2018-08-18T11:24:19.0000000,2018-08-29T00:00:00.0000000,0,535.70,114.44,650.13,650.14
7f0cd5312c451eb0b746d9e0617e57f9,d6c5e3efecf1ebb34d1b7665db05de3c,delivered,2018-04-26T14:04:20.0000000,2018-05-15T18:36:50.0000000,2018-05-24T00:00:00.0000000,0,139.00,23.03,162.03,162.03
23799ee0d85541263f0637d4b86d5e5b,98209b8b1b97a90f4b5028daffb1b73e,shipped,2017-05-01T10:23:49.0000000,,2017-05-23T00:00:00.0000000,0,39.00,10.96,49.96,49.96
efeb57b095ad1d83a933437cb2c4837c,df939eb2e1f58a07066431a50bb9bf55,delivered,2017-11-16T17:42:52.0000000,2017-11-30T19:35:17.0000000,2017-12-07T00:00:00.0000000,0,179.90,49.79,229.69,229.69
e713631edbb37cc11f989c7d8412b80a,b8106fd2ea14b1cb7d883bdbaafdc82a,delivered,2017-11-24T23:32:55.0000000,2017-12-05T18:04:10.0000000,2017-12-08T00:00:00.0000000,0,199.90,33.00,232.90,232.90
463dc1b7fe6a8f19d740aba99d88ab73,f8f4be39e47db4b1a363cd95dec7a5f2,delivered,2018-02-28T15:11:27.0000000,2018-03-15T21:13:36.0000000,2018-03-28T00:00:00.0000000,0,58.99,17.66,76.65,76.65
780dfcd5aaf2662f3f6ce2201164394b,f73d378096054953caa2d69a8abceb73,delivered,2018-08-22T21:26:03.0000000,2018-08-29T13:35:47.0000000,2018-09-18T00:00:00.0000000,0,95.38,113.17,208.55,208.55
f92ebc52a42344683b930dfb16d2f317,c5c49531a2382c251f866e8c14dfb3ea,delivered,2017-11-24T10:26:27.0000000,2018-01-16T13:09:55.0000000,2017-12-18T00:00:00.0000000,1,159.80,35.62,195.42,195.42
99f6d132908e686db5ad8db097e76aa3,c557c88c4ec1f4c74389e95230d73f3e,delivered,2018-08-04T17:01:32.0000000,2018-08-07T15:17:39.0000000,2018-08-09T00:00:00.0000000,0,98.99,11.71,110.70,110.70
8ace197d57084cf99d770809ef26dab7,0a4c9f486aaecf0f40738a4306c1d552,delivered,2018-04-11T08:54:56.0000000,2018-04-20T22:02:29.0000000,2018-05-04T00:00:00.0000000,0,499.99,15.94,515.93,515.93
ea497a8fb762e77015ca8d85236d6e47,078a6dca7a00e66f3abf78d3ae96825a,delivered,2017-09-24T18:23:30.0000000,2017-09-29T12:03:59.0000000,2017-10-17T00:00:00.0000000,0,37.90,11.85,49.75,49.75
ad4c9fc51e6080fe19b1e0a62752d55d,23498073f7aa58164d73d99dc9a51e50,delivered,2017-11-24T20:40:42.0000000,2017-12-04T19:04:55.0000000,2017-12-14T00:00:00.0000000,0,82.90,14.31,97.21,97.21
8ea705b6d457f1b50272b5ae5a7a9099,6e99b4a37b2d5aa40cb85bdfcf9dc0eb,delivered,2017-06-14T12:52:00.0000000,2017-06-19T19:35:51.0000000,2017-06-30T00:00:00.0000000,0,215.00,15.11,230.11,230.11
e210480a7951a7968ea2a32e38c6dd70,6cc74c60ca9f1e86a7116ade13075729,delivered,2018-07-13T16:49:46.0000000,2018-08-13T22:16:43.0000000,2018-08-15T00:00:00.0000000,0,155.97,23.02,178.99,178.99
92d956a077a254413755349e0efd0ed7,9dc357207f1b0acf9782276bed80f48d,delivered,2017-11-02T22:46:35.0000000,2017-11-13T23:03:04.0000000,2017-11-23T00:00:00.0000000,0,59.90,13.44,73.34,73.34
a5d3eeeb605f6e2ce95e590543148234,05e8586e1ca488defddd47b5be9179c3,delivered,2018-05-13T21:46:59.0000000,2018-05-15T17:31:01.0000000,2018-05-25T00:00:00.0000000,0,157.89,12.44,170.33,170.33
f099e70d7cf0a758ccb7fb362d477166,027ece8189c0d8b1d3b543676aa81a9c,delivered,2018-03-06T13:02:23.0000000,2018-04-10T01:34:26.0000000,2018-03-26T00:00:00.0000000,1,89.90,23.21,113.11,113.11
3d17947832f443d603d5329d4f42b210,be9c2bbc3f4b220a693327fba72265d0,delivered,2018-04-19T16:12:10.0000000,2018-04-24T13:33:09.0000000,2018-05-14T00:00:00.0000000,0,67.00,13.59,80.59,80.59
8e10a1d1a57b6a469bc9a7a95c638b5a,78b0449357aac9b99f762f7d033aca6f,shipped,2017-11-24T06:49:43.0000000,,2017-12-08T00:00:00.0000000,0,239.99,14.23,254.22,254.22
9247f243c8ce8daa5f7011af7f97fecb,d004cba3f9bec60369b26eed8b97d594,delivered,2017-08-26T22:55:05.0000000,2017-09-08T19:41:33.0000000,2017-09-19T00:00:00.0000000,0,49.50,17.60,67.10,67.10
9ca8a98b31ed734b2db90fca420cda8e,a72bd498fc675be01dcf6c5f5e86e520,delivered,2017-05-01T09:54:59.0000000,2017-05-04T14:46:33.0000000,2017-05-23T00:00:00.0000000,0,13.98,10.96,24.94,24.94
61409da3655a093963f861bd9a96c600,d448b7d85542debc1b41de6cc14b50d4,delivered,2017-10-22T19:25:14.0000000,2017-10-30T18:43:54.0000000,2017-11-09T00:00:00.0000000,0,107.90,15.52,123.42,123.42
db37a79f21c59753d1ba93cc44d6cc4a,77650ab2482dc921150e09bea05890b6,delivered,2018-05-08T10:40:42.0000000,2018-05-12T00:08:51.0000000,2018-05-23T00:00:00.0000000,0,18.90,15.23,34.13,34.13
aa26ab274909dba40108cdcfc216f8b6,7f78a17c4b22bce421b4677bb221ea35,delivered,2018-04-10T21:32:22.0000000,2018-04-21T17:33:46.0000000,2018-05-11T00:00:00.0000000,0,10.50,18.23,28.73,28.73
45a857702c4695511eff5f2d40cfa75d,5a7500ddd320df5f05497b67090564da,delivered,2018-04-25T22:13:57.0000000,2018-05-03T18:40:36.0000000,2018-05-17T00:00:00.0000000,0,46.99,18.23,65.22,65.22
958407f3ab4e9f0d5d03a341f3840ce2,f1d8392057447bcc4dedf77c9a80edb1,delivered,2017-12-03T11:51:41.0000000,2017-12-08T13:51:45.0000000,2017-12-20T00:00:00.0000000,0,47.90,8.72,56.62,56.62
2c4f5d63471424bab535f4ff1051823d,526ca0c61e632c67f44099eaf587b023,delivered,2017-08-09T20:07:05.0000000,2017-08-28T20:17:45.0000000,2017-08-31T00:00:00.0000000,0,379.90,19.91,399.81,399.81
2b233b3b91f2164ae046d169a3d975ee,de321c0e4deafe175d021b9d9b257c40,delivered,2017-03-03T23:50:26.0000000,2017-03-21T02:35:56.0000000,2017-04-05T00:00:00.0000000,0,69.90,26.75,96.65,96.65
273ff9150ef1e7b66d89ac10f7cc7899,50d37bde3d02cb5e11d46544e5e8791c,delivered,2018-04-15T09:48:06.0000000,2018-05-11T16:48:46.0000000,2018-05-15T00:00:00.0000000,0,53.90,39.47,93.37,93.37
228dba745fdc79fe3b74e70f3e8f67db,a8f1b32299cc451c2480231139c9ad39,delivered,2017-07-27T17:18:21.0000000,2017-08-02T18:03:44.0000000,2017-08-18T00:00:00.0000000,0,29.90,11.85,41.75,41.75
dcc74da4fd99c9e96c775807b658336d,ee905ec97794ec6e95a8a02273cf5f20,delivered,2017-06-18T17:55:19.0000000,2017-07-06T16:13:50.0000000,2017-07-11T00:00:00.0000000,0,129.99,40.24,170.23,170.23
77054c0ae83a94aa7dda477bf235645b,2e22bee00067f79174a49def8fec481c,delivered,2018-04-14T22:10:20.0000000,2018-05-04T18:42:31.0000000,2018-05-11T00:00:00.0000000,0,47.90,19.32,67.22,67.22
373050e6af734517549f69f888763324,e51521843de8135ca5c2aebd76299469,delivered,2018-05-10T22:39:19.0000000,2018-05-18T14:51:44.0000000,2018-05-29T00:00:00.0000000,0,72.00,17.41,89.41,89.41
e6f6345c50327507fe35965aa65c8e94,b0a44e6002f9ff27862759d0d1992f4e,delivered,2018-08-27T18:50:06.0000000,2018-08-30T23:16:46.0000000,2018-09-04T00:00:00.0000000,0,29.99,7.47,37.46,37.46
b2d6c7b5ebf482317945ef822da56002,0a3ac1140826e07dcd774a7fc6e288b6,delivered,2018-03-01T11:48:22.0000000,2018-03-13T19:18:21.0000000,2018-03-15T00:00:00.0000000,0,33.90,9.34,43.24,43.24
4dd077c76e72e73742c4af14ebfbd4d1,5184df07acf834cd8a00cda25c376ebd,delivered,2018-06-07T08:57:05.0000000,2018-06-15T00:22:21.0000000,2018-07-13T00:00:00.0000000,0,109.00,42.62,151.62,151.62
6db5e7f2c9cd83bcf07b97044be2c0df,a743d5c3ba8ad2c90f90436852d418d1,delivered,2018-06-10T18:08:28.0000000,2018-06-12T19:46:44.0000000,2018-06-26T00:00:00.0000000,0,22.90,8.88,31.78,31.78
926282951ac5113c0a44287b4a30d5bf,145f93b9592c03d9d7dfbbae7e80c6f7,delivered,2017-11-27T15:06:28.0000000,2017-12-18T17:14:28.0000000,2017-12-21T00:00:00.0000000,0,139.00,18.22,157.22,157.22
aa45e41799067f67755e2e4e41925aa3,ecbe0bf872587f3cb5633f2b5d9b9fcf,delivered,2017-12-08T21:27:38.0000000,2017-12-18T16:58:32.0000000,2018-01-08T00:00:00.0000000,0,149.90,21.54,171.44,171.44
6c86cd28bc4a6ac0313b8d3e03131e9f,ff08e4d01ec84cf685cbb73cea8c1aa3,delivered,2018-01-03T13:28:41.0000000,2018-01-09T13:09:58.0000000,2018-02-20T00:00:00.0000000,0,120.00,15.59,135.59,135.59
245d1537baa4ed68d968e3c0f2ca5d16,8281392ae6bb39d84ababcdf4734f5b8,delivered,2018-02-11T23:27:52.0000000,2018-03-20T14:32:41.0000000,2018-03-14T00:00:00.0000000,1,199.90,21.89,221.79,221.79
a68dcfa331c5289cc9a15c24e3c1e476,72b55045ba227f2f40221ee830993778,delivered,2017-11-09T00:26:50.0000000,2017-11-21T18:38:36.0000000,2017-12-08T00:00:00.0000000,0,149.90,23.92,173.82,173.82
73756076fcc66ccd661bb81c5ce0c5fc,4366ad2fadfbb1f93c2b10d55d2edf81,delivered,2017-07-14T18:30:46.0000000,2017-07-26T14:34:57.0000000,2017-08-07T00:00:00.0000000,0,34.99,15.10,50.09,50.09
1d54db601b417ccdfd3b7071955e6cc7,7e7d2271d6f55b03b0bd4615c5f2de6e,delivered,2018-04-27T05:57:39.0000000,2018-05-03T23:52:04.0000000,2018-05-15T00:00:00.0000000,0,3105.00,104.72,3209.72,3209.72
3909091186fad2ea417f3166d4067808,0ff74aa01898256d6b270ca4fc4b9577,delivered,2017-11-26T20:04:57.0000000,2017-12-10T11:16:11.0000000,2017-12-15T00:00:00.0000000,0,59.81,13.44,73.25,73.25
9bdc2095c034062781104665d6e3b9b6,6d59eb54b9df0cb6c0d67669819e02c5,delivered,2018-01-16T14:19:32.0000000,2018-01-25T17:12:28.0000000,2018-02-08T00:00:00.0000000,0,199.89,17.65,217.54,217.54
252a85fbb824c236e3b232f556edfc68,519579a0b1843161c9ac5cac2376caec,delivered,2017-12-04T09:47:00.0000000,2017-12-26T21:18:53.0000000,2017-12-27T00:00:00.0000000,0,145.00,14.76,159.76,159.76
06f4b63a078dd3d2ca46e379c2ab419e,8eafb1ae4b90494f3c3460771c07612c,delivered,2017-06-23T17:36:41.0000000,2017-06-27T16:17:35.0000000,2017-07-06T00:00:00.0000000,0,49.90,8.27,58.17,58.17
80c7b4c9343d57c6f4e84201ba70063c,b339abac3ae25f5b2b4f46d64ae42464,delivered,2018-03-04T09:51:23.0000000,2018-03-26T19:47:47.0000000,2018-04-05T00:00:00.0000000,0,539.00,29.05,568.05,568.05
201e6171af7d4a477721fde96efcd3a6,318c79ecbef169cf1961191ee2e2b547,delivered,2017-06-11T00:04:07.0000000,2017-06-19T18:11:44.0000000,2017-07-03T00:00:00.0000000,0,89.90,13.65,103.55,103.55
f029d5966aa03c87e17e2482f86202b1,ece9fb6661a1dc0cd93f5f8c9cf13b83,invoiced,2017-10-23T21:44:36.0000000,,2017-11-14T00:00:00.0000000,0,117.00,15.57,132.57,132.57
5ef28a6d6a0cfcef8e5eb4c151c18e82,6c9d5406be0d00b55c698e4f5f59c42b,delivered,2018-07-05T20:43:58.0000000,2018-07-26T14:21:30.0000000,2018-08-07T00:00:00.0000000,0,66.99,51.19,118.18,118.18
9b573950822247289cc283b3e30f19d8,b025998376e02b75dae7d887315d5da8,delivered,2017-11-24T21:04:24.0000000,2017-12-11T19:47:06.0000000,2017-12-27T00:00:00.0000000,0,21.99,15.10,37.09,37.09
be929febed86ae91848b45a84c499e44,8b8c47170df5dd2207aca5ce4d9cd608,delivered,2017-12-06T13:12:24.0000000,2017-12-11T17:33:29.0000000,2018-01-05T00:00:00.0000000,0,19.90,12.48,32.38,32.38
4a4ed9ed7922304a569ed850baba99c6,4ed6dff46316b8f7e80d1972f27ca39f,delivered,2018-03-08T21:36:23.0000000,2018-03-23T19:22:54.0000000,2018-04-04T00:00:00.0000000,0,14.90,18.23,33.13,33.13
da48dc4b67c6a225cba172618417ac34,7126ec8fd6c81f9f0b3a50f337bcde4e,delivered,2017-03-15T16:34:04.0000000,2017-03-28T16:15:43.0000000,2017-04-05T00:00:00.0000000,0,15.32,14.52,29.84,29.84
1e6c83f252357f4c9ae0df874887ef7e,7e5f789e079e767b1048f6f69e3fb67c,delivered,2017-02-07T22:03:42.0000000,2017-02-14T14:19:02.0000000,2017-03-20T00:00:00.0000000,0,19.70,10.96,30.66,30.66
ef2ca7d8cb8ec4ec022a77785b6b48ff,3d467c5762bb6d35042b28517d723219,delivered,2018-06-12T12:51:41.0000000,2018-06-22T22:26:23.0000000,2018-07-12T00:00:00.0000000,0,109.99,64.14,174.13,174.13
d127d99c100d3b63c29a600aab85fbd2,e1c2d716039d0df723bcd9e375267b9e,delivered,2018-05-17T19:22:11.0000000,2018-06-06T20:14:39.0000000,2018-06-11T00:00:00.0000000,0,79.90,13.00,92.90,92.90
626d84eb4cf67fe4d53e9c0d945388fc,f8e9242670e2a006945583dd4d13ae43,delivered,2017-12-13T13:24:24.0000000,2017-12-19T18:31:49.0000000,2018-01-03T00:00:00.0000000,0,24.90,9.09,33.99,33.99
d543b0fedeb939f3fda2a3c2fe167b02,f8cd00a7baf936fd020f7c38247dbd63,delivered,2018-08-27T17:32:01.0000000,2018-08-29T15:18:54.0000000,2018-08-30T00:00:00.0000000,0,62.00,9.18,71.18,71.18
1963cdf64d49297eb541ceee16ee659e,794e9df7154683f0861c93019aafb6af,delivered,2017-11-26T21:02:09.0000000,2017-12-01T18:38:50.0000000,2017-12-15T00:00:00.0000000,0,67.50,11.97,79.47,79.47
419158f0fcd3a19edca60d45d531849e,ac13f7c32f187f3ee52677e5270e85e0,delivered,2018-04-13T13:19:27.0000000,2018-04-25T19:29:40.0000000,2018-05-14T00:00:00.0000000,0,105.00,18.61,123.61,123.61
420d28103f84eb7c76bede8dddea608c,759009dbd177474a0c58c632fe296ce6,delivered,2018-08-15T09:01:23.0000000,2018-08-16T18:47:28.0000000,2018-08-24T00:00:00.0000000,0,45.00,7.90,52.90,52.90
44558a1547e448b41c48c4087fe32ddd,40e2a5bab2a362999505842bbfb0d590,delivered,2017-05-10T20:47:02.0000000,2017-05-12T17:00:05.0000000,2017-05-18T00:00:00.0000000,0,199.99,10.21,210.20,210.20
eba5d5c86dc17ef81926ce3e339da945,d839e253e97aea3c0bc5df7a08361fcb,delivered,2017-11-22T11:04:05.0000000,2017-12-12T13:33:03.0000000,2017-12-13T00:00:00.0000000,0,119.80,130.46,250.26,250.26
8828c448621cb6894c87c5c2be785309,6ad370043aedf67e3620fcdccd95bbf8,delivered,2017-08-21T19:10:44.0000000,2017-08-28T21:19:56.0000000,2017-09-06T00:00:00.0000000,0,86.80,7.86,94.66,94.66
1eef4e610c84e24e3ea7039a14693e90,5403fdd3b599bf8d6c07b02c3ac39ff6,delivered,2017-08-01T21:27:25.0000000,2017-08-16T14:03:48.0000000,2017-08-23T00:00:00.0000000,0,114.97,45.26,160.23,160.23
109b43dc12d67a5107cbbfb7fe98d0ae,592e40170cce9817780844caf7c0a2e9,delivered,2017-07-25T15:45:53.0000000,2017-09-19T14:18:08.0000000,2017-08-22T00:00:00.0000000,1,179.90,16.01,195.91,195.91
8650f273b9279f880588142245c2c398,1a6cb0e076784a5e73557aa5defd660a,delivered,2017-06-22T11:05:14.0000000,2017-06-29T11:42:17.0000000,2017-07-12T00:00:00.0000000,0,59.90,17.13,77.03,77.03
157b4fe03013e7a9db562091a12c2f8d,969d8a95fd033aa0d536264554d3a31b,delivered,2017-09-23T22:19:48.0000000,2017-10-14T13:24:34.0000000,2017-10-26T00:00:00.0000000,0,139.00,28.35,167.35,167.35
4bb429b2f70ff5c85e7fdcecb5efa852,52bfa05d8b00de2d68a7039015f6577a,delivered,2017-12-26T23:32:04.0000000,2018-01-11T20:09:03.0000000,2018-01-24T00:00:00.0000000,0,597.90,21.44,619.34,619.34
58e507b7d867429e6bd5116ea280588d,0f2b84248204870aa5a64e07b578ced7,delivered,2017-05-07T12:47:29.0000000,2017-06-05T14:08:08.0000000,2017-06-08T00:00:00.0000000,0,39.00,34.15,73.15,73.15
6b67ec6cfd19c0a30f91afb6bd431e8f,c2b0ea6dfda294a608886e885972199a,delivered,2018-02-20T10:45:27.0000000,2018-03-05T15:22:01.0000000,2018-03-15T00:00:00.0000000,0,321.00,43.50,364.50,364.50
effbc2be1e2eda5f0250adc2f307f346,be82df97dfd71eba6ea5ffd99caed7ea,delivered,2018-07-18T14:09:17.0000000,2018-07-25T14:42:04.0000000,2018-08-10T00:00:00.0000000,0,137.80,27.64,165.44,165.44
6da61def5ee2d55fc6b9dfbc43efca0b,006fffc5b0accd275de3e3a4b6d0832d,delivered,2018-03-14T13:28:44.0000000,2018-04-12T12:51:16.0000000,2018-04-13T00:00:00.0000000,0,27.99,37.04,65.03,65.03
0571cdb407bf04b419c94ffd7acbd874,2ec7666d1077597d4e4ff2116a319530,delivered,2017-01-19T21:24:05.0000000,2017-01-30T13:24:45.0000000,2017-03-03T00:00:00.0000000,0,6.90,15.65,22.55,22.55
a3bf941183211246f0d42ad757cba127,3718e1873d5dc3e8d96c0ab783278b02,delivered,2017-07-24T22:16:25.0000000,2017-07-28T19:06:46.0000000,2017-08-04T00:00:00.0000000,0,44.99,7.78,52.77,52.77
3b3c727f2f017c3efa05f74a729727d0,5419456ce86985adf34fb7fbb0d22daf,delivered,2018-03-16T09:46:00.0000000,2018-04-05T17:02:55.0000000,2018-04-05T00:00:00.0000000,1,101.49,18.59,120.08,120.08
7cb76df433b42580f7512fde60984ba5,1d510e457bb6e83400a904c93a6974af,delivered,2018-02-02T10:06:20.0000000,2018-02-09T01:11:52.0000000,2018-02-26T00:00:00.0000000,0,120.00,26.46,146.46,146.46
63098185d431678eef6d6651e235a1f4,3abc6ea6997457982d7a6f025c4e0786,delivered,2018-05-15T10:46:21.0000000,2018-06-04T17:03:57.0000000,2018-06-11T00:00:00.0000000,0,149.90,57.60,207.50,207.50
9aec77497620910d9b081312430ebd93,735407923bd7e1c88fd2994ae3a5d83b,delivered,2018-04-21T01:04:55.0000000,2018-04-25T17:48:46.0000000,2018-05-04T00:00:00.0000000,0,39.99,8.88,48.87,48.87
0cedb7b34000334cf6a9e407fcaa5203,b9a96d45b2fc1fb779cd86dba54a3110,delivered,2018-07-11T13:32:41.0000000,2018-07-25T00:10:54.0000000,2018-07-31T00:00:00.0000000,0,222.00,19.65,241.65,241.65
b138a736fdb315dc4dc8e277caa8ebcb,44b1b38478ff0cfb5e9e4b6254aac453,delivered,2018-06-13T21:17:39.0000000,2018-06-21T21:12:34.0000000,2018-07-12T00:00:00.0000000,0,55.00,14.70,69.70,69.70
538917e9e6d39e4e2f6d7480f7c2479e,ed9a9009b3f1634f5aba2e8eaee8e494,delivered,2017-02-04T23:28:25.0000000,2017-03-01T08:37:44.0000000,2017-03-15T00:00:00.0000000,0,110.00,24.77,134.77,134.77
35c369ca367805c6b6c59ce554768eef,10ce609a34904ea87a4254e96b05dcf8,delivered,2017-10-24T21:38:09.0000000,2017-10-28T11:50:06.0000000,2017-11-08T00:00:00.0000000,0,84.99,9.41,94.40,94.40
86cab3cb87a61fcf116c34a9231b1828,1a43cf85a4f3490e013bdc880c40ccec,delivered,2018-04-02T11:15:28.0000000,2018-04-13T21:36:45.0000000,2018-05-04T00:00:00.0000000,0,299.90,35.64,335.54,335.54
f197897366a10204e289606b4838ea3c,b7aeb0ea3110edb266582312f6a00ce0,delivered,2018-02-14T17:51:38.0000000,2018-02-20T14:51:53.0000000,2018-03-07T00:00:00.0000000,0,68.00,28.20,96.20,96.20
e16efc3cc50ac44b70f993463b609174,058b8118018cd37ff01ae5339a76c980,delivered,2017-07-16T13:16:45.0000000,2017-07-27T20:27:34.0000000,2017-08-04T00:00:00.0000000,0,89.90,12.13,102.03,102.03
a30016fdd70010d634bdbbe5aa016c18,931b19eb7671ec561f735b242b76da72,delivered,2018-05-07T21:34:52.0000000,2018-05-16T01:04:02.0000000,2018-05-24T00:00:00.0000000,0,104.90,23.31,128.21,128.21
75306e9e0b8f64c5bd70c0d24f87a759,c9280eef806b9c59397a4b993c1282c4,delivered,2017-09-26T18:04:37.0000000,2017-10-06T19:18:05.0000000,2017-10-25T00:00:00.0000000,0,99.00,34.05,133.05,133.05
0ac372f92fbec55ca27ef4fa99a6a13a,96d3328d8b8625bc4d656279e1515bee,delivered,2018-01-11T14:01:09.0000000,2018-01-24T16:39:08.0000000,2018-02-09T00:00:00.0000000,0,9.00,14.10,23.10,23.10
431deec11a68067a1366683c3614d364,6169e1f688411d49915cddaf1f5c677f,delivered,2017-09-28T22:39:37.0000000,2017-10-30T21:34:17.0000000,2017-10-24T00:00:00.0000000,1,69.90,16.25,86.15,86.15
4516c79ac42f6a567bf4d1209eba2b33,21e012f48ffe88ed1ff3c7584b1f0040,delivered,2018-04-29T18:43:21.0000000,2018-05-05T13:47:36.0000000,2018-05-17T00:00:00.0000000,0,112.90,18.67,131.57,131.57
f222c56f035b47dfa1e069a88235d730,b74ca180d63f9ae0443e4e13a2f5bdaf,delivered,2018-01-30T09:43:45.0000000,2018-02-01T20:10:38.0000000,2018-02-15T00:00:00.0000000,0,89.18,9.44,98.62,98.62
23427a6bd9f8fd1b51f1b1e5cc186ab8,a8fabc805e9a10a3c93ae5bff642b86b,delivered,2018-05-21T22:44:31.0000000,2018-05-23T15:33:09.0000000,2018-05-29T00:00:00.0000000,0,45.99,7.39,53.38,53.38
2033a4586b5bec3229ebc1675a8ae092,0efc1f5e8675901683fae0ea8fdf3feb,delivered,2018-06-12T10:10:25.0000000,2018-06-19T14:08:27.0000000,2018-07-19T00:00:00.0000000,0,35.00,15.35,50.35,50.35
1ff18ac87c2bd43b4a902ef5736193ae,f1c76162ea81ad7889daffd690950c5b,delivered,2018-06-14T11:49:17.0000000,2018-06-16T13:38:31.0000000,2018-06-29T00:00:00.0000000,0,92.40,18.82,111.22,111.22
1d1c9ba4b3111c36066400813fd93e65,a3ddcbd81efac5f01565774a84581689,delivered,2018-05-13T12:10:48.0000000,2018-05-21T19:12:19.0000000,2018-05-29T00:00:00.0000000,0,379.99,26.52,406.51,406.51
4d0d3e6d52ebda96d3ff80f913a49cee,091be8027f7e81f7982d213f813063e5,delivered,2017-12-12T12:25:26.0000000,2017-12-15T18:52:22.0000000,2017-12-29T00:00:00.0000000,0,49.00,7.78,56.78,56.78
678b28f078641e74d50be86b4ecaec7e,58d1b021c741cc8728280bbe6d0b3da8,delivered,2017-01-26T18:19:42.0000000,2017-01-31T18:43:58.0000000,2017-02-24T00:00:00.0000000,0,40.00,16.05,56.05,56.05
ce6923830776a5f0d2ffd91a11dd6204,1ad157f908eda2d776e2739a9505495e,delivered,2017-09-10T18:26:59.0000000,2017-09-15T22:39:27.0000000,2017-09-21T00:00:00.0000000,0,99.90,9.51,109.41,109.41
f8c9df743a18aeeedd550486dbe39689,ff4512b27e3f8d9774f6e01ceb951035,delivered,2018-06-07T17:52:27.0000000,2018-06-19T15:58:51.0000000,2018-07-11T00:00:00.0000000,0,130.00,20.64,150.64,150.64
7942099e2f484fd9f80b3bf901b706ea,dff35e4b5a960daa3287033b77b1c965,delivered,2018-04-26T15:16:34.0000000,2018-05-08T20:26:25.0000000,2018-05-23T00:00:00.0000000,0,13.20,18.23,31.43,31.43
2e571b4487c7119502acdb48043efcee,2f1d78af6de0800385a0cc5cf4b7a794,delivered,2017-12-03T15:57:22.0000000,2017-12-15T22:47:41.0000000,2017-12-27T00:00:00.0000000,0,1058.00,20.43,1078.43,1078.43
c47acf407eb57ab063c79f3f1c8f7018,bea09f07c235c12f4d5fd154651c0f5f,delivered,2018-02-12T20:41:50.0000000,2018-02-19T11:16:56.0000000,2018-02-23T00:00:00.0000000,0,23.99,7.78,31.77,31.77
a238c4b12e353d643594bb92d9385e1a,a71f65149295549d85fe86597d5bf59c,delivered,2018-06-22T16:07:51.0000000,2018-06-28T16:32:42.0000000,2018-07-18T00:00:00.0000000,0,97.90,15.79,113.69,113.69
5965bbd72c3ca0d9634419437ca53897,3dd8536c33d454b9a9d05ba357eeaaa9,unavailable,2017-01-30T10:29:25.0000000,,2017-03-08T00:00:00.0000000,0,,,147.99,
79bddd312603ec0241e3d42556c6bba4,dc5cacb3e5b312dbde82dae449a8eb6e,delivered,2018-03-04T15:30:14.0000000,2018-03-19T22:32:08.0000000,2018-04-02T00:00:00.0000000,0,174.56,38.77,213.33,213.33
1b00a2b976ff528b7ab895ea9ed58ab7,3172fe335c9b335ce749eda3b7c73bd3,delivered,2017-06-25T17:27:43.0000000,2017-07-06T18:07:35.0000000,2017-07-18T00:00:00.0000000,0,109.90,15.53,125.43,125.43
ffa466d3e55f98477b7e0da764df3c6c,84b9f36a23bcee1236bc7f13afab749d,delivered,2018-05-11T08:05:57.0000000,2018-05-18T17:44:26.0000000,2018-06-07T00:00:00.0000000,0,56.90,36.46,93.36,93.36
5384eba8f22866695801e33c6dc25745,afb5732a3293a4a7b3083314a9d1ac5b,delivered,2017-03-03T15:38:39.0000000,2017-03-28T17:24:41.0000000,2017-04-03T00:00:00.0000000,0,40.00,20.80,60.80,60.80
6810999b773bffdb94e8d02004603720,6f2a9c58f3b6c3f558f59cefc2db5eb1,delivered,2017-10-27T21:30:42.0000000,2017-11-08T10:32:01.0000000,2017-11-16T00:00:00.0000000,0,24.99,11.85,36.84,36.84
8cc012923b38d546150622ee192f83e8,64297b84f640852cf295e3ab6412684d,delivered,2017-02-13T00:18:48.0000000,2017-02-22T13:57:37.0000000,2017-03-24T00:00:00.0000000,0,19.90,14.52,34.42,34.42
15341b05d64b1a27163a196767a80afe,e90517fa5530cf8a1818e915c53d6659,delivered,2018-03-24T11:41:24.0000000,2018-04-11T21:48:51.0000000,2018-04-27T00:00:00.0000000,0,530.00,76.08,606.08,606.08
07182ece031138fc6c7f81b60b1eb329,704230ce6edfc1682d86cddb7f8216ae,delivered,2018-04-16T01:48:45.0000000,2018-04-23T22:46:46.0000000,2018-05-07T00:00:00.0000000,0,43.80,14.44,58.24,58.24
dd1170f24eb54d1e79df08ccbb49a377,2f34631e6bf18b22701d79a367cb23fa,delivered,2018-05-18T12:11:33.0000000,2018-06-05T20:09:50.0000000,2018-06-12T00:00:00.0000000,0,79.90,13.00,92.90,92.90
2c28c8ed0ab7031e787379318449b44c,a6cbe0fbcebbed679ae926f1a8ddf66a,delivered,2018-03-20T11:29:16.0000000,2018-04-11T15:58:55.0000000,2018-04-17T00:00:00.0000000,0,29.90,19.32,49.22,49.22
90d56ed46d2ebca29d7bf65e65b906e0,a3a7a7e9325f146eaeea7cafbb1b5345,delivered,2018-06-25T10:04:01.0000000,2018-07-03T18:03:38.0000000,2018-07-17T00:00:00.0000000,0,89.50,15.70,105.20,105.20
03310aa823a66056268a3bab36e827fb,25dbbf0c477fd4ae0880aaffbb12e8b3,canceled,2018-08-07T16:33:59.0000000,,2018-09-04T00:00:00.0000000,0,,,3184.34,
ee40c6051d9d3a4c45904eaa1e5fe733,36f021ed4f2ae331ca32785f4fa574fb,delivered,2017-07-18T18:19:55.0000000,2017-07-26T01:46:29.0000000,2017-08-11T00:00:00.0000000,0,205.00,22.27,227.27,227.27
9c8ee769e2dd71e30f9db37f2c2606de,ee4a9de0355bb9df99b44cdc7d95e47e,delivered,2018-04-08T23:24:43.0000000,2018-04-12T19:05:15.0000000,2018-05-03T00:00:00.0000000,0,27.90,18.23,46.13,46.13
03054d8a8eefc2981cfad06f58e27979,9bd2f246e81c19f65c539ce426288ef5,delivered,2017-10-02T10:25:22.0000000,2017-10-19T21:03:49.0000000,2017-10-25T00:00:00.0000000,0,58.90,15.16,74.06,74.06
3edc1d26d1bd92c3c56e12bf85979f87,4865bc634919f9ff8358eb16eadba34c,delivered,2018-05-31T18:28:14.0000000,2018-06-12T21:51:56.0000000,2018-06-28T00:00:00.0000000,0,329.00,60.16,389.16,389.16
0d91fd5b8475f8f0576a6e8f90c6497d,9f34131462cd5edccdc9d4db9f7d2bbc,delivered,2018-05-10T14:49:26.0000000,2018-05-21T10:48:39.0000000,2018-05-29T00:00:00.0000000,0,1859.97,176.07,2036.04,2036.04
b8d83281a0c89e3157c9cd7c37ff7273,c5a0c4686d4c21f566230d515702d69f,delivered,2017-08-25T11:28:46.0000000,2017-10-06T18:14:13.0000000,2017-09-22T00:00:00.0000000,1,349.90,37.77,387.67,387.67
43b2cd469a6cee268b9be121cbaf17ba,37162cac049e2c9a4f0eb40c81c3cff6,delivered,2018-08-11T22:10:44.0000000,2018-08-21T14:38:53.0000000,2018-09-27T00:00:00.0000000,0,119.80,21.00,140.79,140.80
ce9fc4b5d521bad32b0c3893b9b3788f,47166f88862447ea5f8e078b2aaefb46,delivered,2017-11-15T16:18:30.0000000,2017-12-14T18:37:40.0000000,2017-12-06T00:00:00.0000000,1,217.80,21.24,239.05,239.04
068027bd6fbd44e949cfb70acad89b55,8e20f087ea52d83311b8a9df03ab67f2,delivered,2017-08-14T13:26:46.0000000,2017-08-15T18:25:55.0000000,2017-08-25T00:00:00.0000000,0,179.00,9.45,188.45,188.45
9ca192d3fd38d4aff0c137f84cf7e121,10b0bfb19ed6f0aa3d895cc1db350e3a,delivered,2018-08-13T10:46:55.0000000,2018-08-18T14:24:53.0000000,2018-08-23T00:00:00.0000000,0,18.90,19.04,37.94,37.94
cf3a9fb2f3b7b0d71c3a8e59c01ad281,f1cc6f2b2d1fe79fc891d57a5b05e44a,delivered,2017-11-08T16:46:11.0000000,2017-11-23T20:11:34.0000000,2017-12-01T00:00:00.0000000,0,599.00,21.44,620.44,620.44
7ec6638456231f1eec19f7de8723f269,c4ac275898e0ba063e3b67f168ed2d80,delivered,2017-11-30T20:37:10.0000000,2017-12-11T23:22:52.0000000,2017-12-26T00:00:00.0000000,0,119.90,23.16,143.06,143.06
6244be66e1870c2392135aa8e2f61aee,b3c27d38792407989077a9a53d28b2f0,delivered,2018-04-26T13:31:13.0000000,2018-05-02T23:32:18.0000000,2018-05-16T00:00:00.0000000,0,110.32,15.65,125.97,125.97
150b0776d65cc88c98cb4d10d0bc27b3,95a001f306dfba60026ad846f37ab045,delivered,2017-07-23T19:02:52.0000000,2017-08-01T18:07:50.0000000,2017-08-11T00:00:00.0000000,0,65.90,13.48,79.38,79.38
99bfe67168d67b56c87d3c3ab8b4f568,b05cde1812838d146a1976e80ede260b,delivered,2018-06-07T18:26:24.0000000,2018-06-18T16:21:52.0000000,2018-06-26T00:00:00.0000000,0,165.90,18.74,184.64,184.64
ece1fa4a929c6a0e8b6678e10b2ac642,a4c800a16c71d3bb4b77665ba11d8525,delivered,2017-11-26T17:44:33.0000000,2017-12-07T15:07:05.0000000,2017-12-20T00:00:00.0000000,0,142.99,46.37,189.36,189.36
0452092bf08cf43ddab32ebec9e75d2d,bc2723356fa3f373b455c0a3112dc495,delivered,2017-02-21T10:53:34.0000000,2017-03-16T10:41:44.0000000,2017-03-30T00:00:00.0000000,0,29.90,20.40,50.30,50.30
dde44f7e3e37e8a34b9cdffc9bc652e5,cbc4da078da70f553783f3f901a8c858,delivered,2017-12-19T17:46:05.0000000,2018-01-17T00:03:06.0000000,2018-01-23T00:00:00.0000000,0,155.00,17.34,172.34,172.34
4c9de71242c212430ae070b7d2f837e7,c3fdff407ffd0912869ee10b353ce874,delivered,2018-08-13T15:55:29.0000000,2018-08-24T17:37:49.0000000,2018-09-03T00:00:00.0000000,0,29.90,17.14,47.04,47.04
275a9c9ccc183a48eac733ea33bb8cc5,b983b6c8c77dac754125a7e55555c05a,delivered,2017-12-03T18:58:14.0000000,2017-12-05T19:52:28.0000000,2017-12-20T00:00:00.0000000,0,89.90,12.58,102.48,102.48
f05aaa145a323239764fc5948997db58,d3c72ba3f7ef0adcb612dab05a515871,delivered,2018-04-23T10:21:48.0000000,2018-05-02T12:22:04.0000000,2018-05-08T00:00:00.0000000,0,51.54,14.78,66.32,66.32
3324048ac2f2df01f583f71758589776,358be33e0da76b214b9504d0ca78c556,delivered,2017-07-23T21:24:59.0000000,2017-08-09T18:18:28.0000000,2017-08-15T00:00:00.0000000,0,79.90,12.69,92.59,92.59
22f1399a4c5b23e40453c44942c04100,da27f48eeb029c62720ef773ab95806c,delivered,2017-08-10T19:25:35.0000000,2017-08-22T17:56:36.0000000,2017-08-30T00:00:00.0000000,0,61.49,11.93,73.42,73.42
09ff646bb8e18894b907e5b76f5fca59,08ba3f633e08284c827e14b9700d8949,delivered,2017-09-09T03:20:20.0000000,2017-09-20T19:14:04.0000000,2017-09-27T00:00:00.0000000,0,52.64,11.87,64.51,64.51
682e90d16332af76ecbdaee2e0c74bf6,e335e7e1fffa9b705d3453abb49890a7,delivered,2017-02-05T17:07:34.0000000,2017-03-03T11:09:41.0000000,2017-03-15T00:00:00.0000000,0,599.00,38.81,637.81,637.81
171fac25aa2fde5b05b3109d582d04bb,1c3c07a5e0ae1596ef662a0d60f362fd,delivered,2017-08-04T17:15:21.0000000,2017-08-16T18:04:58.0000000,2017-09-01T00:00:00.0000000,0,55.00,15.14,70.14,70.14
f84f158d834dafae73fa8da8b11bea6d,de092fae7682337beee732fe96841556,delivered,2017-08-10T11:58:33.0000000,2017-09-18T18:23:45.0000000,2017-09-06T00:00:00.0000000,1,38.90,44.81,83.71,83.71
fa2327f446a561a540a3fe3069f99046,d7492c2b1d4bcba6c2c8cfd6a25ef8c2,delivered,2018-06-04T10:58:33.0000000,2018-06-14T12:32:07.0000000,2018-07-16T00:00:00.0000000,0,79.90,22.27,102.17,102.17
0904fb2c91a18099a0b7315f1ac9501b,d3d5a2955341122b1b68164dcbbc948e,delivered,2018-02-13T20:10:23.0000000,2018-03-17T02:13:03.0000000,2018-03-12T00:00:00.0000000,1,385.00,21.23,406.23,406.23
8facdb9134d16bc7c0e49628ad6c58ac,4607f26eeadd0411d23ce49fa7f6c745,delivered,2017-12-11T20:47:16.0000000,2017-12-20T21:04:24.0000000,2018-01-29T00:00:00.0000000,0,79.90,28.96,108.86,108.86
581ef4e5af5c7bbdcd26579839290635,60a9c78e3568017be691575628c8c141,delivered,2017-11-18T15:48:48.0000000,2017-12-08T18:49:10.0000000,2017-12-13T00:00:00.0000000,0,108.00,19.30,127.30,127.30
b012c1697921f54e80780e034a93c871,bd08dfed0cf17e30968943b497ef14ec,delivered,2018-01-21T11:13:57.0000000,2018-02-03T13:12:35.0000000,2018-02-14T00:00:00.0000000,0,139.90,23.78,163.68,163.68
697a3f72fadd1e5af4740ab0fccd99ed,b379e9e939cff8a03a9ce96cff2a59a6,delivered,2017-10-06T17:19:51.0000000,2017-10-16T21:47:36.0000000,2017-10-31T00:00:00.0000000,0,119.90,20.33,140.23,140.23
7b50d6c8484155685a9780c8a85a48fc,43e0730019df444079135bad56922da3,delivered,2017-05-18T09:48:49.0000000,2017-05-22T23:04:19.0000000,2017-05-31T00:00:00.0000000,0,79.90,7.81,87.71,87.71
107478e48c13dc0b39a379510464cd9d,8f28e2e21bc3d726c1bb67a90c49b0de,delivered,2018-04-26T08:42:36.0000000,2018-05-02T20:16:38.0000000,2018-05-18T00:00:00.0000000,0,71.30,12.94,84.24,84.24
f825ff64b7a15cd4f3483fb00b6ad59c,1e1f25dd8d5d50c2c438163bfd204126,delivered,2017-09-30T23:59:15.0000000,2017-10-13T16:48:16.0000000,2017-10-26T00:00:00.0000000,0,109.00,16.39,125.39,125.39
60b47c43df5722f9923b79a22c8e671d,f504b57716599db532487c2ec5654b5d,delivered,2018-01-17T06:17:02.0000000,2018-01-29T23:54:50.0000000,2018-02-07T00:00:00.0000000,0,89.00,24.93,113.93,113.93
562f68d5a8c2d3be1d1b87f06c7b87c0,ac546480af29373387a27e4e6313665e,delivered,2018-01-31T10:24:01.0000000,2018-02-09T17:51:53.0000000,2018-02-16T00:00:00.0000000,0,220.00,14.10,234.10,234.10
c259fd488a73ebbd67d79df856d4befc,6ab85b3fac14f117ea275b5a35503073,delivered,2017-12-02T13:53:36.0000000,2017-12-13T23:23:11.0000000,2017-12-28T00:00:00.0000000,0,59.90,14.17,74.07,74.07
c5816c6d12ac8e0bebace202a2774edf,c50b76da2bbd240a8508f5802745476d,delivered,2017-10-28T15:55:01.0000000,2017-11-14T16:47:16.0000000,2017-11-17T00:00:00.0000000,0,61.00,12.77,73.77,73.77
00ab1aba567dfebdc39caa4e7ca2f1b2,f2a48c51664d5ca2d7401f95994bb8a9,delivered,2017-09-01T14:01:04.0000000,2017-09-12T14:07:44.0000000,2017-10-03T00:00:00.0000000,0,35.90,12.48,48.38,48.38
3eecd0cb5bdd21bfa681cf52426d0cb7,10c0f0e11059fe82315114cb4f93ade6,delivered,2018-03-18T16:30:18.0000000,2018-03-21T18:16:34.0000000,2018-03-29T00:00:00.0000000,0,17.99,8.29,26.28,26.28
fc4d2d157d4a89bc10a21af181e2a5a2,fa71143c40df6a419c2656d2a05dd6b5,delivered,2018-05-06T11:54:25.0000000,2018-05-14T17:26:29.0000000,2018-05-24T00:00:00.0000000,0,35.90,12.79,48.69,48.69
f42afa7297d7d5f4c540fd31c4196821,bf56aa6eb743bb7c169701ad0ee1bbc8,delivered,2018-02-16T13:34:34.0000000,2018-03-07T18:13:18.0000000,2018-03-14T00:00:00.0000000,0,259.90,26.66,286.56,286.56
ddfb686b5b2ac3fbece69e652701a876,7082b385393bd99f9c75789376a81588,delivered,2018-01-04T10:03:16.0000000,2018-01-19T18:12:38.0000000,2018-01-31T00:00:00.0000000,0,157.77,15.85,173.62,173.62
973daf958def9b35a204cab8092279bb,d6157dcf371c042e4a4d08bdd75e4c40,delivered,2018-03-25T19:12:53.0000000,2018-03-28T15:39:12.0000000,2018-04-06T00:00:00.0000000,0,12.67,7.39,20.06,20.06
30f98311688b9a0cc176d88c32b308d3,72241f6ac253dedd45a67f539f113891,delivered,2018-03-19T23:32:03.0000000,2018-03-21T21:03:59.0000000,2018-04-11T00:00:00.0000000,0,94.89,27.51,122.40,122.40
0b9e3cb461332c63fffd742e522832a1,d214a4a86c30fcb8f92dac5260ece938,delivered,2017-10-29T18:18:53.0000000,2017-11-08T21:42:55.0000000,2017-11-21T00:00:00.0000000,0,139.99,21.63,161.62,161.62
5875e5804ca85e3b4c8dda7a7dfce4cc,954cfe56edc8052d49bc5b4715efbdf3,delivered,2018-06-14T09:54:22.0000000,2018-06-29T17:34:55.0000000,2018-07-18T00:00:00.0000000,0,135.00,62.97,197.97,197.97
500e36e71ec5080f1935acac38e0f8c1,326cd7173402f166f337b4abecbadba4,delivered,2018-06-11T17:46:23.0000000,2018-06-20T14:42:46.0000000,2018-07-05T00:00:00.0000000,0,42.60,15.40,58.00,58.00
931873d5376eea7fc2c35b2d4724abb7,a9358e9cb07d34be0fed1cc93e7205b0,delivered,2018-06-28T20:25:25.0000000,2018-06-30T14:07:04.0000000,2018-07-18T00:00:00.0000000,0,89.70,13.97,103.67,103.67
2c36e21ba9c9ffb56e431113b7af7073,d10615d1c73d6b427e93a513eb24228b,delivered,2017-07-28T22:53:41.0000000,2017-08-08T19:44:32.0000000,2017-08-25T00:00:00.0000000,0,28.75,14.10,42.85,42.85
9cf7337281a128f4f29a2f476c733601,c606407eec8f9304dcd264811b9f0523,delivered,2017-12-13T21:00:47.0000000,2018-01-15T22:33:16.0000000,2018-01-17T00:00:00.0000000,0,69.20,47.01,116.21,116.21
92ea4e83a1cbd42cfc62e113b8a00797,5c9039026e45902bdd7d7491e04071c6,delivered,2018-07-17T13:22:47.0000000,2018-07-30T12:18:34.0000000,2018-08-06T00:00:00.0000000,0,24.99,18.28,43.27,43.27
b8f95bd45718008c382f10f416a3581d,a7f052daff637569a9a4dbf03164e14c,delivered,2018-01-15T10:33:44.0000000,2018-01-26T19:53:17.0000000,2018-02-19T00:00:00.0000000,0,299.74,33.62,333.36,333.36
ca9012a0bc23f8c1b5be9b7e4af8fa5e,13a570ece49733c3201ddb6d816bdea1,delivered,2018-07-01T14:19:56.0000000,2018-07-04T21:32:50.0000000,2018-07-27T00:00:00.0000000,0,29.99,17.14,47.13,47.13
f16d36e918e76d6b9afabb3d8189f313,f066a97261ba582454937cdc723591a4,delivered,2017-07-12T21:08:11.0000000,2017-07-14T15:57:34.0000000,2017-08-01T00:00:00.0000000,0,118.00,15.56,133.56,133.56
5cccab268a47c0211857cb529104775c,9d1b349b9033719eeecbabb9dedb1b72,delivered,2018-01-17T10:53:02.0000000,2018-01-30T19:53:13.0000000,2018-02-07T00:00:00.0000000,0,109.90,15.53,125.43,125.43
d2dee958cbda7c87cbc097cf2f5f6c1e,1a949476f028910baab6a43ccb9f332a,delivered,2017-11-08T00:35:46.0000000,2017-12-12T17:22:30.0000000,2017-12-01T00:00:00.0000000,1,59.90,37.97,97.87,97.87
4aa9da5533740e416c8a3ccb338e5c49,849b3f67eb957249945aea7088399319,delivered,2017-12-11T21:28:23.0000000,2018-01-03T18:52:34.0000000,2018-01-08T00:00:00.0000000,0,19.90,15.10,35.00,35.00
9f188fd1c4dddf39da5a0db98006c240,74a8a3b6fe196b1c69c14c15bd62eb2d,delivered,2018-02-01T23:20:38.0000000,2018-02-23T22:49:23.0000000,2018-02-23T00:00:00.0000000,1,169.00,23.50,192.50,192.50
2e21f1cfb4d53ac6710fdd9956f35f54,75c8bc2109f5fb856317aad61dca2dfe,delivered,2017-12-10T19:16:56.0000000,2018-01-05T22:11:22.0000000,2018-01-18T00:00:00.0000000,0,150.00,26.33,176.33,176.33
e3905e23c30d39e4c239cce9f353a67b,6056f462f8fdadae813417c5067cbf85,delivered,2017-04-24T11:36:41.0000000,2017-05-08T13:29:50.0000000,2017-05-17T00:00:00.0000000,0,54.90,16.08,70.98,70.98
77d685df1d92550ffac03ccc56a692e0,895a17651506a4fb4102247a6bc6697d,delivered,2018-04-24T00:10:37.0000000,2018-05-03T21:37:39.0000000,2018-06-04T00:00:00.0000000,0,200.00,37.26,237.26,237.26
893898b048df9dfeafedf2c86eb5037c,477fdceea6e84f0e22f8db6ec404a3f0,delivered,2018-02-08T09:24:47.0000000,2018-03-14T00:49:45.0000000,2018-03-13T00:00:00.0000000,1,110.99,23.10,134.09,134.09
9d35749dad6abb761c340266c0c206cb,a548ddc7529330027feda4cf87f9db30,delivered,2018-02-21T00:30:48.0000000,2018-03-09T16:17:36.0000000,2018-03-16T00:00:00.0000000,0,48.90,15.10,64.00,64.00
9e3645ad2be5ec175726706b2c3ac642,22b89dce93d025aaff2c256dc12a391f,delivered,2018-01-01T20:22:49.0000000,2018-01-12T22:48:57.0000000,2018-01-29T00:00:00.0000000,0,29.99,15.10,45.09,45.09
260a8f34d9837b682c7a6c52cc8d9193,290af43fe651c812c1836a7075d395ae,delivered,2018-04-13T18:01:03.0000000,2018-05-10T22:12:51.0000000,2018-05-11T00:00:00.0000000,0,129.79,26.20,155.99,155.99
61fcbde43b57103de5c19b26489b46f6,3bbe55ec205026d44f2a0ce1059f6e5a,delivered,2018-05-14T16:18:02.0000000,2018-06-23T14:28:34.0000000,2018-06-08T00:00:00.0000000,1,510.00,40.26,550.26,550.26
eb8d44030d2f4ebce460ebce652242e2,30e9e911324b756560b265fb5281cdf9,delivered,2018-03-02T19:39:10.0000000,2018-03-09T20:24:47.0000000,2018-03-14T00:00:00.0000000,0,35.00,9.34,44.34,44.34
597bd074d7874048131c67581f0556d4,02d12adf94e256f7ff0056d447557027,delivered,2017-01-31T11:54:14.0000000,2017-02-08T22:29:42.0000000,2017-03-09T00:00:00.0000000,0,59.90,14.59,74.49,74.49
c2dccf148a1561c27d90870e67e507ca,3b92ef3cb3cb54cc1e20bf7f23c6027c,delivered,2017-09-04T19:27:44.0000000,2017-09-19T18:08:26.0000000,2017-09-25T00:00:00.0000000,0,109.90,18.02,127.92,127.92
f8d19a0283152c2a14277f39a74da971,efc66ff7da7b21de91828926c9a58fe1,delivered,2017-10-05T12:27:04.0000000,2017-10-13T16:38:06.0000000,2017-11-06T00:00:00.0000000,0,56.99,15.15,72.14,72.14
e1860ce96baa10d7f08d86aaf5927459,f774bf697b9b702ff9169e23ffb8b3fe,delivered,2018-05-01T18:10:20.0000000,2018-05-11T16:52:14.0000000,2018-05-23T00:00:00.0000000,0,83.79,9.27,93.06,93.06
509c69c52df2779cbec8cf7772c5bf00,ac84a80ddbee92d2aa6c2a8856e91084,delivered,2018-06-14T08:37:16.0000000,2018-07-03T16:28:56.0000000,2018-07-16T00:00:00.0000000,0,109.80,53.12,162.92,162.92
8176c11ca059602f1a7b1615f4cebbd6,706294ee2bf13bab8e5ed8ad240b0406,delivered,2017-05-17T22:58:25.0000000,2017-05-19T10:38:08.0000000,2017-05-31T00:00:00.0000000,0,160.00,9.94,169.94,169.94
5361ae7742cca11bdce02eba111d345a,822d89ae169a34fc33eddc98e2e90e23,delivered,2017-03-22T08:40:31.0000000,2017-03-28T12:27:00.0000000,2017-04-10T00:00:00.0000000,0,59.00,11.02,70.02,70.02
c0e11158f60abbb6f96d74228e67d44c,025c2b263a9a9247f855c0c777aabe33,delivered,2018-07-20T18:59:48.0000000,2018-07-31T23:32:18.0000000,2018-08-09T00:00:00.0000000,0,249.99,28.05,278.04,278.04
8db5dc3121f330642473ed0e76209acb,c2ae100da1116b23a16e73c8decfd378,delivered,2018-04-18T21:54:26.0000000,2018-04-30T20:08:33.0000000,2018-05-17T00:00:00.0000000,0,213.00,19.07,232.07,232.07
c6fdbf697f2f8af465a58ffaa4c3fa4e,1e3dbf396a2b6fdc1547c9efb69ce495,delivered,2017-09-28T21:07:47.0000000,2017-10-04T18:28:16.0000000,2017-10-20T00:00:00.0000000,0,119.80,32.10,151.90,151.90
db999a5bcd3e9db87cafe71501d3a653,0de46efc7d10114ac311e5e16d8dbdb7,delivered,2017-03-23T13:25:32.0000000,2017-04-10T18:24:13.0000000,2017-04-25T00:00:00.0000000,0,99.90,24.90,124.80,124.80
ff9475663788de57817b221392697cce,eddc0f5250ab8ed511268cae2caf9a0c,delivered,2018-04-19T19:26:39.0000000,2018-04-30T15:54:33.0000000,2018-05-14T00:00:00.0000000,0,37.90,16.32,54.22,54.22
5aadbda0877e0d99ba07f785cd29c362,d703cdda08125e2b263b92746af0f23c,delivered,2018-06-24T18:02:34.0000000,2018-07-06T15:18:37.0000000,2018-07-23T00:00:00.0000000,0,137.99,18.74,156.73,156.73
fd2501379f4567dee6308aa8484f1a5a,33951da0246c9ded2439c9d239b78c79,delivered,2017-03-31T05:28:57.0000000,2017-04-19T15:24:38.0000000,2017-05-08T00:00:00.0000000,0,25.86,24.84,50.70,50.70
9948c44a7306b0739e5fdcee5966cc9d,01f841d4c59e8b7634174ef72a75f81a,delivered,2018-07-23T21:26:16.0000000,2018-07-26T16:12:11.0000000,2018-07-31T00:00:00.0000000,0,15.99,7.39,23.38,23.38
1462290799412b71be32dd880eaf4e1b,220e4b027f0294fd79d2869ef67e7db6,delivered,2017-08-19T14:06:58.0000000,2017-08-29T19:35:06.0000000,2017-09-15T00:00:00.0000000,0,29.90,14.10,44.00,44.00
31effa440b34ae0432d83ef645db463a,dcad1d81f5929fa310a1a36681535e4d,delivered,2018-05-07T15:15:10.0000000,2018-05-18T20:12:35.0000000,2018-06-04T00:00:00.0000000,0,199.00,0.00,199.00,199.00
47399920ee7546351440204086acb793,9bba9922e5c4a943364dd5884bfba750,delivered,2017-02-23T23:40:35.0000000,2017-03-08T06:49:03.0000000,2017-03-20T00:00:00.0000000,0,623.94,222.78,846.72,846.72
104bc860b4c9a9d28566dfd1093997e0,4570a39e7f01b82615be718c2116ecb7,delivered,2018-06-16T13:54:36.0000000,2018-06-26T15:46:35.0000000,2018-07-18T00:00:00.0000000,0,115.00,22.74,137.74,137.74
8551e4893fc1357dda960b1a7202b53d,44f8065dc27889dca23b34e78c5b6314,delivered,2018-06-07T06:54:17.0000000,2018-06-12T23:46:55.0000000,2018-07-04T00:00:00.0000000,0,103.12,11.35,114.47,114.47
a9ed648a6ef557d5075c383b251b4997,1e863570fff8e93ee7db14d56d826a6d,delivered,2017-08-13T09:11:38.0000000,2017-08-26T13:14:36.0000000,2017-09-18T00:00:00.0000000,0,179.00,26.53,205.53,205.53
12c086e6bfc59c3a3ec7e77d5d1a6b17,549b71495b4abb6a6db77aaa5564f593,delivered,2018-05-06T21:06:39.0000000,2018-05-10T11:35:56.0000000,2018-05-22T00:00:00.0000000,0,34.90,7.87,42.77,42.77
dc8db01e3bbdf8eae34d6509752ddc88,cddd30af33517a3fcc9bddb552c684b6,delivered,2017-10-24T13:52:21.0000000,2017-11-03T19:18:50.0000000,2017-11-14T00:00:00.0000000,0,24.50,15.10,39.60,39.60
c2b819b02527dbe8dfe424c00d999e0c,148e9dce3968211ba80e8db0b5b5332e,delivered,2017-12-06T22:28:07.0000000,2017-12-20T15:22:34.0000000,2018-01-04T00:00:00.0000000,0,99.90,16.46,116.36,116.36
9af31d2f7ebb4bcb16fafffa4236f888,e38595a899907bdc76cb2ef18e1f991f,delivered,2018-02-15T06:54:26.0000000,2018-03-06T19:13:17.0000000,2018-03-23T00:00:00.0000000,0,49.00,20.00,69.00,69.00
1253425c1b76191a5ff742f11d80e1fa,25a742a013fa668dd2da9b49e7361a48,delivered,2017-07-14T21:38:58.0000000,2017-07-26T01:04:50.0000000,2017-08-15T00:00:00.0000000,0,49.99,15.79,65.78,65.78
f0dd29734578caa3db607e173070e2a9,0361232bf2b929e19323dfc2843ee554,delivered,2017-09-21T15:10:47.0000000,2017-09-27T20:43:47.0000000,2017-10-16T00:00:00.0000000,0,69.49,15.24,84.73,84.73
3d242cd631044a419d68e504892eacda,0509cd76cbe3a75f898826c212bb3b83,delivered,2017-09-04T14:53:31.0000000,2017-09-11T14:22:37.0000000,2017-09-21T00:00:00.0000000,0,59.90,11.92,71.82,71.82
a58784d285ddd015fd7bd46c9a067ce8,3fcc626dafbe7670a20531c1fa8eb3ef,delivered,2018-04-23T21:26:29.0000000,2018-04-27T14:22:22.0000000,2018-05-10T00:00:00.0000000,0,98.00,28.88,126.88,126.88
4a0217620e6f7eeca8f035dbbd03a174,4ce93a796c27842ddee5e831d267d05c,delivered,2018-06-04T20:54:32.0000000,2018-06-12T21:22:44.0000000,2018-07-13T00:00:00.0000000,0,219.99,35.08,255.07,255.07
c0ecfbe7eb9d8435e0e3ecd0cdb899ce,98adb1ace438c2553c8eda1d1dcf1c20,delivered,2018-08-12T07:40:00.0000000,2018-08-17T23:11:48.0000000,2018-08-27T00:00:00.0000000,0,134.89,13.60,148.49,148.49
b07abc8b9acaf00e79b4657419f469f3,15308b044c9608fc82e57f2e5d6878f6,unavailable,2017-03-09T17:45:04.0000000,,2017-03-28T00:00:00.0000000,0,,,23.72,
bb3463b1de5e29d8d574a1e422777763,f9083a610cc0600871bc80e53dd586ee,delivered,2017-12-01T01:39:25.0000000,2017-12-09T19:44:54.0000000,2017-12-20T00:00:00.0000000,0,299.99,11.11,311.10,311.10
984d353f61e2dc775d7dd4b09882b481,84f6eec07282d6ddae9a4211812e596f,delivered,2018-03-26T23:50:49.0000000,2018-04-17T16:19:26.0000000,2018-04-17T00:00:00.0000000,1,61.99,27.49,89.48,89.48
d2f67144a4e6d027140260ae9ed6b648,3114d3d76bf813b06638b17da57a21cd,delivered,2017-03-10T09:07:24.0000000,2017-03-27T13:48:09.0000000,2017-04-12T00:00:00.0000000,0,533.70,90.54,624.24,624.24
06bad3a130e91f7b26791dba22abc0f5,914f5d77198dea1b107e105471d3db24,delivered,2018-02-09T17:21:15.0000000,2018-03-26T17:49:03.0000000,2018-03-07T00:00:00.0000000,1,165.00,17.63,182.63,182.63
c70715c3111d10111116543cfc29f3ca,f9428c2e5615ac4466e687dc636c8d04,delivered,2017-07-17T20:50:44.0000000,2017-07-25T22:33:46.0000000,2017-08-14T00:00:00.0000000,0,45.90,12.69,58.59,58.59
e88708b0f6c58eaba5b9b3f850f212cc,4931bab39028b872b4ab9a0c38e3d552,delivered,2017-02-05T15:48:26.0000000,2017-02-10T10:47:47.0000000,2017-03-01T00:00:00.0000000,0,39.90,11.74,51.64,51.64
27a70a8fdf1c9edcfa01d463b45a5b03,a3e8795e27e7e50f56f6c7742551de28,delivered,2018-08-04T18:39:02.0000000,2018-08-24T17:03:18.0000000,2018-08-13T00:00:00.0000000,1,59.99,18.59,78.58,78.58
356ed2aedda45710304b7995223e54df,ec13c2458d3984f778c0d1e41179a7ce,delivered,2017-12-08T23:54:00.0000000,2017-12-26T20:50:00.0000000,2018-01-04T00:00:00.0000000,0,9.00,14.10,23.10,23.10
3aafcd1ad1ad58bf5b66b06ed8935de9,a3ae3675493e050fd2e74539e9dbaf80,delivered,2018-01-17T17:50:10.0000000,2018-01-23T21:49:16.0000000,2018-02-07T00:00:00.0000000,0,127.00,17.14,144.14,144.14
b5c4739ade7c4568c734267c7397d360,88e0d7f5c2f232a49aa5a8c09374e048,delivered,2018-04-15T17:38:04.0000000,2018-04-24T18:09:51.0000000,2018-05-08T00:00:00.0000000,0,119.99,18.72,138.71,138.71
a1d38c97444889282dcb16502b3a8686,9f60e945011f3dfd9ce6d82a939cf93f,delivered,2018-08-07T21:44:50.0000000,2018-08-13T18:16:31.0000000,2018-08-23T00:00:00.0000000,0,479.77,81.76,561.53,561.53
bb3728fa34a2d05bb2bd04df7dad8418,4603be100f0719884214e35033227fcf,delivered,2017-11-24T09:25:39.0000000,2017-12-28T18:48:00.0000000,2017-12-14T00:00:00.0000000,1,104.00,16.98,120.98,120.98
5b6793d19c0a49b1815f5a74f8c5a370,28de5669c2b3bc8cc0d5951ef18b8385,delivered,2018-04-28T14:00:24.0000000,2018-05-08T20:38:59.0000000,2018-05-17T00:00:00.0000000,0,39.00,18.23,57.23,57.23
eb2bf5506d653259aa38a20ecbb4bf4f,cee9119007f070eb70825712d2259005,delivered,2017-11-24T13:16:28.0000000,2017-12-06T22:22:33.0000000,2017-12-14T00:00:00.0000000,0,49.00,35.93,84.93,84.93
3b2ca3293a7ce539ea2379d704fa37ce,06a70917afd2dcd59396e1eac836c646,delivered,2016-10-05T12:44:09.0000000,2016-11-17T19:53:49.0000000,2016-11-25T00:00:00.0000000,0,169.90,14.97,184.87,184.87
03b89e8b0ef3ba18cc903dbaa7aff107,5323a8b4980e72ece631b3f3e77642a5,delivered,2018-07-08T20:33:28.0000000,2018-07-12T19:08:45.0000000,2018-07-26T00:00:00.0000000,0,28.90,18.30,47.20,47.20
df71ba0f02310921da0a5e4f708916a5,df4058431c8103750dddc04b0b6583f2,delivered,2018-07-28T21:37:46.0000000,2018-08-03T17:44:48.0000000,2018-08-07T00:00:00.0000000,0,270.00,82.25,352.25,352.25
3fe4dbcdb046a475dbf25463c1ca78bd,e17387227a12c3cac59fc44523d162e5,delivered,2017-08-30T06:22:58.0000000,2017-09-06T18:42:36.0000000,2017-09-26T00:00:00.0000000,0,35.90,16.11,52.01,52.01
5c468b18e44fe58da9d5584b05fd988f,3491062b95387d22e7378f83a9866e69,delivered,2017-11-07T23:05:11.0000000,2017-11-28T20:43:14.0000000,2017-11-27T00:00:00.0000000,1,19.99,14.10,34.09,34.09
4cff7f0b5c2c6d7be3f10d0d202cbc2f,1d485563edb59324c37c002a1f96ab32,delivered,2017-05-14T20:34:04.0000000,2017-05-26T16:08:40.0000000,2017-06-14T00:00:00.0000000,0,322.75,47.85,370.60,370.60
8b12160921c1b96dcba4c2ae7be45674,15320769a120466ae115811801292474,delivered,2018-03-19T23:38:24.0000000,2018-03-27T20:22:51.0000000,2018-03-29T00:00:00.0000000,0,139.90,64.41,204.31,204.31
2cee7217cf66ac4e8027f60d3b105524,f1ae790334c90d9bbec5fa1861e1f9d5,delivered,2017-04-02T16:09:55.0000000,2017-04-20T17:34:11.0000000,2017-05-09T00:00:00.0000000,0,39.90,24.84,64.74,64.74
256ccc96b2c931006d95ba7a05181037,2a381888bc87c4fde2eda8bedb291234,delivered,2018-01-15T19:26:18.0000000,2018-01-19T13:32:33.0000000,2018-02-08T00:00:00.0000000,0,670.00,32.97,702.97,702.97
bd1e1a304d04fa76626646f8efa12f77,74425816e9f175cc2da8f4a69720291e,delivered,2018-06-05T21:12:32.0000000,2018-06-18T20:42:02.0000000,2018-07-18T00:00:00.0000000,0,47.90,19.32,67.22,67.22
beb6927ba358d62ba446c803a6a4d815,9f6184b685d245da0d6868637685223a,delivered,2018-04-24T22:16:57.0000000,2018-05-06T19:20:50.0000000,2018-06-07T00:00:00.0000000,0,99.90,0.00,99.90,99.90
2301a0f5629f3d66f880849265f50515,13e330d6fa0e734ffda44f5b5610ed7c,delivered,2017-10-04T10:05:53.0000000,2017-10-10T18:55:35.0000000,2017-10-30T00:00:00.0000000,0,69.00,15.23,84.23,84.23
987d15d9243956e5c58e1f2bfeeea98c,73d765b0b1b2c7649280b69676c337a8,delivered,2017-03-15T13:31:01.0000000,2017-03-24T10:23:53.0000000,2017-04-11T00:00:00.0000000,0,169.90,19.78,189.68,189.68
15f67529b3d91fd3da058270c9a68855,41b21c2d2376ad4c2b740df482f4b989,delivered,2017-08-19T21:29:49.0000000,2017-08-29T18:03:16.0000000,2017-09-13T00:00:00.0000000,0,109.90,12.90,122.80,122.80
ae61611405fa179462dd33ca793d75a3,21b45339b407d6a34ff0f3a8833afaf4,delivered,2018-01-17T23:48:52.0000000,2018-01-28T15:05:01.0000000,2018-02-01T00:00:00.0000000,0,139.99,14.37,154.36,154.36
57694158da92a85b1fcd72de45542073,d9037ff057cfcc2f16b1abd6933dbba9,delivered,2018-02-02T22:49:58.0000000,2018-02-10T11:28:49.0000000,2018-03-01T00:00:00.0000000,0,299.00,22.58,321.58,321.58
65e6b525bace662c8db890bd33df5299,41e255383c00b16885a8a46c2039f0dd,delivered,2017-10-03T22:07:48.0000000,2017-10-16T16:12:29.0000000,2017-11-14T00:00:00.0000000,0,199.00,38.94,237.94,237.94
00345f338696283410b7977d2e3efc89,3f9d223f86d2f243dd5a85fdc286c62a,delivered,2018-08-20T11:06:46.0000000,2018-08-30T21:13:48.0000000,2018-09-11T00:00:00.0000000,0,48.90,18.44,67.34,67.34
7ca8750c7c9d32f8c383020f380ae5e2,a1e9ade865049680f6f78c178ed60d37,delivered,2018-05-15T17:01:28.0000000,2018-05-24T16:54:25.0000000,2018-05-30T00:00:00.0000000,0,64.99,18.33,83.32,83.32
d51f97f3f8d01fd8500e1a113a7f13b6,40664536db090f451e6d4c8d5782cae6,delivered,2017-11-16T14:21:39.0000000,2017-11-26T14:58:17.0000000,2017-11-29T00:00:00.0000000,0,89.99,58.90,148.89,148.89
f9ada76953fa490d8a254d2e28f353ac,eba8cd1e506b37f221a66abbcec58f80,delivered,2018-03-23T13:53:15.0000000,2018-05-07T20:48:54.0000000,2018-04-12T00:00:00.0000000,1,24.50,13.34,37.84,37.84
1844430a4130a112771839a244829457,94d33f0fa325a5e1a184a1806f98793e,delivered,2017-10-08T21:43:00.0000000,2017-10-25T14:48:03.0000000,2017-10-25T00:00:00.0000000,1,59.90,14.13,74.03,74.03
4639a7b40270fb97291d74d41ba89a6d,0f6d889ccba941185d1d814aac0bff24,delivered,2017-11-22T14:58:31.0000000,2017-12-05T19:06:11.0000000,2017-12-08T00:00:00.0000000,0,23.70,14.10,37.80,37.80
66baffa0f3497a9c772b66a607bd8c11,3efb8f2e2198b482a4cb83987c2a0024,delivered,2018-02-11T19:51:24.0000000,2018-02-26T12:04:35.0000000,2018-03-14T00:00:00.0000000,0,179.00,51.12,230.12,230.12
4dba50963d750e691239a5fb64bed86f,142743852f5f463b124aef40d8131709,delivered,2018-05-08T12:49:26.0000000,2018-05-15T21:44:54.0000000,2018-05-24T00:00:00.0000000,0,59.00,16.38,75.38,75.38
abcb5732ae98a4a1c26bbab6f10d008a,1693c21263bef845b8651d7036f6bb49,delivered,2017-11-24T04:50:59.0000000,2017-12-03T20:19:02.0000000,2017-12-08T00:00:00.0000000,0,32.99,7.78,40.77,40.77
58ecdd5dee96d19e30c67a29cae63e4d,d0eca4dcf131a1a0f4665c2a47b4ca02,delivered,2017-08-08T10:23:10.0000000,2017-08-24T20:19:49.0000000,2017-08-30T00:00:00.0000000,0,89.90,15.38,105.28,105.28
098252064bc68acd5911a587b58b2cc4,e1786bf866d54dbf3f18f24fc7a02ced,delivered,2017-04-28T23:28:42.0000000,2017-05-10T10:51:55.0000000,2017-05-25T00:00:00.0000000,0,75.00,11.14,86.14,86.14
4246e30f95848b444d4b0a5e6bf3fdfd,bdb2ed7dac06fad9b511c81eff95ce07,delivered,2018-06-10T00:26:20.0000000,2018-06-17T12:28:26.0000000,2018-07-11T00:00:00.0000000,0,159.90,30.70,190.60,190.60
032c9c5e050a01a77c20be3989064308,1fb67b763df136bf1a29f1da8eeb128d,delivered,2017-08-15T20:40:16.0000000,2017-08-24T18:55:19.0000000,2017-09-11T00:00:00.0000000,0,34.99,15.10,50.09,50.09
f5fea26ab547eec920e6f8ecdc5c37e4,9d1f4537b5bf271b2acdfb484507104c,delivered,2017-11-20T19:38:16.0000000,2017-11-24T19:56:40.0000000,2017-12-07T00:00:00.0000000,0,169.90,17.44,187.34,187.34
b0a851b41e096cd9cc552e15698c3d4e,2fdd2638faff09e29137c963d929d801,delivered,2018-06-05T12:36:00.0000000,2018-06-12T20:08:31.0000000,2018-07-18T00:00:00.0000000,0,49.99,15.23,65.22,65.22
40654581b4282e70a554c9eb51fc8a91,d7486ca3a453d8a2258144e41c9aad91,delivered,2018-06-26T11:40:02.0000000,2018-07-02T20:22:03.0000000,2018-07-17T00:00:00.0000000,0,39.99,12.94,52.93,52.93
b48b2c58981c8d7d31ec325569338e78,1eab936b5abcae9664590e84026a890a,delivered,2018-05-12T13:46:56.0000000,2018-06-13T15:28:47.0000000,2018-06-08T00:00:00.0000000,1,108.90,24.35,133.25,133.25
55ac02b6b194b6cebf53799310fb63bb,fbd14093f9374d4f70e80ee9cbccd5ca,delivered,2018-06-28T23:30:01.0000000,2018-07-03T18:15:04.0000000,2018-07-12T00:00:00.0000000,0,49.99,11.37,61.36,61.36
ebb064563b938e019b2627b762ab42ce,385ad726431f19652a724047cf1bc085,delivered,2018-08-11T16:42:36.0000000,2018-08-21T18:03:04.0000000,2018-09-04T00:00:00.0000000,0,55.00,18.49,73.49,73.49
589310d3d488112508a26f3e22ba30ca,34b7eab1f76104e9b749d01a9a00710c,delivered,2018-02-27T12:17:08.0000000,2018-03-13T19:03:02.0000000,2018-03-19T00:00:00.0000000,0,57.99,11.91,69.90,69.90
0d387b5d8e636190398548a221d4185d,3aa067bb9a756282ef198ae577298bd9,delivered,2018-06-09T21:15:14.0000000,2018-06-13T13:34:40.0000000,2018-07-12T00:00:00.0000000,0,185.00,19.17,204.17,204.17
bb44d0c37f5fcc456bbaefd9aef6adb8,2baf69aa9f7c51867a17a6bb88fb194e,delivered,2017-11-20T18:53:16.0000000,2017-11-28T20:44:51.0000000,2017-12-13T00:00:00.0000000,0,643.91,45.61,689.52,689.52
97c5a4acc0915c5bd17e5a3256693ef6,f7fa32b05ba9474a22c7420310611fa5,delivered,2018-06-14T16:35:37.0000000,2018-06-26T15:51:23.0000000,2018-07-17T00:00:00.0000000,0,38.90,18.37,57.27,57.27
3badf985142f06c3bf4da07d49992716,d2ff82abdb216e5dd0ff6730075b1e5c,delivered,2018-01-16T11:27:24.0000000,2018-01-22T21:42:55.0000000,2018-02-06T00:00:00.0000000,0,199.98,12.90,212.88,212.88
2ce3c61f3add382691fcad6a04f52680,2bb90453c5b070eeacd965903f376375,delivered,2018-05-10T15:24:26.0000000,2018-06-04T17:32:40.0000000,2018-06-19T00:00:00.0000000,0,1129.99,371.46,1501.45,1501.45
bddc1c3ae5c6717f36386ee472d72217,8a17fed2c873a4cdb70a2110ff34bb77,delivered,2017-10-09T20:23:13.0000000,2017-10-18T21:08:59.0000000,2017-11-08T00:00:00.0000000,0,197.99,16.14,214.13,214.13
39a484e6a644f8edeb11c2c8ed218069,51727f845a31b568a4a127475d6b5cc3,delivered,2018-03-19T22:58:15.0000000,2018-03-29T20:14:22.0000000,2018-04-05T00:00:00.0000000,0,590.00,16.57,606.57,606.57
246c8cf4ca9e3c50e4a172a4ba462a11,0541aa34358f8279116d1d183f1e4eec,delivered,2017-08-04T10:31:58.0000000,2017-08-28T19:22:38.0000000,2017-10-17T00:00:00.0000000,0,189.80,50.42,240.22,240.22
e2df40dd64276b2f2040c798751c188d,a55b35e01354b9dc2974a22c1e4484fb,delivered,2018-08-18T08:46:04.0000000,2018-08-28T19:32:43.0000000,2018-09-11T00:00:00.0000000,0,64.90,19.64,84.54,84.54
73ef343c9dbf2f6d45362c9bc150f4b7,13c520253ccaf41623e063d5e81c4d82,shipped,2018-08-12T03:44:50.0000000,,2018-08-22T00:00:00.0000000,0,2150.00,33.15,2183.15,2183.15
d3fd3af08566edbfdd903c8f2a2d8bef,a83775842cfcc6236435e48b77767b1a,delivered,2017-11-05T14:23:00.0000000,2017-11-16T22:03:15.0000000,2017-11-29T00:00:00.0000000,0,85.00,25.43,110.43,110.43
5b96009a71dc5fabbf4c35fd228e8863,69a0221332271e8163133f15bb3d03a7,delivered,2017-08-15T16:58:08.0000000,2017-08-22T16:43:01.0000000,2017-08-31T00:00:00.0000000,0,58.90,9.34,68.24,68.24
c1242e3f591a1f8ab11d51f2aedb1bb0,da0a466286c5f331008ff11925b8af24,delivered,2017-12-28T16:47:54.0000000,2018-02-20T17:58:58.0000000,2018-02-06T00:00:00.0000000,1,89.90,17.88,107.78,107.78
a8d69f3045be9fa0ea3aac3971741980,7a421bb11d92f1a08e384f216250afa8,delivered,2018-01-13T21:01:40.0000000,2018-01-22T21:46:56.0000000,2018-02-07T00:00:00.0000000,0,21.90,14.10,36.00,36.00
a5102272df11ecf366a4e9d4257b672a,77305d99b811c59273ad7160ce1f74e7,delivered,2018-05-02T09:36:22.0000000,2018-05-10T11:36:52.0000000,2018-05-23T00:00:00.0000000,0,89.90,19.60,109.50,109.50
d455a8b19923a717a1d1cfb67604e8c6,2e09a0d6a340c17e302b200c2194b39f,delivered,2017-04-18T23:11:46.0000000,2017-04-30T09:23:56.0000000,2017-05-08T00:00:00.0000000,0,45.90,10.96,56.86,56.86
2e024656807ffab9d81af39abd9f18b8,271f8bae1747c6d8d6e269f4fda27345,delivered,2018-07-13T14:40:19.0000000,2018-07-23T21:42:28.0000000,2018-08-01T00:00:00.0000000,0,93.00,20.60,113.60,113.60
7974289bffc998c320825e123de8ee7d,ad0c681bc5c048b9c723de73eed444e7,delivered,2017-02-05T01:01:05.0000000,2017-02-09T09:05:03.0000000,2017-03-16T00:00:00.0000000,0,229.80,26.76,256.56,256.56
f9d5bfb53147f381e81b89a848e26b16,a5f29fa52fe06844c85996c91c3f1d02,delivered,2017-06-05T14:15:53.0000000,2017-06-19T14:23:48.0000000,2017-07-04T00:00:00.0000000,0,167.99,27.72,195.71,195.71
4f869174cbff0495e39adbe5a6c4c040,4974be94784b655505e37fdb610a8e78,delivered,2018-01-20T11:23:02.0000000,2018-02-08T10:44:52.0000000,2018-02-15T00:00:00.0000000,0,53.99,14.13,68.12,68.12
1c54750859f8472306a0b63d74e782ef,54b30cf929edf0b2c88698d991241574,processing,2017-02-25T15:37:25.0000000,,2017-03-23T00:00:00.0000000,0,93.90,11.27,105.17,105.17
3e6fcbe51e870332ced599c465eb6df0,6ab4674ae385fe7928caf1b8f5d0aa9d,delivered,2018-08-05T20:47:26.0000000,2018-08-09T20:06:50.0000000,2018-08-10T00:00:00.0000000,0,126.00,9.63,135.63,135.63
f163011d712f39566f8631259e471129,f69a1253f47a55c85890334adf6e9a21,delivered,2018-02-04T12:03:15.0000000,2018-02-23T00:49:24.0000000,2018-03-08T00:00:00.0000000,0,412.00,30.26,442.26,442.26
6b3c0956c89312e2c54f8d1366ecea9a,a97ffd7dc1f722793d4ab4db1eb815f5,delivered,2018-08-13T13:31:05.0000000,2018-08-20T16:08:57.0000000,2018-08-28T00:00:00.0000000,0,29.00,15.30,44.30,44.30
30cbc667959773c36d34c2ce5e02b4ac,ef913faf232d3ef42bee90bc490c2ab6,delivered,2017-11-24T08:28:50.0000000,2017-12-05T14:46:08.0000000,2017-12-27T00:00:00.0000000,0,89.58,48.07,137.65,137.65
f037c28c7c878c3d1df3485872d3b63b,cdbf70a172e0b24ed5c246c3574f9b16,delivered,2018-06-28T13:42:07.0000000,2018-07-06T16:34:25.0000000,2018-07-25T00:00:00.0000000,0,63.50,18.55,82.05,82.05
862811aea831afcc63f6155283f1a922,449e553f0fa7504123c432875d9ca8fb,delivered,2017-07-06T15:11:41.0000000,2017-07-18T19:14:49.0000000,2017-08-14T00:00:00.0000000,0,56.90,35.72,92.62,92.62
6639b799469775ff2a696e1bc96b9f58,5abc46c5112594d06d0350a24ec399a2,delivered,2018-07-10T23:46:28.0000000,2018-07-25T21:21:02.0000000,2018-07-26T00:00:00.0000000,0,199.90,8.66,208.56,208.56
8c7fdd8775af429f280cd605d4d164fd,528b1ef29a59cf6e1cace49826d69630,delivered,2017-02-20T13:43:53.0000000,2017-02-24T11:09:47.0000000,2017-03-17T00:00:00.0000000,0,82.99,11.16,94.15,94.15
b463e42856ea712dd83a10f12ffe64aa,0d29b43096b135fb39b1fb2e6bc1c2a0,delivered,2017-11-30T11:23:03.0000000,2017-12-20T17:10:05.0000000,2017-12-27T00:00:00.0000000,0,139.00,19.21,158.21,158.21
7954e34924fab98d2e26924451086ad6,0125fdf9e257f064725f85d1d63085b4,delivered,2018-03-05T20:18:05.0000000,2018-03-26T15:16:43.0000000,2018-03-23T00:00:00.0000000,1,29.99,18.23,48.22,48.22
f105bb5b6c1008c5dcf7b3ab47753e5e,fa5ec460fa52a418a5f979d8d2068ef3,delivered,2017-12-18T12:40:46.0000000,2017-12-27T17:22:33.0000000,2018-01-12T00:00:00.0000000,0,58.00,16.17,74.17,74.17
231f58de0228723d0b6d6b562d352d90,af12e716383820b78ce045de073e7502,delivered,2018-05-03T15:51:53.0000000,2018-05-22T11:54:45.0000000,2018-06-01T00:00:00.0000000,0,99.90,26.78,126.68,126.68
edf4d697d6281d6f40f101a31462c929,1f7f094865cd0e20a6acb5cdba5c5f19,delivered,2018-02-23T20:36:44.0000000,2018-03-23T23:48:40.0000000,2018-03-28T00:00:00.0000000,0,25.90,17.00,42.90,42.90
892b6462174cfb942fb8d9c8e0287c11,1c3abaa67b20a69745c59b28f18688c5,delivered,2018-04-20T11:40:22.0000000,2018-05-04T19:17:42.0000000,2018-05-30T00:00:00.0000000,0,889.00,21.10,910.10,910.10
328b0c9d60ee7e960061a7860b964ffe,72c925898f3e64e0f05014dfc6dd3072,delivered,2017-11-25T17:00:20.0000000,2017-12-11T18:03:29.0000000,2017-12-21T00:00:00.0000000,0,45.60,15.10,60.70,60.70
a47e9312f596497c7762dbfdf78eda29,abd5dd25cd27f96cd6d28e440e29c8d5,delivered,2018-02-15T17:02:21.0000000,2018-02-25T15:44:40.0000000,2018-03-01T00:00:00.0000000,0,118.90,24.96,143.86,143.86
226dbf042352f0f381239e29ddcb301e,eecfb44b191df28e7ef7b263537d83fc,delivered,2018-03-22T11:40:10.0000000,2018-03-28T20:49:29.0000000,2018-04-17T00:00:00.0000000,0,115.00,47.25,162.25,162.25
b520da4895f8ce53c41d6be41bbd17c5,7a6f04bd77baa1ca5f68a99cb29f6f2c,delivered,2018-01-11T16:01:23.0000000,2018-01-19T03:13:00.0000000,2018-02-08T00:00:00.0000000,0,297.00,17.71,314.71,314.71
c56bdcd0ef1249dcc18901b491b1b976,1358c61e82221ecc4d165d21123eb23d,delivered,2017-05-26T16:09:19.0000000,2017-06-05T13:33:08.0000000,2017-06-20T00:00:00.0000000,0,29.00,14.10,43.10,43.10
6958c1e09a9e49c2071dbb679d577422,68219d24f99a407e2ee5835e9abc8a1d,delivered,2017-09-21T01:05:07.0000000,2017-09-29T19:02:20.0000000,2017-10-16T00:00:00.0000000,0,45.90,14.10,60.00,60.00
b6bc19f6d8e96c942441bf9f4d155c1a,c7c5b46bed1f822b95dd5c188664e345,delivered,2017-08-05T16:53:32.0000000,2017-08-21T18:40:35.0000000,2017-08-31T00:00:00.0000000,0,59.90,15.17,75.07,75.07
5005cef43694f92d85586692652e5216,f4b6b12c622bee8aecbfb2114025cb13,delivered,2018-08-11T15:26:40.0000000,2018-08-20T11:29:41.0000000,2018-09-06T00:00:00.0000000,0,29.99,18.31,48.30,48.30
e383fed56a3263977ef519e546eeb1e7,872917a4ccc25ab1556c80a05a66e862,delivered,2018-08-14T20:38:23.0000000,2018-08-21T20:12:45.0000000,2018-09-05T00:00:00.0000000,0,30.00,23.01,53.01,53.01
a56c56edb4506114d21cb22affa258f9,96587d39e8ccfc0936781b2fc06fe9ca,delivered,2017-09-09T16:03:59.0000000,2017-10-07T14:03:40.0000000,2017-10-06T00:00:00.0000000,1,409.99,36.67,446.66,446.66
9842c98fba6a3e74b785776cc72136f5,d78cd5ed18ca4df3e74897b8352cd346,delivered,2018-05-17T18:33:00.0000000,2018-05-22T11:48:38.0000000,2018-06-18T00:00:00.0000000,0,119.90,18.72,138.62,138.62
b82b1a7017f4c904921dd5c6c6da8804,5e25cb6b455409373f96b0f1d947fd38,delivered,2017-05-30T22:46:05.0000000,2017-06-14T15:10:09.0000000,2017-06-29T00:00:00.0000000,0,214.90,17.75,232.65,232.65
0fb89e55ba647de0f63711e93c678237,552eab691446f9aebf3395705b1d94f9,delivered,2018-01-11T15:58:00.0000000,2018-01-24T22:19:49.0000000,2018-02-09T00:00:00.0000000,0,49.99,16.79,66.78,66.78
fd6ae3b1149c4a3a920086befc628e3d,14a429268b2e70661e87c2be648a422f,delivered,2018-06-30T12:19:32.0000000,2018-07-10T23:19:36.0000000,2018-07-27T00:00:00.0000000,0,47.90,19.53,67.43,67.43
de2d0036fb45333e82bb658ced9a4fd0,dd366840d2ab4e9287b864bd051196ed,delivered,2017-05-14T22:34:09.0000000,2017-05-24T10:43:09.0000000,2017-06-05T00:00:00.0000000,0,89.90,15.38,105.28,105.28
a21b149df8e6239ec1b4da7bb48f4deb,c62c8b90d8fd16516b99b08224753001,delivered,2018-05-10T13:08:19.0000000,2018-05-21T18:38:28.0000000,2018-05-30T00:00:00.0000000,0,59.98,44.12,104.10,104.10
e00c5912daa4e24b9f1820ebb4e930ae,17ab7e50ec3908dbe699511e92f379b6,delivered,2017-08-17T08:11:18.0000000,2017-08-29T15:49:52.0000000,2017-09-11T00:00:00.0000000,0,193.99,26.20,220.19,220.19
b2634f19a1007fd4a54a9fed9291230c,725482e68df8d999924c84f62c9ee40e,delivered,2018-02-04T20:40:56.0000000,2018-02-09T22:05:02.0000000,2018-02-21T00:00:00.0000000,0,29.99,7.78,37.77,37.77
18d0a01d343f9a3789e7ae38fc92f907,09c5222856be1228af5bc3c2dd8842fe,delivered,2018-07-16T08:45:31.0000000,2018-07-20T23:26:38.0000000,2018-07-30T00:00:00.0000000,0,39.90,12.94,52.84,52.84
3ff9af2618b202584a161c19718bf577,044e10a1e867fefd7f02a3da2ca475b4,shipped,2018-01-07T08:04:11.0000000,,2018-02-05T00:00:00.0000000,0,759.05,31.63,790.68,790.68
975f731e0b62d3884197075bbf60685a,ce40436f91a9e251a42a0f6447f7e9a2,delivered,2018-01-05T23:32:57.0000000,2018-02-05T14:06:49.0000000,2018-02-02T00:00:00.0000000,1,59.90,16.18,76.08,76.08
f422805096570eb55302abeb0c77137d,6c1328442e757a6422a29dd991f6e73a,delivered,2017-08-21T10:23:21.0000000,2017-09-01T20:22:27.0000000,2017-09-15T00:00:00.0000000,0,67.90,19.72,87.62,87.62
b813092d64bf6be705b1f343068429fb,75cb57f66aa32d17ab44343e8a3ff7e6,delivered,2018-07-21T23:56:29.0000000,2018-07-27T21:17:46.0000000,2018-08-09T00:00:00.0000000,0,67.90,19.67,87.57,87.57
35db0e3e9fffd2d0187b56f434931db4,9563ec54d6b000879e4f319591d78003,delivered,2017-11-09T09:41:45.0000000,2017-11-28T22:48:54.0000000,2017-12-01T00:00:00.0000000,0,169.99,15.95,185.94,185.94
83475dcf3de69a4d4149eae61b9a94cf,5f4cabf6980424d31df7199e53647b28,delivered,2017-08-01T10:06:37.0000000,2017-08-05T13:07:37.0000000,2017-08-21T00:00:00.0000000,0,69.00,11.98,80.98,80.98
5d9b75f3bc3582bd9e405962eb147b9d,a6468b1856e4a74b6c786117e626749f,delivered,2018-02-24T00:25:13.0000000,2018-03-14T22:08:25.0000000,2018-03-27T00:00:00.0000000,0,89.90,35.95,125.85,125.85
84be8c486cc6c6bb5dd2a0a19effd9b5,54a968b587ddf6ad0889906812077d87,delivered,2018-07-30T16:45:36.0000000,2018-08-02T19:28:28.0000000,2018-08-28T00:00:00.0000000,0,35.60,7.99,43.59,43.59
5308fdab519f7478ef64894128fbbee4,3aec6e3846fd122ac430ac1a816107a8,delivered,2018-06-02T11:51:00.0000000,2018-06-20T23:09:42.0000000,2018-07-13T00:00:00.0000000,0,129.95,18.79,148.74,148.74
7c749191ee3a17f34cbfcf6ddd2009ac,2f58942ce22a94bab8236b05f48b2ab9,delivered,2017-05-09T12:36:05.0000000,2017-05-15T12:52:34.0000000,2017-05-29T00:00:00.0000000,0,1199.90,34.72,1234.62,1234.62
10fda92f9390e0b13e41ce5ce692a2cc,7cba926b44e53ecc10ea79df991da256,delivered,2017-10-10T09:00:43.0000000,2017-11-14T00:38:16.0000000,2017-11-09T00:00:00.0000000,1,24.90,15.79,40.69,40.69
16aa7d10b833ccd4307a1159ba08d071,c778263f217df8f1d3fa3aaf86a45a14,delivered,2018-03-24T06:41:33.0000000,2018-05-14T21:04:10.0000000,2018-05-25T00:00:00.0000000,0,277.90,46.00,323.89,323.90
bd80efb9eb7bbd9c465bd5205d6a43b8,ced3fb170a9a5007a9bc3558d49c35b1,delivered,2017-03-28T23:13:25.0000000,2017-05-16T15:22:18.0000000,2017-05-03T00:00:00.0000000,1,43.90,24.84,68.74,68.74
b36dde30ca62faf042ac4e3f001b9c04,84b792c2ce37c8e8eddcdbfa16130e10,delivered,2017-11-28T16:47:41.0000000,2017-12-05T18:09:16.0000000,2017-12-22T00:00:00.0000000,0,59.90,19.66,79.56,79.56
25aefb052a481cf1f4aaede6fb1abecb,d358b0b0d0d456e22212b8643729207a,delivered,2017-08-06T23:13:17.0000000,2017-08-16T19:47:25.0000000,2017-08-25T00:00:00.0000000,0,89.90,12.13,102.03,102.03
c3b2c9ce918dcc0fdf5053927cd0ff8e,134339079e12e3d40c72a5c3025c021f,delivered,2018-04-30T09:38:14.0000000,2018-05-07T19:26:51.0000000,2018-05-22T00:00:00.0000000,0,1499.00,34.62,1533.62,1533.62
3df54c9248f6d2eef8f08ad39f422abd,9e192b98545760379893f9f63707cc0f,delivered,2018-02-05T21:04:48.0000000,2018-02-09T20:09:31.0000000,2018-02-21T00:00:00.0000000,0,180.49,9.01,189.50,189.50
4974bc485d07cad8b6e5000a345bcd50,5a305881af7a75ebbe4e858260370d9c,delivered,2018-05-29T15:45:20.0000000,2018-06-11T23:54:33.0000000,2018-07-16T00:00:00.0000000,0,19.90,15.23,35.13,35.13
232efaeba12fd576e70a88f09d6583b6,6332ebbe1588da7f65613ad88aa0707c,delivered,2018-07-18T16:58:02.0000000,2018-07-30T21:08:58.0000000,2018-08-16T00:00:00.0000000,0,77.90,23.35,101.25,101.25
b3840eac3cf88799d05e845cf9b8587b,477f2ebc174ae6d21af93bfce1d432e7,delivered,2017-05-24T15:41:44.0000000,2017-06-16T06:47:59.0000000,2017-06-28T00:00:00.0000000,0,269.90,37.21,307.11,307.11
06ca213ef85421d96ee0fe529d0f5885,4e1466d23cf154bc57e343db77279d5a,delivered,2017-07-11T16:36:24.0000000,2017-07-18T19:35:34.0000000,2017-08-02T00:00:00.0000000,0,45.00,16.11,61.11,61.11
136d768d679a4fc7902e10fc81af17fc,66febc71bf0586881bd835ddcbfd34e8,delivered,2018-08-08T22:21:23.0000000,2018-08-23T14:14:46.0000000,2018-09-14T00:00:00.0000000,0,170.00,21.14,191.14,191.14
c23e9a555c327fa1d60893394aae9e9e,e2742ef931c3e60509e74345605c5370,delivered,2018-03-26T17:29:38.0000000,2018-04-03T22:48:58.0000000,2018-05-07T00:00:00.0000000,0,149.90,23.63,173.53,173.53
25461ae3c4bf9bf6e41a3a163f763c8f,e377314dfa6e23684f1fae454fe8d8d0,delivered,2018-08-12T20:52:52.0000000,2018-08-14T19:02:43.0000000,2018-08-16T00:00:00.0000000,0,56.54,7.66,64.20,64.20
ab2e3d4093bad08937a1d844c1a60355,102d3cd02d947bf923f70d0e358a44e2,delivered,2018-01-04T10:23:44.0000000,2018-01-13T00:14:26.0000000,2018-01-29T00:00:00.0000000,0,261.00,17.46,278.46,278.46
5236307716393b7114b53ee991f36956,03fc97548af8f58fefc768d12b546c9c,delivered,2018-01-31T18:55:36.0000000,2018-02-16T13:27:08.0000000,2018-02-22T00:00:00.0000000,0,248.00,17.99,265.99,265.99
43a95930524a9c5388fa5e417dc23241,6b74b5483a6f18c2538a9c848e50b4cd,delivered,2017-11-04T12:14:16.0000000,2017-11-20T21:38:12.0000000,2017-12-06T00:00:00.0000000,0,689.00,22.07,711.07,711.07
796843d5e414b6e4272228bae15d828b,6d2370391a400e5f408a86ef70110bd0,delivered,2018-03-27T00:23:35.0000000,2018-03-28T22:37:38.0000000,2018-04-09T00:00:00.0000000,0,16.99,7.39,24.38,24.38
cdc62ef71741b912ed0378bd8493f884,d0138d0685264cf47574e68da0763d67,delivered,2018-03-09T15:33:17.0000000,2018-04-06T20:48:47.0000000,2018-04-18T00:00:00.0000000,0,215.00,22.59,237.59,237.59
21ee832eff624a82225c6e98cd2dcf7f,6bef8002464a89b85c089ff2a64bc5ae,delivered,2018-08-15T21:15:58.0000000,2018-08-24T22:23:41.0000000,2018-08-24T00:00:00.0000000,1,35.70,7.99,43.69,43.69
56c26c7e1d2d600fc5e6a4a6b0be3aa8,fe4904204ebdf584760213b82bd6307d,delivered,2017-03-13T14:49:49.0000000,2017-03-20T08:58:49.0000000,2017-03-30T00:00:00.0000000,0,64.80,11.06,75.86,75.86
a660bfa45084c51dc2873306f0c107fb,ef45d2a97a789c1f65204616bb6fa1f1,delivered,2017-09-27T23:06:21.0000000,2017-10-06T20:11:56.0000000,2017-10-26T00:00:00.0000000,0,19.98,28.20,48.18,48.18
990791b9237f52581d0a924b447c6fdf,0e620b2e35b839f1e372e03afd6bd9ab,delivered,2018-08-08T21:52:09.0000000,2018-08-17T11:18:41.0000000,2018-08-27T00:00:00.0000000,0,129.99,41.89,171.88,171.88
cebe1a22714a4536f852866377c9bcbd,9b7fd789af1301927ba3380e1efd0225,delivered,2017-03-10T10:05:43.0000000,2017-03-22T14:47:49.0000000,2017-04-03T00:00:00.0000000,0,158.00,29.44,187.44,187.44
341dc4ea81fabe7de6af564b72fcf3e2,8a8c2e93d6ec33bb908f101211d78227,delivered,2018-07-04T16:17:27.0000000,2018-07-12T00:28:33.0000000,2018-08-09T00:00:00.0000000,0,124.85,37.78,162.63,162.63
96443e347511f156158689addf8e876e,082afb51514d796870e769e2c46919ba,delivered,2018-01-17T11:07:59.0000000,2018-01-25T20:38:41.0000000,2018-02-08T00:00:00.0000000,0,23.70,14.10,37.80,37.80
83ca3ab77b87118d0a71a84ddfc9e31e,07e6f1ea396eea8aa95d0c1cf5a8d364,delivered,2018-01-20T18:42:07.0000000,2018-01-26T13:39:07.0000000,2018-02-15T00:00:00.0000000,0,26.99,28.19,55.18,55.18
67b2034550d68134bdb9bac8c1988c39,8a46fa344fdeaff9de14ab259778bd5f,delivered,2018-03-15T10:00:16.0000000,2018-03-20T15:52:30.0000000,2018-03-29T00:00:00.0000000,0,79.99,8.91,88.90,88.90
8e8dc18c47816845c5fbd5818bd069f8,5c1c1b04f8283b7a6c7f1ab81626b76f,delivered,2017-12-06T08:29:35.0000000,2017-12-12T21:18:54.0000000,2018-01-09T00:00:00.0000000,0,189.00,16.07,205.07,205.07
fbee1784fcce86e1c120a0b525750e57,443f70a83cedbee25cb20bffaa9b275a,delivered,2017-11-04T17:01:40.0000000,2017-11-10T19:32:26.0000000,2017-11-27T00:00:00.0000000,0,25.00,15.79,40.79,40.79
fdf7396bbd1e126f45ba0fc3896360a7,a70cdc7161618ecbfff0bc3de4e09f0b,delivered,2017-12-13T17:35:27.0000000,2018-01-03T17:37:19.0000000,2018-01-15T00:00:00.0000000,0,998.00,45.46,1043.46,1043.46
822f778d1cd09285df832ee2cf65b83c,1e82589c6c7a1f0d30ecd3e87cdeaf0f,delivered,2017-11-26T21:56:25.0000000,2017-12-29T20:38:50.0000000,2017-12-19T00:00:00.0000000,1,13.70,21.15,34.85,34.85
f6daca3297f73de20d84ea604e1d68c0,223aef59b5d349b5ae42f73af48f0c8f,delivered,2017-08-05T14:23:49.0000000,2017-08-14T18:24:50.0000000,2017-09-01T00:00:00.0000000,0,56.99,15.15,72.14,72.14
cb63fdd83851479a1def20d67c11525f,067dfd197c70456d5dd81c801fae133c,delivered,2018-01-07T17:50:14.0000000,2018-01-23T21:16:49.0000000,2018-02-06T00:00:00.0000000,0,19.90,16.79,36.69,36.69
c04166574120428f8692aa072697cebc,a3769a6e70dc4fa874b30d62d812942c,delivered,2018-02-19T11:11:12.0000000,2018-02-23T19:21:51.0000000,2018-03-09T00:00:00.0000000,0,149.00,14.79,163.79,163.79
a36d7e54e381baaef8ecaa526cc3d6a6,1fa31689dce56e0f4aca4c2828a7dc36,delivered,2018-05-03T17:08:26.0000000,2018-05-10T22:16:50.0000000,2018-05-28T00:00:00.0000000,0,178.00,13.69,191.69,191.69
a5df4819e2227684e86dc2959b9ae9d6,fd6201ea30defd9bcee3bb0e09c6d2c9,delivered,2018-08-01T23:28:16.0000000,2018-08-08T19:48:03.0000000,2018-08-20T00:00:00.0000000,0,179.00,79.33,258.33,258.33
3e8de743dd3009df8fc34e0555124ed8,2c127bf706b5089fd5dbdbcb02c7fcbc,delivered,2017-10-22T20:17:18.0000000,2017-10-24T17:27:10.0000000,2017-11-03T00:00:00.0000000,0,30.00,7.78,37.78,37.78
1fde32a510f950891c57d6e69c9071bd,9db0a6065f7c15895b9a2705b6dbc77d,delivered,2018-07-15T12:57:04.0000000,2018-07-23T18:06:22.0000000,2018-08-03T00:00:00.0000000,0,59.90,38.52,98.42,98.42
648a268c494bbf8c97c03ec64c2ff4d3,1a4afc7f367d41bd2edb6fb7f6e7dc8c,delivered,2017-11-02T11:30:33.0000000,2017-11-16T16:18:26.0000000,2017-11-27T00:00:00.0000000,0,119.80,17.68,137.47,137.48
df81ce0f4ef34bd3096776fcc5ecd246,58b840c5c97a5749ba962d1e7a857d60,delivered,2018-01-31T12:49:25.0000000,2018-02-16T15:58:41.0000000,2018-03-05T00:00:00.0000000,0,522.50,26.53,549.03,549.03
94fc0c5ebf3d2669b2653019706ce767,5702c879ce77d1784d24fd834beb8f44,delivered,2018-01-07T12:39:20.0000000,2018-01-15T20:46:42.0000000,2018-02-07T00:00:00.0000000,0,18.99,14.10,33.09,33.09
9f87f15dfa076198ed479efbb1036dc5,be28c5ef762b3f4d0ec8280a1d6d0eb7,delivered,2017-12-19T19:50:18.0000000,2017-12-26T18:42:48.0000000,2018-01-12T00:00:00.0000000,0,69.00,11.98,80.98,80.98
2132578dc3560ff41c32c417821faead,b5e43d3efadee053db2aedd1def38e27,delivered,2018-04-10T22:58:03.0000000,2018-04-13T20:03:29.0000000,2018-05-03T00:00:00.0000000,0,269.00,16.79,285.79,285.79
d55d5f2d92f548bd9928f3edef443395,a955de2289dd1f2a6d80df6b565860f1,delivered,2018-08-06T19:31:50.0000000,2018-08-17T00:12:36.0000000,2018-08-29T00:00:00.0000000,0,24.35,15.27,39.62,39.62
179e23361d372901e40a92f8c29bd61d,80c3315cd9ff9d91afc63a7028c50712,delivered,2017-12-11T17:32:18.0000000,2017-12-27T22:19:17.0000000,2018-01-15T00:00:00.0000000,0,129.80,57.40,187.20,187.20
fe47c42447b8cdec3dd299e95dc7fbc9,c2bc0fec1b0b38cb85113e952d7bd112,delivered,2017-05-22T11:43:01.0000000,2017-05-29T06:51:38.0000000,2017-06-09T00:00:00.0000000,0,163.99,16.78,180.77,180.77
2bc18e49db20b51c4868e3a9ae25ae3f,e91e9b76ee084a809a02f688b81da39b,delivered,2018-06-24T14:58:03.0000000,2018-07-05T23:07:36.0000000,2018-07-19T00:00:00.0000000,0,35.00,17.18,52.18,52.18
0e3fb5621c179dff735c7494afef624f,022aad8457b9fe76c22eaa3cbaf5b6e5,delivered,2017-05-26T02:28:47.0000000,2017-06-12T14:53:47.0000000,2017-06-27T00:00:00.0000000,0,130.00,16.35,146.35,146.35
acdfcbe0149e3453b90ae4da5a27dfd3,fec717a689c1907ac43d891a75cca92f,delivered,2018-08-17T08:47:03.0000000,2018-08-23T16:45:42.0000000,2018-09-10T00:00:00.0000000,0,104.00,30.53,134.53,134.53
039ec885e36627ae6353cfd42a41c5da,f970cf91aebb424d5389764dbc72d2b1,delivered,2018-02-22T12:45:26.0000000,2018-05-03T22:13:30.0000000,2018-03-19T00:00:00.0000000,1,100.00,25.25,125.25,125.25
2a3762b415e231ea52cc41aa0c4530fd,30b032233e6a389d5a1eba4e2ed9a7eb,delivered,2018-04-20T14:42:21.0000000,2018-05-03T16:15:37.0000000,2018-05-15T00:00:00.0000000,0,12.00,22.06,34.06,34.06
6bed34f9ca7da44775aa6a7c00ccbc4f,45891ccdcbb2236785720594bf01624b,delivered,2018-06-12T18:01:56.0000000,2018-06-15T18:35:00.0000000,2018-06-28T00:00:00.0000000,0,75.90,8.52,84.42,84.42
a05cabeed82a5a2e8078c7e6ed14a03a,dfd7aa2424a1aa1abe8f4502712c5c28,delivered,2017-12-09T22:28:07.0000000,2017-12-24T12:16:47.0000000,2018-01-04T00:00:00.0000000,0,49.90,14.10,64.00,64.00
3f8de2b9993f91abd12ec356200ba02c,0b8d40b3e4564b081cddd81d7227344c,delivered,2017-07-28T19:45:50.0000000,2017-08-07T16:34:57.0000000,2017-08-17T00:00:00.0000000,0,69.90,16.12,86.02,86.02
949280c70c6d62ec9c06fffc5ecf1fe4,12a371f2183b5d71d81830f3dd3b32c8,delivered,2017-03-15T09:41:22.0000000,2017-04-10T12:12:48.0000000,2017-04-10T00:00:00.0000000,1,34.90,14.52,49.42,49.42
6d785f644bb980fb780ae00dcac90210,4bb35f99bc715e6cc22932a5a623803e,delivered,2018-03-10T18:40:17.0000000,2018-03-28T13:17:25.0000000,2018-04-03T00:00:00.0000000,0,146.21,19.99,166.20,166.20
b78a9619a3490ebe6b2dee9388c0ef0a,7f032f61546940d53d5f313527b037bf,delivered,2017-09-19T13:05:14.0000000,2017-09-29T21:36:42.0000000,2017-10-09T00:00:00.0000000,0,118.90,17.40,136.30,136.30
9641d6be3bc2c61bfeb713777a1a8ae0,b37833a9166ac98f4ad7d6a92e1f97f2,delivered,2018-03-21T21:50:46.0000000,2018-04-05T15:58:32.0000000,2018-04-18T00:00:00.0000000,0,149.90,25.18,175.08,175.08
9b696fcb8112df3f6719a6a1e5648e2d,84ab0b89b5dbc8b53172eaa88f08681b,delivered,2018-03-28T11:26:34.0000000,2018-04-04T18:41:11.0000000,2018-04-20T00:00:00.0000000,0,138.50,27.05,165.55,165.55
b30b21d5d13aae0cb5533dd7ab3f90eb,e4036c0b5c6ae37e645d34a8293a79d1,delivered,2018-03-14T11:32:24.0000000,2018-03-28T18:38:27.0000000,2018-04-06T00:00:00.0000000,0,189.90,105.48,295.38,295.38
a7c8f80297142bb722fe6d1bda6f5fe6,d3a8e1ea909151a954accab74ea6b663,delivered,2017-11-28T21:32:32.0000000,2017-12-01T17:48:43.0000000,2017-12-12T00:00:00.0000000,0,159.90,19.42,179.32,179.32
64ab2c6839851c83db137182286cd9e2,e722c5955f4f3ac688d82e1aca5fa0e7,delivered,2018-03-13T00:09:42.0000000,2018-03-23T17:37:30.0000000,2018-04-02T00:00:00.0000000,0,39.90,16.32,56.22,56.22
51ceba3ba51d4b4543e7f78e181e0ba9,e7659c6f9fc78ba546ee2b0615258589,delivered,2017-01-23T13:31:26.0000000,2017-01-30T15:12:57.0000000,2017-02-28T00:00:00.0000000,0,49.50,54.80,104.30,104.30
77fb4b8cc3c049b130b87530c7071abd,5e6bf6d2a87450515182284aec55dc3a,delivered,2018-08-01T07:19:59.0000000,2018-08-03T19:06:38.0000000,2018-08-13T00:00:00.0000000,0,812.99,20.00,832.99,832.99
b1bbfabb6b75dc7ff7050093749048e8,fa4e4dc465fef19f4f4216c86ab073b2,delivered,2017-12-05T08:47:56.0000000,2017-12-16T17:33:15.0000000,2018-01-02T00:00:00.0000000,0,34.90,15.10,50.00,50.00
ac17381858c4d8a612eb5a12659134af,fb2d636172641ecf88b206885b89d7f6,delivered,2018-07-16T21:37:24.0000000,2018-07-24T09:38:33.0000000,2018-08-07T00:00:00.0000000,0,117.90,39.34,157.24,157.24
65475724044e5b94d968124fa141af0c,ced608b31048a652390efb0cc65d3133,delivered,2018-01-30T20:52:21.0000000,2018-03-17T14:59:17.0000000,2018-03-05T00:00:00.0000000,1,122.99,21.66,144.65,144.65
7fb085d3a1c04cbdd118129ed37ee4e4,fb1616aeb46e4fcc98b5535cbf520319,delivered,2018-03-20T20:45:12.0000000,2018-03-26T12:33:20.0000000,2018-04-02T00:00:00.0000000,0,136.90,8.72,145.62,145.62
d569be24f2e104e3cc83b5a3b1b0a585,44f8648aea34370e3e10bbb6e333d6ef,delivered,2017-12-17T19:30:21.0000000,2017-12-22T16:28:43.0000000,2018-01-19T00:00:00.0000000,0,29.99,15.10,45.09,45.09
d3cc6a0be5a659e6c515010d99e9c335,334aace2ea64ac7763440b12492d4374,delivered,2017-03-22T16:58:07.0000000,2017-03-27T12:59:44.0000000,2017-04-12T00:00:00.0000000,0,229.90,15.78,245.68,245.68
17e76907e42e85c99dd9e25d02f65314,b8763c70d81dffeb46554db574d286a4,delivered,2018-07-27T08:26:31.0000000,2018-08-06T14:52:57.0000000,2018-08-15T00:00:00.0000000,0,49.99,18.45,68.44,68.44
0ab8d66a698afcb3665ba9be03cedc6d,2ffc88ec5e8f0015074628574fdee23c,delivered,2017-12-04T21:30:05.0000000,2017-12-13T20:05:20.0000000,2017-12-20T00:00:00.0000000,0,89.90,11.83,101.73,101.73
3577c461493c5ac55453a02540f6c430,21903bed8121d46e74d60666967c25f3,delivered,2017-12-16T22:28:32.0000000,2017-12-27T18:03:37.0000000,2018-01-18T00:00:00.0000000,0,129.00,18.15,147.15,147.15
ef37efcd7c68d5d876772184772a1ea5,6723644d9ba48cca8d848b1f18c70841,delivered,2018-08-12T17:16:29.0000000,2018-08-20T23:34:57.0000000,2018-08-22T00:00:00.0000000,0,140.00,30.78,170.78,170.78
2caedb75be9b0acd4a4aa3562e5f898f,5673c1a8ea753d43497e49fb1be74b2d,delivered,2017-07-21T13:26:25.0000000,2017-07-31T19:37:52.0000000,2017-08-14T00:00:00.0000000,0,29.90,14.10,44.00,44.00
c5fe9b024836c62ac0742eed03f72669,8a9a29c82eaf2a506eee8e4ea99a5cb5,delivered,2018-08-20T09:23:47.0000000,2018-08-28T23:29:42.0000000,2018-08-31T00:00:00.0000000,0,147.00,44.83,191.83,191.83
f607a3db639728bdfeb918da3f84566d,c07090e9a9e0504dd15cdec628d99f49,delivered,2018-04-16T13:53:03.0000000,2018-04-24T13:19:01.0000000,2018-05-15T00:00:00.0000000,0,27.90,17.06,44.96,44.96
3d0ad2666f5de49d63ad8ed0af80d3bc,edad39f31de2438ce949eedfda6e5ad4,delivered,2018-07-19T23:13:29.0000000,2018-08-09T19:41:51.0000000,2018-08-16T00:00:00.0000000,0,120.00,43.12,163.12,163.12
cb50f73cef605fc87294854be93d6636,0ea03f60c89ca5678a23e6b3badcbb43,delivered,2017-09-12T09:18:41.0000000,2017-10-25T15:52:33.0000000,2017-10-17T00:00:00.0000000,1,35.99,14.08,50.07,50.07
d37ad8b44dd4ae4bdbfb3e43e4ae2c02,9725715e986c290e8d8f79e85be70c5d,delivered,2018-03-12T15:10:05.0000000,2018-03-20T20:12:15.0000000,2018-03-28T00:00:00.0000000,0,39.97,15.23,55.20,55.20
6a828279d73f18174dd3b9c653d5213d,c994647aae9a45b8ae6eb75b77354ed3,invoiced,2017-06-25T17:54:26.0000000,,2017-07-14T00:00:00.0000000,0,14.90,12.35,27.25,27.25
c93d1daac7ac7b818a7ae6a826ebff8a,5fdb65c578c4277cd0dacc6ee33984eb,delivered,2018-04-03T18:13:03.0000000,2018-04-23T20:44:39.0000000,2018-04-24T00:00:00.0000000,0,15.00,17.06,32.06,32.06
67730eb2f9468b8c6eb20a45dd477bbd,1d2a30627555e9f9e4948031b23ae4c7,delivered,2017-05-07T19:13:36.0000000,2017-05-17T15:06:41.0000000,2017-05-31T00:00:00.0000000,0,26.90,15.11,42.01,42.01
959d645c348f4b237daaec697cef73c4,bf57ac29566f5216f081607e3173e634,delivered,2018-07-29T19:16:09.0000000,2018-08-01T23:38:27.0000000,2018-08-06T00:00:00.0000000,0,269.97,50.70,320.67,320.67
79398f97f77a8ba43fdb4e00b1d44cc0,45b4e602cae9db1a6d047d8dfcf8fe46,delivered,2017-11-13T17:04:41.0000000,2017-11-30T20:03:01.0000000,2017-12-08T00:00:00.0000000,0,25.90,16.11,42.01,42.01
fa48ce5f6c4499293eecc423fde54476,44f7c335ef13543f17246fb1010edecd,delivered,2017-12-08T14:17:43.0000000,2017-12-12T20:42:34.0000000,2017-12-27T00:00:00.0000000,0,98.00,15.56,113.56,113.56
43deb523bd34a18110a37cdbfbd79096,8c98ce45c69c2a2fb988cd55a00fc20b,delivered,2017-10-24T22:43:45.0000000,2017-10-26T18:03:19.0000000,2017-11-06T00:00:00.0000000,0,113.90,12.00,125.90,125.90
6225dae3fcc1416785f294cc07f2e4db,06c09be49b69107bf8c75d10af6b2233,delivered,2017-01-31T23:37:58.0000000,2017-02-13T13:23:46.0000000,2017-03-13T00:00:00.0000000,0,239.99,38.08,278.07,278.07
95c6db0572aa00cdfc22e3419805ffc0,a2a8ce4e0a7373fb55c203010a0d21b7,delivered,2018-06-16T20:31:37.0000000,2018-06-25T19:14:47.0000000,2018-07-16T00:00:00.0000000,0,187.00,67.90,254.90,254.90
7577e6378383be8d29e8e0cc18a880cb,36905ee3c5e0e8caa7fa04e36474251d,delivered,2017-11-08T21:11:17.0000000,2017-11-13T20:16:03.0000000,2017-11-28T00:00:00.0000000,0,59.90,13.44,73.34,73.34
038297c93a230b204ceeca7e2720b464,a51b2e9f1088010982a0bcf451a4de6d,delivered,2018-02-10T22:17:24.0000000,2018-03-02T14:59:04.0000000,2018-03-09T00:00:00.0000000,0,28.99,15.10,44.09,44.09
2e98befb6d10b5b83de9d9b4a6f836f9,aa49e266efa5eb9965b01ecd940833c3,delivered,2017-10-16T11:39:32.0000000,2017-11-08T13:37:02.0000000,2017-11-16T00:00:00.0000000,0,199.00,47.92,246.92,246.92
71c3a24007f8f52f2f440e4aa2651096,63cd1122ae489072bf42ea93422985b4,delivered,2018-02-12T01:18:21.0000000,2018-02-21T00:41:36.0000000,2018-03-21T00:00:00.0000000,0,28.45,13.37,41.82,41.82
aa0b425987bdeae4a29c616a2bc3a08a,c9dc6fff8500f3735822d5356bcb0e1b,delivered,2018-07-22T22:00:26.0000000,2018-08-01T22:16:46.0000000,2018-08-20T00:00:00.0000000,0,572.64,59.27,631.91,631.91
95c61e46c5be0715a4302d2aa335f6c8,6288dc3376baf4aaf53a42ad5a27dfa7,delivered,2018-08-16T18:15:46.0000000,2018-08-27T18:51:21.0000000,2018-09-04T00:00:00.0000000,0,179.90,25.61,205.51,205.51
c505a1999c5ad6aacc8339242d824073,11c48762b75875d8949294883c00d14c,delivered,2017-03-25T21:22:15.0000000,2017-04-21T10:08:23.0000000,2017-04-18T00:00:00.0000000,1,897.00,48.78,945.78,945.78
a0e03cdf46a28b86f2d93ccecaeca421,068789693897e19b35ea3b9e71613c75,delivered,2018-01-06T17:55:03.0000000,2018-01-17T18:28:58.0000000,2018-01-31T00:00:00.0000000,0,86.90,16.24,103.14,103.14
44e91d629da568d5df404a8dc5895336,15b682da279b92ef76cded31d345176f,delivered,2017-10-27T15:12:49.0000000,2017-11-07T16:42:19.0000000,2017-11-30T00:00:00.0000000,0,139.00,18.22,157.22,157.22
a082f140d70dd20b4e2d7538557b5946,5d8f7d35350a0802b7e4bea9671b132a,delivered,2017-03-31T22:28:39.0000000,2017-04-20T12:31:29.0000000,2017-05-02T00:00:00.0000000,0,109.70,18.20,127.90,127.90
82919647c77d6bdf1f3edba9eab8e1fe,5e3e1f4586f475c893bb9b464e0f198d,delivered,2017-09-01T17:06:54.0000000,2017-09-13T20:53:43.0000000,2017-09-20T00:00:00.0000000,0,39.90,15.10,55.00,55.00
7484cb86db28da2d4d7c3f41dc265201,bb90f8e1cc3d574742b5ece8076459dd,delivered,2018-08-18T23:06:14.0000000,2018-08-29T19:42:15.0000000,2018-09-04T00:00:00.0000000,0,66.99,27.75,94.74,94.74
487c1451b8fd7347d0e80e5aca887e91,ca454a420355c83f95fe93083dc31c81,delivered,2017-03-21T08:50:00.0000000,2017-03-28T12:40:14.0000000,2017-04-11T00:00:00.0000000,0,18.99,14.52,33.51,33.51
26a4525518bf2e891e2cdffef0742346,9ba9c35fa0972a58c9397672fd9e0111,delivered,2017-09-20T17:12:10.0000000,2017-09-30T01:05:52.0000000,2017-10-17T00:00:00.0000000,0,159.90,15.87,175.77,175.77
7c7e31f3d5eff7a33f2a59bc88d45442,6ecbb48768871dac5066a3aed501e699,delivered,2018-02-09T07:51:33.0000000,2018-02-27T12:13:49.0000000,2018-03-08T00:00:00.0000000,0,49.90,17.60,67.50,67.50
e0145369394f83a5210ad16511c6cf33,5c7ad9cbcfbe41d1dd622c64bb0812bd,delivered,2018-07-01T14:28:04.0000000,2018-07-07T18:26:29.0000000,2018-08-02T00:00:00.0000000,0,89.00,41.60,130.60,130.60
3933b209d011421f37238c408302ab6a,e0169b7595b7b5413914f12d084ce4a4,delivered,2017-09-16T21:14:17.0000000,2017-09-21T17:48:10.0000000,2017-10-04T00:00:00.0000000,0,22.50,21.19,43.69,43.69
c1ef9804b695d6060c0964f2c6324433,ba668ea30c47e2012890846c77978d03,delivered,2018-02-06T11:04:45.0000000,2018-02-09T17:58:09.0000000,2018-02-22T00:00:00.0000000,0,35.99,7.78,43.77,43.77
a1ef4c97bec306560bd7bee5982310cc,809f3ba735c909c42837c26580289641,delivered,2018-03-21T12:26:15.0000000,2018-03-27T00:51:31.0000000,2018-04-11T00:00:00.0000000,0,125.00,51.16,176.16,176.16
e7a5701bb4e7ef276c46b8bc82100d14,a189fdcd17c49459d41f406cffb5264d,delivered,2018-03-14T15:56:55.0000000,2018-04-04T00:06:19.0000000,2018-04-03T00:00:00.0000000,1,45.99,15.23,61.22,61.22
deea84bd5e80bec98688cce040163d4e,505dde6cb43587c90ca012959662763f,delivered,2018-05-05T23:10:33.0000000,2018-05-09T17:17:57.0000000,2018-05-21T00:00:00.0000000,0,142.90,10.06,152.96,152.96
91894a6bee2407fdec8f29441d75541e,5d453be4ccf49d74d81b4e1f381dac15,delivered,2017-05-27T23:34:01.0000000,2017-06-19T20:57:41.0000000,2017-06-21T00:00:00.0000000,0,29.90,15.11,45.01,45.01
2e7b020eeca2d5b86d5263a996d540bb,f407009fa29e2acc16b36bca7cb2097b,delivered,2018-03-16T08:46:26.0000000,2018-03-21T23:12:19.0000000,2018-04-09T00:00:00.0000000,0,27.99,18.23,46.22,46.22
cef147376bb33bb005a1402f6d1df975,d312fe4060a6df0bcfbad3980c6dcbbe,delivered,2017-09-29T20:10:50.0000000,2017-10-09T18:12:39.0000000,2017-10-24T00:00:00.0000000,0,17.99,14.10,32.09,32.09
68e26c32708fa02057ea7c255d288929,7e1e6a9276e75274a3d81cebaa6f0c55,delivered,2017-08-19T20:30:07.0000000,2017-08-26T12:12:18.0000000,2017-09-01T00:00:00.0000000,0,69.90,11.73,81.63,81.63
f5fcef5d7789fe60b872effa519c61f7,3a8fd5df8c4f435f83cd213175ec3633,delivered,2018-06-20T21:03:59.0000000,2018-06-22T16:06:38.0000000,2018-07-03T00:00:00.0000000,0,59.99,8.58,68.57,68.57
270d816a580cef9525ac73d6c4b87255,66f6f1200cf04a1950b327fecf045fa5,delivered,2017-01-23T20:35:00.0000000,2017-01-26T13:46:04.0000000,2017-03-02T00:00:00.0000000,0,299.80,38.66,338.46,338.46
f2d26951c2a2ed673083eb992ae8aa8a,c2e1d65c47178eac5bd515e6653959e8,delivered,2018-01-16T09:46:23.0000000,2018-01-19T22:22:00.0000000,2018-02-01T00:00:00.0000000,0,69.90,13.08,82.98,82.98
c95fb74948e8db073f6114d3fa726fe1,5427db81b6127984b9d282e9e6ef2603,delivered,2017-11-05T22:06:17.0000000,2017-11-22T20:23:33.0000000,2017-11-28T00:00:00.0000000,0,599.90,23.44,623.34,623.34
b53182a21556b268f4379515546be86e,fcf28aeffa802b47732e096c083cbf83,delivered,2018-03-03T19:39:54.0000000,2018-03-21T17:34:50.0000000,2018-03-21T00:00:00.0000000,1,85.00,13.61,98.61,98.61
21733cca729d55bc70908258a2e90984,71d8b370aaeded50c1c23aee760f79c0,delivered,2018-04-10T21:18:14.0000000,2018-04-20T17:02:43.0000000,2018-05-07T00:00:00.0000000,0,198.00,14.38,212.38,212.38
3b6690156750c4917ecf101375aad921,d6d96f27f24d818b943983695aa74ce8,delivered,2018-01-29T19:49:57.0000000,2018-02-22T21:55:03.0000000,2018-02-26T00:00:00.0000000,0,39.99,25.63,65.62,65.62
1527028c6f0d2ca7a42e5337dc2762e5,da40474632f5b5c599e949b0800e7d64,delivered,2018-05-08T20:34:15.0000000,2018-05-16T19:54:30.0000000,2018-05-21T00:00:00.0000000,0,35.90,11.15,47.05,47.05
9b802ee9dfe931bb3bf0c9a23a0a2780,c3b46a2c4b10a6d46275d9902d91ff2d,delivered,2017-12-06T13:39:32.0000000,2017-12-13T21:09:49.0000000,2018-01-02T00:00:00.0000000,0,258.00,29.30,287.30,287.30
ba227a95d8ae1abc30bda3c6c5c08c1a,9db6f6b4c1314281d7ae168de7b502d4,delivered,2018-06-21T18:54:50.0000000,2018-06-26T22:34:31.0000000,2018-07-25T00:00:00.0000000,0,27.90,9.13,37.03,37.03
ffaed28dc2c916f896616e904036ffd0,40cdd667844b9779a041e2aebe0f57d3,delivered,2017-05-30T17:31:27.0000000,2017-06-01T13:41:40.0000000,2017-06-26T00:00:00.0000000,0,99.90,16.46,116.36,116.36
7b539e31732dcb7e50afa35e6042717b,c032adfcb7e93ccdb27c8b4f12bf9122,delivered,2018-01-17T14:42:28.0000000,2018-01-31T17:42:25.0000000,2018-02-08T00:00:00.0000000,0,55.30,15.14,70.44,70.44
0306b467a7c7d400d265b71cf6608e15,4ff38991e49354d05057650b0033234f,delivered,2018-02-01T11:32:12.0000000,2018-02-09T16:36:44.0000000,2018-02-23T00:00:00.0000000,0,61.50,13.58,75.08,75.08
d1ca60cfa5b276544043d344ad224285,894202b8ef01f4719a4691e79dd24c17,delivered,2018-05-31T10:45:35.0000000,2018-06-08T17:14:39.0000000,2018-07-11T00:00:00.0000000,0,399.00,73.72,472.72,472.72
0d23d5f95886d46d2deaee6f7282316a,d4ade0e56c661ccfa575bc4270970209,delivered,2018-02-08T10:42:48.0000000,2018-02-14T15:39:04.0000000,2018-02-26T00:00:00.0000000,0,12.99,8.72,21.71,21.71
25db8af390f9984ee0af317b5239af35,9687241c8ed4018450273e3fe23803b6,delivered,2017-06-03T10:33:55.0000000,2017-06-13T17:47:00.0000000,2017-07-10T00:00:00.0000000,0,89.50,25.18,114.68,114.68
f6d0018789810848d254ef989ed2108c,55df240e47344fa8542ff684aec523c9,delivered,2017-08-22T12:57:33.0000000,2017-08-29T19:29:05.0000000,2017-09-12T00:00:00.0000000,0,37.50,13.37,50.87,50.87
8b6698a86e777937d240b9c7b6476ce9,2a924be148faf2fb7ad71c13b6109926,delivered,2017-12-21T14:25:31.0000000,2018-01-10T22:42:56.0000000,2018-01-18T00:00:00.0000000,0,149.90,18.30,168.20,168.20
89289862108c78037897ba5b75f5253f,ad64e3a8a8bc6123498fb7752c53017e,delivered,2018-02-12T11:08:58.0000000,2018-02-26T12:52:01.0000000,2018-03-07T00:00:00.0000000,0,86.00,12.10,98.10,98.10
a11f0312591acf976fd9bf40d6b539db,007b18ac9b8a627f259ea78aed981315,delivered,2018-03-16T23:03:38.0000000,2018-04-09T15:13:08.0000000,2018-04-12T00:00:00.0000000,0,27.90,15.23,43.13,43.13
e130d3f737127ae52681b9338aea9b64,b9da524b08224eaff1bf76ef4d4299ac,delivered,2018-05-25T14:41:25.0000000,2018-06-05T09:02:36.0000000,2018-06-19T00:00:00.0000000,0,2370.00,97.17,2467.17,2467.17
2f56e94e1ffe8f9d0af6c89ec43a13e3,2483d2afb58562785d0fec781d607267,delivered,2017-07-28T10:35:23.0000000,2017-08-11T19:22:39.0000000,2017-08-23T00:00:00.0000000,0,199.70,18.65,218.35,218.35
d381b82dfce3b3c57938ed35c09ce096,acf3b1b4ec4e2a6aa97acf15cfab1d5b,delivered,2017-11-30T11:04:45.0000000,2017-12-14T18:18:46.0000000,2017-12-27T00:00:00.0000000,0,214.00,36.00,250.00,250.00
3614e1d9603e0068d80dcf12c407795f,873b040975fe95e97e2bf8e674b2739c,delivered,2018-02-12T00:06:24.0000000,2018-03-16T13:07:29.0000000,2018-03-06T00:00:00.0000000,1,75.99,12.87,88.86,88.86
3c84ef58a24b36acb52aef0fe4200d4f,a189e91674fa4a8cc4dbff954d0a4246,delivered,2018-06-20T18:47:35.0000000,2018-06-27T14:48:37.0000000,2018-07-26T00:00:00.0000000,0,855.00,28.58,883.58,883.58
1ec53891c581322d7f3a17fb5835b857,bc746f1c6fcd8b31f1feaf2111a780bd,delivered,2017-08-25T11:59:24.0000000,2017-08-31T21:04:09.0000000,2017-09-08T00:00:00.0000000,0,310.00,17.66,327.66,327.66
a75677de97d29dd137bd7779428d9aa2,51620c2de1a1f0ef6e6ccda2b0c1ef11,delivered,2018-07-01T14:44:27.0000000,2018-07-12T17:19:26.0000000,2018-08-01T00:00:00.0000000,0,198.00,52.11,250.11,250.11
e2efd05161881ff66ece867b9221e6df,369b079c89901eec7a23b1deb9a7aee7,delivered,2018-02-12T22:48:49.0000000,2018-03-25T16:48:46.0000000,2018-03-15T00:00:00.0000000,1,99.80,75.80,175.60,175.60
764e3bafd3f803a716418cb92d40e548,c7f88539d232d197ec095844868afca2,delivered,2017-06-29T12:31:55.0000000,2017-07-07T17:41:20.0000000,2017-07-19T00:00:00.0000000,0,52.90,11.87,64.77,64.77
dc349abe3608895a65a1881fa4b27649,29ace186c67ab06034ae84880cee3fb2,delivered,2017-05-15T13:52:08.0000000,2017-05-22T11:32:59.0000000,2017-06-08T00:00:00.0000000,0,78.00,30.20,108.20,108.20
9ac05114800f02bfaa783bd76842dbe2,9a4a662f2adad6ed0a31fd0d4221e1cc,delivered,2018-06-20T15:28:01.0000000,2018-07-02T14:38:57.0000000,2018-07-24T00:00:00.0000000,0,169.00,67.07,236.07,236.07
4096943338f6798c95bce03684e2a354,2475746f4e558c18ec6865adb7dab746,delivered,2018-07-31T21:17:50.0000000,2018-08-21T21:49:20.0000000,2018-09-06T00:00:00.0000000,0,527.90,25.63,553.53,553.53
178660fc6914ba83609b807efe89f984,a80ad6e325412a61b61145b3f81bee3c,delivered,2017-06-09T15:12:46.0000000,2017-06-16T13:19:57.0000000,2017-06-23T00:00:00.0000000,0,143.80,15.76,159.56,159.56
aba440032be16b32505c6e14bb755b0c,0a7e708542b39e5dd6dfccc8a8e3b7c1,delivered,2018-01-23T12:32:41.0000000,2018-02-05T21:51:43.0000000,2018-02-21T00:00:00.0000000,0,20.00,16.11,36.11,36.11
b40923df3f882c691f7906a3cff8ae23,f8c6dcd56ea35d173392a2ba5bfd6e95,delivered,2018-01-20T15:35:01.0000000,2018-02-07T10:14:00.0000000,2018-02-21T00:00:00.0000000,0,49.90,17.60,67.50,67.50
797fe018b83e5b8aaef674bad19874e9,12f720722d56d2cdcafc93c9b5809ea5,delivered,2017-05-08T15:15:49.0000000,2017-05-24T16:23:07.0000000,2017-06-06T00:00:00.0000000,0,109.60,60.40,170.00,170.00
a2c2158d6a2596315ca45703207e97c4,b4e237973ec5c3b1c17a3411e0633f30,delivered,2017-05-31T13:55:04.0000000,2017-06-26T12:41:52.0000000,2017-06-23T00:00:00.0000000,1,159.90,15.87,175.77,175.77
6d6dab0b5b471af95c0b7a114b5242f4,9f7be3ecb950aed145871dd613cbb06a,delivered,2018-01-03T00:43:53.0000000,2018-01-09T18:25:49.0000000,2018-01-26T00:00:00.0000000,0,19.90,12.48,32.38,32.38
fb4c654f040642300a388f17ee02be7f,d9e3358d714896d16cbc712a46559861,delivered,2017-11-25T16:49:00.0000000,2017-12-04T22:52:24.0000000,2017-12-18T00:00:00.0000000,0,189.90,22.13,212.03,212.03
da60e4caa4c6e303002f33c304011591,73038e9f26a27fc56631416306bd7829,delivered,2017-11-13T08:04:09.0000000,2017-11-22T18:12:13.0000000,2017-12-08T00:00:00.0000000,0,127.00,14.62,141.62,141.62
a679a3450fae65339681e567b378ebc5,45e4dab8ec0beda6573700b2272cb164,delivered,2017-08-14T12:45:58.0000000,2017-08-29T17:53:19.0000000,2017-09-14T00:00:00.0000000,0,309.90,18.61,328.51,328.51
3a1a92434eae60a4f44ad7ebef65c3e7,dc11c734af06298550995bb5ff673dce,delivered,2018-07-18T15:03:36.0000000,2018-07-20T22:32:07.0000000,2018-07-31T00:00:00.0000000,0,228.00,26.58,254.58,254.58
3343de372beb853bffdaa61da97a22aa,7b6af10470b26c401d18e3083e271339,delivered,2018-06-13T17:05:52.0000000,2018-06-26T08:46:40.0000000,2018-07-16T00:00:00.0000000,0,179.80,39.64,219.44,219.44
d2ce2764e877473355ddb49af8eb3bc5,def6003502bb7701e2cdc0cb5af42cfe,delivered,2018-08-28T14:32:59.0000000,2018-08-30T15:02:39.0000000,2018-08-31T00:00:00.0000000,0,103.00,17.93,120.93,120.93
26449e55a87a5c565d60238999c380ff,3ebd7c64f990c7558321fb5af7a547b9,delivered,2018-04-22T18:05:20.0000000,2018-04-24T19:11:46.0000000,2018-05-04T00:00:00.0000000,0,79.99,11.18,91.17,91.17
d486475824974ef6fb73375f5a50e465,2dbc6c19eaeb265c5bed88607eb98f21,delivered,2017-06-23T22:04:36.0000000,2017-07-04T07:34:35.0000000,2017-07-19T00:00:00.0000000,0,89.90,17.88,107.78,107.78
74945023a969c39c770a3d73e669c5c5,8db2bd257e77d70fd9ed115f4e68e3a2,delivered,2018-07-08T19:12:15.0000000,2018-07-24T18:46:51.0000000,2018-08-03T00:00:00.0000000,0,78.00,37.46,115.46,115.46
105a70f8a707fdd43b003271860132bd,713c6678ace69cc88a91c9e56ee2a20a,delivered,2018-06-04T08:08:48.0000000,2018-06-05T23:59:29.0000000,2018-07-04T00:00:00.0000000,0,71.71,11.86,83.57,83.57
1ba17bb34e802d7e243558ee086ff754,991dfbe50e6444dc9f25c9f8d3562ceb,delivered,2017-03-21T15:22:48.0000000,2017-04-03T17:04:14.0000000,2017-04-20T00:00:00.0000000,0,43.48,17.78,61.26,61.26
ba05596e1b0875fac4abdf6a6d036743,da7acf84f4943e92fe8d8c767824a994,delivered,2017-07-15T16:14:09.0000000,2017-08-01T19:46:53.0000000,2017-08-10T00:00:00.0000000,0,89.90,15.38,105.28,105.28
4e78c8e6f00a4ca7409db04227837738,66d8f30fb4390d0b8d3e0b639bd367a9,delivered,2017-10-03T00:20:58.0000000,2017-10-23T18:18:38.0000000,2017-11-03T00:00:00.0000000,0,59.90,35.74,95.64,95.64
420279d8b0ac26f42d2e3a4e8dd959b5,eba7ed7b49f33dcdb5757243bb1151a2,delivered,2018-01-06T21:39:08.0000000,2018-01-15T15:53:16.0000000,2018-02-05T00:00:00.0000000,0,89.90,16.39,106.29,106.29
a594e1f484d5b84270ff28ad578632d2,944da8dc6dbfd378263bb8bd8b4acb76,delivered,2018-03-12T15:12:33.0000000,2018-04-11T10:52:23.0000000,2018-04-06T00:00:00.0000000,1,179.00,75.83,254.83,254.83
23c0fb66f3afa483b302cc740b14f17b,3f6ede29d4c69cd3316d2035b6cec1fb,delivered,2018-05-16T23:45:47.0000000,2018-05-21T13:48:28.0000000,2018-06-13T00:00:00.0000000,0,212.99,34.70,247.69,247.69
8f677798a3e80c02adf52911bf8d145d,17b723f5c85b44a1dcf96dca43d3eb89,delivered,2017-03-20T17:01:26.0000000,2017-03-27T18:05:32.0000000,2017-04-11T00:00:00.0000000,0,49.00,14.52,63.52,63.52
413648037e02e5c759e67071c61b2fcf,ac6f5d2cdbd505344d970017a51bfc43,delivered,2018-08-04T16:49:05.0000000,2018-08-13T22:36:37.0000000,2018-08-15T00:00:00.0000000,0,105.00,18.54,123.54,123.54
6b1524b569b3782bcdd845635117ef81,d7167d6d21d5201411121195fbe953af,delivered,2018-03-27T10:35:40.0000000,2018-04-13T11:51:16.0000000,2018-04-17T00:00:00.0000000,0,117.30,31.96,149.26,149.26
082d1a4833001c9e4d9a97109ea180d6,3bc5243906b84d5c2d343147f0eafbe4,delivered,2017-10-18T08:45:41.0000000,2017-10-20T20:11:48.0000000,2017-11-06T00:00:00.0000000,0,249.90,14.77,264.67,264.67
58fbd882a7ce0cf6eca11251a96931d1,85eb24e5005373089e1361c0af90ea3d,delivered,2017-09-19T12:50:29.0000000,2017-10-03T17:57:45.0000000,2017-10-05T00:00:00.0000000,0,119.99,17.09,137.08,137.08
6ed3f553337457d7804e8c39b580ce89,db34aec8913fe9f462bf2167afd258ca,delivered,2017-11-22T15:32:48.0000000,2017-12-01T23:13:29.0000000,2017-12-13T00:00:00.0000000,0,99.90,13.72,113.62,113.62
b2bc298fa029f415e70abae220ebf282,dc77ed4e8d992ff8e738b64198870eca,delivered,2018-05-15T19:30:49.0000000,2018-05-22T00:08:39.0000000,2018-06-04T00:00:00.0000000,0,79.00,54.41,133.41,133.41
196a79cd1b9ff7ad77dfaa9d4c46d04c,7fef0997cc98db48b91fdcb9841e909c,delivered,2018-02-05T10:36:40.0000000,2018-03-06T21:38:42.0000000,2018-03-13T00:00:00.0000000,0,369.95,22.99,392.94,392.94
7be4cf9e577bd6353f88c21ffdf87931,2731fd84e6a05d548640607a131f185b,delivered,2018-08-21T09:28:11.0000000,2018-08-29T19:38:29.0000000,2018-09-05T00:00:00.0000000,0,155.70,54.85,210.55,210.55
28261c529e96c64f072a17b839812d63,2dbd4a021efca34f591c4bee3a821161,delivered,2017-09-18T15:41:27.0000000,2017-09-25T21:33:03.0000000,2017-09-28T00:00:00.0000000,0,66.29,12.48,78.77,78.77
f1411a1d5c32efefafd71fce9773de51,633d1bcc302d769ba3f9da7d010d74b2,delivered,2017-06-29T20:08:14.0000000,2017-07-14T12:07:45.0000000,2017-07-25T00:00:00.0000000,0,269.00,17.64,286.64,286.64
f71c29e41d9d12d65f0e05f17fc6cecd,4139b916aeaacb9ac5133afdffe2fdc4,delivered,2017-12-05T09:18:12.0000000,2017-12-15T17:11:00.0000000,2018-01-04T00:00:00.0000000,0,43.00,16.11,59.11,59.11
ddd71c8539788a710549849a7dcaebde,568ad2e25b8b84904ae2fb3863363a75,delivered,2018-02-21T08:27:26.0000000,2018-03-16T16:02:27.0000000,2018-03-20T00:00:00.0000000,0,99.00,17.13,116.13,116.13
cab618a13f81a7ad42573993ddae2ff2,4205cff8e8c084e073c7c3d8380b98c6,shipped,2018-02-27T12:19:10.0000000,,2018-03-20T00:00:00.0000000,0,165.00,45.61,210.61,210.61
e9a85f45594b8912672374e10d99f1a7,a0c7aec11a5f3ec702888d67aeedeed1,delivered,2017-12-27T22:37:02.0000000,2018-01-03T10:59:09.0000000,2018-01-22T00:00:00.0000000,0,149.99,14.80,164.79,164.79
6ff900f88e265e076a3625007c01cdbc,a00774e666bc2f0af970ff157ecf6f7e,delivered,2018-04-27T19:03:57.0000000,2018-05-09T21:08:48.0000000,2018-05-22T00:00:00.0000000,0,159.99,16.00,175.99,175.99
fb782978193f7e29ff62d9b64c93ff54,17cf99bbc536657ddba8b1428192e103,delivered,2018-06-07T20:42:19.0000000,2018-06-13T19:12:34.0000000,2018-07-03T00:00:00.0000000,0,69.00,14.57,83.57,83.57
c6aaa7cbfc09b6f769d45d149a852643,109752cc7796656c8d504f634e66aead,delivered,2017-11-24T00:16:09.0000000,2017-12-11T20:37:52.0000000,2017-12-22T00:00:00.0000000,0,27.90,14.10,42.00,42.00
1ff6183537eb3a189de77b309ed28ad1,52ac1d5c2063338b5a45f69a14528c9b,unavailable,2018-01-02T17:31:02.0000000,,2018-01-31T00:00:00.0000000,0,,,84.23,
67c2939389900ee5ef95296df8691336,ac9333a0622593a2af3c26cbec36576c,delivered,2017-10-26T22:54:02.0000000,2017-10-31T21:28:59.0000000,2017-11-14T00:00:00.0000000,0,29.98,23.57,53.55,53.55
96c0941a87f12624bbaa976c3cb81ca2,36a55a60f18b9cf47ec2b374f2c097ea,delivered,2018-05-23T08:35:19.0000000,2018-06-15T21:14:54.0000000,2018-06-08T00:00:00.0000000,1,15.00,18.23,33.23,33.23
4550006a45ae092d4214e3dc09b89194,9f14d5cb2c7d39f6c4556ff35f4ba78e,delivered,2018-06-26T11:31:55.0000000,2018-07-03T07:41:40.0000000,2018-07-23T00:00:00.0000000,0,192.90,20.54,213.44,213.44
c41c7711e8d92901517c702f0836ea59,7197a7e7977ed02ce5e53c8a46818808,delivered,2018-06-27T17:52:31.0000000,2018-07-11T00:13:48.0000000,2018-08-08T00:00:00.0000000,0,399.00,97.44,496.44,496.44
1fc6f36a09a4afd9024b0cf47d52924e,7257af5a464fdcac46d918d3e0d547ed,delivered,2018-07-25T04:46:10.0000000,2018-07-31T23:06:40.0000000,2018-08-17T00:00:00.0000000,0,36.50,26.56,63.06,63.06
bced00a55bb6ecdb3c4a181b43ddf3e7,4ae69b0abbf8efc595adad1c978c765b,delivered,2018-03-26T10:03:34.0000000,2018-04-16T22:28:30.0000000,2018-04-12T00:00:00.0000000,1,129.00,13.94,142.94,142.94
45ce374cd293f6539ec1711a93f94aa7,05f337ebaa4407b43c68d15f5cf1949a,delivered,2018-08-15T19:52:54.0000000,2018-08-22T21:58:34.0000000,2018-09-12T00:00:00.0000000,0,99.90,22.00,121.90,121.90
3c843728a555b7e433f4a128b82d6740,4bd294209a20481f0b350a90a502902f,delivered,2018-06-24T20:26:36.0000000,2018-06-30T16:36:55.0000000,2018-07-17T00:00:00.0000000,0,120.00,36.19,156.19,156.19
efd3e6079ebd4d192d41aa488cbc1757,32057ee964e8c08387a897d367b0777d,delivered,2018-02-14T22:40:28.0000000,2018-02-26T23:59:10.0000000,2018-03-13T00:00:00.0000000,0,82.94,16.21,99.15,99.15
90729c9368dfbc80cac0f98648c70379,39a0a78fa906f6ce2b95e348f186016b,delivered,2018-04-07T19:54:46.0000000,2018-04-13T22:06:29.0000000,2018-04-24T00:00:00.0000000,0,23.99,7.39,31.38,31.38
ea6a496329b06f8ef26ff21eb61998f9,42a5fcbbdad65719b297e30533cdfcfa,delivered,2017-02-07T14:26:30.0000000,2017-02-13T13:03:19.0000000,2017-03-06T00:00:00.0000000,0,104.90,15.94,120.84,120.84
120e494a0a23aee36f4d7a635e469172,08cfbfce32d6e30b94c84bbd630aafae,delivered,2018-08-17T00:29:48.0000000,2018-08-27T12:21:06.0000000,2018-09-06T00:00:00.0000000,0,29.99,22.14,52.13,52.13
f6fbf7907913892ffc12ada3bff286ba,1d7d832199ca5ea415e212d226ae106c,delivered,2017-07-31T18:47:11.0000000,2017-08-10T20:04:29.0000000,2017-08-30T00:00:00.0000000,0,89.90,38.18,128.08,128.08
c0567ba9f6736e00d05c404aac7c9430,418e8d9a30cdd26678265116e8f06ca6,delivered,2018-07-03T20:16:20.0000000,2018-07-10T20:22:15.0000000,2018-07-16T00:00:00.0000000,0,24.99,7.44,32.43,32.43
4b02687f07f856cac25049dd4406cd52,2a121b0b3ad1786974498558a5b85b4c,delivered,2017-05-28T13:55:44.0000000,2017-06-08T14:36:27.0000000,2017-06-29T00:00:00.0000000,0,89.90,17.07,106.97,106.97
2b8c8846f8e82bd4956159a513ca01ad,2cd34b583d992938389048b0af8bea8a,delivered,2017-03-17T18:21:51.0000000,2017-03-29T15:42:54.0000000,2017-04-07T00:00:00.0000000,0,27.99,14.11,42.10,42.10
50782cd44ddec8134f7d93043ebfd333,454597de2c9100d65a4ce3a74ad8acfe,delivered,2018-08-17T16:02:15.0000000,2018-08-23T15:40:43.0000000,2018-09-06T00:00:00.0000000,0,39.00,12.93,51.93,51.93
f6ad54b5be9c3a496973acd1b1c8b714,6f67142db4b6ec414dd624724b738f3f,delivered,2018-08-13T14:18:44.0000000,2018-08-21T15:16:49.0000000,2018-08-30T00:00:00.0000000,0,139.00,31.91,170.91,170.91
b90eb14cd43f40f7b2ad0102469e43bb,c3ca68094375f8b51c8ca056b5a92a7b,delivered,2017-11-30T23:20:14.0000000,2017-12-06T21:48:49.0000000,2017-12-18T00:00:00.0000000,0,122.99,9.06,132.05,132.05
d37d275bf870e1d9a50b888717929495,9f9a83d15d7255a3747dd9175b875ea0,shipped,2017-07-16T13:08:37.0000000,,2017-08-08T00:00:00.0000000,0,47.60,15.10,62.70,62.70
1c58c266f70494954b0e545444355f3b,78f6f95ad4bd71dfc7185b4825afea8a,delivered,2018-02-26T08:38:33.0000000,2018-03-15T21:28:24.0000000,2018-03-23T00:00:00.0000000,0,107.00,15.50,122.50,122.50
18ed15b7c2fadc5faa4db7a9f24d7d61,8a6f41f613047807293074456ba0229a,delivered,2018-03-18T14:49:40.0000000,2018-03-21T19:57:45.0000000,2018-03-29T00:00:00.0000000,0,110.00,38.97,148.97,148.97
70ad0c0c83d69921cc0675f3e56d4e02,4fab1dfedcedd8d1a0ac3fb3475de007,delivered,2017-12-01T13:08:26.0000000,2017-12-12T18:58:46.0000000,2017-12-26T00:00:00.0000000,0,69.90,16.12,86.02,86.02
30a1f7a69f9dc03ac7bfd48df243ccef,ef3ad6cd82126989fb3e389f6b9c54ef,delivered,2018-01-30T21:28:31.0000000,2018-02-20T15:13:19.0000000,2018-03-09T00:00:00.0000000,0,16.90,15.10,32.00,32.00
08adcddad19d3acf37d1fa01cb9ded1e,94c2f45091985c47b4c4fb301113f0a4,delivered,2018-06-27T11:16:44.0000000,2018-06-29T17:39:53.0000000,2018-07-18T00:00:00.0000000,0,149.97,16.12,166.09,166.09
74851b1eea867c905d24b4a96306af8b,54a3a6f6333268fbb453f6b9834e90b1,delivered,2017-08-26T08:51:18.0000000,2017-09-05T19:22:28.0000000,2017-09-22T00:00:00.0000000,0,79.00,19.79,98.79,98.79
1ed4e96d371387280707c53f4555031b,a7aace19091346dc0e229e1c2b43e896,delivered,2017-11-09T12:49:59.0000000,2017-11-22T14:35:44.0000000,2017-12-06T00:00:00.0000000,0,40.00,16.60,56.60,56.60
629e289bf8013a1e9dcb5fc8cb9b377b,bfe6959e788d3b3bc146aa98f45ddb6c,delivered,2018-06-15T15:13:15.0000000,2018-06-19T19:42:36.0000000,2018-06-28T00:00:00.0000000,0,64.00,7.71,71.71,71.71
230429e6f253f9cd6561aad72ce7ee2f,a7924be36d69088596f4ceb0178adf28,delivered,2018-07-18T13:30:45.0000000,2018-07-31T18:58:33.0000000,2018-08-03T00:00:00.0000000,0,119.85,11.86,131.71,131.71
b3111cd50c7a34635433d6a557a6bf64,25700734456e911ea55a83b37c50de2e,delivered,2018-06-17T10:07:40.0000000,2018-06-22T15:06:44.0000000,2018-07-05T00:00:00.0000000,0,47.97,38.37,86.34,86.34
6b63e99cee8db08f10bb8f41c56f42c6,fa98c49b78e4bf3bd57baee31a771ef1,delivered,2017-11-30T17:04:38.0000000,2017-12-08T20:07:20.0000000,2017-12-28T00:00:00.0000000,0,42.99,15.10,58.09,58.09
a740ec24c1003da3578da8a0627f50a2,2fcaf832642f3c050776fe4f9a5cfc6e,delivered,2018-05-02T13:54:46.0000000,2018-05-08T23:38:46.0000000,2018-05-18T00:00:00.0000000,0,105.25,14.82,120.07,120.07
bb3b9252816ff94fc9f21944cfa0b6d1,84353738a84112675537c08797692415,delivered,2018-05-04T16:17:14.0000000,2018-05-22T22:48:18.0000000,2018-06-05T00:00:00.0000000,0,199.00,0.00,199.00,199.00
18917193c2d4f159daff7df3b208d22e,ce94567df6da5d7d85640b02953f44bc,delivered,2018-02-18T19:05:11.0000000,2018-03-01T19:08:40.0000000,2018-03-12T00:00:00.0000000,0,22.99,11.85,34.84,34.84
408c159bf7f5bb5ee0ee64ca6be81ab3,c72a2535917c69cffe7135677632702a,delivered,2018-08-12T19:29:47.0000000,2018-08-20T13:16:27.0000000,2018-08-29T00:00:00.0000000,0,129.99,20.10,150.09,150.09
dee5aaea45b39a487724b13ee9523e88,ae426228e04d6189518ffd4338572740,delivered,2018-01-26T18:16:08.0000000,2018-02-05T12:28:48.0000000,2018-02-15T00:00:00.0000000,0,75.50,11.73,87.23,87.23
70e4a7d6c5ca0ca7bd543955b1d9c056,4d1d60431e94c06016147b85bd0b446e,delivered,2018-02-08T18:26:33.0000000,2018-02-19T20:27:14.0000000,2018-03-05T00:00:00.0000000,0,129.99,15.67,145.66,145.66
973f596fdd2295f00754dd37ab7eb684,01cc68904d33964bd2e7bd52d10efe18,delivered,2017-02-06T22:47:03.0000000,2017-02-15T04:35:01.0000000,2017-03-01T00:00:00.0000000,0,89.18,9.61,98.79,98.79
3e7a5341d84707eefa28c4d2273e60ae,823f621f5037d971a15b0cb861f8c554,delivered,2017-11-24T10:31:52.0000000,2017-11-27T19:12:49.0000000,2017-12-08T00:00:00.0000000,0,19.99,9.34,29.33,29.33
9ba68602fafba92a21fc48911251ce31,727ddec07f701bf58a5ea4692c4cbbff,delivered,2018-01-07T10:16:19.0000000,2018-01-25T17:02:49.0000000,2018-02-16T00:00:00.0000000,0,89.00,17.87,106.87,106.87
dfc2207ff43ff152e5a94f9c580ffe7f,86875ab8aa20041cce596d58f3a37e1c,delivered,2017-06-05T23:05:44.0000000,2017-06-13T14:34:43.0000000,2017-06-28T00:00:00.0000000,0,51.99,14.11,66.10,66.10
c8fbeee3ca85a32da48fa57b351b18c2,bac36f680d5c0c0bb085b8a86a5e68cd,delivered,2018-03-21T13:20:03.0000000,2018-04-06T00:28:21.0000000,2018-04-18T00:00:00.0000000,0,19.90,22.06,41.96,41.96
8861169e1fdf588ae812507b0cd3e2fb,5eedfe8770c08d904f4c4f1c89da224c,delivered,2017-03-20T21:02:06.0000000,2017-03-31T10:12:47.0000000,2017-04-24T00:00:00.0000000,0,126.99,37.85,164.84,164.84
962938a0eb303d087976fbcbe632723a,1579098c5d9e5744b0f81f652b2f3f3b,delivered,2017-12-18T08:26:07.0000000,2018-01-09T18:45:26.0000000,2018-01-18T00:00:00.0000000,0,32.00,17.63,49.63,49.63
83b5512cab9d85f6f644b4d28e423f06,5dc340dc5299977f8ac7a1a5abfcdf54,shipped,2017-06-14T19:52:30.0000000,,2017-07-28T00:00:00.0000000,0,71.82,28.90,100.72,100.72
1bc7434bd3185b311a6d4016a03ea06a,0a0c2a4fcc642872a37b8454f7c4df86,delivered,2017-12-12T08:20:07.0000000,2018-01-10T21:42:24.0000000,2018-01-15T00:00:00.0000000,0,86.99,17.86,104.85,104.85
2fe9c43306d90b933dc4efadb0f852ff,e7a055b4b4b6a31ca43d235c54d87897,delivered,2017-05-23T17:02:02.0000000,2017-05-30T14:52:18.0000000,2017-06-14T00:00:00.0000000,0,229.99,18.86,248.85,248.85
fbff49f23160970478cfc548cf7acde6,bf595ac1199b8f88990ff5389e648b00,delivered,2018-04-30T23:40:41.0000000,2018-05-12T13:48:50.0000000,2018-05-24T00:00:00.0000000,0,199.90,27.48,227.38,227.38
9b434ff82e1cc10e25641256b7ec7b15,ee74cd7692f3590b03d7b8fbcdb18c44,delivered,2017-10-03T21:10:45.0000000,2017-10-11T22:12:38.0000000,2017-10-31T00:00:00.0000000,0,74.90,16.28,91.18,91.18
05d61bb749461f4805dbda51f767fa47,80f16375ce928674fe11f2e5130208e1,delivered,2017-08-29T19:04:05.0000000,2017-09-15T18:42:30.0000000,2017-10-10T00:00:00.0000000,0,1200.00,20.00,1220.00,1220.00
b7dd6e83a855d2ed0804d8ff84535092,c3a8f50426b563c73370f773f8aaf9da,delivered,2018-06-19T11:44:05.0000000,2018-06-29T16:52:33.0000000,2018-07-25T00:00:00.0000000,0,122.99,25.21,148.20,148.20
fecc4ea5a3e06ce3192ae2f05b7a8439,ec43686dd7b2f48ea65475606fdfc85d,processing,2018-01-14T21:52:31.0000000,,2018-02-06T00:00:00.0000000,0,159.60,56.40,216.00,216.00
e28247f13af9b927289e7730877eb923,04e6b770102df2c677ca4505f9c0c786,delivered,2017-12-16T11:45:11.0000000,2018-01-09T21:48:12.0000000,2018-01-18T00:00:00.0000000,0,72.90,35.83,108.73,108.73
e16f4887f57e05d5e8379d954bae6785,c4d3d5473a9cc20d7acdf866c7cbc1a3,delivered,2017-07-17T08:44:24.0000000,2017-07-24T12:07:45.0000000,2017-08-08T00:00:00.0000000,0,67.80,28.19,95.99,95.99
d9fee6ee13066c1eaaa95f24bcc8a4d8,6e2c7ae79ed263e82a5d4cacdff17326,delivered,2017-03-04T12:39:50.0000000,2017-03-22T13:38:37.0000000,2017-03-27T00:00:00.0000000,0,178.36,30.76,209.12,209.12
3da53042e56776670fcf05a64d884ce9,3af46ebb3600804c782615cd897db0db,delivered,2018-02-04T21:25:23.0000000,2018-03-07T12:54:05.0000000,2018-03-15T00:00:00.0000000,0,69.90,28.89,98.79,98.79
8055e039e3e86f6328082ea948230520,dac66821be170e68ee80d01a5b166760,delivered,2018-04-06T22:32:42.0000000,2018-05-08T17:04:00.0000000,2018-04-27T00:00:00.0000000,1,87.00,15.49,102.49,102.49
c6472cb27f5aea27c6f874ae8928939a,32e186b1bde73732f1cca0247967cbcb,delivered,2017-11-23T13:18:06.0000000,2017-12-04T21:26:51.0000000,2017-12-20T00:00:00.0000000,0,99.00,15.44,114.44,114.44
1f790c9e3bb6e08d226245a5d1d781fa,3231b84e6605fdf9e9d0a9fd4bc290e9,delivered,2018-01-14T11:38:15.0000000,2018-02-01T00:33:10.0000000,2018-02-14T00:00:00.0000000,0,129.99,18.16,148.15,148.15
3f71c7ea78bd7df6729746c1f93ca424,69a5de2d98d4729f8dad3add11022053,delivered,2018-02-01T16:22:58.0000000,2018-02-20T20:25:29.0000000,2018-02-26T00:00:00.0000000,0,139.90,15.74,155.64,155.64
c873d67cdcc79e51c21b47d8c69ada68,36ad966afca63b90b96b3d01f09d956a,delivered,2018-07-02T15:38:53.0000000,2018-07-11T19:20:34.0000000,2018-07-30T00:00:00.0000000,0,119.00,18.93,137.93,137.93
cc162c1cd7cfadccc729922aa7fa2d2b,6049d21011689c1e6dc8978c25a3d4b4,delivered,2018-01-25T15:48:44.0000000,2018-02-15T19:49:10.0000000,2018-03-05T00:00:00.0000000,0,475.60,49.86,525.46,525.46
0c5cdf9ab91788bffa3d0f7e8ce4b213,f4b699445bfa4eb7d6247e4f47eae9e0,delivered,2018-01-26T16:45:03.0000000,2018-01-29T19:27:57.0000000,2018-02-09T00:00:00.0000000,0,42.00,9.34,51.34,51.34
96d3f09ebc42f05ab83a2ca85483e0b6,a0abb996d53cdd579f6af5bc5de8c28b,shipped,2017-12-13T23:04:15.0000000,,2018-01-10T00:00:00.0000000,0,119.00,19.07,138.07,138.07
0d77e9b5b271b221b5d181c38276769e,ded07964b8b743d9fd2688790b7052cc,delivered,2017-11-20T18:11:59.0000000,2017-11-25T15:29:16.0000000,2017-12-07T00:00:00.0000000,0,91.00,13.66,104.66,104.66
1612d79764f7941116acc8be4239906b,91f9de3e080ef6be6aa8b5ae3cae1d4f,delivered,2018-02-24T14:59:24.0000000,2018-03-22T22:14:53.0000000,2018-03-22T00:00:00.0000000,1,148.00,17.48,165.48,165.48
b210147ed6159ab19baaff71f7e43491,b486a070f6394081a2fabaf37e15d264,delivered,2017-05-24T18:03:51.0000000,2017-05-27T04:36:40.0000000,2017-06-06T00:00:00.0000000,0,47.90,9.34,57.24,57.24
85fa27c13d9874c3c90074e4989854c9,802aab55da2088fc080fe78233f047b2,delivered,2017-11-11T14:35:26.0000000,2017-12-05T19:13:33.0000000,2017-12-12T00:00:00.0000000,0,379.80,76.94,456.74,456.74
41edd30acb1a7bf7b3ba3efe83da6ce3,1dfc42d29e4c210de654113ab49e6f4f,delivered,2017-08-16T23:37:36.0000000,2017-08-24T20:48:59.0000000,2017-09-08T00:00:00.0000000,0,59.90,15.18,75.08,75.08
dee6298ce7d1fb2645141ef9972157aa,c35fd04a09c83d6f53b2d4557eab7445,shipped,2018-04-30T14:06:12.0000000,,2018-05-28T00:00:00.0000000,0,129.77,19.88,149.65,149.65
6503586e6d752bdb3ebbd1607e6a714f,bec0ecd38c187bbacdf9a805540fbb68,delivered,2017-08-27T20:42:33.0000000,2017-09-04T20:18:09.0000000,2017-09-25T00:00:00.0000000,0,23.99,14.10,38.09,38.09
3987a36b34a784095059a22c400b4f8d,ede638a975b20f1414a9ed146f055a27,delivered,2017-04-28T12:15:56.0000000,2017-05-11T15:40:07.0000000,2017-05-24T00:00:00.0000000,0,49.00,14.52,63.52,63.52
a5d7b5b625f48f4af406a8b11bb59751,92dcd0241fba4e4253f99460cb9270d7,delivered,2017-12-18T16:00:07.0000000,2018-01-08T21:40:01.0000000,2018-01-11T00:00:00.0000000,0,179.99,15.01,195.00,195.00
d72653b199232133a82a28e6e340133c,774a93f58af283167817a7a186680553,delivered,2018-06-07T10:02:26.0000000,2018-06-15T19:16:34.0000000,2018-07-27T00:00:00.0000000,0,1499.65,70.56,1570.21,1570.21
88fb1f364095174f013123c8a3781c31,657257c1377038d391004bf7aca86b79,delivered,2018-08-08T21:18:55.0000000,2018-08-21T18:19:01.0000000,2018-08-17T00:00:00.0000000,1,619.99,19.44,639.43,639.43
d0aed2ea0f3d1f9911ee36b795ccace5,fca1ec7a5d4f094bf6403fa09a6af5c1,delivered,2017-11-18T12:28:07.0000000,2017-11-27T15:39:11.0000000,2017-12-12T00:00:00.0000000,0,36.90,16.11,53.01,53.01
b69b9260e79a0da00e15f48de1bd2524,0b34456a261dcc179512d6652e8cb276,delivered,2017-05-31T16:27:58.0000000,2017-06-22T16:05:07.0000000,2017-06-30T00:00:00.0000000,0,264.99,18.35,283.34,283.34
246b14cc444e8a7df0afd80495dfa052,f327c66b64d68e69e89d4b90680787aa,delivered,2018-07-04T01:20:01.0000000,2018-07-06T19:22:45.0000000,2018-07-19T00:00:00.0000000,0,10.10,7.87,17.97,17.97
366fb8cd92296c6541132ab4cbb28bac,841841043bf76dbb83f79c7a36dcf24b,delivered,2017-08-25T10:04:15.0000000,2017-08-30T16:03:37.0000000,2017-09-18T00:00:00.0000000,0,79.90,14.31,94.21,94.21
1f039c377ad805f38658f64f2102c992,2a0bf30f53d53c759be496caad1e1ae2,delivered,2018-08-09T08:16:06.0000000,2018-08-15T19:42:35.0000000,2018-09-10T00:00:00.0000000,0,275.31,37.03,312.34,312.34
8257dca57385bc7279dc06f140b55625,ab9e57e85e79e8bea7817de472684bf8,delivered,2017-09-18T13:46:42.0000000,2017-09-24T15:12:58.0000000,2017-10-04T00:00:00.0000000,0,34.90,11.85,46.75,46.75
508d02fd7a1d114cdfd32ecb91721855,5d8cc99a36e20a6dcde6fbf5135fa45f,delivered,2018-01-25T08:26:22.0000000,2018-02-14T21:17:58.0000000,2018-02-20T00:00:00.0000000,0,90.00,14.38,104.38,104.38
ae19a9db6bd3ac0b94a591ee4a228a83,3a39eae0994776de1b44b1666124aa7b,delivered,2018-03-29T22:32:39.0000000,2018-04-11T17:21:39.0000000,2018-05-08T00:00:00.0000000,0,94.00,37.35,131.35,131.35
a7fafbfc43a11e5ba3d934121a63bb43,90343859e0ae243dc57b3e95b2a517fd,delivered,2018-07-22T14:30:01.0000000,2018-07-25T12:48:29.0000000,2018-08-01T00:00:00.0000000,0,18.90,7.39,26.29,26.29
eb1159e15cad602c36e16646e5662b85,d37306b60a0a5c64443841a857f15928,delivered,2018-04-19T09:35:17.0000000,2018-04-23T16:38:47.0000000,2018-05-08T00:00:00.0000000,0,19.49,7.39,26.88,26.88
8abc120199358d4e0a7d5902c0d62fd4,1546152e72a96d6b2c261f3537a091da,delivered,2017-10-27T05:32:38.0000000,2017-11-07T20:14:52.0000000,2017-11-21T00:00:00.0000000,0,63.00,22.76,85.76,85.76
882af1e2ad3e4b132d4b23c429843dc8,fb827db7d93060684875e22f58033041,delivered,2018-06-14T11:35:32.0000000,2018-06-18T15:46:30.0000000,2018-06-29T00:00:00.0000000,0,1013.40,22.39,1035.79,1035.79
5042f28675b7eedd6c772f3c0df075f1,5c8013fd8f99bc42840b27436e059b84,delivered,2017-11-26T23:38:25.0000000,2017-12-19T18:41:14.0000000,2017-12-15T00:00:00.0000000,1,12.25,14.10,26.35,26.35
e088d467c07c9879ddbdaaa9b1c51e85,eb0e488592359ee385d18b209e4911b6,delivered,2017-10-15T19:47:30.0000000,2017-10-27T19:56:45.0000000,2017-11-06T00:00:00.0000000,0,15.00,16.11,31.11,31.11
502aea10bd5711477ee1f532f1115031,ad3e2c79a82b673dbf76cddc3e33a711,delivered,2017-08-30T20:17:11.0000000,2017-09-12T17:31:36.0000000,2017-09-21T00:00:00.0000000,0,89.90,16.39,106.29,106.29
a19a5d98ef17292dcfde648851d16aa5,34d6fbdfebe31cea403f3282f5253ed2,delivered,2018-06-09T14:59:58.0000000,2018-06-18T12:28:40.0000000,2018-06-29T00:00:00.0000000,0,152.90,13.51,166.41,166.41
19b8a677a41f55d06c3beda4849717b5,9a5c1346346cc351e392795b337097ff,delivered,2018-04-06T16:46:08.0000000,2018-04-25T20:42:00.0000000,2018-05-03T00:00:00.0000000,0,69.00,22.19,91.19,91.19
d08c879188638eda44ea5da9dca68d09,59b9364516c0954308e0bcac97d088c7,delivered,2018-07-02T23:19:21.0000000,2018-07-11T00:06:45.0000000,2018-07-30T00:00:00.0000000,0,34.90,16.43,51.33,51.33
c3a3bb473dbe33079acc4b7f5a965196,261268a1aa478ebccc55d96f0ea430c2,delivered,2018-05-15T12:48:11.0000000,2018-05-21T14:36:48.0000000,2018-06-01T00:00:00.0000000,0,90.00,68.88,158.88,158.88
26bfc6c6251ef7eda55f7bc7f11e9647,1b87dde95bf20a1e1a2f023369c7f7db,delivered,2017-07-05T11:56:09.0000000,2017-07-19T20:34:51.0000000,2017-08-04T00:00:00.0000000,0,195.66,69.00,264.66,264.66
90de07e389ed6cd973ae93d5b36f159c,4212cb0b515edd1723eb5dade9852916,delivered,2017-11-20T18:02:21.0000000,2017-11-29T19:58:47.0000000,2017-12-08T00:00:00.0000000,0,145.30,21.51,166.81,166.81
3ff122d5ce35754dba91bc1c99ad6a65,52f0992e20b8f1c4b113d00df8fd9d93,delivered,2018-08-05T20:01:03.0000000,2018-08-20T17:31:14.0000000,2018-08-31T00:00:00.0000000,0,79.90,36.76,116.66,116.66
72d6aff61cb58a6c8872baf6864e046d,16471405a724a048a940dbbc66cdeeed,delivered,2018-03-19T15:23:20.0000000,2018-04-04T23:58:28.0000000,2018-04-13T00:00:00.0000000,0,29.99,22.06,52.05,52.05
3925b740d70eb26c3aefd1cabe5c8143,b828fa53202efa901b22f532577fe859,delivered,2018-04-05T07:23:57.0000000,2018-04-26T16:28:26.0000000,2018-05-14T00:00:00.0000000,0,13.99,15.23,29.22,29.22
0fb3b7bbfc3693b115aa62a83fad2714,9f546895f9d0841df86f8681992083b9,processing,2018-03-13T20:37:20.0000000,,2018-04-03T00:00:00.0000000,0,599.80,56.36,656.16,656.16
dbffa5e34cf40fb7dc1292bd10d22971,e7823ca26db4ecf5dc0e4cb58435b0e6,delivered,2018-03-04T14:18:56.0000000,2018-03-13T13:48:23.0000000,2018-03-26T00:00:00.0000000,0,197.40,30.88,228.28,228.28
0fe78862cdfd562448985ee7fbc8a08e,4d7e089ef0ae3a98da638debd25c4a25,delivered,2017-02-17T16:23:11.0000000,2017-03-09T14:44:04.0000000,2017-03-24T00:00:00.0000000,0,279.98,54.82,334.80,334.80
f3de0893c636179ae92136f971523452,c622c9f760ecd07e8910f01da1a8efa8,delivered,2018-07-31T19:44:52.0000000,2018-08-10T00:21:54.0000000,2018-08-09T00:00:00.0000000,1,1799.00,42.11,1841.11,1841.11
4c37682d353334478fbafa4808110fd0,4c97445f829b977ab55cd095af2876c7,delivered,2017-12-21T00:01:51.0000000,2017-12-28T16:22:26.0000000,2018-01-16T00:00:00.0000000,0,59.00,13.43,72.43,72.43
e78d0e875295cd716415732e63b6291b,966bb79d17e4a6de9f4fe448754d0972,delivered,2018-04-27T14:49:32.0000000,2018-05-11T17:18:30.0000000,2018-06-14T00:00:00.0000000,0,110.00,26.99,136.99,136.99
dc078338903735916fab84f036188dcc,59227a9b6b75b6c0612c26336eec0a47,delivered,2018-04-18T04:57:10.0000000,2018-04-27T13:53:54.0000000,2018-05-16T00:00:00.0000000,0,75.00,12.97,87.97,87.97
bee402360958bd68274013f8b3ecb4f0,8bdae6b4ff9bc7f4c5ad5394081186d7,delivered,2017-11-24T23:30:13.0000000,2017-12-01T19:34:09.0000000,2017-12-15T00:00:00.0000000,0,315.00,61.56,376.56,376.56
de6849867dd230818cd854b69f5b21f7,4016bcd0cf90a7a3344a571cd6a4dccf,delivered,2017-04-07T20:27:57.0000000,2017-05-09T14:56:59.0000000,2017-05-15T00:00:00.0000000,0,179.99,30.19,210.18,210.18
4ae724c523545a7806fc987df2964b05,981d4e25f7275e5dc35df59e20f22acc,delivered,2018-05-19T17:59:49.0000000,2018-05-24T18:03:28.0000000,2018-05-29T00:00:00.0000000,0,29.99,7.87,37.86,37.86
bb5a46301dcca0ca265b0bd999f9dd52,dfb8efcf14ab981879b8a2cdc810a496,delivered,2017-07-22T17:43:05.0000000,2017-08-01T20:44:59.0000000,2017-08-22T00:00:00.0000000,0,151.80,25.32,177.12,177.12
a686a1abab230b267d666e2b728f659c,11c087cacf76b2ad39f4a5dc2883ac40,delivered,2018-07-29T18:42:41.0000000,2018-08-04T12:56:40.0000000,2018-08-15T00:00:00.0000000,0,114.90,23.60,138.50,138.50
44c4ba0247b4e50ab9c03466cc15ea5c,a746555ee455b68e9b6b6eb0a52355c8,delivered,2018-03-29T21:24:53.0000000,2018-04-17T19:44:32.0000000,2018-04-17T00:00:00.0000000,1,39.99,11.89,51.88,51.88
036b791897847cdb8e39df7943367474,04719f10ea55e8d39bff210bea43c1a3,delivered,2017-05-10T15:34:59.0000000,2017-05-17T11:14:40.0000000,2017-05-18T00:00:00.0000000,0,49.99,9.34,59.33,59.33
d97c11eb9b8f2f16f9b40432c070c8d3,54b97520d6ce1e386a49dc449cd7959a,delivered,2018-06-25T22:45:12.0000000,2018-07-03T16:58:48.0000000,2018-07-17T00:00:00.0000000,0,12.25,15.23,27.48,27.48
917d8fa5446854ac034de2f57c82bbee,d3806fa21465451e5523e90253e2457d,delivered,2018-03-29T19:11:55.0000000,2018-04-20T13:32:51.0000000,2018-04-26T00:00:00.0000000,0,149.99,16.92,166.91,166.91
429538330ae6d874fd05455f574f5852,e8aad07575654e0595acf49b64b9b46b,delivered,2018-01-12T15:10:26.0000000,2018-01-25T20:21:59.0000000,2018-02-07T00:00:00.0000000,0,49.00,15.10,64.10,64.10
7c89d1b99dac4362bf2513afd0b14edd,a48acf545fc196fe1a22e67ba443504e,delivered,2018-08-23T21:20:25.0000000,2018-08-28T21:07:31.0000000,2018-09-06T00:00:00.0000000,0,117.00,15.92,132.92,132.92
cf8ba6c5f0ac149f8e8f55217c47e967,6bae2a5db6ca78c2225e213a63d4af9b,delivered,2018-05-16T13:40:17.0000000,2018-05-21T15:10:52.0000000,2018-05-30T00:00:00.0000000,0,750.00,19.34,769.34,769.34
313e46c49954ab094294fc88b099b570,8a615f61a0a0ad7c79ec40a6cba45fb6,delivered,2017-06-16T10:33:54.0000000,2017-06-27T08:27:52.0000000,2017-07-06T00:00:00.0000000,0,229.99,17.24,247.23,247.23
2a834f698c8b713627f7729b9c164746,39e2660b6789a449d35bd48bc54999dd,delivered,2017-08-01T14:44:38.0000000,2017-08-09T18:58:01.0000000,2017-08-14T00:00:00.0000000,0,139.90,8.23,148.13,148.13
879f83e9f2c3777d90bed2b448e144f8,b07884373a48a80842802d6bf097d411,delivered,2018-05-14T11:56:00.0000000,2018-05-16T16:11:09.0000000,2018-05-22T00:00:00.0000000,0,19.90,7.71,27.61,27.61
090df55d4945ec96f88731875465407d,51305a24f02a05869e1fa706fd5d5bd3,delivered,2017-07-17T20:15:39.0000000,2017-07-26T03:13:31.0000000,2017-08-11T00:00:00.0000000,0,59.90,13.44,73.34,73.34
f9180f3f33082b5e522c46f22c4cf4da,7f4a30f8ff8f5bf42df32a7f52a710d9,delivered,2017-10-22T20:26:38.0000000,2017-10-31T17:42:31.0000000,2017-11-14T00:00:00.0000000,0,41.80,15.20,57.00,57.00
f20ea43e9a47fc54e94b12d3de6bfefe,ced32367d38a165b853d1ba2b40c5f94,delivered,2017-06-18T19:15:35.0000000,2017-06-23T10:59:32.0000000,2017-06-30T00:00:00.0000000,0,57.90,8.72,66.62,66.62
679b69f80ba6fa25ec46803b1d838bb5,4315737fd2aa35c3b79d16f24a01fec8,delivered,2018-06-28T13:21:15.0000000,2018-07-05T22:46:46.0000000,2018-07-23T00:00:00.0000000,0,21.00,12.81,33.81,33.81
1a9b986cfe31ed59c5a6c00287db7e74,377e81546d7d92c97c710a231e747c45,delivered,2017-08-06T16:04:38.0000000,2017-08-15T17:14:54.0000000,2017-08-25T00:00:00.0000000,0,19.90,11.85,31.75,31.75
d01dff4d42c2ef5bdcb2085ccf391ed4,302bd5105bfe26a95e7942e9e85d5b2b,delivered,2018-04-04T15:08:43.0000000,2018-04-11T02:39:46.0000000,2018-05-07T00:00:00.0000000,0,35.00,11.39,46.39,46.39
2ae6e5a2da4078c84661d1289e22742b,dbd74dc83297f0301be2f721a409b758,delivered,2017-03-30T21:59:17.0000000,2017-04-13T16:57:42.0000000,2017-04-25T00:00:00.0000000,0,34.90,10.96,45.86,45.86
58fb05058cf15a3f9eaeb29497841a33,92ac3fb7d7452e72343e49885a19368c,delivered,2017-02-20T00:34:48.0000000,2017-02-24T10:08:00.0000000,2017-03-21T00:00:00.0000000,0,117.00,29.01,146.01,146.01
4fc94c8676998593a574d390d50dea42,29c830f587505d49e0c948cb934d8c26,delivered,2018-05-01T15:13:03.0000000,2018-05-17T19:51:11.0000000,2018-06-08T00:00:00.0000000,0,119.99,29.87,149.86,149.86
aa225b52da83ae9c797a46da556fa068,85c44b9f025694874bff02234f0fe533,delivered,2018-04-03T07:33:27.0000000,2018-04-07T00:54:45.0000000,2018-04-13T00:00:00.0000000,0,19.49,7.87,27.36,27.36
9b53b66ca7d27b4c0ccf5ba89af00bd0,1557a1c24daba73fb59e9291482064a4,delivered,2017-06-19T02:15:55.0000000,2017-06-29T14:19:50.0000000,2017-07-14T00:00:00.0000000,0,99.90,17.27,117.17,117.17
47d5c4cb8aba6b76371169d9c9f8089b,7ffbb6c8195cbfe1a25395dc9513f03d,delivered,2018-01-06T18:27:34.0000000,2018-01-09T18:27:51.0000000,2018-01-24T00:00:00.0000000,0,39.60,7.78,47.38,47.38
6c636e8cee90bf0aac0ec71c90f873e3,7a72e1fbb23c6558efb32d2fd9327f79,delivered,2017-09-13T16:27:46.0000000,2017-10-09T12:33:12.0000000,2017-10-06T00:00:00.0000000,1,56.97,16.16,73.13,73.13
09575d6ffa589cae127ff0e6c1b974ed,c3563d85f2d3642472263a25a98d9fc5,delivered,2018-04-24T14:23:18.0000000,2018-05-08T22:05:24.0000000,2018-05-17T00:00:00.0000000,0,18.98,14.58,33.56,33.56
7f6f89d90e1cd5ffeede04c86b1d095c,a925497be66b54047496bd05c43e46c6,delivered,2018-08-11T16:38:20.0000000,2018-08-24T12:32:54.0000000,2018-08-29T00:00:00.0000000,0,49.70,43.15,92.85,92.85
93dc7c78fb2b4efe25f1ed813f84992a,9cca406efea111557fa977471c4985a0,delivered,2017-04-05T00:11:11.0000000,2017-05-02T17:26:32.0000000,2017-05-12T00:00:00.0000000,0,249.99,30.10,280.09,280.09
465bf9fa1326d9215c7f699901a7b30a,0ebd6e76d10794d15132085db227253e,delivered,2017-07-13T19:47:14.0000000,2017-07-19T13:57:27.0000000,2017-08-09T00:00:00.0000000,0,20.90,14.10,35.00,35.00
75213e459cfe44a61c496c864e0a8c63,9c11910f46b5a9a3d8366b09a0514c97,shipped,2017-11-23T22:44:09.0000000,,2017-12-15T00:00:00.0000000,0,32.99,15.11,48.10,48.10
3be9765eafd8ecf60d00e05f4cb35ad1,08fc5058d39f827b41d726cac116dfbc,delivered,2018-01-24T11:55:40.0000000,2018-02-05T21:42:40.0000000,2018-02-19T00:00:00.0000000,0,35.99,25.38,61.37,61.37
88879beae0f0296595d49325ad667489,0d6f688455ee919c000970e75b257731,delivered,2017-06-08T11:06:12.0000000,2017-07-06T12:41:54.0000000,2017-07-03T00:00:00.0000000,1,34.90,15.11,50.01,50.01
b4785764380c08de311002f4a12e034b,cbb7dd66849d5e1d4a3cbb8ee460633c,delivered,2018-07-24T09:09:25.0000000,2018-08-02T23:33:00.0000000,2018-08-17T00:00:00.0000000,0,39.50,16.47,55.97,55.97
6c3135486d8821b2877a0f8d92095a6d,51911593422dd5311dae45ef358b50ed,delivered,2017-02-13T21:18:03.0000000,2017-02-23T10:44:37.0000000,2017-03-20T00:00:00.0000000,0,18.99,17.78,36.77,36.77
e15ea1f7534d809bdc05d3c5ecedf24c,d354903c583c97da65dd4c601f681f0e,delivered,2018-05-17T16:47:12.0000000,2018-06-05T22:34:35.0000000,2018-06-01T00:00:00.0000000,1,429.00,24.53,453.53,453.53
d7eec17ae2e61fc4dc36f1e1ac4d0ed1,22a0bf2e340a205038ce5d5681bf3883,delivered,2017-08-06T17:41:56.0000000,2017-08-30T22:19:10.0000000,2017-09-05T00:00:00.0000000,0,31.90,11.85,43.75,43.75
fcbb279d7ea6e7179b092b1f15d6d5e0,5d688a4260b1c11195859ac656fa9dcc,delivered,2018-04-28T16:04:22.0000000,2018-05-07T21:22:43.0000000,2018-05-18T00:00:00.0000000,0,49.00,12.79,61.79,61.79
071cf21dda000c6ce3b50a56374b1b89,67fcfd9052233afa10b632e4683f6f2f,delivered,2018-06-12T09:46:19.0000000,2018-06-23T16:16:39.0000000,2018-07-17T00:00:00.0000000,0,149.90,60.28,210.18,210.18
06499dd792313ae78e92e4819ffceff9,35e6428c10b500bb6f921daee26e88d8,delivered,2017-04-26T11:30:38.0000000,2017-05-10T09:08:42.0000000,2017-05-24T00:00:00.0000000,0,83.90,14.76,98.66,98.66
062b1b23a7928be5abeb406e5889e08e,7d6a0d2bc3cd8656c1be4de50b4d73d3,delivered,2018-03-21T22:46:08.0000000,2018-05-08T20:19:01.0000000,2018-04-23T00:00:00.0000000,1,322.00,186.38,508.38,508.38
97b75ddaf041b0f141f0dc8617f58661,1359d5ea4696eac72d35f45e9fc0eb9e,delivered,2017-11-02T16:17:52.0000000,2017-11-15T16:58:36.0000000,2017-12-01T00:00:00.0000000,0,225.98,34.16,260.13,260.14
aac01d5ce6fab5aa0e191d71aedbaa3c,7f10859af8483458fbe59d40da3d04f5,delivered,2017-01-28T13:24:20.0000000,2017-02-09T11:03:47.0000000,2017-03-15T00:00:00.0000000,0,35.50,18.00,53.50,53.50
e391c35b78728b170cead56c6a53980a,b3e4e7be7d2042271ac4022ab2b88db0,delivered,2018-08-12T15:27:19.0000000,2018-08-17T23:12:27.0000000,2018-09-05T00:00:00.0000000,0,95.28,23.91,119.19,119.19
46dd6a6cd45a2a99868c3daccd9cb301,fac97242b677d1afdc9a454cdc2b5fe3,delivered,2018-01-14T09:02:48.0000000,2018-01-22T13:56:22.0000000,2018-02-05T00:00:00.0000000,0,29.90,11.85,41.75,41.75
92062aeb70a6b30e71bfecc239c24a4c,4ac864354fcda4d761ad2c0bd1c3c58a,delivered,2018-02-28T23:04:05.0000000,2018-03-09T23:27:37.0000000,2018-03-27T00:00:00.0000000,0,99.00,12.82,111.82,111.82
c906b3161de4c9e7c323e68c831f35b1,cf63353e83a977b59f69e36894e21074,delivered,2018-04-26T06:16:35.0000000,2018-05-04T21:51:24.0000000,2018-05-15T00:00:00.0000000,0,29.90,7.71,37.61,37.61
078e048ccc8dc8b449dedc064b860b0f,a599bcb4e597bbc3a7b1a1f6e39988ee,delivered,2017-06-22T19:29:40.0000000,2017-07-10T10:57:56.0000000,2017-07-05T00:00:00.0000000,1,59.90,14.13,74.03,74.03
c78a9ca51dc25c50d163f52920071378,457d1b72b0a407267ee749fb9dd36e6f,delivered,2017-08-06T11:45:26.0000000,2017-08-14T17:18:58.0000000,2017-08-29T00:00:00.0000000,0,38.99,14.10,53.09,53.09
cc1942bfd9c7e5fdf278196ff5d8e9ff,cb5a265c07cf2780acbf53c22488e4f1,delivered,2017-12-14T12:29:18.0000000,2018-01-05T19:39:04.0000000,2018-01-12T00:00:00.0000000,0,27.99,15.79,43.78,43.78
2411e5019928e883d049f7242362c23b,92ac70cce9e5ac1bb34996610d9564a4,unavailable,2017-09-17T12:15:07.0000000,,2017-10-05T00:00:00.0000000,0,,,22.38,
5f12df808d35ea25be28ad052f4aa3ea,a9b867fb8cf559a909c421576f75f197,delivered,2018-06-03T16:44:31.0000000,2018-06-07T15:44:25.0000000,2018-06-28T00:00:00.0000000,0,330.00,10.07,340.07,340.07
e69f0bdbe0e15d97ec6390b2714b5086,d8b951d220b48acc62145865f7f443a3,delivered,2018-03-10T20:42:39.0000000,2018-03-26T10:32:47.0000000,2018-03-28T00:00:00.0000000,0,15.99,17.93,33.92,33.92
23b9e7764953e9889b44983acf062485,dbeb793fe7c0960adfaa61f113b738ae,delivered,2017-11-16T18:15:43.0000000,2017-11-30T19:14:00.0000000,2017-12-08T00:00:00.0000000,0,190.90,16.09,206.99,206.99
c1c8d1d83b4a995b98278cf1d99d6cfc,87d73ddc7b2bafe58c0c02739d295e5a,delivered,2017-05-13T15:45:59.0000000,2017-05-26T12:51:36.0000000,2017-06-12T00:00:00.0000000,0,23.99,17.92,41.91,41.91
14e58712c72f8606b985860c5711fdf7,bdc73fef8fa89e24e2eee9834d05415e,delivered,2018-07-26T10:09:26.0000000,2018-08-01T20:51:16.0000000,2018-08-10T00:00:00.0000000,0,83.00,16.77,99.77,99.77
9cd76a738c425b55aa860a6c5e469857,379e05bf7d5ea104170f08b3ba7b0e95,delivered,2017-03-15T12:02:38.0000000,2017-03-23T23:06:05.0000000,2017-04-05T00:00:00.0000000,0,119.80,31.26,151.06,151.06
a84b9774653ed92f91314ea56770fe1d,78474f6f0891d18a3a9e0fa4f1fcf34c,delivered,2017-11-24T20:50:36.0000000,2017-12-13T20:17:05.0000000,2017-12-14T00:00:00.0000000,0,25.90,14.10,40.00,40.00
4e157a36ea9cf89bde6fff57a780b525,24970f1325070d89a1c42dd450b09a8a,delivered,2018-08-24T14:37:50.0000000,2018-08-30T20:47:26.0000000,2018-09-10T00:00:00.0000000,0,39.00,18.44,57.44,57.44
5261639befee46871e5005e71a7694a7,bd777ffb4e6dfb7822990749f6296866,delivered,2018-07-28T14:31:27.0000000,2018-08-02T18:03:16.0000000,2018-08-13T00:00:00.0000000,0,56.10,13.97,70.07,70.07
af951c92f2dc412031be59f9717df70e,74b45de02962e748eb6da766e9c84ddf,delivered,2017-12-10T16:20:49.0000000,2017-12-22T00:52:36.0000000,2018-01-09T00:00:00.0000000,0,120.00,15.59,135.59,135.59
4fec76db2097ee09cc1dd9717d6ead9c,e89563d7f4863102a1310cee927fa111,delivered,2018-04-18T18:24:15.0000000,2018-04-25T16:52:35.0000000,2018-05-08T00:00:00.0000000,0,124.90,13.99,138.89,138.89
30a461491fa262d5d6321e3194bbb452,d793c36ce968769248cb9ea17deb90a9,shipped,2018-04-26T11:30:58.0000000,,2018-05-17T00:00:00.0000000,0,45.90,17.93,63.83,63.83
6b82f79b806b4374a7b1315d1881d1ba,59c2c3b2ba7a92a68478e9eb59e9e88a,delivered,2018-03-30T14:50:44.0000000,2018-04-13T13:39:43.0000000,2018-04-23T00:00:00.0000000,0,129.90,23.49,153.39,153.39
ab1969d313f329f430baa04696d322f3,a191dfc729f180264941a4368d69bf44,delivered,2017-03-24T12:59:22.0000000,2017-04-05T15:39:58.0000000,2017-04-19T00:00:00.0000000,0,84.99,16.29,101.28,101.28
79e49d0b633619b3e94c74b0d640e63d,54ffc23dec5b15b8867ebb0b119e9ebe,delivered,2017-11-16T18:46:37.0000000,2017-11-20T13:48:32.0000000,2017-11-29T00:00:00.0000000,0,79.99,8.30,88.29,88.29
e84a134160970bbbd747fa73e42c7e7a,750641ff9dddbd9f73ecd53f5edadae7,delivered,2018-07-30T13:47:40.0000000,2018-08-14T16:26:57.0000000,2018-08-20T00:00:00.0000000,0,329.00,22.25,351.25,351.25
8b21fb2df5ea38807dc254552c40cf84,54a579d5072fb7ae3f433519428f6cdc,delivered,2018-01-08T19:38:58.0000000,2018-01-24T21:12:42.0000000,2018-02-05T00:00:00.0000000,0,55.80,30.20,86.00,86.00
945974d480bc501f2da3b39ec23fa369,b0c07f3d291615bfc80f799eb7b8d9d5,delivered,2017-07-14T22:46:48.0000000,2017-07-25T00:32:03.0000000,2017-08-09T00:00:00.0000000,0,69.90,17.74,87.64,87.64
4e0e3013defc109eaef2c4cf86b66a10,ca555d3669582cd6c8c13e8973c9fefe,delivered,2018-06-26T14:00:04.0000000,2018-06-29T16:50:55.0000000,2018-07-17T00:00:00.0000000,0,119.40,14.18,133.58,133.58
8f0937285bd1bba4cfc8332ee467b490,7df3b87f2d42e48d389aee0e1922111b,delivered,2018-03-05T08:49:17.0000000,2018-04-06T22:05:26.0000000,2018-04-02T00:00:00.0000000,1,1635.00,45.25,1680.25,1680.25
ec1ca92aa0c364b34658f56d01e48691,916c443f0834b02f061752c40f4b1666,delivered,2017-12-13T15:36:43.0000000,2017-12-22T20:49:26.0000000,2018-01-08T00:00:00.0000000,0,259.99,13.32,273.31,273.31
fb2dccfadca8cd6ebddc5d10ae48d1f7,5358667640552c9500b4735e5f3a04a2,delivered,2018-08-02T20:52:16.0000000,2018-08-17T18:22:32.0000000,2018-08-21T00:00:00.0000000,0,996.00,138.44,1134.44,1134.44
882106360eb7749193bf51b626d4d835,f840dfcebe8ead89c4809a63d64b0dbb,delivered,2018-05-15T12:45:15.0000000,2018-05-24T20:28:44.0000000,2018-06-08T00:00:00.0000000,0,173.80,126.97,300.77,300.77
e22a3e8048469ea68906f666d446c25c,aa0533eb31ed3be79086f11bb2bec430,delivered,2017-08-28T09:48:01.0000000,2017-09-05T21:42:35.0000000,2017-09-19T00:00:00.0000000,0,139.00,21.46,160.46,160.46
90084fb270986d4c0fc78715cc46840e,fcfa6b64765235e944c28d83f99ee9dd,delivered,2018-05-01T12:45:11.0000000,2018-05-09T18:19:26.0000000,2018-05-30T00:00:00.0000000,0,99.90,25.58,125.48,125.48
fa145f6e474f19a183553a249dc5a73b,302025f399c7405c509a297b6b9a1e73,delivered,2017-10-19T15:13:31.0000000,2017-10-27T21:28:01.0000000,2017-11-09T00:00:00.0000000,0,98.90,13.71,112.61,112.61
3dcca0000c916de0c956a7cf2337dfc5,2b43f4b26a92cdc2e1b8caa8f70091a5,delivered,2017-05-03T09:01:56.0000000,2017-05-16T11:52:27.0000000,2017-06-05T00:00:00.0000000,0,225.00,15.74,240.74,240.74
2c453858db792dfba1340601d2814b28,fc583cfdde5d391a98d0f17d30209677,delivered,2018-03-16T11:13:44.0000000,2018-03-28T20:04:12.0000000,2018-04-12T00:00:00.0000000,0,93.00,18.23,111.23,111.23
871eacc5e01425943ac0b26298b0b899,25e2c3b9b260e4075b6cf64ff700999c,delivered,2018-06-24T22:10:36.0000000,2018-06-26T23:11:04.0000000,2018-07-05T00:00:00.0000000,0,149.90,12.54,162.44,162.44
84705956de681a2d1420bd90d7667472,bafd51862cb88bd42d499170c2ac35fd,delivered,2017-01-31T14:38:27.0000000,2017-02-07T16:31:33.0000000,2017-03-07T00:00:00.0000000,0,349.99,26.90,376.89,376.89
7a4caa019e7bb13e8a2c00696be65ec5,58359e541013053d51a9831dc013005e,delivered,2018-06-06T22:58:31.0000000,2018-06-20T22:12:58.0000000,2018-07-03T00:00:00.0000000,0,6.90,15.23,22.13,22.13
0ea08b72c67b53b70201a88bf14a417c,8334312af31ce890e1662813e392cb9a,delivered,2018-05-14T14:56:58.0000000,2018-05-18T20:22:19.0000000,2018-05-25T00:00:00.0000000,0,79.99,9.44,89.43,89.43
70f3d00cfbc9cc2a465887a6edeb1149,291077961cb657f8fcee35954f5ee92d,delivered,2018-07-14T09:19:17.0000000,2018-07-23T13:03:54.0000000,2018-08-09T00:00:00.0000000,0,1280.00,63.44,1343.44,1343.44
181b10d008567cbac5bed22ff54e0299,359488502e8d0f1c203c9add92e75efe,delivered,2017-06-09T09:29:29.0000000,2017-06-16T15:03:20.0000000,2017-07-04T00:00:00.0000000,0,180.90,49.80,230.70,230.70
e644846cdecdccd138e86d1f488e1abb,15b08956d5af30c644913e452cf6bb01,delivered,2017-11-24T22:46:46.0000000,2017-12-19T23:56:57.0000000,2017-12-22T00:00:00.0000000,0,62.90,18.01,80.91,80.91
ec4aa6e072a8895dc5f672c6b36052f2,2ed2836220d9ae4f2c27af67953c572d,delivered,2018-07-30T14:49:50.0000000,2018-08-04T12:31:09.0000000,2018-08-09T00:00:00.0000000,0,74.80,17.65,92.45,92.45
c4cc1f9e57162d961e267cf2f07d2fe1,8e3cc780250f03dc790d7f185c6c60c9,delivered,2018-08-22T10:59:51.0000000,2018-08-25T12:13:15.0000000,2018-09-05T00:00:00.0000000,0,117.90,18.93,136.83,136.83
ebb616297d99bc328a845d4eee057027,53d636a45b41f7d8b691a98bdecd6978,delivered,2017-08-28T21:10:40.0000000,2017-09-05T15:53:05.0000000,2017-09-20T00:00:00.0000000,0,59.00,15.16,74.16,74.16
d207a9accbfb1677062f22f106463c33,10804d267da5dd8c39b604a3a21bae90,delivered,2018-07-14T17:42:51.0000000,2018-07-25T20:48:47.0000000,2018-08-01T00:00:00.0000000,0,118.80,18.93,137.73,137.73
ac0bd3bcb4062dc7bfd025109df9e6e4,a42f35ccbfe49b036589334ed0d904fb,delivered,2017-05-09T14:58:25.0000000,2017-05-25T10:43:47.0000000,2017-06-08T00:00:00.0000000,0,26.69,42.38,69.07,69.07
0b4aab4ef70208498663141571f68116,e46010c28f8c49202bcf2a0b0347189d,shipped,2018-03-08T11:17:00.0000000,,2018-04-16T00:00:00.0000000,0,85.90,23.18,109.08,109.08
1acb85231edcc2f8c1904837bb11a3be,13535c35f58cebeb37b5733f30225dcb,delivered,2018-06-16T19:54:24.0000000,2018-07-05T17:26:35.0000000,2018-07-25T00:00:00.0000000,0,66.99,18.57,85.56,85.56
03ab852861cd75d0a9225c92a3354a3a,4236ba0e8837211a7c2d22719c96bf86,delivered,2017-12-10T10:03:25.0000000,2017-12-16T17:08:12.0000000,2017-12-28T00:00:00.0000000,0,115.00,8.06,123.06,123.06
dd3f3e7d9dd0bc094ef6741a6255fd6e,d4673d428a33789705f5a5435273f6de,delivered,2017-12-03T22:09:23.0000000,2017-12-07T16:32:50.0000000,2017-12-27T00:00:00.0000000,0,19.90,11.85,31.75,31.75
995694d9386dba87a71f0229d6b13661,ae8cb050c5b607276fe06effb7476c13,delivered,2018-05-06T12:20:12.0000000,2018-05-21T22:15:33.0000000,2018-05-25T00:00:00.0000000,0,99.90,44.47,144.37,144.37
c8e19a0edcf6fd34024a2f7fe5f85ef8,19b56789ea957b09b16337c78511dc82,delivered,2018-02-19T18:15:37.0000000,2018-03-14T06:48:22.0000000,2018-03-28T00:00:00.0000000,0,288.82,52.58,341.40,341.40
b0dd70806e7372c35f599726cb3170cb,58dcb42af4f9db51ba00c28ddf479b3f,delivered,2017-11-26T16:45:47.0000000,2017-12-15T20:49:53.0000000,2017-12-15T00:00:00.0000000,1,49.90,14.10,64.00,64.00
231f5faa326e8643dc979ef4dcc9cd31,9599f5e43a9b54a82ab4392a0c8e94f5,delivered,2018-08-05T13:33:17.0000000,2018-08-15T14:18:29.0000000,2018-08-21T00:00:00.0000000,0,78.00,15.65,93.65,93.65
443c3a064cdbe69048772620883f6b8d,3444fddaf81960754e7aaf593cb506d4,delivered,2018-04-19T21:44:10.0000000,2018-04-26T23:05:03.0000000,2018-05-08T00:00:00.0000000,0,119.99,12.17,132.16,132.16
e44a2113e6f06206c4ae9134ab3f6074,58535189e65825b18fee8a045f64e716,delivered,2018-07-13T15:32:27.0000000,2018-07-25T16:43:54.0000000,2018-08-01T00:00:00.0000000,0,215.98,31.72,247.70,247.70
c97de78b8ee3343c72b234c57b872408,7dd98d09c536a360c394b8d8e908d9ae,delivered,2018-03-02T23:52:13.0000000,2018-03-29T21:04:08.0000000,2018-04-06T00:00:00.0000000,0,399.98,165.68,565.66,565.66
83f24bbc4f76a2730ba9c9cfa32e6d07,d49bac4ac7d77b956f2b185ab700fbf1,delivered,2017-04-27T09:09:44.0000000,2017-05-04T13:20:07.0000000,2017-06-06T00:00:00.0000000,0,209.90,21.55,231.45,231.45
93c83ea3b4b085801b081e301cb244e3,91be5b56d0defe5cd4e15046781768d9,delivered,2018-04-11T17:21:18.0000000,2018-04-17T00:11:05.0000000,2018-04-30T00:00:00.0000000,0,204.00,16.28,220.28,220.28
ca5824dc67bc4de20753f881aede6b1f,243705e236a65396ce7d8f081bfc53be,delivered,2017-05-20T02:38:23.0000000,2017-05-29T19:16:48.0000000,2017-06-13T00:00:00.0000000,0,11.90,15.10,27.00,27.00
5e4bfcd38684c04354cdf837b2cf071a,d6bd6bae1fde27686996e46b43f34fc4,delivered,2018-02-26T16:50:02.0000000,2018-03-06T18:04:22.0000000,2018-03-16T00:00:00.0000000,0,54.00,16.63,70.63,70.63
a7dc01ae91acf2567d1367a25ce303e5,c95a0627341232e6147a84f69c5ebc5f,delivered,2018-07-29T20:00:34.0000000,2018-08-05T13:08:39.0000000,2018-08-10T00:00:00.0000000,0,38.00,15.37,53.37,53.37
c5b5456c785367bef488a2e46479242a,d8511462421830ed1cee388be55e76b4,delivered,2018-04-22T15:42:20.0000000,2018-05-08T17:17:38.0000000,2018-05-22T00:00:00.0000000,0,152.50,24.00,176.50,176.50
e1b2a1e9b1061373325666846305ff84,be0a33e2135be2feafcc7c258e413475,delivered,2017-08-17T18:21:17.0000000,2017-08-29T19:42:20.0000000,2017-09-12T00:00:00.0000000,0,104.99,17.98,122.97,122.97
371d3a892917017b32ada644ba1f301d,4b75108e04b3276463ab15e3633d73e0,delivered,2018-08-05T18:53:35.0000000,2018-08-15T14:01:59.0000000,2018-09-14T00:00:00.0000000,0,55.90,23.54,79.44,79.44
37e7875cdce5a9e5b3a692971f370151,3fecd6727aed19735e06945b7c3e49c9,delivered,2018-05-18T12:15:11.0000000,2018-06-06T18:22:40.0000000,2018-06-14T00:00:00.0000000,0,34.90,22.06,56.96,56.96
64669840d01cf19228dbb0bcecfc638e,1224d76e953c07d3b52cdec6a0ae0d21,delivered,2018-08-03T15:34:58.0000000,2018-08-10T22:38:28.0000000,2018-08-09T00:00:00.0000000,1,55.00,13.97,68.97,68.97
80967070f5cc6d8bbe062cda5b15d84d,955118c4a064ac49d1d86cb81745eca3,delivered,2018-08-06T20:35:34.0000000,2018-08-08T21:28:56.0000000,2018-08-14T00:00:00.0000000,0,59.90,7.68,67.58,67.58
1d5bea59fdbfbb09905a07530d5a8c10,c8e10b3d0cf55d6c7a181d80b7e7e064,delivered,2017-04-21T10:10:08.0000000,2017-05-08T10:48:05.0000000,2017-05-15T00:00:00.0000000,0,117.30,22.29,139.59,139.59
96ae30a2357a999e6010b2f1401af374,44ea012b92b665f5f4c775f3f0a63d7b,canceled,2017-07-31T16:37:31.0000000,,2017-08-18T00:00:00.0000000,0,26.90,11.85,38.75,38.75
8d39667dd1c683e4a8b9dc1f16d08cb9,d3d640e9dd196770cd7e5c848e8a8152,delivered,2017-07-19T11:18:00.0000000,2017-07-28T18:52:46.0000000,2017-08-16T00:00:00.0000000,0,588.00,53.82,641.82,641.82
c14c3f7884d25f88ef34bc018d3accc6,be908210af8ee3355cf14d91d1656986,delivered,2018-01-30T18:33:28.0000000,2018-02-16T23:53:06.0000000,2018-02-22T00:00:00.0000000,0,29.99,14.10,44.09,44.09
77831afddf2a5ebdda899a6adc91f88f,7d550b5426c420f2974720bcb5889ef5,delivered,2018-06-15T12:26:19.0000000,2018-06-19T01:53:48.0000000,2018-07-03T00:00:00.0000000,0,89.90,9.38,99.28,99.28
cbfef07a94222ac807384ccf69f988b4,a322a6a643ad00260fbf07da3f0f2bb7,delivered,2018-05-15T13:42:15.0000000,2018-05-22T15:16:22.0000000,2018-05-23T00:00:00.0000000,0,94.99,11.29,106.28,106.28
4c1bccb42ff068a53ac02ad1109be5fe,e26866fcad952f322729ccd8b71e2758,delivered,2018-01-11T03:57:34.0000000,2018-01-16T22:36:04.0000000,2018-01-29T00:00:00.0000000,0,45.90,13.92,59.82,59.82
63521dde368b991f973cd4ae332dbe1d,9ba4c0b1c86b786749eb88bb23609566,delivered,2018-05-08T11:22:48.0000000,2018-05-15T19:48:51.0000000,2018-05-23T00:00:00.0000000,0,109.99,14.85,124.84,124.84
06ed17679c8b0ff15675069ab6217783,15a1e1d176ac754126d54e0c861e5883,delivered,2017-05-28T09:37:43.0000000,2017-06-03T08:51:32.0000000,2017-06-12T00:00:00.0000000,0,169.00,8.44,177.44,177.44
039ff75de38e514eaa8ffb2618d5227e,de95d380cf871cae8dc79670a84a1bbe,delivered,2018-01-03T08:46:55.0000000,2018-01-09T19:16:54.0000000,2018-02-02T00:00:00.0000000,0,69.90,14.22,84.12,84.12
76a144984e527482dad02200366231c1,fc291b11a48cdc95783fa95cdc4d6286,delivered,2017-08-09T23:09:39.0000000,2017-08-17T18:10:47.0000000,2017-08-31T00:00:00.0000000,0,239.90,16.43,256.33,256.33
b54b301e4b2333df9c1e34a99ae270ee,b401fff20fc244a3ddbc89ffd51474de,delivered,2017-04-26T14:43:21.0000000,2017-05-09T09:46:05.0000000,2017-05-17T00:00:00.0000000,0,89.00,14.79,103.79,103.79
a50baa42994364594f0a002918035aeb,8f80eddc73b9b5abd87ce7a45d829b8f,delivered,2017-05-09T20:57:22.0000000,2017-05-20T08:29:49.0000000,2017-05-31T00:00:00.0000000,0,109.90,36.43,146.33,146.33
78c82a5b34fde0f0dc8d9d0670b231d6,cf14c812356b6ff9803c25aea2502855,delivered,2017-03-20T11:23:37.0000000,2017-03-27T15:22:58.0000000,2017-04-10T00:00:00.0000000,0,99.00,12.08,111.08,111.08
5a896322e3b42b9993f240317102cb0a,b58e6202acd5455dd3d4f38d2088f62e,delivered,2017-10-26T17:00:27.0000000,2017-10-31T19:23:01.0000000,2017-11-21T00:00:00.0000000,0,430.00,23.85,453.85,453.85
4c3c0b124df3a9bbd44a538ec578147b,0306f447354ba6e1012ce4350cb1d8da,delivered,2018-08-19T11:45:54.0000000,2018-08-29T01:02:35.0000000,2018-09-10T00:00:00.0000000,0,28.90,13.54,42.44,42.44
d47e5fbb24cade152dd968c93b0f0c66,e55ce7b0d217face26f0b2126413a84d,delivered,2018-05-14T19:23:56.0000000,2018-05-17T01:40:47.0000000,2018-05-22T00:00:00.0000000,0,81.80,17.76,99.56,99.56
74392b22a4cf55ce851b04ca127f6ca6,87d7093b18e14d148582079e7993445b,delivered,2017-08-06T11:51:24.0000000,2017-08-22T11:15:57.0000000,2017-08-29T00:00:00.0000000,0,6.00,15.10,21.10,21.10
a2189edb3c692c5c1ff9dfcb7a4c2208,da0481fffc899341bd69b4aa17ceb64c,delivered,2017-12-09T23:17:50.0000000,2017-12-22T19:48:58.0000000,2018-01-11T00:00:00.0000000,0,209.99,58.14,268.13,268.13
4c0516313f88337aef0820e61740d726,4ed1342e230ebe5cb1924ec8e5b68d0f,delivered,2017-03-01T16:41:19.0000000,2017-03-04T10:52:29.0000000,2017-03-27T00:00:00.0000000,0,169.90,17.62,187.52,187.52
b239d7a386db8ffed15c72578e9d3cac,c88fcf5993f74c364d6b198a06b29be8,delivered,2017-08-18T19:49:08.0000000,2017-09-19T15:07:57.0000000,2017-09-14T00:00:00.0000000,1,96.00,15.42,111.42,111.42
503b1d55537c749ca776d67d0d765cf9,d0c07be82fd929e1f01e1cac905e437d,delivered,2018-06-28T09:35:48.0000000,2018-07-04T09:58:51.0000000,2018-07-18T00:00:00.0000000,0,99.80,41.98,141.78,141.78
f8303e6eff198d1749d04649a1eb2bb6,4569e86ad4faba51cadc49ea1657ac3a,unavailable,2018-01-21T20:44:54.0000000,,2018-02-21T00:00:00.0000000,0,,,103.27,
1cecebfadf42798e6036d0d1a708354f,27665657a923f3fb5234cef27540af0a,delivered,2017-12-07T18:38:48.0000000,2017-12-30T14:49:09.0000000,2018-01-04T00:00:00.0000000,0,54.00,18.62,72.62,72.62
ff54b9c09ea01ff4a6998163e9822b79,61eb73b3aa56811b865abef59f7ef640,delivered,2018-05-29T21:46:07.0000000,2018-06-11T20:28:34.0000000,2018-07-04T00:00:00.0000000,0,499.90,19.47,519.37,519.37
569749247450c1251fdd11128a1bb2bc,d8a3b8bc08f3b315105a58bd347871af,delivered,2018-01-12T11:22:56.0000000,2018-01-25T00:29:11.0000000,2018-02-16T00:00:00.0000000,0,119.20,13.85,133.05,133.05
03e707d64a286c3fbad59b8c89cafd95,52857131a4ec3f7a9ffcfdfa5d417ae4,delivered,2018-03-24T09:52:16.0000000,2018-04-17T19:48:37.0000000,2018-04-18T00:00:00.0000000,0,124.70,19.84,144.54,144.54
b4623f97ac826702ad476db053f76c84,423a14e6fa2adec3fefe8c46c9026edf,delivered,2018-08-07T17:27:35.0000000,2018-08-13T14:36:33.0000000,2018-08-16T00:00:00.0000000,0,23.99,8.33,32.32,32.32
26887eda6470e8f186f3155b2b3116c8,13c08a7658ca3f40cfc338bb956e2cc4,delivered,2018-08-17T14:04:16.0000000,2018-08-22T21:22:36.0000000,2018-08-29T00:00:00.0000000,0,57.90,13.07,70.97,70.97
9c7950262e87089fd79aef7d4e4cd6e0,26188f96d7835fa7760ad5fc85f1fb5e,delivered,2018-03-17T17:31:08.0000000,2018-03-23T21:16:47.0000000,2018-04-05T00:00:00.0000000,0,234.00,38.97,272.97,272.97
9b7dc894401e705fca11db5f78a1c54b,b07413755f95c395799dc2da2f9ad06e,delivered,2018-02-28T20:54:03.0000000,2018-03-06T12:49:30.0000000,2018-03-23T00:00:00.0000000,0,130.00,14.66,144.66,144.66
9bee2a0789ef47ce6515c171c803a285,fb28fb8b06eeedf8e25812ba5380872f,delivered,2017-09-04T13:35:55.0000000,2017-09-25T21:33:06.0000000,2017-09-28T00:00:00.0000000,0,169.00,26.46,195.46,195.46
17b3a989f0a87769c633d0ed07ad1319,bd3bd5c7496111bd76518b9c9868e462,delivered,2018-05-06T17:48:17.0000000,2018-05-09T20:11:52.0000000,2018-05-17T00:00:00.0000000,0,105.00,9.09,114.09,114.09
80c7a16d8b2eed5720ce819c547229b9,c76a730bf9caf9a71c30b476fd809494,delivered,2017-08-31T15:16:50.0000000,2017-09-11T20:37:56.0000000,2017-09-22T00:00:00.0000000,0,85.00,17.84,102.84,102.84
73c182f8914a0064d6c64ad65e4c6942,f51c6d9e24e077d5755ac7abdb209b1e,canceled,2017-02-08T00:53:19.0000000,,2017-03-15T00:00:00.0000000,0,49.90,17.78,67.68,67.68
b43a98a6615a9a0319f5ec81a6e5d666,7842cf4e1725f54e49052c3d2bf2b2fa,delivered,2018-01-22T17:51:50.0000000,2018-02-06T19:35:12.0000000,2018-02-19T00:00:00.0000000,0,49.90,17.60,67.50,67.50
1621d8e6b777a7b525ed73c73ee564b9,8d2feb200cbe341f3e381de33cfe02a8,delivered,2018-06-17T18:26:51.0000000,2018-06-27T19:28:45.0000000,2018-07-05T00:00:00.0000000,0,35.90,17.46,53.36,53.36
1e0fdb7395b6eab4335b7a41b88813e4,0f87c14e91f558b71fcf73e6918f311f,delivered,2018-02-25T12:13:36.0000000,2018-02-27T20:22:13.0000000,2018-03-12T00:00:00.0000000,0,29.00,7.78,36.78,36.78
b32fad437a7904a2ddcafb3f0d23fed3,8182b66eeb4f305a94c432210a6b3566,delivered,2017-10-26T10:13:29.0000000,2017-11-04T00:45:40.0000000,2017-11-17T00:00:00.0000000,0,209.00,17.90,226.90,226.90
97258b92dad9851d26d0a0eed03c22da,32b8620bbb7f33dfc8e41ee075842fdf,delivered,2017-11-09T12:15:31.0000000,2017-11-13T17:26:57.0000000,2017-11-23T00:00:00.0000000,0,27.90,7.78,35.68,35.68
745937e30e1ee0f0fbe8a4225fd2dbe4,1ac9334d7764d4cd6c0bf3d0deb21929,delivered,2018-04-23T13:22:32.0000000,2018-05-04T16:33:08.0000000,2018-06-08T00:00:00.0000000,0,20.90,19.95,40.85,40.85
34c3abee8d77fe0a974fdfa816078235,f98b0694c7517f313358ea9f05f47612,delivered,2017-08-15T11:40:46.0000000,2017-08-28T16:57:44.0000000,2017-09-04T00:00:00.0000000,0,175.00,12.43,187.43,187.43
ce4efb4625d3d33a367d95cbc27cdef2,1b7f8d3f31d13251841892ac1cd759b6,delivered,2018-08-12T18:31:46.0000000,2018-08-25T17:47:27.0000000,2018-09-10T00:00:00.0000000,0,199.90,35.16,235.06,235.06
5d2d00e8bfcca1d76a0335b147b1d020,0d10a0cda45ad0f4447a6dba4390b09d,delivered,2017-12-09T20:39:25.0000000,2017-12-28T15:42:25.0000000,2018-01-11T00:00:00.0000000,0,137.99,18.54,156.53,156.53
10b7f107ec36cc780f9ef313a337a7bf,9f0ad38f4f1a9d5677c296cfaee107ed,delivered,2017-11-10T10:55:12.0000000,2017-11-21T21:19:24.0000000,2017-12-01T00:00:00.0000000,0,179.00,17.99,196.99,196.99
0919371859b3150228068cde3b07c122,8be17a073e7cd65a10e13bd307a20592,delivered,2018-06-04T20:59:42.0000000,2018-06-07T15:51:38.0000000,2018-06-28T00:00:00.0000000,0,109.00,39.71,148.71,148.71
f1b5a776430ea0b0ac4ada8349125900,995c452b5846644306763c4476249918,delivered,2018-08-18T12:25:09.0000000,2018-08-23T14:28:43.0000000,2018-08-27T00:00:00.0000000,0,204.00,8.85,212.85,212.85
9149cd995e116bfe5be90e2659e468a0,345c50dfee7c90b40557f26ff33b2145,delivered,2018-03-23T11:21:24.0000000,2018-04-02T22:37:39.0000000,2018-04-11T00:00:00.0000000,0,119.00,25.71,144.71,144.71
d6e4899000744aee28d41363a581e3c2,3f4fc8799a67c8500c491d9822e365fb,delivered,2018-08-06T19:11:34.0000000,2018-08-08T16:55:08.0000000,2018-08-20T00:00:00.0000000,0,98.00,14.85,112.85,112.85
6e6c4dabb25cc7d0d5792e6c6a0712ce,9877437582f263da7d7e30a90c57b8bb,delivered,2018-04-11T22:08:44.0000000,2018-04-23T18:38:39.0000000,2018-05-03T00:00:00.0000000,0,245.00,20.40,265.40,265.40
567320164aa96555310f5c8ed6e8c5d7,1ba3670c68bda95d41ac806d86976ab0,delivered,2017-03-04T14:03:59.0000000,2017-03-14T13:00:30.0000000,2017-03-29T00:00:00.0000000,0,39.90,14.11,54.01,54.01
c68482199495e3a57ca04d15b0159808,ad0dbbc49ba11e1ee93a974f6be5c81f,delivered,2018-03-10T19:54:28.0000000,2018-03-26T17:28:43.0000000,2018-03-28T00:00:00.0000000,0,49.00,13.47,62.47,62.47
fe9eb7fc7765ab4b09f817fda0b63089,80db8c7a7ea6b11ca4c65cc2b93a6dc0,delivered,2017-12-04T14:37:42.0000000,2018-01-13T00:45:24.0000000,2018-01-02T00:00:00.0000000,1,99.00,21.18,120.18,120.18
e3cbbe0fedd9fcbe7450e0c2943beb3d,44854eab6adfdaa63e9f4d6d59040585,delivered,2018-05-06T10:07:19.0000000,2018-05-14T14:28:42.0000000,2018-05-29T00:00:00.0000000,0,89.99,18.51,108.50,108.50
503ff9670f30b2971bcb5df703a3f405,4ba2b0197b5e437ae42e625a89ebaf41,delivered,2018-03-16T14:33:37.0000000,2018-03-23T19:32:58.0000000,2018-04-09T00:00:00.0000000,0,93.50,19.62,113.12,113.12
aaabf43feb9498d9de4588eb73231c25,85204a33560ea671ee5df3dc91c8361b,delivered,2018-06-20T22:07:30.0000000,2018-07-05T22:08:24.0000000,2018-07-18T00:00:00.0000000,0,14.33,22.06,36.39,36.39
131bcb82ecd96d251fa7eb8bb1f1baca,24dd6be58b4717018fa8062703561b76,delivered,2017-09-14T10:29:33.0000000,2017-10-07T11:37:32.0000000,2017-10-02T00:00:00.0000000,1,358.99,16.26,375.25,375.25
a9fd47117c3f6b4e72456d5331e2bfb1,779609a1ecaee6f5ea1b6e50359c0aa1,delivered,2018-02-01T15:10:56.0000000,2018-02-14T22:36:34.0000000,2018-02-23T00:00:00.0000000,0,99.90,12.20,112.10,112.10
b62fb8675350e9d26562d21d74f310bc,196589770e3a1f3bec937543f965046b,delivered,2018-04-27T15:42:08.0000000,2018-05-08T19:44:57.0000000,2018-05-22T00:00:00.0000000,0,48.90,12.79,61.69,61.69
3de92648437ce8d6e9d3b60f36cfa537,92ff4a1cd03e989698328acb4c3fc46c,delivered,2018-05-02T20:47:14.0000000,2018-05-14T16:19:37.0000000,2018-05-30T00:00:00.0000000,0,156.00,18.97,174.97,174.97
2907ff34cf73f01cce80c9b882cb5e8e,26b6ab78a5d35d8e01b2c42bd69f21c9,delivered,2017-12-18T14:29:29.0000000,2017-12-26T18:08:16.0000000,2018-01-11T00:00:00.0000000,0,46.98,23.70,70.68,70.68
3c6c4d8395cd1b0c68ffa02fa1446367,f43e2faac72ec3438198e51325ab362c,delivered,2018-07-17T09:01:49.0000000,2018-08-15T17:58:41.0000000,2018-08-10T00:00:00.0000000,1,66.99,19.38,86.37,86.37
4c8b9947280829d0a8b7e81cc249b875,403c35c4d8813bf67b3d396b91ca1619,canceled,2018-08-09T14:54:47.0000000,,2018-08-21T00:00:00.0000000,0,,,118.35,
dd9934c610c4363619b6b0f850365725,844a7e5d2737f2f6667a5242486cbcb1,delivered,2017-05-30T09:39:34.0000000,2017-06-09T15:03:36.0000000,2017-06-22T00:00:00.0000000,0,32.80,14.10,46.90,46.90
d248ddd0378083cb6c2bc7b9881d37d4,7195a1af3384ded47cea23f53d91405f,delivered,2018-02-27T15:06:05.0000000,2018-03-22T12:03:57.0000000,2018-03-29T00:00:00.0000000,0,194.98,68.96,263.94,263.94
b2bc998b56f86f7a3ef8b749c17506e1,c6747b392110a7fba076c62c67425a35,shipped,2018-06-19T20:01:02.0000000,,2018-07-20T00:00:00.0000000,0,364.00,34.69,398.69,398.69
ee6af09338de47dd746f2cbbc8f18aed,26c06d7ad51b1878a7a322c755140b01,delivered,2018-03-28T08:33:16.0000000,2018-04-02T18:33:09.0000000,2018-04-16T00:00:00.0000000,0,79.90,14.65,94.55,94.55
6e8bc07b95e2bb07cf9c1fcd3684e34c,5960c2fa7ac05beabd503c2b556f4852,delivered,2017-03-19T16:19:49.0000000,2017-04-20T18:47:52.0000000,2017-04-25T00:00:00.0000000,0,39.00,24.35,63.35,63.35
d951a2eceb245c4227c3d633d4a440f2,d89d01207332ba4362dad5ba73b8c00c,delivered,2017-06-14T02:03:11.0000000,2017-06-27T14:59:36.0000000,2017-07-07T00:00:00.0000000,0,575.99,18.79,594.78,594.78
c989e24c9410a2b62a87193404fe2142,c910acb1f0a1e59de924a7a8e643b9fe,delivered,2018-04-12T14:03:31.0000000,2018-04-14T14:11:47.0000000,2018-05-02T00:00:00.0000000,0,59.00,7.87,66.87,66.87
b3294cf5c413e45a9f56014be323601c,c18c0f8c117dc0553bb35bf11bb127dc,delivered,2017-12-09T00:38:37.0000000,2017-12-17T11:16:31.0000000,2017-12-28T00:00:00.0000000,0,99.90,14.30,114.20,114.20
be33d865802b05e364fc5f46166e5acf,1a002323bd40f93378ee1824e2343798,invoiced,2018-04-03T13:55:48.0000000,,2018-04-27T00:00:00.0000000,0,44.80,102.59,147.39,147.39
b0fdd351585763ef1abb582c19964a5b,43f325439491c5fe8bf36e5c6977665d,delivered,2018-02-22T13:46:53.0000000,2018-02-24T14:42:35.0000000,2018-03-08T00:00:00.0000000,0,55.00,11.73,66.73,66.73
6607f6d4afbc0216ccbcddc0d9e7e0ba,22539012aa9331d6f191199d19685fa6,delivered,2017-12-17T23:56:57.0000000,2018-01-09T03:43:42.0000000,2018-01-15T00:00:00.0000000,0,69.90,16.25,86.15,86.15
c16256c7228171d97729420953ec9536,1023dd567f41a452ce0c70f981369c63,delivered,2017-12-08T00:54:23.0000000,2017-12-18T21:35:52.0000000,2018-01-08T00:00:00.0000000,0,70.00,17.06,87.06,87.06
0ad3fdda3076a1be91b13c89f2049266,8475bc1245abac7e49488d01f3b8f98e,shipped,2017-08-04T13:36:21.0000000,,2017-09-08T00:00:00.0000000,0,149.80,57.82,207.62,207.62
83df1c60b1394882b9a376fa1ddd152c,7c877977fd808529b66886f0ff111575,delivered,2017-06-03T15:30:37.0000000,2017-07-05T15:39:44.0000000,2017-06-28T00:00:00.0000000,1,48.90,16.11,65.01,65.01
d6d8407991795dae4a5aeed8e2173285,0eb240afc0258746140d3a40a3da3e49,delivered,2018-08-20T23:58:59.0000000,2018-08-27T17:49:44.0000000,2018-09-11T00:00:00.0000000,0,115.99,27.11,143.10,143.10
aefdcf39aab5b3cadf59cdf0eafcbcb2,f90299c58cb4d96d99fcaee763520ac7,delivered,2018-07-19T11:51:30.0000000,2018-07-24T19:31:19.0000000,2018-08-02T00:00:00.0000000,0,79.90,17.69,97.59,97.59
e18cc7fc5eb938dd26feb68acbf88642,78c752c3702250b9e50dada2aeb037cb,delivered,2018-01-04T23:09:53.0000000,2018-01-17T20:31:11.0000000,2018-02-05T00:00:00.0000000,0,249.90,69.21,319.11,319.11
c724a4299403a06db6a91f12801f845a,1545bded706d3f0871eaf9d677090e7d,delivered,2017-12-05T17:10:46.0000000,2017-12-19T01:38:46.0000000,2018-01-04T00:00:00.0000000,0,92.90,17.22,110.12,110.12
7877dbdb45b5fe2dcaa08551f96048a3,dcd6f19e0172cad2d541e453485ec5c5,delivered,2018-07-25T11:11:12.0000000,2018-07-27T18:03:55.0000000,2018-08-03T00:00:00.0000000,0,86.00,16.08,102.08,102.08
d860fd3dc065e22ac79622d39d28e1bc,99fd37744ebeb8563299b54c2d985c38,delivered,2018-01-08T10:22:38.0000000,2018-01-31T17:23:17.0000000,2018-02-06T00:00:00.0000000,0,12.98,15.10,28.08,28.08
3b28722276b5d42721d0122d688f518a,df069d90f54fd028ab312f6f8978cc17,delivered,2018-03-02T09:47:12.0000000,2018-03-15T02:07:32.0000000,2018-03-20T00:00:00.0000000,0,13.99,11.85,25.84,25.84
8a32a50c6b4576d818f3e7b9e077aac2,a3e6a84c624d9e25cb5ef7eb8bca4e17,delivered,2018-04-11T12:44:12.0000000,2018-04-17T21:46:49.0000000,2018-05-02T00:00:00.0000000,0,65.90,19.43,85.33,85.33
e5fa5a7210941f7d56d0208e4e071d35,683c54fc24d40ee9f8a6fc179fd9856c,canceled,2016-09-05T00:15:34.0000000,,2016-10-28T00:00:00.0000000,0,59.50,15.56,75.06,75.06
dbb786efd821d7f903d79cb502ba3083,0e4fd4d8d6afeecc119bb53e5b119169,delivered,2018-08-02T19:14:27.0000000,2018-08-13T16:54:31.0000000,2018-08-08T00:00:00.0000000,1,159.00,17.38,176.38,176.38
dba3740d39b81258d8230a4889bd0fe2,5a0192b98aa54244a703ca5464b21cc6,delivered,2017-08-05T12:55:39.0000000,2017-08-17T18:43:11.0000000,2017-09-13T00:00:00.0000000,0,79.00,16.99,95.99,95.99
e235f2f2440fa2abd4c0777a2fda1026,a521b24543a0798c2e47274b14267f40,delivered,2017-10-09T18:47:07.0000000,2017-10-16T21:03:50.0000000,2017-11-01T00:00:00.0000000,0,53.80,30.20,84.00,84.00
d9f134a34fb4b3cfd95550b4785e8d05,d1627fd392eb9366792d5e988253b095,delivered,2018-07-20T21:09:11.0000000,2018-07-28T20:08:38.0000000,2018-08-13T00:00:00.0000000,0,119.90,20.03,139.93,139.93
76153bb37ce5c7c61ce83908366dc5f4,ad2f508b776948752cf4d526001bc90c,delivered,2018-05-04T16:43:30.0000000,2018-05-21T15:24:37.0000000,2018-06-04T00:00:00.0000000,0,64.99,50.95,115.94,115.94
225ab782cbf978534e852f511cc46fd0,957239777a7f01c21a58b82a032644b9,delivered,2017-03-17T16:04:23.0000000,2017-03-27T11:13:51.0000000,2017-04-12T00:00:00.0000000,0,29.90,16.05,45.95,45.95
2f62dbff060e1fc79791d3f079b62769,aa9c4bc7cf8c8f30bb449b7511860ba8,delivered,2017-10-03T23:44:39.0000000,2017-10-10T21:47:46.0000000,2017-10-30T00:00:00.0000000,0,83.90,14.32,98.22,98.22
57597099a6ac29d8c13878e3945ce6ad,542aa5f01059b90eed54478235ef5a13,delivered,2017-11-09T09:40:08.0000000,2017-11-17T19:14:51.0000000,2017-12-04T00:00:00.0000000,0,109.00,18.01,127.01,127.01
b095c03b6a10243a06c58f3f8d2b668f,c822022a84fecb35f7f4a6b9d77baa40,delivered,2018-01-14T14:20:51.0000000,2018-02-21T22:03:42.0000000,2018-02-19T00:00:00.0000000,1,49.90,16.11,66.01,66.01
49be32fc8ebc94c8e0de530d87883bb4,48785398e9e99d0d61c7e1e48ebca342,delivered,2018-03-06T19:25:41.0000000,2018-03-28T17:47:41.0000000,2018-03-27T00:00:00.0000000,1,30.21,18.23,48.44,48.44
7e994fde493b3bd44fa065bcf39fe904,71ce2ac1bd1b5610e994eb279793f1b0,delivered,2018-05-08T18:54:35.0000000,2018-05-14T10:52:03.0000000,2018-05-24T00:00:00.0000000,0,99.00,24.82,123.82,123.82
fe5ec7a1127620c4aea8f40033e7cfbc,df10e45a7a9add64e5e65bbc0b37aac8,delivered,2018-02-19T21:23:03.0000000,2018-03-15T00:39:31.0000000,2018-03-14T00:00:00.0000000,1,19.99,14.10,34.09,34.09
c3cf2a2c2e8b5cfbe960f65bf800b91a,9ca3c3cb222efba635805f6fefc8961e,delivered,2017-02-24T18:02:20.0000000,2017-03-06T13:12:46.0000000,2017-03-17T00:00:00.0000000,0,66.90,13.05,79.95,79.95
9b2d3a2e24dbac479d430298eb8905a6,e3ba5dc186f78dc33ea7d927d8005119,delivered,2018-04-08T17:34:27.0000000,2018-04-12T16:33:16.0000000,2018-05-03T00:00:00.0000000,0,153.40,85.42,238.82,238.82
0fe61eaf67314ed2f6b045d2365bba42,b0d7145ee05b66d363b3969d882dfce0,delivered,2018-01-11T22:51:26.0000000,2018-01-16T22:10:58.0000000,2018-01-26T00:00:00.0000000,0,69.90,7.94,77.84,77.84
8c8a24bf308761df290a5503106a8ae3,660d00e856b634e54e0dad583b10483c,delivered,2018-05-02T22:55:12.0000000,2018-05-07T14:20:58.0000000,2018-05-15T00:00:00.0000000,0,39.99,7.39,47.38,47.38
a0be4f22d143bef8121980995eaf15c9,d123e124664159a19da41685ea47a13a,delivered,2018-03-09T22:32:57.0000000,2018-03-29T20:18:39.0000000,2018-04-24T00:00:00.0000000,0,579.00,19.95,598.95,598.95
ee9e4a1d1929cc2d8d2f8c2a1cb3cea6,282c9df81d9e83eb605bc3804a262266,delivered,2018-08-24T14:28:38.0000000,2018-08-29T18:02:36.0000000,2018-09-11T00:00:00.0000000,0,54.00,15.48,69.48,69.48
6002f27b7795af4f2bd4da90aca5a958,f1101e2dfd2d23dc07f79cfe14e2535e,delivered,2018-05-31T10:13:38.0000000,2018-06-20T15:46:28.0000000,2018-07-11T00:00:00.0000000,0,179.90,39.46,219.36,219.36
aa1849549928a6c6d3f8b27f1bcf3a22,92c4389a799f9f07a254d8c7519106eb,delivered,2018-08-10T10:22:10.0000000,2018-08-22T17:32:08.0000000,2018-08-24T00:00:00.0000000,0,19.49,18.24,37.73,37.73
eeb395f21c0508f1593722cd5058462b,3afcd4f9f9411b8cb8f1d250b0a6f6c2,delivered,2017-07-30T21:20:32.0000000,2017-08-08T20:23:54.0000000,2017-08-22T00:00:00.0000000,0,49.00,15.10,64.10,64.10
06c8b01414c769ebb36a9cd0fdb97baf,9bfb255b9b882baed6b515d644f93f45,delivered,2018-01-25T22:30:19.0000000,2018-01-31T22:06:49.0000000,2018-02-09T00:00:00.0000000,0,79.90,9.37,89.27,89.27
ecc72b676b14179b5bd30e446043c1d2,649ad21522182e99c6923493d5d181ca,delivered,2017-11-11T21:04:48.0000000,2017-11-17T21:32:14.0000000,2017-12-01T00:00:00.0000000,0,35.00,11.85,46.85,46.85
6ee453b121f65674cd0525457f985513,e291edf34157e0773966d8df69674414,delivered,2018-08-14T23:26:59.0000000,2018-08-27T14:28:57.0000000,2018-09-17T00:00:00.0000000,0,189.00,38.23,227.23,227.23
c1dd50c37114a20341bbf901157d726d,e506618caa63a29ae2cc528536f0d11e,delivered,2017-06-16T16:29:49.0000000,2017-06-26T16:06:23.0000000,2017-07-10T00:00:00.0000000,0,89.00,39.95,128.95,128.95
4897e89eeabd9f378a6c3fb314f441f2,1181666aa724f10233a91c2d04a13ece,delivered,2017-03-07T15:13:01.0000000,2017-03-10T04:57:48.0000000,2017-03-24T00:00:00.0000000,0,103.99,24.12,128.11,128.11
ebca4856d6b3b849437fe99d11633d25,4e38e9f25b539d9529b38fef4e62b3d4,delivered,2018-04-01T21:29:36.0000000,2018-04-30T20:39:38.0000000,2018-04-24T00:00:00.0000000,1,114.90,23.73,138.63,138.63
d99c420247e75649dd121c367f391348,1622d70ef3cb92db3316803ecfc7671e,delivered,2017-09-06T15:36:32.0000000,2017-09-15T12:57:53.0000000,2017-09-19T00:00:00.0000000,0,359.86,18.22,378.08,378.08
1f04bac535b51d50ba5a22cddc3a52ff,353090141e210cf202e8666fe8835a63,delivered,2018-07-15T17:19:23.0000000,2018-07-26T17:32:03.0000000,2018-08-07T00:00:00.0000000,0,149.00,51.76,200.76,200.76
71dc9d3a6d378bbde8b7629eaae7c3a0,98fef27881bd8e167eae933b2893c6e9,delivered,2018-04-23T00:14:16.0000000,2018-05-15T18:12:27.0000000,2018-05-17T00:00:00.0000000,0,49.90,12.79,62.69,62.69
7ff63764a6de6e9a5fde1c76cf5650a7,f0db968ca669b9bd241c27a383092d9b,delivered,2017-06-12T09:07:29.0000000,2017-07-19T20:57:53.0000000,2017-07-13T00:00:00.0000000,1,99.99,27.24,127.23,127.23
0d92f9c47e96d946ca421dd3ea531b2a,21340bc68e361154e5329c3c655dca4f,delivered,2018-07-30T14:17:23.0000000,2018-08-07T18:55:17.0000000,2018-08-13T00:00:00.0000000,0,209.99,35.23,245.22,245.22
fca7b989b55ec495fc04ef8344bdb7d9,a3d11dbcd9f16d462fc5835c36880940,delivered,2017-04-09T11:23:37.0000000,2017-04-20T12:08:24.0000000,2017-05-17T00:00:00.0000000,0,179.90,18.69,198.59,198.59
0a53864d69001a165085a6488ab75469,218748ee4a5388be76c4b35fe97f92e1,delivered,2018-01-16T12:38:49.0000000,2018-01-30T19:58:13.0000000,2018-03-01T00:00:00.0000000,0,184.00,72.09,256.09,256.09
a93517c2ce1c5cf1b4d0f513f712e6dd,a0d38bf433ba23da2f77930d36f9c4b4,delivered,2018-01-20T17:34:11.0000000,2018-02-05T23:17:01.0000000,2018-02-19T00:00:00.0000000,0,28.99,15.11,44.10,44.10
3fb69957411be975a0316256df7f797b,d35d8c2ec3ab248822ef4b2303014292,delivered,2018-01-30T09:31:18.0000000,2018-02-19T17:16:43.0000000,2018-02-23T00:00:00.0000000,0,69.90,17.74,87.64,87.64
ffbe8a51afd59fa93224d1c6bc987aee,a6195f49275f8f8b2e54557531722145,delivered,2017-11-02T16:31:52.0000000,2017-11-09T23:07:42.0000000,2017-11-24T00:00:00.0000000,0,169.90,15.95,185.85,185.85
f47b9b38f1a8dca00dd9517273fe0f68,d18eeac6c6fc1b0175d6b7193e1f0467,delivered,2018-07-29T19:20:55.0000000,2018-08-01T22:04:25.0000000,2018-08-02T00:00:00.0000000,0,36.40,8.42,44.82,44.82
a1f115db2222fcb78c129bf36d76d4dd,1bfe620be823518320575a61861437ea,delivered,2017-11-11T09:43:39.0000000,2017-11-23T19:35:26.0000000,2017-12-05T00:00:00.0000000,0,43.90,16.79,60.69,60.69
9951937ab72b12a841cb4f931ac8bfbc,13506b60f881b8e29029ce92283dd398,delivered,2018-08-05T20:02:28.0000000,2018-08-15T02:31:46.0000000,2018-08-24T00:00:00.0000000,0,79.90,22.49,102.39,102.39
19838cf50dea89006e54a386a31287b2,0c97980a30d97a6bfda61a4f10264bc7,delivered,2018-04-18T12:53:27.0000000,2018-04-28T14:28:50.0000000,2018-05-09T00:00:00.0000000,0,49.90,12.43,62.33,62.33
8df939e36ea427df61f31f39e08d2715,85999e21f35afba0a59df01c97727433,delivered,2018-03-22T21:10:17.0000000,2018-04-02T20:08:31.0000000,2018-04-27T00:00:00.0000000,0,20.90,18.23,39.13,39.13
0ca4b3b797fddd6288abcd726e5669e3,b2b204350c535ec8e130d1e42dba1bed,delivered,2018-08-21T18:02:44.0000000,2018-08-29T15:12:27.0000000,2018-09-03T00:00:00.0000000,0,36.99,23.06,60.05,60.05
7bb63f3e1c995473fbe6450a65fd8cfe,b23e3f110598a3783b8bf7cf6e342d31,delivered,2018-02-14T17:16:33.0000000,2018-02-16T19:59:02.0000000,2018-02-26T00:00:00.0000000,0,98.00,8.43,106.43,106.43
9dec1346eeebe57e1353b6c2dbc06f94,7513c4bb10a41cf4fae9d29535e31fa7,delivered,2017-07-06T14:25:00.0000000,2017-07-19T16:57:54.0000000,2017-07-26T00:00:00.0000000,0,659.00,44.60,703.60,703.60
79f92b33bbe0c43264104fc5ee0b10b2,affc3fb17d0d6e55db542c0b1713bc6a,delivered,2018-05-13T11:48:19.0000000,2018-05-18T15:32:27.0000000,2018-05-29T00:00:00.0000000,0,27.90,9.08,36.98,36.98
ecfa045372b27e442363234001d022bc,59a83d4def5f8b7b0e745f66b429b5b4,delivered,2018-03-11T14:23:40.0000000,2018-03-22T10:38:45.0000000,2018-04-11T00:00:00.0000000,0,149.90,23.98,173.88,173.88
085bc46be56c7b3c4d5d805843d02e5e,bd80c756ce1d4487087d59f88ebb9ea7,delivered,2017-07-04T18:48:46.0000000,2017-07-10T19:12:06.0000000,2017-07-26T00:00:00.0000000,0,29.90,16.11,46.01,46.01
28cbc68ed62d4454655aa41bb0941aaa,723aafdd1030cac40ade9dfdce60cdc8,delivered,2017-12-29T22:51:00.0000000,2018-01-09T17:35:22.0000000,2018-01-30T00:00:00.0000000,0,144.99,18.26,163.25,163.25
b704eaf4ae9e9716ead0088db45a9b40,01d22419c452ad55702fa5a9a81a4423,shipped,2018-04-21T23:22:17.0000000,,2018-05-14T00:00:00.0000000,0,74.99,12.96,87.95,87.95
d4181bfdc2de0b7a83418bb197ca5334,c2858ae4e6680baa31f5a6cabe4b8055,delivered,2017-07-25T16:56:59.0000000,2017-08-05T14:12:04.0000000,2017-08-16T00:00:00.0000000,0,127.48,15.64,143.12,143.12
78b271a8afaace85021c40cf6adb61a2,1b66ca957166eb1f0c86e95c20d339c7,delivered,2018-06-23T15:15:35.0000000,2018-06-29T22:06:43.0000000,2018-07-20T00:00:00.0000000,0,69.90,35.34,105.24,105.24
b4d6bee8b34f0daf1309fc764051cce5,b87ab7515bb1025b80d8f9bc5c860f83,delivered,2018-04-08T21:25:05.0000000,2018-04-20T17:29:54.0000000,2018-05-07T00:00:00.0000000,0,119.80,105.10,224.90,224.90
14066026f08d98c3316b5b8637282529,746ed0a7c874bd450e922647085e4d9f,delivered,2017-03-25T18:02:36.0000000,2017-04-04T16:06:58.0000000,2017-04-18T00:00:00.0000000,0,8.50,14.52,23.02,23.02
12d8f84b2205c7654fdf6768718d243d,0cb1ec7f7b0d209fdfbb7c3592b32634,delivered,2018-06-28T21:51:14.0000000,2018-07-10T20:21:57.0000000,2018-07-26T00:00:00.0000000,0,60.90,13.77,74.67,74.67
2132d7599832dd6bc845a7efd6f6d446,8a01af238f4fc14ba37f1a26a1f2950f,delivered,2017-11-16T13:23:40.0000000,2017-11-25T12:26:50.0000000,2017-12-08T00:00:00.0000000,0,99.00,15.44,114.44,114.44
d9a34b9554a76f98e59becbf5b49a871,f607992590df1ce8b149279c589e2421,delivered,2017-11-02T13:09:35.0000000,2017-11-15T14:09:26.0000000,2017-11-29T00:00:00.0000000,0,179.99,36.40,216.39,216.39
ca7adf1201471598788f746ed74c825b,cfbef476e3977219a4db308d8decc763,delivered,2018-01-24T12:34:55.0000000,2018-01-31T19:22:09.0000000,2018-02-08T00:00:00.0000000,0,97.49,12.64,110.13,110.13
7d8f5bfd5aff648220374a2df62e84d5,a67a246af6ba598a14cc86df3c0354ee,delivered,2018-05-12T22:27:38.0000000,2018-06-01T19:07:48.0000000,2018-06-20T00:00:00.0000000,0,563.00,19.94,582.94,582.94
4140060a1718f4c780ee5a5459298e3f,74eae62b206448b12dd70a65e1da7c23,delivered,2018-03-06T09:21:53.0000000,2018-03-19T18:42:05.0000000,2018-03-28T00:00:00.0000000,0,249.00,19.62,268.62,268.62
995cb1fde464cb3683cf2902d8827a13,985b35e7309802e954547d2f6fdfe9e9,delivered,2018-07-15T21:00:44.0000000,2018-07-25T21:41:16.0000000,2018-08-02T00:00:00.0000000,0,505.44,57.84,563.28,563.28
14cef40ef56939096a73790b10938a79,874c29725c71cec67452885cfcf67d53,delivered,2018-04-25T15:52:18.0000000,2018-05-08T22:21:52.0000000,2018-05-14T00:00:00.0000000,0,127.27,18.77,146.04,146.04
b37d46f83322f86eae75b766a515cffe,25a52f95724799f5b375932dfb65c5f7,delivered,2018-03-03T23:19:47.0000000,2018-03-29T17:44:43.0000000,2018-04-16T00:00:00.0000000,0,13.90,34.15,48.05,48.05
40b2dd4813a685a119ff6fd2d213ca88,1abf6e7692428fe41add0d40154d2831,delivered,2018-07-23T20:03:53.0000000,2018-07-30T18:28:54.0000000,2018-08-10T00:00:00.0000000,0,39.90,18.38,58.28,58.28
7b5128e25d9aecefbe3ed7b42f1daeb4,e17fbd2f4fd5efb2fec96e91cf9b20de,delivered,2018-08-07T12:06:54.0000000,2018-08-21T20:41:12.0000000,2018-08-30T00:00:00.0000000,0,29.70,22.14,51.84,51.84
4405341a3e7abe465e9f0a63d727dbe4,873dcf6ac219081c5b3dd8bc564b2534,delivered,2018-02-09T14:38:25.0000000,2018-03-05T22:37:44.0000000,2018-03-16T00:00:00.0000000,0,74.90,15.27,90.17,90.17
b4351b639f2b08615cf0af316b7fd590,5883ec31904f13a6b87af78ca0f65e05,delivered,2017-11-02T19:39:24.0000000,2017-11-13T16:58:54.0000000,2017-11-24T00:00:00.0000000,0,48.90,16.11,65.01,65.01
dd7fbf8b53b7ffa059c926a77c42f04f,b0d59207d44937209cca2887ab613f5b,delivered,2018-08-28T14:01:04.0000000,2018-08-31T02:04:31.0000000,2018-09-17T00:00:00.0000000,0,116.50,10.13,126.63,126.63
b1bd0e86ea8b4060e4e7c5684202b656,b3c8ed4840e19fb161faca3b4ed4cfa8,delivered,2017-11-16T13:02:20.0000000,2017-12-18T23:57:24.0000000,2017-12-06T00:00:00.0000000,1,99.00,16.45,115.45,115.45
69a236fbbc4a603ebfa4468a3bdcb140,1bd6b1b425cc25c6e0c79f68d28fe2fb,delivered,2017-04-25T01:46:02.0000000,2017-05-03T13:39:47.0000000,2017-05-25T00:00:00.0000000,0,12.97,20.80,33.77,33.77
188368c093f06fe58e813bd61137b3e1,ec1b208f54047679c3b2c982e22872d0,delivered,2017-10-13T21:51:40.0000000,2017-10-25T22:18:38.0000000,2017-11-13T00:00:00.0000000,0,59.90,25.70,85.60,85.60
ee6059ea51c2fe6fa582bfee8d1a725e,b3ebc63c630e8af49ff5cba1f321928e,delivered,2018-07-15T00:05:51.0000000,2018-07-25T16:19:03.0000000,2018-08-07T00:00:00.0000000,0,119.85,15.15,135.00,135.00
d75ec4cf8c3c2afb8cd60498e725dfe3,9bedce134cd25ed7df6fd43a51c8d76d,delivered,2017-07-29T11:14:49.0000000,2017-08-23T19:42:42.0000000,2017-08-21T00:00:00.0000000,1,414.00,27.21,441.21,441.21
95d3fed955a6724308700ab281998533,03a6ba2837612c689cd65be392b84084,delivered,2018-06-21T20:55:41.0000000,2018-07-04T16:32:36.0000000,2018-07-26T00:00:00.0000000,0,129.90,44.06,173.96,173.96
a5b65501699091dc28e4499a0b143963,510b491c7782d235d7eb8c68178dfeab,delivered,2017-11-10T01:12:15.0000000,2017-11-28T00:28:48.0000000,2017-12-05T00:00:00.0000000,0,59.90,17.99,77.89,77.89
85841af0d94e5d0cd3a9c0e42e565b74,603dd05a409bcfe63ca922996c72bdfb,delivered,2016-10-05T22:39:46.0000000,2016-10-13T16:03:33.0000000,2016-11-25T00:00:00.0000000,0,22.90,15.46,38.36,38.36
665f27cd53c438276f8d03532bdaa047,021212b1c2f127ec287d99fa9f6346e6,delivered,2018-04-03T17:16:46.0000000,2018-04-06T00:12:33.0000000,2018-04-19T00:00:00.0000000,0,139.80,24.86,164.66,164.66
fee04510f8e4bd36d10789bdbe55eae2,355acc2c291066f4d41f954918f11eef,delivered,2017-08-24T19:56:08.0000000,2017-08-31T17:38:50.0000000,2017-09-15T00:00:00.0000000,0,56.99,11.90,68.89,68.89
2ffd4bf0fbadf9acf274c27d822697ca,aab70b85acd198f5a41f3e9f2e34a63f,delivered,2018-05-06T21:08:08.0000000,2018-05-18T17:12:21.0000000,2018-05-30T00:00:00.0000000,0,99.90,0.00,99.90,99.90
e1d052f0519179744d19f35c1d848ff5,72595e3c621f07680012749b4c1b5904,delivered,2017-03-09T17:26:26.0000000,2017-03-17T12:55:48.0000000,2017-03-28T00:00:00.0000000,0,52.00,13.10,65.10,65.10
8f7d40ce4fdd837cf8c757a14fa92154,95c6b1512c5abd1deb0e1d8182d5c32d,delivered,2018-03-26T09:37:14.0000000,2018-04-02T12:52:46.0000000,2018-04-12T00:00:00.0000000,0,99.90,14.78,114.68,114.68
d5059794ce5ef544e6c29ad80d4785d4,df1dd9459e63a85ace04bbd514246db7,delivered,2017-09-14T23:20:35.0000000,2017-09-25T18:43:33.0000000,2017-10-06T00:00:00.0000000,0,4.85,15.10,19.95,19.95
279eab1ce88064419806859e4575a10e,dda1c4364d7687bcc98ca8984550b081,delivered,2017-04-17T07:42:23.0000000,2017-05-18T05:59:41.0000000,2017-05-10T00:00:00.0000000,1,12.98,14.52,27.50,27.50
f62aae152b6b5527f7516b34bbf154e2,9bb7c4f2cdbf2d4f9066b806594cf1b2,delivered,2018-03-15T14:09:16.0000000,2018-03-27T17:36:54.0000000,2018-04-03T00:00:00.0000000,0,144.99,18.59,163.58,163.58
eeb2e664debf2c0bd41c970e2122858a,7eae0e943f8fc8ef273e928ce0b12ffc,delivered,2017-10-18T13:35:32.0000000,2017-10-30T13:25:31.0000000,2017-11-06T00:00:00.0000000,0,19.90,11.85,31.75,31.75
bbd5320df89920817b0cc073770a9c8f,220c0d585ecee4fa50f3c996c16432d4,delivered,2018-01-12T16:30:25.0000000,2018-01-18T20:33:02.0000000,2018-02-02T00:00:00.0000000,0,180.99,14.29,195.28,195.28
c7d894c7be2eb461fb04d81e82f0814d,d74d925687122c0d1cc677e244620341,delivered,2018-02-28T20:09:30.0000000,2018-03-14T23:48:42.0000000,2018-03-19T00:00:00.0000000,0,70.00,30.22,100.22,100.22
776a18d9c6d83661a0f788e219f4acba,f7e12fa6272eb4c6f54c7d8aadab4349,delivered,2017-09-29T01:56:43.0000000,2017-10-06T16:10:15.0000000,2017-10-24T00:00:00.0000000,0,179.90,16.02,195.92,195.92
d27c2efd9421cde0945261467fb1a025,a8bb774baf42be4ec71b92200ceee3b9,delivered,2018-07-24T15:35:42.0000000,2018-08-02T20:44:41.0000000,2018-08-09T00:00:00.0000000,0,89.00,19.81,108.81,108.81
f0889aa6830c9df823b4c7c03ce5e4f2,85f1281700ac404ceefcc166d45baf1f,delivered,2018-04-24T23:12:28.0000000,2018-05-10T00:37:38.0000000,2018-05-21T00:00:00.0000000,0,195.90,16.25,212.15,212.15
4edaf27ed056e42729b2700dfd0dbccc,551f10aba6594e3e1cb5fc859cd349a2,delivered,2017-05-18T10:54:12.0000000,2017-05-23T14:07:36.0000000,2017-05-31T00:00:00.0000000,0,79.90,7.81,87.71,87.71
588e9a3844482484a31e604c2767b82f,c6d04a9495cc4d8e22a4276131aac50e,delivered,2018-03-24T21:50:02.0000000,2018-04-05T20:56:33.0000000,2018-04-24T00:00:00.0000000,0,42.49,52.48,94.97,94.97
075d1d2a3ac6d55e925dda5e2ad0c6fe,acad447a2406e2d43fad356e2d89aec3,delivered,2018-03-18T17:31:21.0000000,2018-04-05T00:12:46.0000000,2018-04-13T00:00:00.0000000,0,139.80,40.12,179.92,179.92
6a276c227b7bb9659f04c271e30d381d,f35e1aa8990c39ac028bd44384d805a6,delivered,2018-02-19T09:23:33.0000000,2018-03-09T19:52:30.0000000,2018-03-12T00:00:00.0000000,0,179.90,17.51,197.41,197.41
56137cd32ae890d2f8f4c0b770da009f,1a8a24b6904f80d445faf68aaa56ce35,delivered,2018-03-07T16:51:09.0000000,2018-04-03T16:02:50.0000000,2018-03-29T00:00:00.0000000,1,1005.63,63.59,1069.22,1069.22
5fe9874b96028c851e35c1c28aede4c2,4d575680ce2505bef7485ecf1badf1d6,delivered,2018-01-14T14:39:38.0000000,2018-01-30T14:19:48.0000000,2018-02-16T00:00:00.0000000,0,149.99,17.78,167.77,167.77
d0e532f7dc3f516d8fcff81b062f05ec,dbf791ec86ecb06477b1e6d841ec9b3e,delivered,2017-09-25T22:22:18.0000000,2017-10-04T12:39:54.0000000,2017-10-25T00:00:00.0000000,0,179.90,27.80,207.70,207.70
0ab93232e2390bb66ff047c39fd91077,e6cc3085bfd669d31daced208e8f9a69,delivered,2018-01-01T18:31:59.0000000,2018-01-10T16:12:48.0000000,2018-01-30T00:00:00.0000000,0,59.99,16.86,76.85,76.85
019440e41e276668d99d996d5d1a22c1,477d0086341df0308127cef59628e7be,delivered,2018-06-12T23:05:15.0000000,2018-06-19T22:21:21.0000000,2018-07-11T00:00:00.0000000,0,44.00,12.97,56.97,56.97
6f532d76ec46fda0beae1633997d1409,95eed62685a983a404c317327e7799be,delivered,2017-12-11T23:38:11.0000000,2017-12-30T13:38:24.0000000,2018-01-09T00:00:00.0000000,0,85.00,17.84,102.84,102.84
d5d2c0e9c55c60e47dd370479d8775d7,f6e7f380d175517f710917c68998c6c4,delivered,2017-09-10T17:43:33.0000000,2017-09-14T18:57:21.0000000,2017-09-27T00:00:00.0000000,0,54.90,13.40,68.30,68.30
11f14d74e7fe63a9a1cc38664bb6f431,61ed37058a9365674a8cb35568941b0d,delivered,2017-06-14T17:15:36.0000000,2017-06-26T15:46:41.0000000,2017-07-11T00:00:00.0000000,0,219.99,22.03,242.02,242.02
d168723fbc108ab922a23516046a4b42,6d0c88da84f5f308b04f0c8dbd180027,delivered,2017-05-26T23:43:10.0000000,2017-06-12T11:42:23.0000000,2017-07-26T00:00:00.0000000,0,259.90,35.62,295.52,295.52
dc0c88e3bec8210714d2176ddb06f276,14297c24f93335154b9dc5eb026ba425,delivered,2018-03-29T18:04:57.0000000,2018-04-04T21:36:47.0000000,2018-04-17T00:00:00.0000000,0,59.00,8.29,67.29,67.29
f65f13aa0f61098cebf314daa13a51da,23f0ed5b86d3cd96d4b8eba5c92107d5,delivered,2017-12-05T23:42:33.0000000,2018-01-18T12:43:58.0000000,2018-01-08T00:00:00.0000000,1,99.99,28.08,128.07,128.07
177536550949ab384987dfa5e898b1cc,33294108523155692708518bfa1701e0,delivered,2017-05-11T20:29:29.0000000,2017-05-23T12:17:51.0000000,2017-06-13T00:00:00.0000000,0,145.00,26.04,171.04,171.04
df04145e2f3426e5693e813561656576,4c1aff58af7cf50f5b4e85c445c14b58,delivered,2018-05-03T21:44:32.0000000,2018-05-14T16:37:48.0000000,2018-05-30T00:00:00.0000000,0,29.99,18.23,48.22,48.22
28262d9fd1a7ceff1089bc357b873b91,5b175cedd118642e9f4c579def7fd74b,delivered,2018-05-01T11:20:00.0000000,2018-05-03T20:41:54.0000000,2018-05-17T00:00:00.0000000,0,64.90,7.87,72.77,72.77
6bb7ab367d79166d73368ecfbef88dd8,450440af27c0b24d19ddbebfc165c442,delivered,2018-07-10T15:26:07.0000000,2018-07-13T19:31:53.0000000,2018-07-18T00:00:00.0000000,0,28.90,7.94,36.84,36.84
1501377ae464c309dd74f2ec71daf9b5,b104d98edcfb89e1cda5cf1510faecf1,delivered,2017-07-15T09:23:55.0000000,2017-07-24T19:07:54.0000000,2017-08-10T00:00:00.0000000,0,69.99,16.74,86.73,86.73
01bdc09119b132e176e5c8f2cf68b0ac,9b5f0ef5de7b703b77e1131e68263de9,delivered,2018-08-16T15:59:08.0000000,2018-08-27T20:42:18.0000000,2018-09-12T00:00:00.0000000,0,359.00,25.66,384.66,384.66
4ae6c814370d0a4b396355a8aabbbfdd,a439ca180ebbf3037213e6d501646b3b,delivered,2018-05-15T22:11:51.0000000,2018-05-22T18:02:32.0000000,2018-06-05T00:00:00.0000000,0,77.99,10.93,88.92,88.92
e7fe197c60eec45afb91acb7de6d6260,61d45ec37d1586fdd55b23b4f696e27f,delivered,2017-10-17T12:39:00.0000000,2017-11-07T12:43:20.0000000,2017-11-07T00:00:00.0000000,1,109.90,12.27,122.17,122.17
a103bbccbbeb3e1d8354f83f08ed2667,a4ce15737ec0d3eb40545f0b738a8941,delivered,2018-06-26T14:00:54.0000000,2018-07-03T23:58:51.0000000,2018-07-24T00:00:00.0000000,0,104.71,18.78,123.49,123.49
5d111a2da7b316aa34aadd1fb06b483a,d7ed9faec75b9d8aaca43b8c18b2f524,delivered,2018-05-15T16:14:42.0000000,2018-06-11T16:11:56.0000000,2018-06-05T00:00:00.0000000,1,157.00,18.98,175.98,175.98
e37dabbc051a3f58d73581522f7eef81,3e661a73488109b0bc5c9e71427d9939,delivered,2017-12-03T21:32:13.0000000,2017-12-13T13:55:09.0000000,2017-12-28T00:00:00.0000000,0,79.90,16.32,96.22,96.22
ef0beb334211d552bb4bbb9b43e60248,70964b463cfa1a74701003a366f62d03,shipped,2018-07-30T19:57:21.0000000,,2018-08-13T00:00:00.0000000,0,139.90,19.08,158.98,158.98
03ffce741877a000ca0fb3520673d4c4,e937151346d1bec664f5b80cd798bdd2,delivered,2016-10-05T15:17:57.0000000,2016-10-25T20:28:33.0000000,2016-12-09T00:00:00.0000000,0,649.00,169.12,818.12,818.12
bf3fd3b1044615b0020cccb78f7b142a,3a8a658ae668c077b4d802d1d43b2a28,delivered,2018-02-08T10:30:24.0000000,2018-02-14T21:55:06.0000000,2018-03-06T00:00:00.0000000,0,13.70,7.78,21.48,21.48
694c92324234f0d098a8766d1afa8449,cc8c14ab3bb1daeaf0f28c9523dbd29f,delivered,2017-08-14T12:11:55.0000000,2017-08-17T16:53:49.0000000,2017-08-25T00:00:00.0000000,0,79.90,11.76,91.66,91.66
22b1de291afc457a072d35bf6749b18a,3351d390942c5ff630bd5b016a3f9e79,delivered,2018-07-27T15:22:53.0000000,2018-08-06T21:10:43.0000000,2018-08-14T00:00:00.0000000,0,114.90,23.60,138.50,138.50
e3c131bbe953a1cdb1dbaf261715c368,38d1cd89306128348ffdf4cc23f3a50a,delivered,2017-03-16T16:41:44.0000000,2017-03-21T11:27:49.0000000,2017-04-04T00:00:00.0000000,0,18.99,8.72,27.71,27.71
755b35cd526f3b62950a990cd6ca1207,9b3319404f3dbecbc1f7fa9261a91c61,delivered,2018-01-15T11:58:01.0000000,2018-01-26T22:51:23.0000000,2018-02-09T00:00:00.0000000,0,155.99,16.85,172.84,172.84
db10e5b34779ebe39e1bc929469eb841,0492fbcccc19cfdea66d667173ebce63,delivered,2018-08-08T23:22:13.0000000,2018-08-21T11:28:49.0000000,2018-08-14T00:00:00.0000000,1,20.49,7.40,27.89,27.89
33238b56832a1ff5396fff8bd2a44ede,e12464f67471d31285bd75f4f38a0db9,delivered,2018-02-28T17:53:38.0000000,2018-04-04T23:33:05.0000000,2018-03-21T00:00:00.0000000,1,29.99,15.10,45.09,45.09
4325abb4e925f2765e6874e9788392f4,cbafb574da2d33b039f294c188624b6c,delivered,2018-03-02T16:37:22.0000000,2018-04-12T12:11:52.0000000,2018-03-23T00:00:00.0000000,1,55.65,16.83,72.48,72.48
645178e45ffc3660a32e6532187b4376,b40e8b8ffd7f8005f3b655ed36676f87,delivered,2018-04-09T19:35:20.0000000,2018-04-20T19:40:43.0000000,2018-05-07T00:00:00.0000000,0,135.00,51.45,186.45,186.45
7543a6fd664cf3ced4e8d01d48207a80,6ba78154cdda17dbb0e69a207b6011ac,delivered,2017-03-24T21:27:35.0000000,2017-04-04T15:34:32.0000000,2017-04-17T00:00:00.0000000,0,84.99,18.87,103.86,103.86
a09b9e1d3f95afbb8d9e0f8f87ab520b,143a2712089c099671d2ce10731b8aa4,delivered,2018-06-26T09:30:41.0000000,2018-06-29T11:42:32.0000000,2018-07-17T00:00:00.0000000,0,184.90,14.63,199.53,199.53
cedac928ba1f320f1f61e79b3801b5c5,c54b89d28aaf5f03b06e59cc2a686f81,delivered,2017-03-20T10:48:56.0000000,2017-04-05T11:28:09.0000000,2017-04-06T00:00:00.0000000,0,19.90,8.72,28.62,28.62
2a52ef20af312ee4756b4e622ddc7101,736d28863facba7881a832ac8549a1dc,delivered,2018-08-26T16:19:58.0000000,2018-08-28T19:12:36.0000000,2018-09-05T00:00:00.0000000,0,108.90,11.78,120.68,120.68
f437ca3a038c797f963788a0b5e204a9,462c1928453b7b3fdf3e0b70d9d5b850,delivered,2017-06-27T11:04:36.0000000,2017-06-29T09:32:50.0000000,2017-07-10T00:00:00.0000000,0,12.90,7.78,20.68,20.68
ebc613372bc147f1df63ad340e4b9bf5,db508645c64a215d060fefdf9610784b,delivered,2017-08-30T14:52:57.0000000,2017-09-13T16:17:37.0000000,2017-10-05T00:00:00.0000000,0,169.90,26.47,196.37,196.37
69b5f9421e21822b212fa48bf807b811,5061c5ea49d7ab5b1c526cf720193fb9,delivered,2018-04-20T17:36:11.0000000,2018-05-02T23:47:25.0000000,2018-05-03T00:00:00.0000000,0,50.00,9.44,59.44,59.44
bbc781e0bdaef8ca45c32c280250567a,165cab246f7df81ab0c8f24880454aeb,delivered,2017-11-24T19:54:54.0000000,2017-12-06T17:22:42.0000000,2017-12-19T00:00:00.0000000,0,299.99,17.86,317.85,317.85
bfdf5728dc66ccaf9131885e9e39b5a2,83ecfad6ffb6c167292c8fca66042ea9,delivered,2017-11-10T14:22:37.0000000,2017-11-17T21:03:04.0000000,2017-11-24T00:00:00.0000000,0,15.99,7.78,23.77,23.77
11077b960f568dd6d5dddae3bdfaa69c,bf988543b99218d77ffea19b8953d511,delivered,2017-09-13T18:28:59.0000000,2017-09-25T19:02:32.0000000,2017-10-06T00:00:00.0000000,0,254.90,16.53,271.43,271.43
85502150053b8714f53462c6376d8295,9f634269d5b217b28a2316238fec774f,delivered,2018-06-07T22:14:39.0000000,2018-06-20T17:04:59.0000000,2018-07-17T00:00:00.0000000,0,89.90,23.21,113.11,113.11
1ae9416cc460b54e019ac44ba53f5b1b,9e3cccc4d43db2e97bb7015e1114fc92,delivered,2018-02-22T16:21:49.0000000,2018-04-03T20:51:31.0000000,2018-03-20T00:00:00.0000000,1,47.00,17.60,64.60,64.60
04e452498b75f049f617f5ed7ffc0633,52ebfe7b40ff6cbe2db79c566f36e6bb,delivered,2018-05-22T23:30:07.0000000,2018-05-24T21:18:24.0000000,2018-06-06T00:00:00.0000000,0,224.00,9.92,233.92,233.92
0f95a7e23723d5388a494f2d812a8332,5f454675eda0812f4ca038d7a6796a38,delivered,2018-04-01T19:50:42.0000000,2018-04-12T00:24:45.0000000,2018-04-25T00:00:00.0000000,0,19.90,15.23,35.13,35.13
8560601765c3f16199ac6feb1a8d6e64,3fd7c402c2376ddd9c4b06ba5b3ca6a4,delivered,2018-07-20T17:57:42.0000000,2018-07-25T16:36:52.0000000,2018-08-01T00:00:00.0000000,0,49.99,7.61,57.60,57.60
c2ccb6c2af36d8492e83ecf528f2755c,07a4bb60f62e5ce83b63a08f0cd050bc,unavailable,2018-05-21T13:48:16.0000000,,2018-06-05T00:00:00.0000000,0,,,91.56,
603b717dcdee8679723c6918ab5585ed,c09e462cce0e66748b9152a2421e68ed,delivered,2018-06-13T09:16:20.0000000,2018-06-19T20:56:30.0000000,2018-07-04T00:00:00.0000000,0,175.99,16.33,192.32,192.32
2e7a8482f6fb09756ca50c10d7bfc047,08c5351a6aca1c1589a38f244edeee9d,shipped,2016-09-04T21:15:19.0000000,,2016-10-20T00:00:00.0000000,0,72.89,63.34,136.23,136.23
749238696f501c747fe013b2a5fa014c,5298ba692006f23c6eb25232fe9b2cfd,delivered,2018-02-23T11:40:03.0000000,2018-03-27T23:52:46.0000000,2018-03-23T00:00:00.0000000,1,50.00,18.89,68.89,68.89
f09b179b5803265142d7de8614234125,fbac6b4022506e370844af799dd93111,delivered,2017-03-11T21:54:43.0000000,2017-03-18T08:27:46.0000000,2017-03-30T00:00:00.0000000,0,19.99,10.96,30.95,30.95
59f740f135c8060f0c211f5ff37a7245,12a359118f460c2d9573a346f0ee15db,delivered,2017-12-27T14:02:43.0000000,2018-01-13T16:12:48.0000000,2018-01-24T00:00:00.0000000,0,29.90,15.11,45.01,45.01
d27ebef51c81419780e860d0278bf87c,8aa87a987f6edfb3e4550f95e2c2df08,delivered,2018-03-21T08:40:54.0000000,2018-04-03T17:42:43.0000000,2018-04-10T00:00:00.0000000,0,119.99,21.92,141.91,141.91
06486b73d8d1705c15e0d13f6adcbf84,7f29240004dd657bbdf131b0ec558634,delivered,2018-01-20T18:32:47.0000000,2018-01-25T16:03:44.0000000,2018-02-06T00:00:00.0000000,0,56.00,7.78,63.78,63.78
a8cc5640bb6e6bf0280850917666c4d5,c179c63e0432790a7ed37decfde65dc9,delivered,2018-08-17T15:22:25.0000000,2018-08-27T14:57:19.0000000,2018-10-02T00:00:00.0000000,0,102.88,23.98,126.86,126.86
2e99433024f415d8bda635a5f0615a25,ffd940dedc35e4f459eddfa41291e824,delivered,2018-03-29T12:43:22.0000000,2018-04-20T16:06:59.0000000,2018-04-24T00:00:00.0000000,0,53.90,21.35,75.25,75.25
d90174017bf4d85298251ec0cf5a0bb7,c14a7f74602050fc8e33fe5820a9089e,delivered,2018-03-27T12:25:41.0000000,2018-05-15T16:24:51.0000000,2018-05-16T00:00:00.0000000,0,122.30,19.83,142.13,142.13
9da777e6977f9a0ed47c0a36c439a100,a92dc6eff829713a8baf8aaac87cc7e1,delivered,2018-04-22T21:48:49.0000000,2018-05-08T20:28:42.0000000,2018-05-16T00:00:00.0000000,0,19.99,15.23,35.22,35.22
176ada94dcc6f5fa6091d19a9d1fffde,2102760f9941764d52d99011d33811c9,delivered,2018-06-15T00:02:47.0000000,2018-06-20T11:21:54.0000000,2018-07-13T00:00:00.0000000,0,39.80,36.48,76.28,76.28
186a0845cd1b679057c8b0ea86931e2f,a820146409b46b535505aff7d58f3ffc,delivered,2018-07-19T17:22:40.0000000,2018-07-23T23:22:25.0000000,2018-07-31T00:00:00.0000000,0,692.00,13.00,705.00,705.00
d576291e922fc07924f5811f867ed79b,6a92d9b18a6811e74eef28f1042fff82,delivered,2018-08-11T13:55:18.0000000,2018-08-23T19:13:53.0000000,2018-09-05T00:00:00.0000000,0,89.00,16.81,105.81,105.81
13ce532ef1a57ec06218af7cb3634241,ec8cce4c98a82dead34ffd130e9c6d85,delivered,2018-02-25T14:17:14.0000000,2018-03-03T20:18:48.0000000,2018-03-21T00:00:00.0000000,0,69.90,15.93,85.83,85.83
d7883c9f072902eba8f3b8af350976bb,53acd19d26c67a3842218b6cd931196f,shipped,2018-02-28T22:26:55.0000000,,2018-03-20T00:00:00.0000000,0,14.56,9.09,23.65,23.65
856b72c8788d5cae7d45d12d479f5ed2,1a19a113d74df968be81ff005143c858,delivered,2017-11-30T23:24:15.0000000,2017-12-13T18:35:17.0000000,2018-01-02T00:00:00.0000000,0,69.98,32.22,102.20,102.20
aa3bb8a5c7740d386e6318f44046ac14,69e05d6d27a24b903033ec4f28aa6be8,delivered,2018-04-26T14:44:51.0000000,2018-05-07T18:48:31.0000000,2018-05-23T00:00:00.0000000,0,110.00,23.35,133.35,133.35
853196751437213c99b38f619b15c7d5,bee8c38659f6714c7bc7400419f8c029,delivered,2018-01-04T08:54:51.0000000,2018-01-10T17:17:55.0000000,2018-02-02T00:00:00.0000000,0,57.49,16.16,73.65,73.65
543dd9462e7d92ef58df34eea3ba7db5,352788649c9325b16a6bfa96df8942ed,delivered,2017-12-20T14:29:02.0000000,2018-01-04T20:38:43.0000000,2018-01-22T00:00:00.0000000,0,64.90,16.21,81.11,81.11
8846a9571a893b22eb57d4732b978bbb,dcb2e23f71877ba3dee97c2ec27f1a81,delivered,2017-01-26T20:44:49.0000000,2017-02-03T12:34:51.0000000,2017-03-02T00:00:00.0000000,0,379.90,45.12,425.02,425.02
1cf843db5be8c3ec934d6bc2b58e5061,e7e113b513595f22376c653e1bd4f6d1,delivered,2017-08-23T17:20:02.0000000,2017-09-05T21:45:35.0000000,2017-09-21T00:00:00.0000000,0,130.00,27.45,157.45,157.45
3aefaf9d41208dba8b2c336def99b00f,5b46a0d983eec8c97363bea78d4a69dd,delivered,2017-10-29T11:59:50.0000000,2017-11-06T21:18:53.0000000,2017-11-24T00:00:00.0000000,0,39.90,16.11,56.01,56.01
6b4063646aa51aca70fd0c745ded2155,f010f1ad40cdde76194f3c124c532db2,delivered,2018-02-14T00:16:24.0000000,2018-02-16T23:03:40.0000000,2018-02-26T00:00:00.0000000,0,25.50,8.27,33.77,33.77
f829a70601d740aed0868f3aee51da03,9a5933540f93a1f6293effde1e30f5b5,delivered,2017-09-20T08:54:17.0000000,2017-09-29T13:16:02.0000000,2017-10-13T00:00:00.0000000,0,99.00,16.45,115.45,115.45
5ebcd996db1f75a4d7b20b792a4a8258,06ea9a21fbcbfe8f45d54cc717db3c7b,delivered,2017-10-16T15:53:52.0000000,2017-11-03T17:37:55.0000000,2017-11-08T00:00:00.0000000,0,179.99,19.50,199.49,199.49
477ba53956bcbed8ecfb53c564354a34,e3f08093f6e3b8dfb0fd0c7c165fbc6b,delivered,2018-05-20T11:09:06.0000000,2018-06-05T17:33:28.0000000,2018-06-05T00:00:00.0000000,1,26.90,13.71,40.61,40.61
938ae4cc3e41fb0e80467cbd9b3b0b32,2a429fa14ae0251bcd2b942d4f115820,delivered,2018-04-08T20:38:47.0000000,2018-05-16T23:17:33.0000000,2018-04-30T00:00:00.0000000,1,99.90,23.63,123.53,123.53
ac04b7f02254500bde942a36fe9ea998,6686e5873a66cdeebd3ca467a27eb655,delivered,2018-03-06T13:44:31.0000000,2018-03-09T20:35:26.0000000,2018-03-16T00:00:00.0000000,0,49.89,8.40,58.29,58.29
05a71c571d4602a72418b73366543cd9,b7494292e530fcf77327f1649793a426,shipped,2017-08-18T21:38:07.0000000,,2017-09-20T00:00:00.0000000,0,89.90,17.88,107.78,107.78
c38813ffe793f98e9c552fdd4f0a21ee,a51fd34f17dbb1494058b853b558e419,delivered,2017-09-10T10:12:26.0000000,2017-09-22T17:37:01.0000000,2017-10-02T00:00:00.0000000,0,54.99,15.13,70.12,70.12
1fad09d0fdfb8f4f8cdfc1d5be566893,c12786834454ea9bfe60531bc75814cc,delivered,2018-02-18T19:48:26.0000000,2018-02-24T00:08:31.0000000,2018-03-05T00:00:00.0000000,0,37.90,9.27,47.17,47.17
489cbb0cbc1600b7b5a6d703004f606a,b6c9508ac754543c016be35d0a3b3857,delivered,2017-07-18T16:05:53.0000000,2017-07-31T19:07:57.0000000,2017-08-15T00:00:00.0000000,0,159.99,30.96,190.95,190.95
1d37e36d44b7056e8d613a4214c9765b,995a8d3ce0c9af3522916bd31f4305d7,delivered,2017-09-04T19:01:29.0000000,2017-09-12T21:32:59.0000000,2017-09-26T00:00:00.0000000,0,89.00,15.37,104.37,104.37
d883525a20a921f48a549f76c944fce8,01d33ef4c346ccf41a296c1292922cb8,delivered,2018-01-11T16:58:28.0000000,2018-01-18T20:38:50.0000000,2018-02-05T00:00:00.0000000,0,209.00,17.71,226.71,226.71
4eae14ba78c6ed873a6d1f11e52326b1,59f287a90462f9dd7101c26cbbcddb9f,delivered,2018-03-26T22:44:01.0000000,2018-04-05T17:21:57.0000000,2018-05-11T00:00:00.0000000,0,32.90,17.93,50.83,50.83
183ee0e3ebd4c1c995e5f9ac2d950ee8,81f49a0bc228fb20bc73f85ed36a0c0b,delivered,2018-02-01T19:55:53.0000000,2018-02-14T19:04:06.0000000,2018-02-23T00:00:00.0000000,0,43.80,23.70,67.50,67.50
eec4699eb4ec4511a25aead6ed4e6c9b,cd4c3fcb577c9952a9e8d7aaae763e51,delivered,2017-12-15T16:52:44.0000000,2017-12-28T16:09:42.0000000,2018-02-02T00:00:00.0000000,0,99.99,18.27,118.26,118.26
dcaa8a5fd8f675e791daccbbbc9caf11,2b2d00cc7790247c69d95d823c8d9c6e,delivered,2018-02-08T11:26:09.0000000,2018-02-21T11:08:58.0000000,2018-03-19T00:00:00.0000000,0,14.99,17.63,32.62,32.62
5f149cfaf9ec98e580e5cf5e000b5aaa,bab0097a6b5e99f6b73299e7e1c79a6e,delivered,2018-04-20T07:49:24.0000000,2018-04-30T20:07:46.0000000,2018-05-15T00:00:00.0000000,0,53.90,14.47,68.37,68.37
68005513d670f9fc899928aed4963d22,3d9511a1f386dd62e326b7bee5b1066e,delivered,2018-04-11T15:38:50.0000000,2018-04-20T22:03:32.0000000,2018-05-04T00:00:00.0000000,0,56.25,14.48,70.73,70.73
42ef77c2949646ec1d09f4f38b249508,87730f978647280a4f4c7a9468f38462,delivered,2018-01-29T14:05:43.0000000,2018-02-05T23:36:25.0000000,2018-02-14T00:00:00.0000000,0,47.49,9.94,57.43,57.43
52676562cb2111b7d4ec7c70868bf4dc,ecfdc745368d54527259bf2f3a4ea110,delivered,2018-05-08T21:29:13.0000000,2018-05-22T15:18:37.0000000,2018-06-05T00:00:00.0000000,0,173.25,23.79,197.04,197.04
24385221c8f9f6a31323b73db64f869e,ec2e9b399515569e3c86f6263a32794c,delivered,2018-06-21T19:00:44.0000000,2018-07-03T20:41:18.0000000,2018-07-19T00:00:00.0000000,0,130.00,62.66,192.66,192.66
54798b68c9437a3dac92d6b957c9d1ab,68ed208f14989bf87c423b4c343db98f,delivered,2018-07-29T11:12:28.0000000,2018-07-31T16:13:35.0000000,2018-08-06T00:00:00.0000000,0,49.00,8.50,57.50,57.50
bc79181375f4587d5d412ecafddcbf61,eaa2a67b296ee18d6f41acd4b01bcd45,delivered,2018-01-10T16:47:56.0000000,2018-01-23T20:29:46.0000000,2018-02-08T00:00:00.0000000,0,97.90,19.93,117.83,117.83
355730bf737146add585953ad0759407,b148e229c3c9f7260f706caf5ff17d23,delivered,2018-03-08T20:01:04.0000000,2018-03-14T19:52:23.0000000,2018-03-20T00:00:00.0000000,0,12.90,7.39,20.29,20.29
0fe9c7ad9288ff24bb738af81a27ef4d,4ad8bd2bde2eecae6aa5a10323c1efc8,delivered,2017-07-14T18:42:38.0000000,2017-07-20T17:45:56.0000000,2017-07-27T00:00:00.0000000,0,34.90,9.34,44.24,44.24
0bd742b9af9192bb314ed381e518eb50,267155aade3f34620d2f244df28a04e4,delivered,2018-02-27T18:52:33.0000000,2018-03-19T20:54:20.0000000,2018-03-21T00:00:00.0000000,0,67.90,12.61,80.51,80.51
e1b286432c65d0a0e8032aefcdae26ba,e983a1272205857c12416007c4e6c9a2,delivered,2018-02-11T19:47:15.0000000,2018-03-06T23:04:50.0000000,2018-03-12T00:00:00.0000000,0,29.99,15.10,45.09,45.09
1422a4b4a2aa8b66fd49ff5557200b42,4b24f5ef0c134fe4d56bb392b3397dcd,delivered,2018-05-28T14:18:26.0000000,2018-06-04T16:03:45.0000000,2018-06-29T00:00:00.0000000,0,840.00,84.12,924.12,924.12
7bcfe636f4605ba8f3e44cae6a4058a4,0088393a302a84e57cc69c9d365f5efa,delivered,2017-07-14T12:40:11.0000000,2017-07-31T14:44:30.0000000,2017-08-07T00:00:00.0000000,0,49.90,16.11,66.01,66.01
e2301ba70a8f5a2873aaa909c1b2ca33,32300a21d1cf6478f4c03c36dfb4cbe2,delivered,2017-09-06T01:19:03.0000000,2017-09-14T20:34:44.0000000,2017-09-25T00:00:00.0000000,0,141.64,14.01,155.65,155.65
f50a129ed971ecf763627e2b2a94be73,fa171236769262c2d8b9c6a9bb1eceb3,delivered,2018-02-21T12:22:01.0000000,2018-02-23T17:09:09.0000000,2018-03-21T00:00:00.0000000,0,21.50,8.27,29.77,29.77
46de18c621cff3e0818d8d5fdf66b608,164ab4de2cac9c11b767de9010cd5526,delivered,2018-03-21T23:25:50.0000000,2018-04-11T23:08:51.0000000,2018-04-13T00:00:00.0000000,0,199.80,23.90,223.70,223.70
751bac184f225318704b7bbf878bcc52,1fb84b8070e874d735f1b851cd98bdc6,delivered,2018-08-11T22:25:58.0000000,2018-08-14T18:46:39.0000000,2018-08-16T00:00:00.0000000,0,439.90,14.10,454.00,454.00
3bc965c0b4230683f63905bfb9f37b57,c15ddef23948be80723bb8b6178b34c1,delivered,2017-04-20T21:17:02.0000000,2017-04-28T07:32:55.0000000,2017-05-12T00:00:00.0000000,0,134.90,15.11,150.01,150.01
f6143525a729dbf323eff5f80e6ac979,1ce9aec3049b17c01ba9ee121e402b7d,delivered,2017-08-10T18:20:18.0000000,2017-08-16T22:06:40.0000000,2017-08-30T00:00:00.0000000,0,12.99,11.85,24.84,24.84
d39744d1dd7bf8e54f25f8e3aa47bcf3,a5229b3e8acc205650820948973f978a,delivered,2018-01-04T11:32:40.0000000,2018-01-24T23:58:47.0000000,2018-02-01T00:00:00.0000000,0,133.90,38.49,172.39,172.39
09de1c09553be98d80e730e53641c515,a7ba98528d4d1bb722a25e574d5a09cc,delivered,2018-08-20T14:16:16.0000000,2018-08-25T17:02:45.0000000,2018-09-04T00:00:00.0000000,0,289.00,21.21,310.21,310.21
74bbb7eea3f17308c17374bf5f572b65,3e4be3176a580becb5d751cf0f409c31,delivered,2017-04-21T22:01:50.0000000,2017-05-02T14:48:19.0000000,2017-05-17T00:00:00.0000000,0,79.90,22.85,102.75,102.75
9093d1fda3e04c4f34b2cd7b0fc18549,7a091f9ed8eb69891c389f7fe03f19ae,delivered,2018-05-16T20:49:00.0000000,2018-06-18T19:38:39.0000000,2018-06-14T00:00:00.0000000,1,199.00,51.89,250.89,250.89
ba7b165e199d438fedf5f04cabb6b5ac,857653b0eb3d3c5634481c63cae0cf69,delivered,2018-05-25T12:02:47.0000000,2018-06-12T21:34:43.0000000,2018-06-29T00:00:00.0000000,0,13.77,18.23,32.00,32.00
f365676962cc8bacbfc7a5067e1adb7d,1876a6381923fdefb70429e15e08a078,delivered,2017-12-06T15:00:09.0000000,2017-12-21T17:32:53.0000000,2018-01-10T00:00:00.0000000,0,33.99,16.11,50.10,50.10
3e5851bac5137487999e438e2986af8e,febc8698a75e85a4ddf0e78926c1119c,delivered,2018-08-09T16:53:00.0000000,2018-08-22T22:33:55.0000000,2018-09-03T00:00:00.0000000,0,61.90,27.38,89.28,89.28
b7be5e58fd37e6165dbb39e8362c8446,021ed85d23b734289c4dd0c827a3559e,unavailable,2017-06-29T18:07:49.0000000,,2017-08-02T00:00:00.0000000,0,,,91.76,
64f5569ef96004a1e1137bdf28fd4c45,abd49ba4cf56e622b951f281361f56ad,delivered,2016-10-05T21:10:56.0000000,2016-10-31T13:27:40.0000000,2016-11-29T00:00:00.0000000,0,54.90,14.73,69.63,69.63
151bc75d5cb7b7cf250eee3e3277dead,5201af6599e76f445ebcb42b7e7dc469,delivered,2017-10-15T11:34:39.0000000,2017-10-20T17:39:02.0000000,2017-11-07T00:00:00.0000000,0,119.99,18.09,138.08,138.08
ca19d840d5e718f4b8aeec1a40d393ec,a4b8f42e7147acc8be0da5dd43c4c88d,delivered,2017-09-16T21:03:25.0000000,2017-09-22T21:18:03.0000000,2017-10-05T00:00:00.0000000,0,22.00,14.22,36.22,36.22
fdb3ef83ea6f7bef7d13bdd9b38da661,fbc1bec47970c387d5f4962d518dd268,delivered,2017-01-17T21:09:40.0000000,2017-01-26T16:25:11.0000000,2017-03-13T00:00:00.0000000,0,109.20,13.34,122.54,122.54
adbaec40867ebc582ecbd4a767b0ab6b,2b9cc72f1aace0def73e1719380d329d,delivered,2018-05-12T06:33:18.0000000,2018-05-22T21:04:03.0000000,2018-06-04T00:00:00.0000000,0,90.00,14.05,104.05,104.05
3d1c4e2abc39b60c6d972acad25ea459,08ff8ee4ba2dc2a1ad0518273d841e04,delivered,2018-02-08T10:09:35.0000000,2018-02-15T22:33:31.0000000,2018-03-06T00:00:00.0000000,0,299.90,17.50,317.40,317.40
49bfd44c750b412b6c1312637fb82abf,2d24fed1756a77452cee7d8dd4375c61,delivered,2017-09-12T15:49:52.0000000,2017-09-26T18:49:03.0000000,2017-09-29T00:00:00.0000000,0,109.99,46.24,156.23,156.23
649bcc2d5a5b841c495f9d1f4cb31542,9bab273018cf6c7884419950fb655766,delivered,2017-12-09T20:27:01.0000000,2017-12-18T19:51:40.0000000,2018-01-04T00:00:00.0000000,0,87.00,12.74,99.74,99.74
c4d43ff7c0529549e6064083bd2129d3,f6bd36b6574aa85cd8714d2cf4e9d777,delivered,2018-03-03T10:06:23.0000000,2018-03-06T19:46:40.0000000,2018-03-15T00:00:00.0000000,0,59.90,9.09,68.99,68.99
68fac48a2dd22ab289df2ce0a499dcab,2cd4fd79fa21cdab9cc8a7de105555ac,delivered,2017-09-09T19:36:44.0000000,2017-09-26T19:07:50.0000000,2017-10-04T00:00:00.0000000,0,59.90,13.44,73.34,73.34
e65f6f6787bdbad616a93b96dbadf65c,302eafd08174f2bad74173da1a9ec209,delivered,2018-03-30T20:18:43.0000000,2018-04-20T20:54:50.0000000,2018-05-03T00:00:00.0000000,0,349.00,23.52,372.52,372.52
b0f445cca9b6a54ff47e8834c16ba6c1,2e45c5724dae130c031ff723c1ffb5e4,delivered,2017-03-07T16:37:01.0000000,2017-03-14T12:07:17.0000000,2017-03-24T00:00:00.0000000,0,62.80,17.44,80.24,80.24
129538e4bc7308e9ab041540283813f2,482da0f3d74585e56f424bacb4d3741c,delivered,2017-03-15T21:50:14.0000000,2017-03-23T16:08:02.0000000,2017-04-03T00:00:00.0000000,0,18.99,10.96,29.95,29.95
64cf90af2972e752091fa4a0344c47b7,db29b94a7ae343b96e89071646b56bb8,delivered,2018-06-06T17:10:26.0000000,2018-06-13T20:33:21.0000000,2018-07-18T00:00:00.0000000,0,39.99,18.23,58.22,58.22
2d825a962a725110b2647050cc636b3f,6b1901291ad821308850dfe8b4385afe,delivered,2017-11-24T10:21:50.0000000,2017-12-04T22:45:03.0000000,2017-12-22T00:00:00.0000000,0,69.00,15.23,84.23,84.23
30acc4fc5f485f20a89c9af9b0b67481,8366ba08152f16bb9b8534350e085166,delivered,2017-08-01T00:02:01.0000000,2017-08-09T22:39:51.0000000,2017-08-23T00:00:00.0000000,0,129.99,16.67,146.66,146.66
e687e938b814980b1e99e9e8413f9cac,74b207275c96418c3b8cf697b75db94c,delivered,2018-03-26T08:23:01.0000000,2018-04-09T18:42:40.0000000,2018-04-20T00:00:00.0000000,0,443.00,43.86,486.86,486.86
0ec20050bc3b82afe83aa803bff7ff04,d70bca474f0e8b7140711283a2c9fe4b,delivered,2018-04-18T19:17:18.0000000,2018-04-27T15:23:37.0000000,2018-05-10T00:00:00.0000000,0,49.90,12.43,62.33,62.33
9ac9a171c52c75836da9ff89487fc78e,395bcba8cc4642f15f4508da8c8ea0dd,delivered,2018-06-18T10:55:52.0000000,2018-06-26T20:46:40.0000000,2018-07-13T00:00:00.0000000,0,29.99,12.87,42.86,42.86
f425c83fa6d7f497e5f4a1c243401110,6bbd371a1f2217cc0ad1bc185c0e2894,delivered,2017-06-27T22:36:13.0000000,2017-07-13T21:04:30.0000000,2017-07-19T00:00:00.0000000,0,149.90,17.30,167.20,167.20
12c8abab1047518ce64899cb2c2966b7,47f2b930037868546be2c3297f60c82a,delivered,2017-12-05T11:47:17.0000000,2017-12-12T23:32:34.0000000,2017-12-29T00:00:00.0000000,0,59.98,28.20,88.18,88.18
e9376d90b28f9cdea83d4d850e4bb1a7,faafae37ddb3e4af81c10a397bcca35f,invoiced,2017-09-01T15:02:24.0000000,,2017-09-15T00:00:00.0000000,0,129.90,9.72,139.62,139.62
55b360b9aeaf1fcec58a18a82b21b957,57205a3f55644a1df9ea81f81aaba2c9,delivered,2018-01-03T16:29:43.0000000,2018-01-18T13:46:22.0000000,2018-02-07T00:00:00.0000000,0,194.90,16.11,211.01,211.01
7b54f413e57e620ba1cfca072be00075,a4a5788a4c236f3ff367fdd26547577c,delivered,2017-08-30T00:24:51.0000000,2017-09-06T19:30:03.0000000,2017-09-22T00:00:00.0000000,0,158.00,35.60,193.60,193.60
2410734c3fc6d36010cf6b1b36c2974d,9015549e1e0438244f52123c59498fa6,delivered,2017-01-27T23:02:15.0000000,2017-02-16T16:55:02.0000000,2017-03-21T00:00:00.0000000,0,139.00,18.00,157.00,157.00
f4f72cbdd627c62c098af2a02c335f37,670eab28ba915090480ea51423be62b6,delivered,2017-08-29T11:04:16.0000000,2017-09-13T19:22:06.0000000,2017-09-21T00:00:00.0000000,0,194.50,224.05,418.55,418.55
1314353395f7148ba64400eab34bb50c,3a38cfdf41dbda6098abeacd30ec2d3e,delivered,2017-11-27T09:22:59.0000000,2017-12-15T21:29:37.0000000,2017-12-20T00:00:00.0000000,0,139.99,16.74,156.73,156.73
4dea917f3fa605c7d6eff1a97a207768,11b7e0e29ddb9d0f4831982cc89cd620,delivered,2017-06-13T12:29:44.0000000,2017-06-27T14:51:52.0000000,2017-07-06T00:00:00.0000000,0,44.00,30.20,74.20,74.20
6ee212cd1fba9e136d4fd88010a0739d,22dd817ef8b0603835a39da9ef340f5f,delivered,2017-08-08T14:58:28.0000000,2017-08-14T20:43:02.0000000,2017-08-21T00:00:00.0000000,0,23.80,7.78,31.58,31.58
8adc7186d6a1385039f0717a994aaae6,43eebd9e1ce82376253188e323775296,delivered,2018-04-20T11:35:24.0000000,2018-04-30T15:38:53.0000000,2018-05-18T00:00:00.0000000,0,99.90,31.35,131.25,131.25
fd4bcae925b879102eb780d2bfc495a8,4f75899b8f7b903d7295eb12dcedb330,delivered,2017-10-09T11:34:21.0000000,2017-10-19T17:31:44.0000000,2017-10-30T00:00:00.0000000,0,399.50,15.82,415.32,415.32
26f4092024d63d808ee0788922431d05,ea17e2150f0336959c9ea3b20aee4db5,delivered,2018-05-20T18:16:54.0000000,2018-06-08T08:32:44.0000000,2018-06-21T00:00:00.0000000,0,35.90,15.23,51.13,51.13
7ac6f4778cd283c6b76c66fe1e0d4431,ed8be358abd6a8b37ba8cc9d485e7bbb,delivered,2016-10-07T10:11:42.0000000,2016-10-18T17:21:51.0000000,2016-12-05T00:00:00.0000000,0,399.00,56.01,455.01,455.01
b03db53a37db1313505cb24d4fe05052,7569ea856f1959d0371e70135efb6df7,delivered,2017-10-16T17:27:35.0000000,2017-10-27T19:57:57.0000000,2017-11-03T00:00:00.0000000,0,9.99,15.10,25.09,25.09
7b2e128ff26556462b7d217f1b67600b,f57d3db30585e5fe7bb1649ec4b1bc32,delivered,2017-10-27T14:57:21.0000000,2017-11-22T22:58:28.0000000,2017-11-17T00:00:00.0000000,1,38.90,16.79,55.69,55.69
8c08df56684ae2bb49a58393665eee49,6575f0577a2dcb81abb952843b9daa7c,delivered,2017-07-23T21:16:53.0000000,2017-08-03T17:42:58.0000000,2017-08-22T00:00:00.0000000,0,49.95,15.10,65.05,65.05
0a671900301b8fcb176e26d685aa7fb2,383302d43ca2506b3170ad8cba658b95,delivered,2017-10-31T21:42:47.0000000,2017-11-06T21:26:47.0000000,2017-11-10T00:00:00.0000000,0,64.90,8.72,73.62,73.62
f36cda6db10b2dddb208bf63a6ef8dfc,bb15c99f5519bbc27a55868e043216de,delivered,2018-06-03T08:39:18.0000000,2018-06-11T14:21:36.0000000,2018-07-16T00:00:00.0000000,0,39.99,22.06,62.05,62.05
065a7d9057589f809082e012f696cb5d,0410837784e2dbaa9a557a94d9975b14,delivered,2018-04-11T10:48:09.0000000,2018-05-02T21:04:34.0000000,2018-05-14T00:00:00.0000000,0,51.90,22.07,73.97,73.97
30290113513bda95268bb542dfa87acb,ecd4901725ab74781a930b41d7417b01,delivered,2017-10-21T22:17:06.0000000,2017-10-30T21:41:37.0000000,2017-11-29T00:00:00.0000000,0,99.00,89.82,188.82,188.82
fa6d3eb110ceb1c2b98c7d158c6d1671,7959f0273106fae265f111d071c1fbfa,delivered,2017-02-06T14:56:42.0000000,2017-02-13T07:15:09.0000000,2017-03-06T00:00:00.0000000,0,109.99,13.35,123.34,123.34
30bfd28e95a1e63924d71084f47c8ae8,42036e4de06b7da80343d54330dfd3de,delivered,2018-04-22T14:36:43.0000000,2018-04-30T16:21:21.0000000,2018-05-15T00:00:00.0000000,0,195.00,60.38,255.38,255.38
3663c0f887191044441077fb3564dc94,da0d6b89a4173638a2b43ea9c099765b,delivered,2017-09-29T19:43:25.0000000,2017-10-05T18:40:30.0000000,2017-10-23T00:00:00.0000000,0,34.99,11.85,46.84,46.84
fc39eb893101639217a80a552d1c16f3,a9703ec88ee79c7462a216dfeaeea50b,delivered,2018-01-11T14:56:58.0000000,2018-01-24T13:08:09.0000000,2018-02-07T00:00:00.0000000,0,58.90,25.25,84.15,84.15
c29b0d97f5a9e53bc9d5449d4c8378de,036747722c993c40f22a72d23ebd5a45,delivered,2017-07-08T20:31:56.0000000,2017-07-13T22:17:45.0000000,2017-07-21T00:00:00.0000000,0,269.00,34.12,303.12,303.12
de8b633e3fbc018e05354a54fbc8fff0,1a0e67acb719bb00bcee2e586ff3a2d8,delivered,2017-07-20T11:56:35.0000000,2017-08-04T19:35:43.0000000,2017-08-15T00:00:00.0000000,0,99.90,19.94,119.84,119.84
ce54af4e3da631822ae6be14ed5bee6a,e4636bdf9d42e9f4b6c0b5bf7ec7dbf5,delivered,2018-06-25T11:08:17.0000000,2018-06-28T22:12:33.0000000,2018-07-19T00:00:00.0000000,0,34.90,13.82,48.72,48.72
19b37f1efa2ddaf265496e78e245c19a,397860a986b2ba52addbf1178aa4e378,delivered,2018-08-07T00:13:51.0000000,2018-08-18T02:32:16.0000000,2018-08-15T00:00:00.0000000,1,41.00,8.45,49.45,49.45
21e43bdf56e1d32ad5bf113b604fc4f2,7fdecfe159e2f89af435668f6a1dd4dc,delivered,2017-12-05T15:00:56.0000000,2017-12-11T23:18:51.0000000,2017-12-29T00:00:00.0000000,0,64.90,18.69,83.59,83.59
7279d972e64c7ecfee553ae7b61480e4,2a0a7b746b977709c057f7f8cdf4ef49,delivered,2018-04-14T14:34:56.0000000,2018-04-30T20:51:37.0000000,2018-05-22T00:00:00.0000000,0,42.00,50.85,92.85,92.85
8b47e7e04a986e036f10ab10bae91a4b,afe72ed049ec9d0b2197c39828695745,delivered,2018-05-11T12:27:18.0000000,2018-05-24T13:16:42.0000000,2018-06-01T00:00:00.0000000,0,64.90,18.33,83.23,83.23
b9386feadadb8bc45d250345f27ac180,a0d14322c2c081915c5b59c56418469f,delivered,2018-07-04T16:02:31.0000000,2018-07-12T14:51:10.0000000,2018-07-17T00:00:00.0000000,0,98.60,7.95,106.55,106.55
2b4bc6bc210c5033966e5f88858ea019,1cd5de8b2acfd7667f7529070932081f,delivered,2018-04-27T08:33:47.0000000,2018-05-08T20:52:48.0000000,2018-06-01T00:00:00.0000000,0,119.00,25.31,144.31,144.31
2f2515a56e37c1a0693812cc6c009f0a,8624224187c687572378a68f86248076,delivered,2017-05-23T10:24:06.0000000,2017-05-26T14:13:42.0000000,2017-06-14T00:00:00.0000000,0,319.80,31.74,351.54,351.54
d454d6650d375ebc3f9667a4d2fe161c,7ae2a9337aa4bc799723511faa1d6830,delivered,2018-05-10T09:12:16.0000000,2018-05-11T18:58:28.0000000,2018-05-23T00:00:00.0000000,0,89.99,8.98,98.97,98.97
69877d0aa8f3f125ac5dbdc5215dbbd4,6dd1e15c0700a319d692f9cd2f556b27,delivered,2018-04-19T13:58:05.0000000,2018-05-04T21:06:59.0000000,2018-05-15T00:00:00.0000000,0,129.00,26.98,155.98,155.98
6732c97d4cbdac9ed23b4c7148f61590,bb806eb42447acd43835418cb81290c7,delivered,2017-03-01T20:50:51.0000000,2017-03-09T06:54:00.0000000,2017-03-24T00:00:00.0000000,0,64.90,17.29,82.19,82.19
3b773756d8fc59a7cd1a0c4ac584e397,22be9dd12bf9b04ef446b193422db6f9,delivered,2017-05-11T14:20:51.0000000,2017-05-22T13:18:07.0000000,2017-06-13T00:00:00.0000000,0,140.90,26.27,188.96,167.17
afe333c1956628d870ce89ad385f4e9b,65cb3cef0d6348041780a2d6da35a259,delivered,2018-08-16T06:00:25.0000000,2018-08-29T13:32:32.0000000,2018-08-31T00:00:00.0000000,0,39.97,51.00,90.97,90.97
c96496058fe55b7e844cd5e3a2562f85,9d523ec1adfaf85fd0dd5835b1884b75,delivered,2018-08-21T10:38:28.0000000,2018-08-24T21:08:45.0000000,2018-09-06T00:00:00.0000000,0,56.90,32.25,89.15,89.15
b31c7dea63bb08f8cdd1ec32514ccf0b,2a351c540a0cbdd0d9c266626f6d3acc,delivered,2017-09-26T18:35:35.0000000,2018-02-05T21:25:43.0000000,2017-10-19T00:00:00.0000000,1,33.00,39.28,72.28,72.28
f8db134d4ac3747d627adb962ec08f73,092389b0ad58d08590243690dc4db793,delivered,2017-05-16T18:59:44.0000000,2017-05-18T13:22:18.0000000,2017-05-29T00:00:00.0000000,0,79.99,8.75,88.74,88.74
7b08dd2c26ff1dadf52d5124cd43d01e,bb63cffe29f15ecaf4a7b292af273557,delivered,2018-01-04T11:43:51.0000000,2018-01-12T20:03:48.0000000,2018-01-31T00:00:00.0000000,0,69.90,19.98,89.88,89.88
d83ed20d296bdd288f45b29843643bc9,095d50f9052522bfd261ae0a5725abab,delivered,2018-02-26T11:12:17.0000000,2018-03-27T15:48:50.0000000,2018-03-21T00:00:00.0000000,1,74.90,12.65,87.55,87.55
95c9ce1fdafddf9a5d87142c464aa09d,760a013f293370ac8661971c593fb4f2,delivered,2017-04-29T23:40:45.0000000,2017-05-11T14:38:05.0000000,2017-05-23T00:00:00.0000000,0,16.99,10.96,27.95,27.95
9e96be941daa62b6b3eb0b074ba23a9e,e29a1778f74d431f75bbf30faecbd844,delivered,2017-11-15T13:15:01.0000000,2017-12-09T12:45:45.0000000,2017-12-14T00:00:00.0000000,0,459.98,70.48,530.47,530.46
c206a65ab93069f7a79c0ac5f4512e02,c7701ffd57ad3233140171c173d25953,delivered,2017-07-08T11:00:36.0000000,2017-07-13T15:38:12.0000000,2017-07-21T00:00:00.0000000,0,39.99,8.72,48.71,48.71
4c480567d1db63cffddc552638c35d8f,9b74cd824a37742f10285243d2c0ad7f,delivered,2018-08-04T19:48:47.0000000,2018-08-10T15:21:26.0000000,2018-08-22T00:00:00.0000000,0,292.37,58.81,351.18,351.18
fde8ee361a63b2ee323ac574ee41524f,e851a26670db4bfe21aa1f87177c40f1,delivered,2017-09-05T22:42:29.0000000,2017-10-11T18:46:50.0000000,2017-10-05T00:00:00.0000000,1,173.90,85.25,259.15,259.15
c5f2fc1736e716e61d88a8b5b6425603,78b3ea1b4db59453eb9231249c2f0d67,delivered,2017-08-05T18:41:44.0000000,2017-08-14T17:33:36.0000000,2017-08-31T00:00:00.0000000,0,128.00,18.15,146.15,146.15
09b8c1e504ab1fce7031c710bd8558d6,53344341e1300beda6e4cdae3b6b3496,delivered,2017-09-13T17:04:49.0000000,2017-09-15T18:32:48.0000000,2017-10-02T00:00:00.0000000,0,69.00,8.72,77.72,77.72
a640d10af396f0aa5f1c751f1f976bdc,e8c1eb3944f119033a19a867e469782c,delivered,2017-11-15T12:30:19.0000000,2017-11-20T14:09:14.0000000,2017-11-29T00:00:00.0000000,0,34.99,8.72,43.71,43.71
04323742e042716e4427a5b3536ea08f,ec2d2a258b058be97d409669ab436028,delivered,2018-04-23T00:34:50.0000000,2018-04-24T21:44:36.0000000,2018-05-10T00:00:00.0000000,0,37.98,14.78,52.76,52.76
4d3144d146f15c73378b715f90be85b9,81a742c53ac122ce220bd67609a7d935,delivered,2017-03-20T11:52:44.0000000,2017-03-30T17:33:11.0000000,2017-04-10T00:00:00.0000000,0,129.99,17.65,147.64,147.64
96006ddb955ba7f1a9e86d986f6149f3,a9d55da2151a33741cee50d084e410e0,delivered,2018-06-28T02:01:20.0000000,2018-07-03T23:03:29.0000000,2018-07-20T00:00:00.0000000,0,28.56,18.30,46.86,46.86
61d6fb5d839877cf9795ee80fd081935,889c102407310c5de98fdf30280af7bd,delivered,2018-04-11T16:01:04.0000000,2018-05-21T20:49:48.0000000,2018-05-07T00:00:00.0000000,1,69.90,16.46,86.36,86.36
eeecf0540c4a674f123d57397790b15e,c97f40e1ef3030fe5d60dfdbc045a233,delivered,2018-03-31T06:19:08.0000000,2018-05-09T11:48:50.0000000,2018-04-25T00:00:00.0000000,1,27.99,19.04,47.03,47.03
d233630561c3babf58e2ca3c0ca52bd2,52586a86015b83c57d03c1ce23f96192,delivered,2018-02-01T14:45:43.0000000,2018-02-14T20:29:08.0000000,2018-03-05T00:00:00.0000000,0,98.00,35.20,133.20,133.20
2783cfcf916c2cef168f19a7a2e45e45,b9633b9cf51f58d7c6facdc197862501,delivered,2018-07-25T09:23:57.0000000,2018-07-30T14:51:40.0000000,2018-08-13T00:00:00.0000000,0,56.10,19.58,75.68,75.68
10670df5f8bf4bf17a02524ee39b5b0b,ff5b7f0a6e7a161b5a66bc56a49b7250,delivered,2018-06-08T18:43:32.0000000,2018-06-19T17:36:49.0000000,2018-07-05T00:00:00.0000000,0,106.00,37.43,143.43,143.43
7766424657aa0cfbf1703f9550144964,35b6b3b06cd4b2101cfabfb5429dc028,delivered,2017-08-08T11:24:19.0000000,2017-08-11T20:21:56.0000000,2017-08-23T00:00:00.0000000,0,55.90,9.27,65.17,65.17
64b644100b812930de2286f0b999ece7,aa9d79a05d874fe96ece63ecf1ec008a,delivered,2018-04-19T11:28:09.0000000,2018-04-27T18:04:24.0000000,2018-05-15T00:00:00.0000000,0,107.80,0.00,107.80,107.80
db60e917f3e707779a0efd2b52354951,88be27a75dbfc841ea1fec58b8fbb33f,delivered,2018-01-29T11:24:25.0000000,2018-02-16T21:14:00.0000000,2018-02-23T00:00:00.0000000,0,189.80,34.34,224.14,224.14
ba6b736a4a402bcefa049a41b3a98c55,b1c8eaee7a170ae1856abe4fdbe8091a,delivered,2018-02-16T01:32:33.0000000,2018-03-14T18:42:08.0000000,2018-03-16T00:00:00.0000000,0,176.99,29.23,206.22,206.22
a4765431be6613d760a9cf57da14b9ce,cf74f48501be9e76c1c3506c39a187bf,delivered,2017-10-27T14:39:49.0000000,2017-11-21T20:59:54.0000000,2017-11-14T00:00:00.0000000,1,55.00,15.14,70.14,70.14
c41b4bf6e36acb1b2b50d976ceda84a9,3d10d3d5947319b132a01b9332e5b437,delivered,2018-02-19T16:04:42.0000000,2018-03-05T21:23:03.0000000,2018-03-13T00:00:00.0000000,0,149.90,23.37,173.27,173.27
ab99e730d7d27b4d197f5cae9303170f,87514386742f25a6bc39e30c562a1bb5,delivered,2017-03-15T19:48:58.0000000,2017-03-23T14:53:45.0000000,2017-04-10T00:00:00.0000000,0,35.99,10.96,46.95,46.95
88223c3979b0dac8b52690966235efbd,addeb8729d2995e56078e6787858960f,delivered,2018-04-02T12:45:17.0000000,2018-04-24T02:04:47.0000000,2018-04-27T00:00:00.0000000,0,74.99,16.83,91.82,91.82
f845b688b88cb588500bc10d0a3bcebe,aefd9c7be7476b75bef2a79a4e169a6e,delivered,2018-01-30T14:33:07.0000000,2018-02-10T02:23:03.0000000,2018-02-23T00:00:00.0000000,0,105.90,17.99,123.89,123.89
d8f309041b7d515605c0d4fd15b12db6,16ed990d94eef3d79216c2ff23124700,delivered,2018-06-10T20:08:36.0000000,2018-06-14T23:52:41.0000000,2018-06-21T00:00:00.0000000,0,18.50,7.39,25.89,25.89
4e1545ab101855b3e843d794ab1d3081,93f6dcaf88e3a3c3a207c97b607568d6,delivered,2017-06-13T19:11:52.0000000,2017-06-26T12:49:52.0000000,2017-07-21T00:00:00.0000000,0,56.99,34.20,91.19,91.19
cdae097ae448ea48b9b45e2b3569e9b6,c33c19eea4404b369fca569a72a7b35f,delivered,2018-07-04T20:50:40.0000000,2018-07-20T17:37:29.0000000,2018-07-25T00:00:00.0000000,0,899.90,24.07,923.97,923.97
4b2f4bcfaf2147dc60b9f86452ac885b,7c1c48b350bc4c1b1e668ecb7000e05b,delivered,2018-01-07T12:47:22.0000000,2018-01-15T16:03:52.0000000,2018-02-06T00:00:00.0000000,0,29.99,14.10,44.09,44.09
e8596a031f6814efc9b04e857f053ac6,a3c2953e0ee33d6881da8b52956198b2,delivered,2018-07-30T21:54:34.0000000,2018-08-03T01:52:26.0000000,2018-08-09T00:00:00.0000000,0,49.00,7.60,56.60,56.60
122804b6e70597eca700595473d8297b,e24936459392dc2e3f09cfacc083fbfe,delivered,2017-07-15T12:41:12.0000000,2017-07-24T20:46:30.0000000,2017-08-08T00:00:00.0000000,0,54.90,15.13,70.03,70.03
0d2ab5712ce82b9059da04a32ded871c,44288378c0d673fb42ce3c526c627978,delivered,2018-02-19T09:07:09.0000000,2018-02-27T21:45:26.0000000,2018-03-12T00:00:00.0000000,0,129.90,13.93,143.83,143.83
17eba629ec542978d1ea929d473d4f19,9a07fda0035700318ceb77ce80c7e42d,delivered,2017-02-04T20:09:10.0000000,2017-02-14T15:24:06.0000000,2017-03-15T00:00:00.0000000,0,163.90,43.61,207.51,207.51
26298a4e971b2abb0e472ae55f3a6cd0,c9f60908f2a9d84ff48f4650386eca94,delivered,2018-03-27T23:53:33.0000000,2018-04-23T21:18:26.0000000,2018-04-18T00:00:00.0000000,1,695.00,108.04,803.04,803.04
7704a0d92762105c0ba272c37a94b5ca,09ed4e9b4faf4f69fecc31273d565cdd,delivered,2018-05-11T09:53:14.0000000,2018-05-14T13:58:55.0000000,2018-05-22T00:00:00.0000000,0,99.00,7.56,106.56,106.56
f0ef2d37f5d4b3f8afaafa9a8a5bc58f,b5be0356146696b0db07f1ce08bd9092,delivered,2018-08-23T00:13:49.0000000,2018-08-27T23:31:59.0000000,2018-08-30T00:00:00.0000000,0,142.00,12.25,154.25,154.25
d85d798c30de34a10899fc8df46b330a,1da38ee263b59ad3ae82cdd4d75715a8,delivered,2018-02-04T21:23:24.0000000,2018-02-19T12:58:55.0000000,2018-03-08T00:00:00.0000000,0,279.99,22.80,302.79,302.79
3bed3182d08ce9d8c2e2a849db8a2257,b37279e6c509b47596afcd9ab407f3f1,delivered,2017-08-31T09:05:03.0000000,2017-09-04T16:30:11.0000000,2017-09-13T00:00:00.0000000,0,152.22,24.48,176.70,176.70
a831481fe241b8d8bc08c53fc98012b9,497cf630dd41e00e2a185a9e0cc5e02e,delivered,2017-10-23T14:35:53.0000000,2017-11-08T20:48:41.0000000,2017-11-24T00:00:00.0000000,0,129.90,29.31,159.21,159.21
8092a1edb9b302ea942c2671edf4737c,13bc08879933f8f9cd854bdb25fb8f56,delivered,2018-06-29T15:27:05.0000000,2018-07-05T23:33:15.0000000,2018-07-19T00:00:00.0000000,0,58.99,13.07,72.06,72.06
70c06583df3a26d0a632b3205baee66a,2a448cc5163cff9c1b88d9f7848900dd,delivered,2017-08-23T16:17:41.0000000,2017-08-30T21:05:11.0000000,2017-09-19T00:00:00.0000000,0,159.90,20.61,180.51,180.51
54f9756bd9148ebde702040750fa59de,4731d6ffe1259974fe8f535d39df0ff9,delivered,2017-12-22T16:44:28.0000000,2017-12-28T22:44:20.0000000,2018-01-12T00:00:00.0000000,0,89.90,16.35,106.25,106.25
b064d82b485fff92c7c15d344bfd7e6a,30b6c3b445d8760d7caf8fa0dba0647b,delivered,2018-04-16T01:22:47.0000000,2018-05-04T23:08:28.0000000,2018-05-14T00:00:00.0000000,0,29.90,18.23,48.13,48.13
748934084b439ea1404df1dd5a8b238d,afb521dc2727e7e421365918326a4223,delivered,2018-07-07T16:39:55.0000000,2018-07-13T18:44:53.0000000,2018-07-23T00:00:00.0000000,0,75.00,15.83,90.83,90.83
0911316604300fefa8aef39f81380c66,783d82c1a8f9a43b9309e0ef3d2be665,delivered,2018-07-05T11:41:36.0000000,2018-07-10T21:18:49.0000000,2018-07-18T00:00:00.0000000,0,27.90,7.94,35.84,35.84
9b91ddcbd6cbceb83d4fd2462ca1f95e,6152d0774bbbf74f7140541c0569dafa,delivered,2017-01-05T14:22:02.0000000,2017-01-16T16:32:52.0000000,2017-02-01T00:00:00.0000000,0,10.90,8.72,19.62,19.62
0b9b1c5bbb14862e0e96660280048b04,2bd46622c473bea1ca8f10e37be933ec,delivered,2018-06-04T14:34:15.0000000,2018-06-06T17:59:05.0000000,2018-06-28T00:00:00.0000000,0,8.99,7.39,16.38,16.38
81d5d6bcd0acfd69fbae85ff8620a6e2,534525d2977800ab718182e9731f540b,delivered,2017-11-26T09:55:23.0000000,2017-12-18T23:19:18.0000000,2017-12-22T00:00:00.0000000,0,365.00,27.10,392.10,392.10
6a2e09d7d2755c778b119d0b74d4d431,6eb6e7b6a901ac22a2e5949e1f3151e8,delivered,2018-02-23T17:41:54.0000000,2018-03-08T16:53:36.0000000,2018-03-16T00:00:00.0000000,0,105.00,16.49,121.49,121.49
376c03b8851464f42300b1a04881d739,418b556d05e82d296b2539d2d7cdfc83,delivered,2017-12-03T11:51:39.0000000,2017-12-11T19:09:37.0000000,2017-12-27T00:00:00.0000000,0,170.00,16.82,186.82,186.82
ae97d3198a682804e9f5bfacfe13355a,ec133927f79d0d8ae1936711d7b44dde,delivered,2017-10-25T19:48:02.0000000,2017-11-13T17:35:12.0000000,2017-11-21T00:00:00.0000000,0,99.99,17.98,117.97,117.97
6948d508c3ef371871d70a9ba491c336,e0b6d9f3f3cf18ceec4b277eaa578c0c,delivered,2018-02-04T11:25:15.0000000,2018-02-27T23:43:39.0000000,2018-03-05T00:00:00.0000000,0,189.90,20.21,210.11,210.11
ee24a4c9f2a2d7aa315838be51c92fd2,cdd80b2081f42efba588cac314068473,delivered,2018-05-11T17:14:26.0000000,2018-05-23T14:48:57.0000000,2018-06-06T00:00:00.0000000,0,145.90,23.60,169.50,169.50
881e6608d8b7f15fc4133a04c4933e48,3bc0dbe0cab89238bc8969272e4f303d,processing,2017-05-07T14:06:45.0000000,,2017-06-01T00:00:00.0000000,0,236.52,13.16,249.68,249.68
5bcf5ca118d9e81440bf98e26c943255,3bfc0927d77dfbf1e3a0fb4ca2162789,delivered,2017-08-27T19:01:23.0000000,2017-09-05T21:05:37.0000000,2017-09-18T00:00:00.0000000,0,49.00,15.11,64.11,64.11
1b04338248209667c231e726e312c9fd,a74f9046c11424a57efb412e278aa175,delivered,2017-07-11T12:17:53.0000000,2017-07-20T19:21:45.0000000,2017-08-09T00:00:00.0000000,0,195.90,14.39,210.29,210.29
57829c554e00894996ac7cdc85692e8f,58c91b2ec8eb157ed2315e16df70d236,delivered,2018-04-14T18:58:28.0000000,2018-04-24T21:18:53.0000000,2018-05-23T00:00:00.0000000,0,93.00,16.62,109.62,109.62
d9855ff1d7520c1c5397b65164c32477,55846a9bb9076de56da44e430349ad1a,delivered,2018-04-18T23:10:40.0000000,2018-05-02T14:06:35.0000000,2018-05-08T00:00:00.0000000,0,104.00,13.99,117.99,117.99
96de2b7f7f3c401fbee3eef068376da6,eec30b788184a6d93954fd5e82c48add,delivered,2018-01-01T20:11:53.0000000,2018-01-10T19:46:50.0000000,2018-01-24T00:00:00.0000000,0,20.30,11.85,32.15,32.15
9570b858d92d0c29cd331a7326b84ac6,46f6474f7fa4d2600e0f97435c8826b5,delivered,2017-02-09T11:35:41.0000000,2017-02-15T10:12:27.0000000,2017-03-20T00:00:00.0000000,0,125.00,12.26,137.26,137.26
932c7d98b6333c885409e2205bcb6141,08fd1f647fb132970cc8e3ee6c9075d9,delivered,2018-04-05T23:26:03.0000000,2018-04-17T23:16:34.0000000,2018-04-30T00:00:00.0000000,0,69.00,16.45,85.45,85.45
b1526359b93e19d491c0eaa5b2c053ec,02d8426ded4654ed60b46ddd6d1a4f8c,delivered,2018-05-01T14:21:26.0000000,2018-05-24T16:28:36.0000000,2018-06-08T00:00:00.0000000,0,599.70,82.44,682.14,682.14
50dca53ca33b739bef09e7933e8b380e,d0580aed7f303a707d93b00b84c591a7,delivered,2018-07-14T09:47:09.0000000,2018-07-21T11:21:21.0000000,2018-07-30T00:00:00.0000000,0,39.80,25.60,65.40,65.40
4caecf79f2dfbc0304ffdc8637ff5900,e82b65e2b591d7d01e803b11299bf0f4,delivered,2017-06-06T10:03:27.0000000,2017-06-16T17:03:57.0000000,2017-07-07T00:00:00.0000000,0,29.00,21.15,50.15,50.15
8fa4704d89e249323dcdc1d6d2674caa,64ab623e271c29cae5c13e16c141f333,delivered,2017-10-15T15:28:52.0000000,2017-11-08T18:31:45.0000000,2017-11-09T00:00:00.0000000,0,325.00,23.07,348.07,348.07
2c287808b2feef34a4a25e5337bb08e1,2ef4772e08a92ee1d12f3295ac099d11,delivered,2018-07-17T19:56:55.0000000,2018-07-25T21:12:19.0000000,2018-08-16T00:00:00.0000000,0,669.99,26.62,696.61,696.61
dcec6d766a2bc76144372192c66bbe87,531262526865df96d0364f70e06eacd0,delivered,2017-07-20T10:36:22.0000000,2017-07-24T19:34:32.0000000,2017-08-02T00:00:00.0000000,0,16.90,11.73,28.63,28.63
30b0387ec944061d4b677460b14309f0,b885371ff1e5310cbc46d0f3d1fbbc60,delivered,2018-04-05T18:20:39.0000000,2018-04-18T13:16:55.0000000,2018-05-04T00:00:00.0000000,0,35.00,15.23,50.23,50.23
5928d420527d13a50a884bc80c6ea676,5393412c9014929b2ce82cd29def8553,delivered,2018-07-03T15:26:45.0000000,2018-07-09T16:07:27.0000000,2018-07-30T00:00:00.0000000,0,48.00,18.44,66.44,66.44
b8c123fb1b26f1adfb0d6f9d17255de7,55078458f6622b6a47faf210f19c838d,delivered,2017-12-28T11:27:49.0000000,2018-01-17T18:02:50.0000000,2018-01-17T00:00:00.0000000,1,149.00,8.30,157.30,157.30
dd0611161b5da88aac7b99d9c6cd41d6,148078d68b6cdee7fb155cfd58d29bfa,delivered,2018-01-31T13:33:56.0000000,2018-02-27T21:42:18.0000000,2018-03-05T00:00:00.0000000,0,712.50,85.16,797.66,797.66
77de2b6b4ddbe44561245ee168593b5e,080be1fb261fa4104673e0388e5ed508,processing,2018-02-11T20:30:24.0000000,,2018-03-06T00:00:00.0000000,0,84.90,13.61,98.51,98.51
030e16ae69706dde9e78557f9b501657,a33361b4c45890c7b762296a3eec1f9b,delivered,2017-05-26T16:12:07.0000000,2017-05-31T11:25:46.0000000,2017-06-08T00:00:00.0000000,0,399.99,15.63,415.62,415.62
cf439d61252ef55f81ce2e531d64a275,aee0e70971aa92341d9c81d57319d6ee,delivered,2018-05-15T16:45:05.0000000,2018-05-23T21:32:42.0000000,2018-05-29T00:00:00.0000000,0,49.90,8.29,58.19,58.19
15835fb051f32800c847b351f2a31f9b,7c0a001c31242de2b27991f4f0fca4a1,delivered,2017-02-13T21:14:23.0000000,2017-02-21T14:21:44.0000000,2017-03-14T00:00:00.0000000,0,69.90,16.74,86.64,86.64
3585d13e3147a56c82596757cff8c66c,7dac8e502779cdc34ef4e6ead6b5d576,delivered,2018-04-25T22:12:49.0000000,2018-05-08T16:08:32.0000000,2018-05-10T00:00:00.0000000,0,49.00,7.39,56.39,56.39
10cba0be7bc27288b512d87a719b97e5,5e7f31c7eb308dde013b9cd6f31ac8bb,delivered,2017-05-12T15:01:20.0000000,2017-05-16T18:21:37.0000000,2017-05-22T00:00:00.0000000,0,15.90,8.11,24.01,24.01
3b4ccaa47ae0c0d6966133bcdb0c8ad4,d7c999073dcd1bce8c712cbbee9e30b2,delivered,2017-12-03T16:06:11.0000000,2017-12-29T15:43:34.0000000,2017-12-27T00:00:00.0000000,1,1058.00,24.66,1082.66,1082.66
0a7d898c6305101e69e9f5a05cd0130d,3960b54ae7f5ec5965a08bf94efc2411,delivered,2018-06-12T16:38:43.0000000,2018-06-29T21:15:46.0000000,2018-07-11T00:00:00.0000000,0,196.00,19.47,215.47,215.47
4042753ccc5a8c7ab778aa7856ca6230,9cb76e2e1b7aa98660472611bed4874b,delivered,2018-05-02T00:41:13.0000000,2018-05-08T15:52:49.0000000,2018-05-21T00:00:00.0000000,0,110.00,18.85,128.85,128.85
5a008db40659290cadbe2a57493bc273,abcbd85506e144160bee308811967a35,delivered,2017-09-19T23:46:28.0000000,2017-10-04T20:53:10.0000000,2017-10-05T00:00:00.0000000,0,79.90,12.90,92.80,92.80
851edd7bad3021e86dd7fa72e9a5688a,904c9a7f393dd1602377ebac952caf80,delivered,2017-07-14T14:34:28.0000000,2017-07-26T20:23:24.0000000,2017-08-11T00:00:00.0000000,0,149.00,16.48,165.48,165.48
bd1addb3e998af6689dacf2d7619ece3,4d640f85482c23980bedcc13a8219e23,delivered,2018-05-03T22:54:35.0000000,2018-05-10T23:14:59.0000000,2018-05-24T00:00:00.0000000,0,93.00,9.01,102.01,102.01
4bc05b9413beec5d8360baac48258100,a78562d82bc91b39f93a7e43dc5122f2,delivered,2018-07-11T22:17:40.0000000,2018-07-24T09:31:05.0000000,2018-08-07T00:00:00.0000000,0,219.00,38.44,257.44,257.44
06ff862a85c2402aa52dc9edf150bf30,0a978c825ff7d013133ddc7f77566172,delivered,2017-11-30T13:31:08.0000000,2017-12-28T22:27:57.0000000,2017-12-28T00:00:00.0000000,1,41.90,17.63,59.53,59.53
fdf8844cd505f957ba4349c95ad5357c,fdcf8902237d2c8986eaa7fe344542c9,delivered,2018-06-27T10:20:51.0000000,2018-07-09T19:03:08.0000000,2018-07-24T00:00:00.0000000,0,230.00,54.36,284.36,284.36
ce5f7f7ad317c7433154353ccd683f5b,739ad04dbd001a664c854b570c40b07b,delivered,2017-10-25T13:39:20.0000000,2017-10-30T14:46:52.0000000,2017-11-07T00:00:00.0000000,0,45.00,9.27,54.27,54.27
1e988c7630b31701946a24a362ae9dd7,57d95ce76c2b8f88a38fee409eee5fa5,delivered,2018-07-19T08:40:59.0000000,2018-08-02T11:17:38.0000000,2018-08-08T00:00:00.0000000,0,105.00,25.09,130.09,130.09
23450be385c992f3c2a398025c48db20,fa67ad79c559ad64c2831dfb5103a716,delivered,2017-12-16T20:06:22.0000000,2017-12-19T22:12:26.0000000,2018-01-05T00:00:00.0000000,0,118.00,9.02,127.02,127.02
785c89d4e249aa8f0ec838dded807fd1,6855f38cbbe15fbf194c2a7153cb1084,delivered,2018-01-07T13:21:41.0000000,2018-01-12T20:57:01.0000000,2018-01-24T00:00:00.0000000,0,55.49,9.94,65.43,65.43
1ce397b1df28355ed4f928b2b322db98,40ddde594ee634dc7553a1db8c39275e,delivered,2017-03-20T10:44:52.0000000,2017-03-27T15:13:15.0000000,2017-04-06T00:00:00.0000000,0,116.00,11.42,127.42,127.42
6ff5660ec1019c0a3c3f90871174467b,b63498f62744d6304da09ded0cab9677,delivered,2017-07-28T21:03:52.0000000,2017-08-10T18:49:58.0000000,2017-08-21T00:00:00.0000000,0,56.90,15.15,72.05,72.05
7affac81820aaf2175139fb5e1f2b4c0,1e786e4256c8012edd4a951d80a06718,delivered,2017-02-13T15:23:18.0000000,2017-02-24T17:42:47.0000000,2017-03-14T00:00:00.0000000,0,70.00,29.04,99.04,99.04
bc04e2bb63324cc86f60dccdc3f568cf,0ab59d45d567a5ccce8b3404fb5b44bc,delivered,2017-11-01T14:08:32.0000000,2017-11-15T15:21:34.0000000,2017-11-29T00:00:00.0000000,0,38.99,16.11,55.10,55.10
cf753c9874f18f99ba2ae6ae04632905,a9b0200cc7ddf5f4d78a31ad5b0ddfc7,delivered,2018-07-31T19:39:47.0000000,2018-08-06T22:58:51.0000000,2018-08-13T00:00:00.0000000,0,19.90,8.30,28.20,28.20
d8ff321383376dc17f0dc69b56fecffe,c44591b0739eb5323ce32b31619a6396,delivered,2018-02-08T19:05:16.0000000,2018-02-16T17:16:55.0000000,2018-03-12T00:00:00.0000000,0,399.68,85.00,484.68,484.68
ff85f6534f8a6b89e27a340dcf86ecac,599c3538fbec0c9e9c2c73b4d1694d30,delivered,2018-05-02T15:56:29.0000000,2018-05-15T19:18:31.0000000,2018-06-11T00:00:00.0000000,0,259.99,84.52,344.51,344.51
ed20b1dad0625f2d7d577cba09798687,e9f8daa4f14ca77c9604150fcb6b72d7,delivered,2018-07-31T17:07:16.0000000,2018-08-06T22:51:41.0000000,2018-08-14T00:00:00.0000000,0,56.00,14.55,70.55,70.55
54232ca33e8e55a669a5f26927049f32,9156ed230c7216ef5f4eed2b0fae39ee,delivered,2017-11-26T21:48:38.0000000,2017-12-04T18:53:02.0000000,2017-12-15T00:00:00.0000000,0,98.00,26.82,124.82,124.82
39db24edc355863bd882c7e44c782993,f79a79ee780df2dff33e4f6f6536223e,delivered,2018-01-13T22:03:06.0000000,2018-02-06T18:35:56.0000000,2018-02-19T00:00:00.0000000,0,169.00,38.73,207.73,207.73
34db12eded81bbeb870aa3fae6848f90,f26a3ca1beb5430f03e91621c7428b46,delivered,2017-06-06T21:33:06.0000000,2017-06-12T19:08:58.0000000,2017-06-28T00:00:00.0000000,0,41.99,15.98,57.97,57.97
73fc09cb2735860973151bca6dbc4169,4daff91e03d519f97b49371de65d405e,delivered,2018-06-27T21:46:21.0000000,2018-07-09T19:22:28.0000000,2018-07-24T00:00:00.0000000,0,300.00,21.29,321.29,321.29
a322a4aa3b0a9b47a6760a03ee17ffe8,d312c73308e9c429a61aab82e16b7f6a,delivered,2018-01-07T11:53:56.0000000,2018-01-22T22:23:32.0000000,2018-02-09T00:00:00.0000000,0,23.80,21.15,44.95,44.95
8b04755969f401703034739a68acf0b3,dae9ee97d14a1f5ab75b863226a72df4,delivered,2018-05-20T18:36:34.0000000,2018-05-25T15:56:27.0000000,2018-05-29T00:00:00.0000000,0,49.49,7.39,56.88,56.88
21826e0954bd6550ea7b7a5665bc636f,15eb63626515b70de392cc4d9009e2a4,delivered,2017-05-16T12:32:35.0000000,2017-05-22T17:22:13.0000000,2017-06-05T00:00:00.0000000,0,179.98,54.60,234.58,234.58
81efa27a86ea057067f5160181f1be48,257f94d2e0cf3233164061fdd443ca8f,delivered,2017-11-24T13:41:16.0000000,2017-12-07T16:21:39.0000000,2017-12-15T00:00:00.0000000,0,49.00,17.67,66.67,66.67
d57be8fa0f204a8cf10389b3da1d2a3e,1fdc27be5c31f3a14982e372b4780dd2,delivered,2018-01-10T13:42:25.0000000,2018-01-22T16:25:08.0000000,2018-02-01T00:00:00.0000000,0,24.90,15.10,40.00,40.00
be6eea060429ae021a46df0a1990365c,2a9543cbe3f8f53d8f8a62237f3ba8f5,delivered,2018-01-30T17:46:03.0000000,2018-02-05T19:42:14.0000000,2018-02-21T00:00:00.0000000,0,48.00,11.85,59.85,59.85
ea8efd0043199fe88f31e1fea2e840f6,a17a7b3ef3d9a5c528919354288dd99b,delivered,2018-07-21T13:16:37.0000000,2018-08-06T19:42:00.0000000,2018-08-22T00:00:00.0000000,0,152.00,23.86,175.86,175.86
3bf31ab7902ee8a53800c1f3d57651eb,bb88b693c753625fac6cbb7cf28caeac,delivered,2018-04-24T09:31:55.0000000,2018-05-09T21:46:34.0000000,2018-05-15T00:00:00.0000000,0,57.99,18.29,76.28,76.28
eb0a68abb1cdcb47bf4cdf70f6e14d65,bb83abeba94ed035926bc7f143ecc0e6,delivered,2018-05-15T13:36:35.0000000,2018-05-21T21:11:43.0000000,2018-06-05T00:00:00.0000000,0,175.99,23.81,199.80,199.80
66bb893cb22818f4c91fdfcf9e2a81bf,169501e220f0093ccd895f3dc48431cd,delivered,2018-08-07T10:11:54.0000000,2018-08-14T22:58:48.0000000,2018-08-29T00:00:00.0000000,0,44.00,17.24,61.24,61.24
79f9a48657445e95909801ea6a7e44a3,9be56b2c15bdf5ad08472fe9a4d77938,delivered,2018-08-22T10:38:51.0000000,2018-08-25T12:18:33.0000000,2018-08-30T00:00:00.0000000,0,28.00,11.22,39.22,39.22
d56851f342ee399d61852bdcd356a663,7c788d83e0356f02c08005726563909b,delivered,2018-04-26T10:42:21.0000000,2018-04-30T17:48:52.0000000,2018-05-16T00:00:00.0000000,0,179.00,8.87,187.87,187.87
ba411c67fe5e146b1838dc69b0c732e5,dca27253c644f323a50bff41c1db2ef3,delivered,2017-08-05T11:51:46.0000000,2017-08-11T21:33:39.0000000,2017-08-23T00:00:00.0000000,0,56.99,8.72,65.71,65.71
f538203e8721d06d7984cee6e148b9f0,e91ecbc9e1c67b0102b5a56e41965770,delivered,2017-11-24T19:47:22.0000000,2017-12-19T21:08:54.0000000,2017-12-27T00:00:00.0000000,0,13.65,17.63,31.28,31.28
8b5c910ccad3b27e2876ad9eb90bbb53,3e17ed0c309122328824d65f3d0c2a08,delivered,2017-10-13T09:59:35.0000000,2017-10-23T17:03:54.0000000,2017-11-03T00:00:00.0000000,0,75.00,17.81,92.81,92.81
49e720bd050835a646e0d5e8a89a42ea,dbebe78b9864f488fad78e9edbfb8bda,delivered,2018-08-15T19:12:35.0000000,2018-08-18T17:51:30.0000000,2018-08-21T00:00:00.0000000,0,81.00,8.73,89.73,89.73
e4cb234bf724fa255f0ecd4d95f72a9f,b1190421767ae467d7e6e9c7659a12ee,delivered,2018-08-12T22:48:32.0000000,2018-08-20T18:07:04.0000000,2018-08-29T00:00:00.0000000,0,95.00,46.97,141.97,141.97
8623ddd82259f932337ad9f727cd25b5,73c81eed8822aec98bc389ccce382294,delivered,2018-08-22T01:37:38.0000000,2018-08-27T20:32:18.0000000,2018-09-10T00:00:00.0000000,0,46.00,15.42,61.42,61.42
0e259b373316a562c9e71cd725ce1120,11087d8124a9ffd315a2db43ec1f2e43,delivered,2018-08-17T10:32:19.0000000,2018-08-25T16:18:36.0000000,2018-09-04T00:00:00.0000000,0,54.90,22.31,77.21,77.21
82fa967d1d3bc56f31565b771fe79181,4d36af0b2f66083f21a8f7d549647d6a,delivered,2017-03-08T15:00:44.0000000,2017-03-16T17:48:01.0000000,2017-04-03T00:00:00.0000000,0,179.99,9.63,189.62,189.62
278795fa6c02df5eb7e3549cf3722fdc,921fdc244d0ab2156a464cb5035518b5,delivered,2018-04-04T14:36:46.0000000,2018-04-16T17:07:24.0000000,2018-04-26T00:00:00.0000000,0,832.41,73.44,905.85,905.85
7a73dbb7b879e915cfd13e75852d910d,2fc18e96c5987ff9e0f2e3ca600cd075,delivered,2017-10-03T13:05:20.0000000,2017-10-13T20:28:58.0000000,2017-10-20T00:00:00.0000000,0,39.90,7.78,47.68,47.68
e7f30a3abdc763c660d1dc442dce909f,981dc5e9b0855c9d17f0819bb3c4f27e,delivered,2018-05-04T11:28:12.0000000,2018-05-11T00:27:48.0000000,2018-05-30T00:00:00.0000000,0,117.40,15.70,133.10,133.10
b8c3df75fc496cd9299a8ff31f483351,dba0672d5a3558c6fbde36b9d03fbfa6,delivered,2018-01-06T13:44:18.0000000,2018-02-07T23:36:30.0000000,2018-02-15T00:00:00.0000000,0,149.90,23.92,173.82,173.82
956df0791d1e89e540bca30c351fece1,45d4713718919c4e07c8dd7d0797f63e,delivered,2017-05-03T16:07:37.0000000,2017-05-17T16:54:37.0000000,2017-05-26T00:00:00.0000000,0,49.00,14.52,63.52,63.52
7e25a709518d3b5b51fab58d605ea0e8,f26da87c662e29c4680a07cf6e7f3a97,delivered,2018-04-04T18:42:39.0000000,2018-04-19T00:28:44.0000000,2018-04-25T00:00:00.0000000,0,170.00,19.08,189.08,189.08
7444a57e086e68992dea35c06079521d,a2c1c3470d4d505268abe4de69b6a9a6,delivered,2018-05-14T19:24:10.0000000,2018-05-21T16:31:54.0000000,2018-06-01T00:00:00.0000000,0,25.99,18.23,44.22,44.22
49a87cbe0678fc2f068332f42fa05241,309d5fcef3ce034d709f2f89550f8b4b,delivered,2017-12-02T20:02:37.0000000,2017-12-12T18:58:59.0000000,2017-12-27T00:00:00.0000000,0,89.87,13.65,103.52,103.52
c7c8b7eca811b5f2d08999ad1c3e4f9d,62104fadfa739ae952769448b2e3886c,delivered,2018-06-09T20:36:52.0000000,2018-06-25T20:32:16.0000000,2018-07-11T00:00:00.0000000,0,129.00,18.78,147.78,147.78
18f1f69eead979dddab0c5fda4df6a16,8011fefcdf20c376556c1f88c426c986,shipped,2018-03-11T23:39:29.0000000,,2018-04-13T00:00:00.0000000,0,22.95,18.23,41.18,41.18
9b8ad49cf4b6a81aa48baddcc0d7cc1a,f49c3a2b208956b0c1f7d23c443de618,delivered,2018-06-18T18:46:35.0000000,2018-06-21T00:32:53.0000000,2018-06-29T00:00:00.0000000,0,47.33,9.46,56.79,56.79
a08d1f4b300c3d7ec52f5f9a74234eca,e2c852f36be265c817eafd880884b206,delivered,2016-10-10T11:08:53.0000000,2016-10-21T16:25:05.0000000,2016-11-30T00:00:00.0000000,0,45.89,11.17,57.06,57.06
4478be65e69dff16ebd5739137d33057,1d51028a137ae04a286fa2d4643543a6,delivered,2018-01-31T12:54:58.0000000,2018-02-05T21:35:34.0000000,2018-02-16T00:00:00.0000000,0,18.99,7.78,26.77,26.77
79b01840e1837dee7c52f10d375f4edd,12e5da270cb6349f4f8781521a208d6b,delivered,2018-05-03T11:57:49.0000000,2018-05-09T17:03:20.0000000,2018-05-22T00:00:00.0000000,0,99.49,13.82,113.31,113.31
6c6971df6cfa20527e3e3d32aded78b1,4303f036861990814a1cb67ff02d50a2,delivered,2017-12-30T16:45:59.0000000,2018-01-17T20:43:50.0000000,2018-01-30T00:00:00.0000000,0,25.00,11.85,36.85,36.85
8c8eb180639e9bf917a45e7acef96a42,b257fa82ab6a82951427d42fe49de736,delivered,2017-07-20T13:58:31.0000000,2017-07-27T22:01:29.0000000,2017-08-08T00:00:00.0000000,0,144.94,18.73,163.67,163.67
fad3596ad757484b111f9f9377fe7dc4,b2a03dcda700815bdf537c94a0303309,delivered,2018-03-07T22:17:27.0000000,2018-03-09T23:58:47.0000000,2018-03-19T00:00:00.0000000,0,29.99,8.40,38.39,38.39
5dc4e4e9a4f28d5bda7879562fece272,b289433480170bdf5b7bfa7adec75570,delivered,2018-01-04T11:47:46.0000000,2018-02-10T01:32:11.0000000,2018-02-07T00:00:00.0000000,1,108.90,21.25,130.15,130.15
0c6a968e3824f733a18b9c40b2620865,4d3afd054c81809d99eacd8a22e08075,delivered,2018-05-29T16:12:48.0000000,2018-06-07T16:28:53.0000000,2018-07-19T00:00:00.0000000,0,29.90,15.23,45.13,45.13
fd766da8b074a9d9399eee9b28525f83,3b31d1a929da02500930b2d475bcac0c,delivered,2017-03-05T21:24:53.0000000,2017-03-14T18:12:01.0000000,2017-03-28T00:00:00.0000000,0,79.99,18.84,98.83,98.83
16f7bcfa3d20c4e61a2ae69c2132d25e,997fd5f191a3b515c36618df00c53edb,delivered,2017-10-11T09:33:12.0000000,2017-10-19T16:52:45.0000000,2017-11-01T00:00:00.0000000,0,46.89,16.79,63.68,63.68
9d3accee31f94310856759efbff805f0,0d4b78e7e121e21dbdf23cf165fea19b,delivered,2017-09-26T15:40:04.0000000,2017-10-04T20:05:19.0000000,2017-10-24T00:00:00.0000000,0,212.00,18.73,230.73,230.73
84b29272f58b0da99f8884fd87681725,347995a62a8ddfe4b7201c431a3c5e53,delivered,2018-05-21T17:00:35.0000000,2018-06-07T18:47:41.0000000,2018-06-08T00:00:00.0000000,0,119.50,15.72,135.22,135.22
11f81f5b3445ad54e4c793afe6337986,f1f4a5639312c4cc925f1633df0bbf57,delivered,2017-08-21T10:33:13.0000000,2017-08-23T18:55:20.0000000,2017-09-05T00:00:00.0000000,0,73.60,15.56,89.16,89.16
32c0f2887a1713ac4c720ebd9a65bae9,7306c159c7f7c1dfc52c15c62530ea69,delivered,2017-11-08T21:07:51.0000000,2017-11-28T19:35:07.0000000,2017-12-08T00:00:00.0000000,0,40.00,17.60,57.60,57.60
2bb61c947b878153fb951d9135cc19db,6417fee841ab1673eaa999d2cdaeffe8,delivered,2018-01-10T11:04:26.0000000,2018-01-16T18:21:35.0000000,2018-02-06T00:00:00.0000000,0,69.90,20.98,90.88,90.88
26ac15c4f69145c3a0ce4f2ebccd2a84,e02f5d3db6a97933d8d9a4dfc6a69ea4,delivered,2017-11-26T00:22:41.0000000,2017-12-27T19:07:43.0000000,2017-12-26T00:00:00.0000000,1,84.99,27.13,112.12,112.12
03ebfa9712b7dbc7031291856263b314,4024b83c510f004326fbcf0671738663,delivered,2018-03-23T11:20:04.0000000,2018-03-27T15:04:27.0000000,2018-04-05T00:00:00.0000000,0,46.90,8.88,55.78,55.78
dfb04e7088e5e8c05d7b8a21be219457,74ef27bf0bc2804bbe36ebc874124085,delivered,2017-07-02T13:17:23.0000000,2017-07-18T17:57:55.0000000,2017-07-31T00:00:00.0000000,0,119.99,20.08,140.07,140.07
94f4fa3cc26c08b0240ebb6e8934b6a1,9530b9f86c2f46c3e66ffe405c1669ab,delivered,2018-04-12T09:28:14.0000000,2018-04-24T16:46:57.0000000,2018-05-09T00:00:00.0000000,0,156.99,20.07,177.06,177.06
6a83e5c040d9fc9d14c1035925ecee1f,a85c9694bb212b94285c40933fd6191a,delivered,2018-07-02T18:42:38.0000000,2018-07-27T16:48:39.0000000,2018-07-25T00:00:00.0000000,1,89.90,19.82,109.72,109.72
964fe5acdd4fc63622ac6114f7803336,0d518971497ae58588456b60337137af,delivered,2017-06-11T22:11:23.0000000,2017-06-26T16:38:53.0000000,2017-07-11T00:00:00.0000000,0,39.90,15.79,55.69,55.69
e89ced624c37029ad8e8e12f036a1a55,d5a5625b39625a4576819d8b5b2c828a,delivered,2018-08-04T21:26:44.0000000,2018-08-08T16:35:03.0000000,2018-08-20T00:00:00.0000000,0,29.98,16.58,46.56,46.56
6d1f5da238306b0008063ff2f93feac9,d0c2b163c8b4b73d70c5dfe22e79839f,delivered,2018-03-24T19:51:16.0000000,2018-03-27T00:08:32.0000000,2018-04-13T00:00:00.0000000,0,190.00,21.75,211.75,211.75
bc1719cc645341cf9ae61983e31f26bd,1f525c90c7df6b890e6f7ca5707815f7,delivered,2017-05-28T23:17:07.0000000,2017-06-08T11:15:44.0000000,2017-06-09T00:00:00.0000000,0,24.90,8.27,33.17,33.17
bb9a5a9d8a6ff80eabda95e3b78f0a45,03d88c22a063771d871d7ad4fc182cc8,delivered,2018-07-09T22:59:16.0000000,2018-07-13T21:12:36.0000000,2018-07-24T00:00:00.0000000,0,120.00,15.15,135.15,135.15
45920ad3d9899cb3c75de086024c18c8,a7bd7bcfe3fa72f1c1a3565f7dde6ca2,delivered,2017-11-12T22:33:11.0000000,2017-12-06T15:04:48.0000000,2017-12-06T00:00:00.0000000,1,79.00,15.30,94.30,94.30
3af9626db61282e337587628095b992b,b754d773c79ae5386448977863a4b831,delivered,2017-07-24T22:15:59.0000000,2017-08-01T19:07:42.0000000,2017-08-17T00:00:00.0000000,0,266.90,21.36,288.26,288.26
d01376995a52b231a198a5f484b20841,4cac8b7a9ef92a68ee57202a8d8b9376,delivered,2018-02-25T16:14:47.0000000,2018-03-08T22:38:42.0000000,2018-03-21T00:00:00.0000000,0,39.99,11.85,51.84,51.84
24b137d6259a0c0cbd646f179e2ca35e,febf5be282b3d17142f2d183967aae3f,delivered,2018-04-15T17:18:21.0000000,2018-05-09T00:32:21.0000000,2018-05-11T00:00:00.0000000,0,249.90,75.48,325.38,325.38
2fd30a0079e9100628c92bb583ff56ec,5a4e6b9af6ad6e44591022085ed62a7b,delivered,2018-08-06T14:38:01.0000000,2018-08-14T20:18:24.0000000,2018-08-16T00:00:00.0000000,0,33.90,13.72,47.62,47.62
039450cd44c5b6c68f8d2bada4eb315f,b797ea51195bc7d2e372d6243af24b02,delivered,2018-01-22T19:04:11.0000000,2018-01-27T00:26:46.0000000,2018-02-14T00:00:00.0000000,0,107.00,17.46,124.46,124.46
6e69e79ae5c37939561c11bf79f4b866,1c857d239f86acacad32b189658a5b20,delivered,2018-04-30T21:08:47.0000000,2018-05-05T10:41:45.0000000,2018-05-17T00:00:00.0000000,0,55.90,13.75,69.65,69.65
a9456d47156dc580a5421d6b0a12074b,e42a0192b918b437a37f3dbf12b49f4a,delivered,2017-08-02T13:00:21.0000000,2017-08-09T22:17:58.0000000,2017-08-24T00:00:00.0000000,0,149.90,17.30,167.20,167.20
53fbedbd16ccffa3a54c400edbb3fecb,fd4abff6bfb418f4130e7d483f4ee097,delivered,2017-03-10T22:01:34.0000000,2017-03-21T10:07:46.0000000,2017-03-31T00:00:00.0000000,0,37.99,14.11,52.10,52.10
3c35a673012104c0ceb001325c00bff4,358c19bbbb97654500cc288498104566,delivered,2017-05-18T15:47:22.0000000,2017-05-29T11:07:56.0000000,2017-06-20T00:00:00.0000000,0,50.00,16.60,66.60,66.60
4877379c51fc3c3826e6a62427675966,9408bd679b8ccfd8de92376ac0cf405b,delivered,2018-03-02T15:06:54.0000000,2018-03-23T23:08:32.0000000,2018-03-27T00:00:00.0000000,0,112.00,15.54,127.54,127.54
4ea17d0c90f37e942470706403d14a7b,0f706ec7f0225311966ee2f5358a47a6,delivered,2017-08-15T20:28:02.0000000,2017-08-30T17:52:06.0000000,2017-09-15T00:00:00.0000000,0,169.90,36.51,206.41,206.41
583daa63abcdc20ed6eab2e6a99e44a2,3e93838115ab9cd9cd49e91c2916124e,delivered,2017-10-24T19:11:35.0000000,2017-11-07T17:06:59.0000000,2017-11-17T00:00:00.0000000,0,182.00,18.52,200.52,200.52
127db093fee728a76262a027b66556aa,b9c05cfc28f1dd72313d61b139faab45,delivered,2017-05-21T16:31:12.0000000,2017-06-03T09:58:50.0000000,2017-06-08T00:00:00.0000000,0,124.99,18.59,143.58,143.58
bf7da01f9f2b27e2fc1b817b43504337,4be9341dff0e158e15b7b68ae7cf3479,delivered,2018-06-04T13:27:48.0000000,2018-06-19T01:38:25.0000000,2018-07-18T00:00:00.0000000,0,15.19,18.23,33.42,33.42
1dc839387052269a40a3e539aa949980,352229ccbe6ea1ed2d11322482ddb83a,delivered,2018-07-05T10:30:20.0000000,2018-07-12T21:18:37.0000000,2018-07-24T00:00:00.0000000,0,49.90,20.99,70.89,70.89
30a0d918b3ba882cd4f3557a0ac1182c,c0b858152a08ed0619c1f5adfbbd0c94,delivered,2017-09-06T18:08:22.0000000,2017-09-19T20:32:34.0000000,2017-10-03T00:00:00.0000000,0,48.90,17.92,66.82,66.82
c442abd5622d3602e7e1951edacfd007,48de0ee37af96ec27bed6414c071d5fa,delivered,2017-11-24T19:05:35.0000000,2017-11-29T18:10:00.0000000,2017-12-11T00:00:00.0000000,0,59.99,9.34,69.33,69.33
f390346ecbf61a6b81b92017a7410df1,3e4e70d528e3a7562a3b500d1232eee3,delivered,2017-11-06T18:41:25.0000000,2018-01-26T12:51:50.0000000,2017-11-24T00:00:00.0000000,1,56.99,12.74,69.73,69.73
f7254acdb2c708372182c21f4ef3af88,2d52316d85ed03468576e14c787d8518,delivered,2017-12-19T23:15:17.0000000,2018-01-08T19:27:34.0000000,2018-01-30T00:00:00.0000000,0,84.90,17.84,102.74,102.74
dc5f7bc4c5617c381a1943ba3d5cabcd,875046d70b322a1aedb1b9b0fb475af4,delivered,2017-10-30T15:55:01.0000000,2017-11-03T19:19:38.0000000,2017-11-14T00:00:00.0000000,0,56.97,9.94,66.91,66.91
d9f95380355620563827773435496b67,96a68cae26d14cd164323c6bcc6eba60,delivered,2018-01-30T21:33:10.0000000,2018-02-16T16:49:06.0000000,2018-02-21T00:00:00.0000000,0,37.99,11.85,49.84,49.84
2728d62e6ca51781ee895aca18a89f31,f1121ff6d658b43800b6f8c7c3c8d9e1,delivered,2018-08-01T16:59:05.0000000,2018-08-17T14:24:39.0000000,2018-08-20T00:00:00.0000000,0,22.32,15.26,37.58,37.58
dbbe1b2ff4094c09c4a05b045b71e81b,9a065c823cff415e4f55f96429c6cd28,delivered,2018-08-01T20:44:34.0000000,2018-08-09T16:20:44.0000000,2018-09-12T00:00:00.0000000,0,43.90,27.08,70.98,70.98
ac3af18d419f856bb7346664d8bc6438,18d9916b9d0b1ae261abccaa6d2c4741,delivered,2018-06-06T14:49:38.0000000,2018-06-09T01:22:48.0000000,2018-07-03T00:00:00.0000000,0,33.90,7.39,41.29,41.29
92e79e31ca65b56eb2940e5f08d07305,cf98656ddcf36a892e54b3475508e457,delivered,2017-08-18T23:15:23.0000000,2017-09-12T21:19:50.0000000,2017-09-14T00:00:00.0000000,0,219.99,19.11,239.10,239.10
fc1d9429da446a147d438d41350a2932,8b13d2050940cb8d6a7203e69f279254,delivered,2017-10-23T16:29:52.0000000,2017-11-18T14:31:31.0000000,2017-11-23T00:00:00.0000000,0,239.00,14.69,253.69,253.69
ed4f3a7d90215313e0c485f97f640584,5fb977f8993bfc56667ab1f3e5012633,delivered,2018-05-24T18:04:31.0000000,2018-06-07T02:12:25.0000000,2018-06-19T00:00:00.0000000,0,189.90,14.59,204.49,204.49
335cf1cb074c8dfcdf59bc86f8255409,29e227115fb68d196f0e1dab3c40a622,delivered,2018-05-15T09:08:59.0000000,2018-06-08T15:39:24.0000000,2018-06-12T00:00:00.0000000,0,49.80,19.04,68.84,68.84
6ed7913722200b05e7d5df38f1ee777e,6454f48d32c3c0a57fcf9e1d25603ce9,delivered,2018-08-09T07:17:34.0000000,2018-08-15T12:02:57.0000000,2018-08-27T00:00:00.0000000,0,249.90,20.94,270.84,270.84
8a6bf1083cc2efc062e037e474622de6,64f0ed97c13c1388088e93454db40488,delivered,2017-03-20T21:54:34.0000000,2017-04-01T08:47:46.0000000,2017-04-10T00:00:00.0000000,0,152.72,11.68,164.40,164.40
bcd37480e5f21eaf2b524c8e9724d099,fbc839b74c648a39b750799b58a13e0f,delivered,2017-11-24T22:55:10.0000000,2017-12-07T00:24:29.0000000,2017-12-27T00:00:00.0000000,0,23.99,15.10,39.09,39.09
b951cb6562f56cfb404cd77c81262f25,83116a97d5035c15ca0e75dc2b848bd9,delivered,2017-12-26T10:24:59.0000000,2018-01-04T21:27:10.0000000,2018-01-24T00:00:00.0000000,0,18.90,15.10,34.00,34.00
756445ff67f2676d72ae774c8cb5b0f0,5ea703be990cea78e9615d9a636ba28e,delivered,2018-01-17T19:40:55.0000000,2018-02-01T01:32:23.0000000,2018-02-15T00:00:00.0000000,0,175.00,36.55,211.55,211.55
5bbe496e9e32884e4f0260f1b6bd6c3d,da6f87409fcc1f75e9bce0ff233ace2c,shipped,2017-07-06T14:42:02.0000000,,2017-07-28T00:00:00.0000000,0,114.90,18.05,132.95,132.95
b825b53d8136d85eb4cbe60a1bd275f5,ec4f3f98da53dbaa4db16505b37f82c0,delivered,2017-09-05T14:48:14.0000000,2017-09-12T20:53:32.0000000,2017-09-22T00:00:00.0000000,0,229.90,13.11,243.01,243.01
268ccd28fb62008e06398dc300d3f0bf,0061937e85c708a41f5d5b24405d0f50,delivered,2018-06-25T11:57:12.0000000,2018-06-29T13:38:51.0000000,2018-07-12T00:00:00.0000000,0,184.00,10.04,194.04,194.04
f23681a0fffdb8051c674707c7e912ef,7930549f156eea2b01b0fc2fdd323063,delivered,2018-07-15T02:11:15.0000000,2018-09-21T23:46:29.0000000,2018-08-06T00:00:00.0000000,1,69.99,15.59,85.58,85.58
b1e68c1ac52a1a5cb5051d07ae91ff06,cf34464d3b5d4a957dae9c0ef4a7d27e,delivered,2017-03-18T11:36:04.0000000,2017-03-27T13:22:43.0000000,2017-04-26T00:00:00.0000000,0,13.90,14.52,28.42,28.42
83812118bb682267a9880ea1b261ac4b,6b4acd0818e5852c5271cb061ccbb493,delivered,2016-10-04T15:07:21.0000000,2016-10-31T21:57:07.0000000,2016-12-08T00:00:00.0000000,0,249.90,27.91,277.81,277.81
056793ca2483a5d5943cb5bd90f5b314,25308e9c16af1a99ce8c88b431f0bca5,delivered,2018-08-27T15:04:59.0000000,2018-08-29T15:58:23.0000000,2018-08-30T00:00:00.0000000,0,21.99,17.47,39.46,39.46
8ec04c0efbc0a4a711cf9a6b2878c105,f6a861bd3c061ae773db24088455097b,delivered,2018-05-20T21:31:23.0000000,2018-05-28T17:53:56.0000000,2018-06-01T00:00:00.0000000,0,50.90,14.29,65.19,65.19
6d3973dc513ec7f3894ef3d39afe52a2,03261691b84979dde436e5752ebb28c7,delivered,2018-06-16T07:34:44.0000000,2018-06-22T13:32:45.0000000,2018-07-05T00:00:00.0000000,0,69.90,15.56,85.46,85.46
4516299f280a0f30720256ae0cd592d6,582ec2f9229bb3014866b31f73def34f,delivered,2017-09-13T18:12:51.0000000,2017-10-18T13:05:45.0000000,2017-10-09T00:00:00.0000000,1,29.90,16.79,46.69,46.69
7d63cb1d349e7bd0ee1edcc61ea71077,484711e3d14ac75fb874e949b3a28395,delivered,2017-08-14T15:30:22.0000000,2017-08-24T18:05:49.0000000,2017-09-04T00:00:00.0000000,0,56.99,11.90,68.89,68.89
b11073519dc9fe626df6281aa1965522,4f3ef3bae0d531a175d66f875cba84d1,delivered,2017-11-16T12:29:37.0000000,2017-11-27T16:22:03.0000000,2017-12-05T00:00:00.0000000,0,73.35,12.85,86.20,86.20
48761cfd8309604ddb00a812ae7d9473,ef546a9e08a36c4b877691daccbc4304,delivered,2018-08-16T00:40:20.0000000,2018-08-23T00:16:28.0000000,2018-08-30T00:00:00.0000000,0,89.99,33.11,123.10,123.10
c7b44077f6d014b67c3164e103e3bf02,19187bc9fab7457748d4dc42a9e1c6fe,delivered,2017-11-21T21:24:19.0000000,2017-11-30T20:07:17.0000000,2017-12-01T00:00:00.0000000,0,80.00,24.46,104.46,104.46
e88c89f6e503fc7445b55278cc926d47,dee7ddcec90991cf0c9425681a6cd397,shipped,2018-04-16T22:51:31.0000000,,2018-05-03T00:00:00.0000000,0,24.99,7.39,32.38,32.38
d9650d5b64446b09351a038e66c19467,6bf8c622e219d5ce11831729248ceab7,delivered,2018-05-07T15:23:10.0000000,2018-05-15T17:00:08.0000000,2018-06-06T00:00:00.0000000,0,39.00,18.23,57.23,57.23
41d5636cfaa3b8436beab84388cf73d0,e3ca9adedf7464a8e2c2802ed1fe3757,delivered,2017-07-16T15:21:38.0000000,2017-07-22T15:04:08.0000000,2017-07-28T00:00:00.0000000,0,149.99,21.70,171.69,171.69
78a7adcd1aae3a0e7f0f3b40d27f0aa6,b071dce336bf942fbd27a73e53dcad66,delivered,2018-01-04T15:07:34.0000000,2018-01-18T20:19:03.0000000,2018-01-22T00:00:00.0000000,0,98.90,7.95,106.85,106.85
d9a857b8ca6c8ca6a97e6977be3e47bb,4d6ea1b19aa670516d625c6da25d954f,delivered,2018-02-08T22:22:54.0000000,2018-03-05T22:38:34.0000000,2018-03-14T00:00:00.0000000,0,49.90,17.60,67.50,67.50
5209e430c4a82e1eb7cd636ecbb573a3,2dcdd89fa50e9aa7e0105eddff0fbbc6,delivered,2017-10-05T20:09:56.0000000,2017-11-21T23:04:42.0000000,2017-11-09T00:00:00.0000000,1,119.90,18.09,137.99,137.99
7e0710390947061c95e5a19aae5dd14a,83ab0b0599bfe9b384a53a6ff93b621e,delivered,2017-04-25T14:56:04.0000000,2017-05-02T15:59:11.0000000,2017-05-12T00:00:00.0000000,0,89.90,11.24,101.14,101.14
1cc47b4855c5d2cf01a73dc8ae838079,7763b62148e46d4c396f80e4f589930c,delivered,2017-12-06T12:33:21.0000000,2017-12-27T16:13:06.0000000,2018-01-08T00:00:00.0000000,0,219.90,26.38,246.28,246.28
d6ef78a86ea5cdf1238f68102c64b6c0,259e7de24e5dc43cccd9cb271167bab1,delivered,2018-06-09T01:44:49.0000000,2018-06-19T16:56:36.0000000,2018-07-16T00:00:00.0000000,0,99.00,27.42,126.42,126.42
c61424020aa28e6b14fbc18c80ad8a3d,8e957cdfb5ecdb1128b8fa65ebcd91af,delivered,2018-07-06T07:20:14.0000000,2018-07-11T21:26:26.0000000,2018-07-26T00:00:00.0000000,0,95.00,15.77,110.77,110.77
d2293747fc2b2b42e4fd0d3ffb707ffa,bd92a8b890c659ac8b0875d558c4e8df,delivered,2017-12-07T20:38:18.0000000,2017-12-17T14:52:29.0000000,2017-12-27T00:00:00.0000000,0,75.00,13.08,88.08,88.08
cefe70775d8821c8dcf166f843d38d1d,24ceded0c5fd4e9940168f0a183d4885,delivered,2017-12-19T12:39:44.0000000,2018-01-08T15:14:57.0000000,2018-01-17T00:00:00.0000000,0,59.99,15.17,75.16,75.16
8ef18fd729df2df941103728a3ff954d,ad468aa44c8d5c72b0f35eed9d11f73b,delivered,2017-06-22T15:36:58.0000000,2017-06-27T12:33:13.0000000,2017-07-05T00:00:00.0000000,0,69.90,11.73,81.63,81.63
8e568e54d86a184f57025de47a359ad8,218c4c3fdefeacdd18ecd0bd5ebb827e,delivered,2017-11-27T18:39:50.0000000,2017-12-01T18:52:20.0000000,2017-12-11T00:00:00.0000000,0,89.90,12.33,102.23,102.23
bd198b62b5d99af74a4c0dbf717fd5f0,0f1136795aeced1e4e1eda78813a535d,delivered,2018-03-13T06:48:39.0000000,2018-04-12T20:18:34.0000000,2018-05-03T00:00:00.0000000,0,570.00,40.00,609.99,610.00
53c7592439c12d02630c4f0da48614bc,f89b63fb70a7ec9b7740ca031accb0cd,delivered,2017-12-18T12:55:41.0000000,2017-12-26T18:13:30.0000000,2018-01-17T00:00:00.0000000,0,99.90,15.46,115.36,115.36
3c655487f0c8e34cde2c7b67de8f08cc,5091c4ca04945991068cfba00258cc58,delivered,2017-02-04T19:06:04.0000000,2017-03-06T08:28:57.0000000,2017-03-13T00:00:00.0000000,0,99.90,21.15,121.05,121.05
d29b96c282ec82deff4feb268f3df620,fd70be8f679574571d4c1ad5dad835bf,delivered,2017-06-02T21:34:16.0000000,2017-06-14T16:16:43.0000000,2017-06-27T00:00:00.0000000,0,69.00,14.23,83.23,83.23
430da9e882483760910bef24ad74494b,9095f8235295adec01f72924097763b3,delivered,2017-11-22T15:25:44.0000000,2017-12-06T14:18:53.0000000,2017-12-12T00:00:00.0000000,0,113.98,32.32,146.30,146.30
de600694e63dc521b56a7fc6f01576d7,f4cdd4fc25b538733574c54d02784e3b,delivered,2018-03-24T22:02:22.0000000,2018-04-04T00:41:55.0000000,2018-04-23T00:00:00.0000000,0,81.99,7.92,89.91,89.91
ca7fc2f0ccaa981c829f79898f513337,fb4086949be6ae460da191548d650e6d,delivered,2018-04-21T18:03:58.0000000,2018-05-03T22:09:50.0000000,2018-05-11T00:00:00.0000000,0,52.00,19.33,71.33,71.33
d46d30516947c87bbcb5d6ce98da510c,9f882879a6fa0b1de2906aac483883de,delivered,2017-09-09T19:56:19.0000000,2017-09-25T18:58:35.0000000,2017-10-05T00:00:00.0000000,0,64.65,32.70,97.35,97.35
0f881abda9658ce5c28cca333059224a,7d03956727a1a2962e0e669629917bae,delivered,2018-03-21T17:01:41.0000000,2018-03-24T14:24:39.0000000,2018-04-03T00:00:00.0000000,0,104.00,11.35,115.35,115.35
2070a6c3c3a8f5c3c8688096d984ce9c,f8387978c63e1ebeb45d5f85d16249ae,delivered,2017-05-26T14:23:57.0000000,2017-06-12T15:34:00.0000000,2017-06-26T00:00:00.0000000,0,19.90,25.63,45.53,45.53
e31f08a6838e8fe22d5850d237cdb1e7,a577a139c2344a82239c539b29d9e66f,delivered,2018-07-20T19:23:21.0000000,2018-07-30T10:10:47.0000000,2018-08-08T00:00:00.0000000,0,119.97,47.89,167.86,167.86
01c4f4e08d9e8b7c5bd47e612285993f,51e4740dd528fe393562380ba49e41ec,delivered,2017-11-24T00:31:33.0000000,2017-12-04T22:36:32.0000000,2017-12-14T00:00:00.0000000,0,49.00,13.41,62.41,62.41
dacce96767ea2ce331e38a5ebcac5f25,315f814caff07be0d7cf52346a07adf1,delivered,2018-01-13T18:32:59.0000000,2018-01-27T12:48:58.0000000,2018-02-09T00:00:00.0000000,0,84.00,19.83,103.83,103.83
06de165212eea16e848d38f4392d5c11,2e3648e35008f6586b84e6ee8bbfd25c,delivered,2017-06-19T16:11:57.0000000,2017-06-28T14:09:53.0000000,2017-07-18T00:00:00.0000000,0,19.90,15.10,35.00,35.00
158745a153fbab78119f6c57c38c5306,884b6c27805ad0872cf7293dc876bc41,delivered,2017-04-23T21:14:56.0000000,2017-05-09T09:12:38.0000000,2017-05-11T00:00:00.0000000,0,35.90,10.96,46.86,46.86
be0d916fb5cf8a5dddcd98ad4905678e,3828833eaa94989b67eb1cf7e5f84524,delivered,2017-11-21T10:16:47.0000000,2017-12-07T10:05:41.0000000,2017-12-07T00:00:00.0000000,1,41.50,13.37,54.87,54.87
e6d3b5b66f40a99ac01da49f4c543e36,5ad1822b8f9f79c3b54bcc1346280bcc,delivered,2018-04-19T07:24:54.0000000,2018-04-26T12:22:04.0000000,2018-05-14T00:00:00.0000000,0,79.99,15.44,95.43,95.43
a3761cb6b3883a498fb7fdc5833dcfc7,55df82d9ca2503a4c310c29711f5bf99,delivered,2018-03-13T19:06:38.0000000,2018-04-11T14:58:32.0000000,2018-04-25T00:00:00.0000000,0,24.99,22.85,47.84,47.84
a5d15a04b449d50c1c003aa310e67649,bdb7900162ab12a8d513a360dbca93d1,delivered,2018-08-11T16:13:27.0000000,2018-08-29T17:24:43.0000000,2018-09-28T00:00:00.0000000,0,25.99,32.20,58.19,58.19
4533633faea8cc724b34db6788786b5c,f0bb4efad51f4c443c8d80330dbb5bdb,delivered,2018-03-29T18:08:00.0000000,2018-04-05T19:51:41.0000000,2018-04-20T00:00:00.0000000,0,17.00,15.23,32.23,32.23
5551af3c5c287246cc239e923963ef6c,1de5807441f95aea250436dfeded7acf,delivered,2018-06-10T13:43:30.0000000,2018-06-20T15:08:29.0000000,2018-07-16T00:00:00.0000000,0,733.00,23.01,756.01,756.01
8bfc859f734def7a579d24fe9b618da3,5b31d1ba9e2b08086f398b79477962d7,delivered,2018-08-15T20:51:44.0000000,2018-08-29T17:25:48.0000000,2018-08-31T00:00:00.0000000,0,23.00,22.09,45.09,45.09
6fcbcb1f955446e907a02e03b1808d25,895434c8d9230fae601c1d97c1bb7b38,delivered,2018-04-29T22:31:37.0000000,2018-05-03T15:03:29.0000000,2018-05-25T00:00:00.0000000,0,268.90,45.86,314.76,314.76
827d8ae687faef2e9c2bc79196b26f6e,bb837c97a08ecdabcf131bfd33098c27,delivered,2018-01-16T15:06:44.0000000,2018-01-24T17:18:57.0000000,2018-02-06T00:00:00.0000000,0,80.00,12.90,92.90,92.90
f3d641d9bf49ba992b999d270bef052b,8c7986a8516cd0fca2760e8cd92acfdc,delivered,2018-04-02T20:32:50.0000000,2018-05-04T23:22:17.0000000,2018-04-24T00:00:00.0000000,1,149.90,25.23,175.13,175.13
3f5ee98124031535645a99b8c198833f,69102d5701c84308921872f27b7f77c0,delivered,2018-06-29T08:16:35.0000000,2018-07-10T14:04:57.0000000,2018-08-03T00:00:00.0000000,0,124.88,24.02,148.90,148.90
452994e9759d6496b4b9667faf1c7af4,09b38464eb15dc38f7388212f156d894,delivered,2017-09-26T00:23:35.0000000,2017-09-29T15:13:33.0000000,2017-10-18T00:00:00.0000000,0,79.00,13.57,92.57,92.57
c95839b7dde4af387d35f35a382c512e,9035b9048ae02fc3b54e4f46e0cb9628,delivered,2017-12-20T21:37:35.0000000,2017-12-27T21:39:04.0000000,2018-01-09T00:00:00.0000000,0,29.00,8.72,37.72,37.72
e87da23aab323df28deb2e98d41a3fb0,e530863105eede13aab60014aa569bd7,delivered,2018-04-24T20:07:22.0000000,2018-05-04T18:58:42.0000000,2018-05-23T00:00:00.0000000,0,299.99,21.09,321.08,321.08
89b1385eac49c53b0d3946b29ee312a9,a7eae568f0a8e07d1213cb5c98f53a23,delivered,2018-06-13T22:03:50.0000000,2018-06-21T14:32:38.0000000,2018-06-29T00:00:00.0000000,0,49.98,7.61,57.59,57.59
fca0397489a3333e988ec1218efe40b6,27b295de7abd15ea08c2dcaebb4a3666,delivered,2018-04-02T17:34:41.0000000,2018-04-09T14:51:44.0000000,2018-04-18T00:00:00.0000000,0,89.90,21.71,111.61,111.61
bb9bdfcd9397da3c8481ef70b92df0c0,e3e5c15c73942261d698533066c9c3d8,delivered,2017-11-08T02:07:46.0000000,2017-11-09T17:44:52.0000000,2017-11-22T00:00:00.0000000,0,75.00,9.34,84.34,84.34
423557ab2406aca36516f1d1b9765ae7,94273e2b4bf5b5d2cbc3af09a36ddcca,delivered,2017-02-05T12:18:08.0000000,2017-02-13T10:54:13.0000000,2017-03-03T00:00:00.0000000,0,104.90,14.90,119.80,119.80
da5839ce50528e73a7b48bd91613d715,8410370c867c4cae1510ff62163cec28,delivered,2018-01-21T11:08:14.0000000,2018-01-30T19:08:57.0000000,2018-02-14T00:00:00.0000000,0,159.00,19.00,178.00,178.00
30dbb7bb7d4c27c3efd6ab7c9c27f9d0,d800694241d296896d49848bb19c62a5,delivered,2018-04-03T11:53:18.0000000,2018-04-06T20:04:47.0000000,2018-04-13T00:00:00.0000000,0,48.90,9.26,58.16,58.16
c2dd9179058f80c2932abec56feb7b7e,7ff339e9bc25bd16cf4d52a133e3b54a,delivered,2018-01-26T19:00:49.0000000,2018-02-02T21:13:08.0000000,2018-02-14T00:00:00.0000000,0,79.43,8.30,87.73,87.73
c21fcb36121a9b1c65eed7b20f0862bd,9b8af4016c309c2f095b858fe4d6d551,delivered,2018-07-23T12:20:12.0000000,2018-08-01T23:06:52.0000000,2018-08-28T00:00:00.0000000,0,328.00,189.03,517.03,517.03
9e3e7df33c7dfa9804a566b2b73e94d4,60a680ef34cdf01c83fa9e338954b8e9,delivered,2017-06-02T11:59:53.0000000,2017-06-14T15:43:32.0000000,2017-06-27T00:00:00.0000000,0,27.90,17.60,45.50,45.50
458e6791b5c8c62d0a48aae7f660b637,edb2c9160f064e4ef7bcd2b48722e399,delivered,2018-08-21T11:21:23.0000000,2018-08-28T19:51:56.0000000,2018-09-06T00:00:00.0000000,0,122.99,39.13,162.12,162.12
2373908388bcaa9a225c34e33d9e9f0d,d57d800819fe0e64bbd7b60653cb4168,delivered,2017-11-05T15:52:26.0000000,2017-11-22T21:14:39.0000000,2017-11-27T00:00:00.0000000,0,112.99,17.57,130.56,130.56
bf9acc5990b6873d744ebdbf14a73a92,d114e26102a11cbc6e7b8c37821d1aa5,delivered,2017-04-20T11:33:57.0000000,2017-05-09T09:20:07.0000000,2017-05-30T00:00:00.0000000,0,13.90,16.05,29.95,29.95
c43e62f314e84c60a3721d60017eff7f,5d298dce585ab9711f691fa5c1c22ee9,delivered,2017-11-28T21:52:00.0000000,2017-12-20T21:39:07.0000000,2017-12-21T00:00:00.0000000,0,75.00,29.94,104.94,104.94
a1238d801729f0d9e4e905696a213eb8,0098400373e087d3c231fb5d37834fde,delivered,2017-03-23T18:28:32.0000000,2017-04-05T10:14:16.0000000,2017-04-20T00:00:00.0000000,0,99.99,19.40,119.39,119.39
a2538594406c450266b29fb9a0338424,f51892a5889a968eb6dfbac2cf946946,delivered,2018-08-21T21:15:52.0000000,2018-08-24T01:21:41.0000000,2018-08-24T00:00:00.0000000,1,99.00,8.85,107.85,107.85
8b249044e8ce6377509b32dc840bfe76,892a57422d5ac192f783945dd2aadaeb,delivered,2018-08-02T12:06:58.0000000,2018-08-20T22:47:46.0000000,2018-08-31T00:00:00.0000000,0,105.00,23.89,128.89,128.89
0577713eb945f355426be26104c26b77,e156056171de3be3501585f3146ad708,delivered,2017-04-23T01:17:39.0000000,2017-05-19T08:35:31.0000000,2017-05-19T00:00:00.0000000,1,79.90,17.30,97.20,97.20
fe5934ce67c87c337cf9c8575d7772a0,a271cc85337445daaac5f4c73fa27f5c,delivered,2018-05-01T20:58:47.0000000,2018-05-04T17:21:23.0000000,2018-05-15T00:00:00.0000000,0,24.99,7.39,32.38,32.38
a55b72ebbf51055b6c5b083edbf8bfa2,fcfe3e1db275c2d865a98eeb413bc26a,delivered,2017-02-15T14:37:36.0000000,2017-02-21T13:43:58.0000000,2017-03-17T00:00:00.0000000,0,39.90,10.96,50.86,50.86
5e3f975c4be17dfadd26987a66fd8061,964ebd7e857274053c42c942c13be832,delivered,2017-06-06T12:14:02.0000000,2017-07-04T14:45:49.0000000,2017-06-27T00:00:00.0000000,1,73.35,12.85,86.20,86.20
b13ea375fe9c728832688264638f84cf,0dc5884bc5ffba283678229f27e07ff9,canceled,2018-08-22T18:52:29.0000000,,2018-09-19T00:00:00.0000000,0,,,139.22,
c6b85930220a1a577a8a8352c7dba78f,715d679d44d3aee77a9592f6fd8c26f9,delivered,2017-11-17T15:28:17.0000000,2017-12-08T05:48:39.0000000,2017-12-27T00:00:00.0000000,0,143.00,38.55,181.55,181.55
465b896aa34a4d4f8c359165ee6f066c,652590e825b424ac6fd3eb87ebe70f59,delivered,2017-11-24T16:15:05.0000000,2017-11-30T19:34:51.0000000,2017-12-08T00:00:00.0000000,0,13.65,7.78,21.43,21.43
6b63a86619f7d34ada48e141f2b568f1,b4926372ebaaa9b32844322e6b094162,delivered,2017-11-30T10:14:09.0000000,2017-12-09T09:42:02.0000000,2017-12-27T00:00:00.0000000,0,55.90,16.15,72.05,72.05
6c5222e0550b757a63908aa2f0cacf95,a0d7296689347a9f6c7a89b03281db68,delivered,2017-11-11T15:53:40.0000000,2017-11-27T19:58:30.0000000,2017-12-12T00:00:00.0000000,0,145.95,17.27,163.22,163.22
48f1b7e26f84f55846f1d003e3e6170c,e4c14fd70ffb6e4e39eb6c5ed08d08c2,delivered,2018-08-07T16:33:44.0000000,2018-08-13T19:11:54.0000000,2018-08-27T00:00:00.0000000,0,29.99,12.87,42.86,42.86
64cc5eadd86b15a6b38bddbeb61ef944,a1188e9345ab24476119f9fedd151813,delivered,2017-11-24T16:40:20.0000000,2017-12-04T19:32:45.0000000,2017-12-08T00:00:00.0000000,0,18.00,7.78,25.78,25.78
2e2e5704a61134b26dfce687c6e56c8c,df0d4b8e8a3e8db72951d7559f3bda46,delivered,2018-05-04T21:00:10.0000000,2018-05-14T22:31:56.0000000,2018-05-25T00:00:00.0000000,0,359.80,38.02,397.82,397.82
c7d39a7f0c5d83662fa4c587f21f5d82,28be7384bc15f338544d3629de94d22e,delivered,2017-11-02T11:23:14.0000000,2017-11-07T17:37:05.0000000,2017-11-16T00:00:00.0000000,0,25.99,8.72,34.71,34.71
f90bee02f28c0067f1eaacdf188007b4,81aacb01330a99ba172ab125371d356c,delivered,2018-06-11T11:17:59.0000000,2018-06-29T13:36:26.0000000,2018-07-12T00:00:00.0000000,0,149.90,51.55,201.45,201.45
0e790632306835c4529ff1b46c135910,16a8333e3412a1d85a7b281cb3b36894,delivered,2018-03-08T16:00:39.0000000,2018-03-16T20:57:37.0000000,2018-03-29T00:00:00.0000000,0,27.30,15.23,42.53,42.53
953e1e0627386608dd2ac2670d72950f,d89f3ead705781b92c6839ac8c9695ce,delivered,2018-02-08T23:20:32.0000000,2018-02-14T18:49:49.0000000,2018-02-22T00:00:00.0000000,0,109.80,17.44,127.24,127.24
eb0f435a0e25da756bb8870a2ab5bbcd,f07d418d817c1bc9c6a94d2890d831b9,delivered,2017-06-18T14:46:51.0000000,2017-06-19T21:03:09.0000000,2017-07-11T00:00:00.0000000,0,63.98,26.74,90.72,90.72
1f21b692c9d8f0368278413ecd0878f3,f6d01e6dfb9a211be352a82eda1afca2,delivered,2017-03-04T16:52:43.0000000,2017-03-19T06:42:01.0000000,2017-03-27T00:00:00.0000000,0,40.00,14.52,54.52,54.52
6700e4a77b114b2f0fac57e19e6182d6,871d486e1b7f81d41839e0ddee6cf90a,delivered,2018-01-14T13:21:54.0000000,2018-01-31T01:21:40.0000000,2018-02-05T00:00:00.0000000,0,79.00,12.05,91.05,91.05
748501d017db167d2dfb7720aa4dd21b,8db0be73eebc0c7a758ffbcdbade580d,delivered,2018-08-01T13:30:49.0000000,2018-08-13T14:47:27.0000000,2018-08-20T00:00:00.0000000,0,179.70,58.83,238.53,238.53
f3069a416e71d0fd68d9489752b6fe41,0f8241184942ac488940fe4fdbb6ec84,processing,2017-10-01T15:33:50.0000000,,2017-10-27T00:00:00.0000000,0,349.99,41.72,391.71,391.71
7563534c425e6edb193376cf1103be5f,7ac9f5db5ba082ff9908bb4c5a3bb081,delivered,2017-08-29T17:06:45.0000000,2017-09-11T21:07:55.0000000,2017-09-21T00:00:00.0000000,0,25.99,34.15,60.14,60.14
b82e534d287170368e83fab61e685fc3,55b6a9a61de79fa7e7f0b659c603cb1e,delivered,2018-03-15T15:03:09.0000000,2018-03-21T19:48:28.0000000,2018-04-03T00:00:00.0000000,0,69.90,14.58,84.48,84.48
1bf942e8c5d1022f7a1b864e32041e7d,5cb81c242600b383ec83559f321744a0,delivered,2017-12-18T20:42:14.0000000,2017-12-23T14:57:34.0000000,2018-01-19T00:00:00.0000000,0,120.00,14.59,134.59,134.59
f8443fdcccdae6a20d6371dd8a9e63b2,c2ad4e5180a7b403cd487e1146d85e1d,delivered,2017-08-27T13:14:04.0000000,2017-09-02T14:14:43.0000000,2017-09-13T00:00:00.0000000,0,45.90,11.73,57.63,57.63
0dab99a238b965b106fea183eccaee3b,61785716554ceab5dd02f81e6da75309,delivered,2017-07-11T12:41:24.0000000,2017-07-21T16:47:45.0000000,2017-08-02T00:00:00.0000000,0,89.00,14.37,103.37,103.37
6718a9b577ce4d3dfbdbdc7d3ec97cb6,fc994762aef90ce03ebbd762f8097fa4,delivered,2018-03-05T12:55:58.0000000,2018-03-26T23:33:19.0000000,2018-04-06T00:00:00.0000000,0,79.90,29.60,109.50,109.50
66f590d82872f3771232770be92a8d0d,508302a8f9d5d4bd3d29d770286549ac,delivered,2018-02-26T17:21:52.0000000,2018-03-05T11:17:04.0000000,2018-04-02T00:00:00.0000000,0,149.00,16.80,165.80,165.80
64bf74354f2ce35678e99356584d3a2f,d9a3ae847a0ccf1d9b32bc34005d0cfc,delivered,2017-10-11T11:05:30.0000000,2017-10-26T23:03:11.0000000,2017-10-24T00:00:00.0000000,1,22.90,8.11,31.01,31.01
187a17302afec3ad360e610e19e455cc,4fa7e6404524c09c8580c0c8321e5d73,delivered,2018-07-17T11:11:38.0000000,2018-07-20T17:48:34.0000000,2018-07-26T00:00:00.0000000,0,24.99,7.44,32.43,32.43
bcd65d5c97ac448bb3efc90b759909fd,b6ba3ad41b033a7f107aabad3dabff93,unavailable,2018-07-20T16:24:23.0000000,,2018-08-01T00:00:00.0000000,0,,,69.16,
db64746e7060aada6cbe3d0ff34f0cdc,53849dfbee2387632eef6ed7f4deb3dc,delivered,2017-03-01T21:44:15.0000000,2017-03-20T09:58:02.0000000,2017-03-24T00:00:00.0000000,0,81.00,20.89,101.89,101.89
c28c74ee5fb4a731178895058c0de619,95a9b81cce2d0d0b67b3896cb2523b2e,delivered,2018-06-10T19:54:44.0000000,2018-07-11T23:51:39.0000000,2018-07-16T00:00:00.0000000,0,119.90,37.53,157.43,157.43
db963ee03edcabe98f2df559e84a353f,b42a2f223241f042b0105d8656a450c5,delivered,2017-07-25T17:28:52.0000000,2017-08-02T15:03:43.0000000,2017-08-07T00:00:00.0000000,0,450.00,12.56,462.56,462.56
708c129b280e719faa3988c41374d4fd,9e766dbda271a8011362c57f316bbf67,delivered,2018-03-05T09:14:28.0000000,2018-03-14T14:18:37.0000000,2018-03-21T00:00:00.0000000,0,119.99,16.47,136.46,136.46
8935002f6aeb70c31fbf1a73f22b4f29,b2ffa78a19812f6ecac1f80976998539,delivered,2018-01-31T13:39:42.0000000,2018-02-02T19:47:26.0000000,2018-02-16T00:00:00.0000000,0,29.99,8.11,38.10,38.10
c60c60940d6eaab173201faf9bf1276c,0af1c58b035366f36dfa7bdde00b27ca,delivered,2017-09-22T12:22:40.0000000,2017-10-03T12:46:13.0000000,2017-10-09T00:00:00.0000000,0,35.97,23.34,59.31,59.31
9c2b756025a127a4db2a4b13281664f6,e63ac7635328dfbafcbf35b350eb1b4f,delivered,2018-02-25T13:02:15.0000000,2018-03-23T18:41:57.0000000,2018-03-19T00:00:00.0000000,1,59.90,15.17,75.07,75.07
44ffd19b3bd3915642db0231344b8b0f,2b7205e135a29c8709e4fc061f25c750,delivered,2017-12-17T22:47:33.0000000,2017-12-21T02:11:00.0000000,2018-01-05T00:00:00.0000000,0,29.90,8.11,38.01,38.01
ce18cf057088cf275c41fc9510ed53ad,6eecb45e1c147bc42841894ff03b9e0f,delivered,2018-08-03T10:41:12.0000000,2018-08-08T18:38:32.0000000,2018-08-15T00:00:00.0000000,0,46.90,16.52,63.42,63.42
e3cabd867d0bc59470f4c3d24a7b2f2b,417cbdf3941b9b69c3478ea8ec14de95,delivered,2017-06-03T11:32:48.0000000,2017-06-12T13:53:58.0000000,2017-06-28T00:00:00.0000000,0,229.99,16.36,246.35,246.35
c7517b3306b2a226bce545f9716dd360,a6bc6a07c33fbae6ac2500e253ad4a66,delivered,2018-07-17T17:47:23.0000000,2018-07-25T15:22:01.0000000,2018-08-08T00:00:00.0000000,0,25.00,18.28,43.28,43.28
53a9c421cf0e7129393a754a4d15b935,d62fd1ba5a58e7a42486a17b634cca64,delivered,2018-08-19T15:25:06.0000000,2018-08-28T21:12:39.0000000,2018-09-05T00:00:00.0000000,0,19.90,15.24,35.14,35.14
30207f5d26e6ca2cb7ef1b25fa2585cc,d3f97856abef8923cb180cca3f197823,delivered,2017-06-02T09:54:08.0000000,2017-06-08T14:35:43.0000000,2017-06-27T00:00:00.0000000,0,92.89,28.20,121.09,121.09
da0e581c499ee074995f6e997ae5cb15,a19929855f24036f9688d55c778eaa48,delivered,2017-10-12T13:29:49.0000000,2017-10-18T23:52:55.0000000,2017-10-25T00:00:00.0000000,0,20.30,8.11,28.41,28.41
6bf889c14abae234b970354de7914c61,4374a2a34bb261daa66f8c87672c2d54,delivered,2017-09-05T11:29:20.0000000,2017-09-18T20:16:59.0000000,2017-09-25T00:00:00.0000000,0,45.33,16.11,61.44,61.44
328b85959fc0ec5703ffab3ce8703c26,23cda6d7597dc4d07879d7632b2dc458,delivered,2018-03-16T06:19:20.0000000,2018-04-04T18:04:29.0000000,2018-04-10T00:00:00.0000000,0,529.00,27.83,556.83,556.83
bcc7f6ccd348b4d5bf8f4f7f63d4b7ef,1e73191ece95714fe9d6527505c55807,delivered,2018-08-18T18:30:33.0000000,2018-08-24T16:42:20.0000000,2018-09-06T00:00:00.0000000,0,49.90,16.54,66.44,66.44
4e184878c2c61e669ffa5918c089c73f,cf2020e61626601104dc9587940dcf2f,delivered,2018-04-29T23:08:21.0000000,2018-05-05T18:18:23.0000000,2018-05-17T00:00:00.0000000,0,39.90,9.26,49.16,49.16
679783b320e587d8e1c9e0dcb2421539,305f736d2711641a06f6a9c9bd837b00,delivered,2018-08-01T23:01:03.0000000,2018-08-20T21:56:48.0000000,2018-09-05T00:00:00.0000000,0,134.99,68.09,203.08,203.08
560c623fdd94c3bbcdb7e9f7b130cdf5,3dcd52c8a89d3dbea71bf36c908d8410,delivered,2018-08-21T08:52:46.0000000,2018-08-23T20:54:37.0000000,2018-08-27T00:00:00.0000000,0,119.00,11.85,130.85,130.85
b490f4ee602a5065a34482b65e8a4114,066d514a8533ab695dd9c730aec73260,delivered,2017-08-07T22:37:51.0000000,2017-08-18T20:02:58.0000000,2017-09-08T00:00:00.0000000,0,139.90,17.42,157.32,157.32
02440f65dc09737b491463739c347446,53997caa650ff808a586d343b0789fd1,delivered,2018-02-26T09:57:21.0000000,2018-04-03T20:38:46.0000000,2018-03-19T00:00:00.0000000,1,119.90,15.59,135.49,135.49
09badf53476a6bda72b4728e858a3433,9872961494c04c3939cc4fa43bfaeb75,delivered,2018-02-05T13:51:27.0000000,2018-02-19T19:40:19.0000000,2018-03-01T00:00:00.0000000,0,19.90,11.85,31.75,31.75
b78fe1174e6aedc9d2a90f6b36f02bb2,30dbe53824b3fc7614a23fdfffe04359,delivered,2017-09-19T08:38:23.0000000,2017-09-23T10:09:08.0000000,2017-10-09T00:00:00.0000000,0,159.90,12.62,172.52,172.52
c5fd5386640ddd76adc482b72d24a02b,1317dfa9a96a4af1ad9bf06a6f12f1f5,delivered,2018-08-06T05:20:01.0000000,2018-08-08T13:41:36.0000000,2018-08-13T00:00:00.0000000,0,14.90,7.39,22.29,22.29
b6e424878cf41a8038e095a39f6b790e,8d991e6c4ff2941df77318c4d01811e6,delivered,2017-10-08T12:54:49.0000000,2017-10-26T16:43:48.0000000,2017-11-08T00:00:00.0000000,0,50.00,15.10,65.10,65.10
60649d0d9e4157baeb059b34cf7d9b42,60a108918a0ccf4076b95c0614d27870,delivered,2018-02-07T09:27:34.0000000,2018-02-16T09:09:14.0000000,2018-03-06T00:00:00.0000000,0,129.90,15.66,145.56,145.56
f8064d75afcef1bab867ff6ca9b829b7,bcea0e501f387ea1941aff7b357c316d,delivered,2017-08-31T12:29:34.0000000,2017-09-11T20:03:31.0000000,2017-09-19T00:00:00.0000000,0,970.00,62.36,1032.35,1032.36
3086869d9ce957007e5ac7f36ad0d21a,cb921c583eebff7f0faa42afc1c8e124,delivered,2018-03-28T13:55:28.0000000,2018-04-06T20:38:25.0000000,2018-04-11T00:00:00.0000000,0,105.00,26.64,131.64,131.64
61c7b1cf28b58654fe411aaf87fe249d,6e686969d9b330c98d2739cc5d877e75,delivered,2017-12-15T13:05:55.0000000,2018-01-03T22:36:12.0000000,2018-01-15T00:00:00.0000000,0,24.50,15.10,39.60,39.60
4d7e10ed70b8c2358e94850352bb490b,e069403a6b4ae1e82fbbee620ae3d253,delivered,2017-06-15T20:23:00.0000000,2017-06-29T14:41:49.0000000,2017-07-19T00:00:00.0000000,0,59.90,17.67,77.57,77.57
0b3b5e521f3ad8a57d4c4bcdc034446c,7905466cd09e084e02563c8473d9397d,delivered,2017-03-22T22:47:42.0000000,2017-03-31T13:04:25.0000000,2017-04-12T00:00:00.0000000,0,279.99,19.25,299.24,299.24
e88bd747b9aaa829eac8fcf95461862e,38b857bf309ad47d4c4340402274e90e,delivered,2017-10-21T11:29:06.0000000,2017-10-30T19:57:44.0000000,2017-11-09T00:00:00.0000000,0,33.80,24.96,58.76,58.76
3789bf493d97b36ed2f5a866cc668abb,704a8cf1cb8d9dabf20a5e2cbeaae0ba,delivered,2018-08-05T16:57:29.0000000,2018-08-10T01:22:28.0000000,2018-08-14T00:00:00.0000000,0,51.89,7.62,59.51,59.51
