product_id,product_category_name,product_name_length,product_description_length,product_photos_qty,product_weight_g,product_length_cm,product_height_cm,product_width_cm
00066f42aeeb9f3007548bb9d3f33c38,perfumaria,53,596,6,300,20,16,16
00088930e925c41fd95ebfe695fd2655,automotivo,56,752,4,1225,55,10,26
0009406fd7479715e4bef61dd91f2462,cama_mesa_banho,50,266,2,300,45,15,35
000b8f95fcb9e0096488278317764d19,utilidades_domesticas,25,364,3,550,19,24,12
000d9be29b5207b54e86aa1b1ac54872,relogios_presentes,48,613,4,250,22,11,15
0011c512eb256aa0dbbb544d8dffcf6e,automotivo,58,177,1,100,16,15,16
00126f27c813603687e6ce486d909d01,cool_stuff,42,2461,1,700,25,5,15
001795ec6f1b187d37335e1c4704762e,consoles_games,53,274,1,600,30,20,20
001b237c0e9bb435f2e54071129237e9,cama_mesa_banho,42,253,1,6000,40,4,30
001b72dfd63e9833e8c02742adf472e3,moveis_decoracao,45,520,3,600,26,8,22
001c5d71ac6ad696d22315953758fa04,cama_mesa_banho,50,381,1,1800,47,21,41
00210e41887c2a8ef9f791ebc780cc36,beleza_saude,56,3893,6,300,30,15,15
002159fe700ed3521f46cfcf6e941c76,fashion_calcados,55,344,3,1850,36,37,16
0021a87d4997a48b6cef1665602be0f5,informatica_acessorios,58,946,6,650,25,10,15
00250175f79f584c14ab5cecd80553cd,utilidades_domesticas,53,631,2,750,30,5,35
002552c0663708129c0019cc97552d7d,cool_stuff,18,263,1,355,22,16,12
002959d7a0b0990fe2d69988affcbc80,moveis_decoracao,54,1750,3,2600,105,3,70
002af88741ba70c7b5cf4e4a0ad7ef85,cool_stuff,44,629,3,600,40,30,40
002c6dab60557c48cfd6c2222ef7fd76,brinquedos,43,112,5,350,45,30,30
002d4ea7c04739c130bb74d7e7cd1694,pet_shop,59,1295,1,200,20,11,11
002ec297b1b00fb9dde7ee6ac24b6771,utilidades_domesticas,36,707,3,150,20,10,15
0030026a6ddb3b2d1d4bc225b4b4c4da,esporte_lazer,28,502,4,800,25,25,25
0030e635639c898b323826589761cf23,ferramentas_jardim,40,437,1,1550,26,6,20
003128f981470c3e5a2e7445e4a771cd,esporte_lazer,59,1100,6,1550,16,10,16
0036bb031e69d915cd384d1b3838b5d3,ferramentas_jardim,53,866,3,200,18,5,13
003938452c98ff9ab28e9e7b4bfe97ab,moveis_sala,52,420,2,5050,50,8,50
003962cb74a8b43cf1034fed541a76f0,malas_acessorios,55,214,1,1000,16,46,36
003a31970fea14fffe92ac856b8a9b97,casa_construcao,55,900,4,1850,45,12,45
003c0b8f6580c850bd2e32044d2ac307,moveis_cozinha_area_de_servico_jantar_e_jardim,55,705,2,21100,100,20,60
003dbcabcf8e3231de657c7d9f9a5eba,esporte_lazer,43,1213,1,1800,30,22,22
004154251837f6ac124ad4374b3a8148,moveis_decoracao,51,1470,3,150,35,2,25
0042f1a9a7e0edd1400c6cd0fda065f8,beleza_saude,60,1883,3,175,23,11,13
0043c62d00db47eff6a6bc4cf6bfaeda,esporte_lazer,36,1105,1,380,18,12,14
0043d1a25ef08fb6f41b8fa6f91742ab,construcao_ferramentas_construcao,59,1691,1,20400,30,30,30
0044d70d4e53450c0fbb8255446a797b,esporte_lazer,51,695,1,200,20,18,18
004552d98c5d3653af8b4dbe8def0048,moveis_decoracao,50,319,1,900,100,11,12
004636c889c7c3dad6631f136b7fa082,utilidades_domesticas,46,647,1,550,30,10,25
004ffcbfa5aac82212a95bc972ea8a85,moveis_quarto,44,776,2,10000,65,35,35
005030ef108f58b46b78116f754d8d38,perfumaria,54,942,1,50,16,5,11
005c6b24cc96dca3e2c01e824401030e,fashion_roupa_masculina,33,384,1,400,17,7,20
0060b415594c5e1200324ef1a18493c4,esporte_lazer,59,3029,1,1200,20,20,20
00636f9286f69c9f1bdabe76e670fb50,moveis_decoracao,60,382,1,500,25,2,17
006508eabcc19ae52ed87323124ad0e9,construcao_ferramentas_seguranca,50,984,2,246,22,15,19
006619bbed68b000c8ba3f8725d5409e,beleza_saude,45,569,1,150,16,7,15
0067f97995b0c3a86739734dc87ee6b6,fashion_bolsas_e_acessorios,59,412,1,200,16,2,11
006baa9a5b8f95895f15273a35bc2664,esporte_lazer,33,223,2,950,60,15,15
006c67546bfe73c33b83f6bd1ad58c36,automotivo,59,703,6,4550,47,19,23
00716e5593e8eea55dbe7a29b72a70bc,fraldas_higiene,49,326,1,250,20,20,20
00738f5a17ec4450e88915357b085c1e,brinquedos,37,670,2,600,17,15,22
0075c14603d80515e20908c156ceb47b,esporte_lazer,50,329,2,150,16,18,16
007c63ae4b346920756b5adcad8095de,utilidades_domesticas,48,808,1,2800,30,30,30
0081787b18cce4acc2d1adec4520d7ba,construcao_ferramentas_seguranca,56,841,1,1340,32,14,27
0082684bb4a60a862baaf7a60a5845ed,,,,,500,24,4,15
0085dddda27567189f1dfd1eda7c286e,cama_mesa_banho,58,593,1,1800,40,8,30
008686d56f4c85b987a4c24a286834c1,cama_mesa_banho,44,216,1,2200,37,10,32
00878d953636afec00d3e85d55a12e7f,beleza_saude,59,1631,4,2550,38,42,25
008b0ec3de3638637099f97add750136,beleza_saude,48,516,1,690,17,17,13
008b51e6be49ee039854b5e35c331b02,relogios_presentes,57,676,2,633,19,12,17
008cff0e5792219fae03e570f980b330,esporte_lazer,59,1735,5,1550,40,20,20
00905d58c87afcbce21420b3712cacaa,cama_mesa_banho,59,253,1,3875,46,12,43
00917855135d67fb060dcd81863166a4,informatica_acessorios,55,197,1,1133,16,16,11
0091d85023824de2d33252310c952307,utilidades_domesticas,39,169,4,450,16,24,11
00929aaa7751a77220db9caa1ae6d3ab,utilidades_domesticas,56,279,2,2800,50,35,15
0092a9e1c8a471753ed7ffa7eef5086e,beleza_saude,48,1411,1,350,16,16,16
00989337a1916a0055eedd1fdb35eb53,moveis_decoracao,55,373,1,800,40,5,11
009af1277432f1a05742df69cdf72d1e,brinquedos,58,916,3,700,20,35,20
009c09f439988bc06a93d6b8186dce73,perfumaria,39,991,3,150,20,20,20
009df2b0bc078648fc4f5898de8cabff,automotivo,45,916,1,23250,50,20,20
00a0db09dc7c94d512ec51900141ed69,informatica_acessorios,57,338,3,400,23,7,15
00a8c742ae1da97e9064205459977e6c,informatica_acessorios,38,581,1,150,16,23,13
00a985c524adbb97a4211e4ce17aabec,telefonia,58,734,3,250,17,4,12
00aa70fd749f3b9ce8ca4bc914a9e7b1,moveis_decoracao,26,345,1,700,16,16,16
00ab8a8b9fe219511dc3f178c6d79698,,,,,2100,50,30,30
00ae7076313576f94d9107599d79a978,esporte_lazer,38,440,1,600,22,33,16
00b264091d1c8df03976c3f3b176b35c,automotivo,59,351,2,250,16,16,16
00b4155166f994ba9da3cf001eb80505,utilidades_domesticas,53,786,4,1125,28,15,23
00b782074a5ec523bf31951b4935d572,telefonia,57,319,2,250,16,5,11
00ba6d766f0b1d7b78a5ce3e1e033263,utilidades_domesticas,52,418,1,7850,28,62,28
00baba5b58e274d0332a0c8a0a66f877,perfumaria,27,406,4,200,18,7,12
00bb62ea3729537a687c3fddcd123662,automotivo,36,1241,3,12100,60,60,20
00bc6e6d4ceb98ec7ed058b0a243a8b9,artigos_de_natal,34,249,1,200,16,11,11
00be617b58175bf207fd35910d5097a4,cama_mesa_banho,52,396,1,900,45,15,35
00c1e6d55fe174bfbb179257255e49bb,cool_stuff,56,1027,1,187,17,13,14
00c3e35b00dd00ab864d4a94c1b97e66,perfumaria,58,596,4,512,30,12,18
00c407e056c74eb8040a1233ca6da16f,papelaria,56,183,2,650,35,15,28
00c744ca2f3b0e76ce227b146095d3f9,brinquedos,41,569,1,350,17,15,17
00c794371af4dc7c5b6ba3ef913556bb,telefonia_fixa,63,326,4,150,16,4,13
00cc15e0cef551848c797ab75ba904b1,relogios_presentes,47,596,1,300,19,10,15
00cf06147ed4880ec5fbba2adbb20e1d,livros_interesse_geral,30,253,1,350,24,5,17
00d2add85b1f5aba6bb3d5d977314e25,casa_construcao,60,935,1,9050,56,26,28
00d2fa6f2a87633084c8e0400d41a65a,cama_mesa_banho,41,312,1,18550,54,35,45
00d363b8c14bb9a6c73febc4c42acf47,consoles_games,49,998,2,200,16,16,11
00d51a45854ebce28acda79f414388ee,utilidades_domesticas,52,857,1,225,16,4,14
00d62b338366db4c4aec8547ea8f928e,,,,,400,24,4,15
00d62d0388b0786d730a1aaed91c0ae0,moveis_decoracao,53,646,1,300,16,30,20
00d93a09990b319a7c946ed7a8c67656,moveis_decoracao,54,197,8,3400,42,16,26
00dc8a1b2de45a7fca5921544e5f351d,informatica_acessorios,42,1202,6,1550,42,17,17
00ddaddbe03b7103d80daee96892363f,telefonia,59,600,1,200,19,4,11
00de606a5dda99c2499f94ef18282977,automotivo,59,642,5,1650,60,8,33
00de7f393d962717eeeb2d7131a40dba,telefonia,47,816,2,300,16,5,12
00df6fc5f33cc3f7ceec4ec6337d9cd7,relogios_presentes,51,314,3,500,20,15,17
00e040fed5fb843e28740181ddca3521,telefonia,58,477,3,400,17,4,12
00e2784f846618842151d40ec730ece0,moveis_decoracao,42,914,1,800,21,34,34
00e32638060f6356e6f00749dc466b5c,esporte_lazer,45,561,2,7050,20,105,20
00e41fb1706dc56cc3bbdd2c1d6df362,moveis_decoracao,55,314,1,500,40,15,40
00e437f5e55fc5a62e4ef2f84f41b5fb,moveis_decoracao,52,139,1,550,40,5,30
00e4ded51458037ecda216453eb79d3c,informatica_acessorios,25,978,3,1400,25,15,25
00e62bcf9337ca4c5d5b4c5c8188f8d2,beleza_saude,50,827,3,700,41,9,11
00e928700d549c4173b1bf631ca30abf,esporte_lazer,51,294,2,300,20,3,15
00efb9a8ce0cf3b2f37892ab003edc10,esporte_lazer,49,753,4,2217,49,35,47
00f179926ae5965cd6ff548d765d8a61,informatica_acessorios,57,674,3,133,17,6,12
00f2fa1c4397392f20e5627e3220accd,utilidades_domesticas,54,691,3,7850,25,52,37
00f42e56821b1779fbf397fe72639054,moveis_decoracao,34,655,1,750,50,10,50
00f8c37377b038c9c791128d2f928111,eletronicos,32,302,1,100,19,15,17
00faa46f36261af8bbf3a4d37fa4841b,fashion_bolsas_e_acessorios,49,293,1,100,21,9,14
00fd6afd95fe066db8433832180a5369,telefonia,46,1654,4,299,14,11,13
00fefaf41156bb4b0d850fb27da97897,esporte_lazer,12,3231,3,100,20,18,18
00ffe57f0110d73fd84d162252b2c784,utilidades_domesticas,56,1877,1,16000,16,2,11
0103208eb1ea5a1a7359c0251a65e37a,brinquedos,53,2209,7,1600,35,17,35
0103863bf3441460142ec23c74388e4c,,,,,200,16,2,11
0105b5323d24fc655f73052694dbbb3a,pc_gamer,59,621,4,2839,19,16,18
01078a94cb29913dfda1a962fd4e3400,brinquedos,40,302,1,268,32,15,30
01084e8138d03dc691daa19aa6c12471,moveis_decoracao,60,926,4,1390,18,11,25
010951987d78f9d52fbf50a43b690ba1,informatica_acessorios,55,441,1,1100,40,20,20
010a3a47c14f1295796c08419f32cef6,telefonia,41,285,1,200,19,5,11
010c38887e6a41a5acfea2687515b254,moveis_decoracao,59,438,1,1400,30,5,20
010c79af51e82f60de174b6da6060c0a,brinquedos,60,678,1,192,20,16,12
010c988805cc0a13b9ba455ffc6c8510,papelaria,39,221,2,200,24,7,14
010f24a605e8431fc68562e597f80d63,informatica_acessorios,20,153,3,500,16,15,15
0110573bc9195aa810a4384f189f48f5,moveis_decoracao,63,213,1,3900,63,11,43
0110986ff84d644fee920efb18577292,automotivo,56,660,5,2900,72,4,44
0111ab6fb41da433e0f17d3f4ec2c8f5,brinquedos,27,427,1,500,23,8,25
0112c32bab2fb9a2147b92cdd5f1d3e7,cool_stuff,53,442,4,800,33,15,30
011377a7487fef47fc9e73fa5f7322a6,bebes,52,559,1,1875,29,22,26
0116f3b947377cccf0135f8071b54d74,esporte_lazer,55,1381,4,1050,40,20,20
01175f0c6182b4410c669417d7e8268f,brinquedos,39,326,4,600,42,7,42
011967a30ceeaa86acb72e79664544ad,esporte_lazer,55,468,1,4100,17,105,12
011ae9863bd5b15e528a16dd8ceb4772,brinquedos,56,1784,6,1575,19,51,20
011bb8a6af5178b33871a83c4f297d32,informatica_acessorios,42,710,1,600,36,9,13
011be89e68e286ac07f51c22ecbb04aa,esporte_lazer,59,1301,6,450,25,15,28
011c2759ca1a29c74ecd8bfa48d0ac14,utilidades_domesticas,58,897,2,450,20,10,20
01217a683550744160a91eaa46a92305,perfumaria,58,468,4,1300,25,20,16
0124d1581f26143e988b8e1a4b7adab7,utilidades_domesticas,40,119,1,250,16,22,16
0127db1f4effcf8f5b88d80588bc5624,relogios_presentes,53,555,1,200,20,7,15
0129d1e9b29d3fe6833cc922374cd252,consoles_games,55,134,1,100,20,3,15
012dd0e1c1f14325ee35f06748329355,beleza_saude,58,1690,4,490,30,5,25
0130c4375ccbe30dbfa676abd076a056,utilidades_domesticas,59,1687,3,1038,40,36,13
013298e0648d412de0d65690045493bc,perfumaria,52,733,1,350,17,16,17
0134eb6b933b7ebc0f9e24ae5abefaa0,eletrodomesticos,58,290,1,1150,55,19,46
0135900191d4383219257d6fde585ccf,pet_shop,44,348,1,14475,70,28,48
01365901d8f2247976a7e5d4c98c52c0,relogios_presentes,60,567,6,250,16,2,20
0138b665025e0b24bfa6206d97b0f117,moveis_decoracao,49,930,2,1000,44,4,44
013b5dd7d319685753e2c12292975615,moveis_cozinha_area_de_servico_jantar_e_jardim,32,1243,2,10100,65,63,64
013c4b7963865454407e0c79047636c3,esporte_lazer,37,220,2,1075,38,10,25
013cc658e88b36989b48b2bd5f7add59,esporte_lazer,55,2871,1,1050,30,25,25
013e6676e0e3529e5909ff54370daddf,informatica_acessorios,47,619,1,1088,33,20,15
013ee64977aaa6b2b25475095162e0e9,cama_mesa_banho,40,519,2,1350,45,10,55
013fef6ee8c8f3ff998e8f0a950a0495,utilidades_domesticas,37,149,1,150,35,16,16
0141015d2469c1c5f9d7d377d1cdb44a,moveis_sala,54,529,2,17800,70,15,24
0141f5b2fc5389a8b247ae23b58482ef,relogios_presentes,57,486,6,240,16,11,12
01422266d7a3131403364787ef9dab11,cool_stuff,34,177,1,450,40,4,30
0142fd5bd2e0923cf2dbc73d471dda34,fashion_calcados,57,404,4,1400,22,12,33
014a8a503291921f7b004a5215bb3c36,bebes,37,497,4,150,16,7,11
014d94f219fbff1166b9cf700eee36b2,relogios_presentes,50,556,1,400,18,12,12
014fcf6bd5cd4c7ee29fb3bb618c445e,,,,,7000,55,30,45
01503fbd89d42654631476b292b8bc8c,esporte_lazer,60,2157,3,400,30,30,30
0152cb427657428c06633fce6d721da4,alimentos,57,606,3,150,22,4,17
0152f69b6cf919bcdaf117aa8c43e5a2,cama_mesa_banho,40,116,1,250,40,4,30
01545847403c0f1e69d76654d66be35c,pet_shop,60,661,4,450,38,4,38
015527ec9502daa03dfd0e22ef1d1288,utilidades_domesticas,30,583,1,200,25,10,11
01586bfbe1d5449887f1cac4ad1fbd02,telefonia_fixa,47,330,1,125,17,6,13
01593b27eef404f592e6a3f1174493bf,cool_stuff,51,594,1,2000,50,40,30
015dfd6612249811b2e147c1f3be048f,utilidades_domesticas,33,912,4,300,17,28,11
015e04445dedbd5da301ef29cbb03f83,cama_mesa_banho,52,183,2,550,70,10,40
015e652da4f31f2f7a051a6de66094c0,cama_mesa_banho,53,124,3,700,22,13,16
015ec57b45a4c3efc70288eb133d623a,beleza_saude,52,2668,1,750,28,4,18
015f06d7b83e5a6f7d1765fb5d8bdfa6,fashion_roupa_masculina,42,574,2,400,16,2,11
01604238fbc11ce379e537a76b26bc94,eletronicos,29,510,1,125,21,17,17
0160785b697a5ea87d52949bd097ce05,malas_acessorios,48,389,3,14000,26,66,46
0160814e8c847c018da9cf3e01c271be,beleza_saude,52,1363,1,400,16,19,11
0164201c7c8b81dc5779e015e2d7be59,cama_mesa_banho,52,662,1,600,32,5,30
016711f78a6a87696645db0a6a834826,beleza_saude,14,1366,2,1150,27,22,39
0167ff78aa8cd40d5432d3daae646c7a,moveis_decoracao,30,195,1,700,33,4,24
016809bbae76f284266dcffcbb12480b,malas_acessorios,38,789,3,600,50,5,40
0168e1b28d8e55a515928cf656eff0a4,automotivo,50,340,1,950,22,19,19
016becd5c493d3b3872aaa7294accf52,esporte_lazer,38,1662,1,1071,17,21,15
016cae136d358dcdacbd7ac9f1864c09,esporte_lazer,53,236,2,300,30,5,20
016f3b29107ed03252e477b08445cec4,automotivo,56,871,2,3500,25,5,25
017066298c485af1e19e55363f5dc362,esporte_lazer,41,546,1,100,19,4,11
017457b0013d01d5a5a4a020ed1f14b9,,,,,2200,28,20,14
0174eb125f49a617bd9c6277e5aa76a9,eletrodomesticos,52,394,1,250,27,13,17
0176300ac9900e260f35fbddd71c6d92,eletrodomesticos,59,161,1,200,27,12,17
017692475c1c954ff597feda05131d73,perfumaria,54,933,1,50,16,5,11
0176bf7839ab4e611dc01cdc3ef6f4e4,cool_stuff,49,330,1,1600,33,44,19
017e3ffa31fcd2f8061fa66a9e486381,relogios_presentes,53,553,2,700,19,9,15
017e8dcb2e1a468d46e6e80fd694c5ec,automotivo,59,570,5,1150,55,12,35
0182796b487918d688ba48cf3a0d1bf4,cool_stuff,55,330,1,2300,33,44,19
0182db9fc95fd36e324e8a4c40c0819a,bebes,54,975,2,2400,35,10,30
01847cb3f55acfd629641e58e38e561e,ferramentas_jardim,54,1231,6,800,17,10,12
01849445c151d94a1f0cfff03c9ed154,cama_mesa_banho,60,146,2,1200,34,6,41
0185e6719ca5c224fc53853997fa3f68,cama_mesa_banho,64,319,1,1600,40,15,35
0185f302dc17abf603edfe7929a0120a,automotivo,59,651,5,10600,78,4,47
01880e9ca075037ac0520fb94c07a79a,automotivo,42,756,5,550,17,5,12
01886ce599b5837b3e1966cdafacd080,cama_mesa_banho,44,701,2,1000,50,12,12
018ca97302e4293050cc41413194bb19,agro_industria_e_comercio,45,266,1,2467,28,26,24
018e4943e4cc9ed099f6fc1a7b65b07d,utilidades_domesticas,37,465,2,300,19,12,12
019003324f0a201dd2c8962beaf94b6d,livros_importados,56,440,1,250,33,2,23
0192191cc1bc83262d6667c54c2e048f,fashion_calcados,54,404,4,850,22,12,33
0193fc18d9a6e9b9b0b3a41768fefa12,bebes,59,381,6,500,39,6,27
01948c8dbac93beb665f136bccd530d8,consoles_games,25,1564,1,550,20,30,20
0198a991deae439205851e71a7b0bdf7,moveis_decoracao,63,157,3,12600,74,8,74
019d8b8866a5555ac955b45ffd35e039,cama_mesa_banho,51,425,1,1400,28,9,25
01a0f7d0d081d619be810e512be45f97,cama_mesa_banho,50,138,1,4517,57,17,35
01a184b7d8422cd95e9cf2a8cff32b5e,utilidades_domesticas,60,276,1,1287,32,25,35
01a2ad2b54cd734f78cb817da7752d8b,perfumaria,44,280,1,430,19,14,12
01a5038835acf17f141c7247956b72d6,cama_mesa_banho,54,235,1,1350,34,7,32
01a52711e989a817ab8100ddcf8d2940,beleza_saude,46,2771,5,1500,16,35,11
01a630ec9b9f9387e5a91c1f83bd209b,moveis_decoracao,46,381,2,300,27,13,16
01a88bd2633c52bcc66348307cb3ae15,automotivo,44,907,1,11800,61,61,19
01a900ffd5609ad754c38f9dcbce8c6d,esporte_lazer,43,742,3,700,28,25,25
01a9707790aab6855a6438b92c4c396b,utilidades_domesticas,55,244,1,400,16,16,15
01a977e282d5884149e79181506c0941,brinquedos,33,168,1,900,23,25,11
01aa9c122bda45bcbf7edd32fbc36d23,moveis_decoracao,40,275,5,14700,100,55,16
01aace6e8152ecaf9eb47678521069c6,informatica_acessorios,60,399,3,475,19,5,15
01af6a4592d74b6d41ceeede0bd8b417,esporte_lazer,51,1132,8,6600,105,15,25
01b0238705b6ae8e35c6fea837e6ae4a,beleza_saude,57,460,1,900,20,4,11
01b154ceb5457897eb28b9e549f28219,papelaria,54,447,1,400,25,10,17
01b25153516d822621a92f9ce0b03e17,utilidades_domesticas,50,215,3,650,18,20,17
01b660ebc1a0c293ccf9b117fa6dd8bb,utilidades_domesticas,26,1175,3,350,60,10,15
01b8234bc0c131e61acb47932d0bc25f,esporte_lazer,37,161,3,200,20,15,20
01b864cf36d60d972e2e29d8c5084d64,cama_mesa_banho,60,665,1,2400,42,11,36
01bacce2c74317ed2524bcaabae2e9d4,utilidades_domesticas,40,196,2,1000,38,39,38
01bc2a3c12d6e588aecb54ffad194c13,esporte_lazer,58,1236,1,4350,20,20,20
01bd9be7c04525d23a4a901b4abbf56c,utilidades_domesticas,28,331,1,8150,40,11,40
01c2e91674406ebaca6a1bbf7f61c3f0,informatica_acessorios,55,260,1,600,23,16,16
01c3486b189d16ad1b35270d5881e5a4,bebes,59,869,3,9750,38,38,35
01c666c82f414c762ad21bffa56e8b49,brinquedos,55,242,2,50,25,11,15
01c69d0fbb0d9d8f42ac171ac1238233,beleza_saude,52,416,1,30000,55,75,61
01c96f284d6c40f92f25142a59328511,ferramentas_jardim,47,2179,3,3750,27,19,22
01c9a70868bec5b748c67fcc26ce5895,brinquedos,39,601,2,750,30,17,30
01caf54032309b518a584331b8a673f6,malas_acessorios,45,223,1,800,46,10,32
01cb96c64e8e35f29826a58963f6ecc5,construcao_ferramentas_iluminacao,39,990,2,7100,43,23,43
01cda14e6051f3dcf61bb80abf210b79,informatica_acessorios,60,53,1,150,17,9,12
01cdc6fbdb39fc792bb4c40164ce2331,automotivo,44,1085,1,7050,102,4,41
01cf56cd6138b926a4802d16fc304149,eletronicos,43,3023,6,100,16,16,16
01cf7c4cffff8db0a1cbe612bd2d50a4,moveis_decoracao,53,371,1,800,40,5,11
01cf8c7364048b4b6ed0fe400667054d,brinquedos,42,241,1,1200,30,16,20
01cfc3d9c29504c2d370933e53f002b4,perfumaria,60,1078,1,400,23,8,15
01d15932271068f9fd1f369b8449cac1,cool_stuff,51,751,5,4900,78,2,62
01d40fca05c4227b987ee069be837b49,construcao_ferramentas_iluminacao,54,538,2,9700,20,16,101
01d4157fd9738ea81038316ae4cfc192,cama_mesa_banho,52,228,1,355,34,21,40
01da7f08d8327e0b4fab7edaa0c417a4,telefonia,49,1019,3,350,16,3,11
01e20e6604216c8adb31d463214ba00c,casa_construcao,48,627,1,300,16,11,16
01e25be2c25019945382e057a8292e72,cama_mesa_banho,59,330,1,1575,41,6,31
01e66dc5bf4d5a186d856506a4f0fea2,esporte_lazer,60,328,1,200,26,5,13
01ea398598302b06869909ac5bfa5bcf,utilidades_domesticas,56,649,1,5000,35,28,32
01ea47d0dff23faa8d07ba3f353d2af0,automotivo,39,179,1,300,16,2,11
01ebdb7ca76a3c581c0d5229ed80be7c,ferramentas_jardim,34,288,1,600,16,31,18
01ece5f98b5fe510881404f92229a49f,cama_mesa_banho,55,638,1,900,16,10,16
01ecf875ab885ebcae3dd2b1ccc4715f,eletronicos,46,730,1,550,30,20,30
01ef0716b68c8493434ad32430c24e18,cama_mesa_banho,59,641,2,1250,16,10,16
01f1608fbd6fc5b04308ff6157326e6d,telefonia,57,422,2,150,19,4,11
01f2d77d8a63937c77c7128ce4bd2ada,automotivo,60,753,2,650,60,6,33
01f3a99b81f49109d42540d84bcb8e07,esporte_lazer,28,406,1,248,32,21,23
01f76c07f91a533acd46cc6ab989be23,fashion_calcados,57,404,4,750,22,12,33
01fc56750f0d3444c4a1746ecf19dee0,esporte_lazer,49,1818,1,800,16,16,16
01fd8a430d3bea327b7c71e651391001,consoles_games,52,459,1,100,26,3,14
01ff1ff8aa5dec93e9938b989393a4ca,perfumaria,51,315,1,350,18,13,18
02032c15ca85744c99aa99583e824a90,papelaria,46,129,1,100,16,5,16
02034d6c9c4814a08a3a0f5a6ad84332,informatica_acessorios,52,278,1,200,18,8,16
02044dc95cf33aaf55e03bde1b042539,informatica_acessorios,52,123,2,150,31,8,11
02064a5bc5d3656476e9dab151c69989,automotivo,38,1113,3,450,16,5,11
02090f97a28b3d10d19a09f045f6df34,relogios_presentes,60,738,1,375,18,12,12
020a80cb704bf65f38761fcedf2af192,automotivo,35,1512,3,800,26,9,24
0210b75f6f4de09dfc17a66803290f8a,bebidas,33,2245,1,1800,35,20,20
021426c19c264227de3c34e3f5e2f4ee,pet_shop,29,2918,1,1750,40,16,30
0214e4741dab5812bb31a61af1dc3de5,cama_mesa_banho,53,284,1,2100,45,15,35
021c41b063949bf529b79289c58e0a8b,pet_shop,59,803,1,550,20,40,20
021d39ee869e87d5288f4e731df4a90e,utilidades_domesticas,44,663,4,10350,102,15,40
021f04378f9692f8747f926f38bb8281,ferramentas_jardim,58,220,1,16150,62,12,50
022649cdc8ef07dddfa3de3409647e00,construcao_ferramentas_ferramentas,56,286,1,825,21,16,16
0226c9207aea0b16076a27ca65cb4929,perfumaria,47,1220,1,600,20,8,14
02293621a345f7cddda16c5d9c7990e4,telefonia,57,447,4,217,17,4,12
022b0ef3922883f810bdff4d58e93115,automotivo,58,641,5,1625,60,8,33
022ff42cced44a2b2cca57061cabb526,esporte_lazer,57,1705,1,3900,32,35,33
0233382eae30811d6dfffbbfb5de36d8,construcao_ferramentas_construcao,59,520,8,10750,54,18,35
02335f37af17baf50a91273e4bdc8ef4,brinquedos,27,791,1,450,29,16,11
0233dd6f06e23c705ab76dc3ab165837,cool_stuff,45,1057,3,100,20,16,16
023473d9db1c319f2bcd010e043b2ba2,moveis_decoracao,41,411,2,18050,51,8,51
02357c69f595e004b50ba115b3f88d63,cool_stuff,43,775,6,4000,43,35,18
023a60ac6b3484afe23d788ce2444df0,cama_mesa_banho,66,503,1,14300,45,15,35
023d0e2e8457861c3badfb5fa7bcd58a,telefonia,40,361,4,150,18,3,12
024063adde9af865418b7da3dd897b98,esporte_lazer,53,710,1,450,20,9,14
0241aa4ed831b73fd4940ffd9cec20dc,eletrodomesticos_2,31,107,1,8400,46,44,28
024553ca83fc6e9ec93f5a9c823d1834,beleza_saude,41,1572,1,2000,30,12,16
02475368dfb38934fe55f574024fe1d7,relogios_presentes,55,569,5,250,16,2,11
025249b91a565601dc1b8f47ee7a230e,relogios_presentes,49,589,2,500,16,13,13
0254806b6c237bd1f21cae60ea8d1533,moveis_decoracao,45,1064,1,7183,56,56,18
0254a096e569c4a89b6870e9d4a65c3c,papelaria,55,971,4,600,25,12,28
0254d6e0da36c6f28720f89cde66819a,beleza_saude,56,737,1,361,16,17,15
0257013d9462b3b6e9892bdd10ebe14d,fashion_bolsas_e_acessorios,58,373,1,300,20,10,20
0259a8068ce1198d4370abb0d3c2e576,automotivo,39,328,1,500,21,9,12
0259ef48d9c5f59c3b31147c52db801d,utilidades_domesticas,55,410,1,3650,37,25,30
025dcf8f0a969c92d254bc425b380685,automotivo,60,354,2,150,16,7,16
025dd9fac2544d8e7e3451ec87bc6511,cama_mesa_banho,56,124,2,1100,95,8,50
02623b0e4e6b951aefb23575de1f3886,utilidades_domesticas,27,828,1,1600,25,10,20
026311ea0b72ef8c80ebf91efd36b499,bebes,52,708,1,300,18,8,24
0268130c8c3e3cac87b5ec4931348c73,papelaria,60,543,1,1400,25,20,20
0269bdfd3a4f3d384753cbadc1d742be,utilidades_domesticas,20,630,1,350,17,28,11
026b77b15418f2a8114dfb0026739be4,esporte_lazer,56,3161,1,378,21,14,14
026d610705e01d905582241e68aefefe,papelaria,52,96,2,500,20,30,20
026ddfe4a1a29002815e6da024d6128e,eletronicos,48,219,3,550,16,5,20
026f43af35e7951067097527d5c31bcc,agro_industria_e_comercio,58,1075,1,10317,52,33,43
02706657691ad03bacea6d0d0d69d13d,eletroportateis,49,1353,2,4550,23,54,25
0271c9f7fe6a29e563ddb672cdcc2968,beleza_saude,39,588,1,400,18,18,17
027293c3b6d9e221268d9d6a5ffe5d0b,industria_comercio_e_negocios,57,148,1,30000,80,50,50
027325f946f1b3d8f94c3496e9a59a10,construcao_ferramentas_seguranca,54,335,3,300,20,20,20
027bb42a4ef22da4c7a80ecf9c60ba0c,telefonia,60,357,4,300,16,6,11
027cdd14a677a5834bc67a9789db5021,perfumaria,42,544,1,341,20,18,16
027e1564c58eb02f39089b2b1f28d5e0,fashion_calcados,57,404,4,1400,22,12,33
0281221c8b9fdc713111952393cba4f3,fashion_bolsas_e_acessorios,48,142,1,150,20,10,20
02834e5af210b8a2593eb81eecf40707,informatica_acessorios,43,374,1,945,23,14,24
02851253400fd18410f8eb4369cff9e1,ferramentas_jardim,52,289,1,3900,45,6,38
0285a1295a18a4d37c11fa446d4c1345,dvds_blu_ray,56,1139,1,200,20,2,14
0288532d075e4bf58e044c92e68c94cd,livros_tecnicos,44,540,1,1000,16,2,11
0288f8dd74b931b4ec7a468fdd6ed040,brinquedos,40,226,6,500,20,20,20
028b0b0277744a9eaa2c4f57c24dcb68,moveis_decoracao,39,677,1,13150,35,45,35
028b3574d7619f191a7345161ae590e4,telefonia,60,2051,1,150,16,10,11
028da1c319c010397ad1ea42db816d23,utilidades_domesticas,21,316,1,1200,29,21,27
0290cc426311fb177fe19e513a7dc349,automotivo,51,244,1,1000,20,20,20
0292b46c30348496b1be04eeb440bdb5,,,,,400,38,22,15
02934e6f6fe473ea19f3e42b9deb9b59,utilidades_domesticas,53,908,3,435,16,35,11
0294e314a033317e28ecc40aee9025e8,pet_shop,58,922,2,400,35,15,25
02965440ee186dd4f7f6e8f962a75c60,moveis_escritorio,52,1145,1,10013,58,56,23
0296dd002a346e3bbdda4e0bc48a5073,moveis_quarto,43,1527,4,13450,76,14,56
029e44e66d4690b45077bee6d76799f6,brinquedos,51,392,2,500,21,10,15
02a0c276d5a252215b48269dea73a6e7,esporte_lazer,32,963,1,300,20,15,15
02a1edfc6f788c8329299c7244acf2e8,esporte_lazer,30,489,1,800,21,25,21
02a3073438c0d024f60e34a05bd340c4,automotivo,51,732,1,850,41,45,11
02a56644dd5dbe6884a047f4d9ea52ea,automotivo,56,651,5,4200,78,4,47
02a60f0074f36110106a16d15267aad5,moveis_decoracao,50,401,1,450,32,2,22
02a79d79e818ad0be36cfc843a6af7ad,esporte_lazer,60,1738,1,300,16,15,15
02a93c4e95263ca545e9f46ca2b59833,cool_stuff,52,134,6,1700,65,25,25
02a97df83a8a100c7d2b14a02aea6a3d,beleza_saude,46,378,1,400,21,16,18
02a99f266fc960423c1186ecbd627804,esporte_lazer,39,720,4,300,22,14,18
02aa16706915b09bedf8409296478283,esporte_lazer,31,798,2,200,16,6,20
02ad328219e45e7d138101bc3c8aa6c6,casa_construcao,52,928,7,1000,16,20,16
02ad78835ec3f72e750d1dfa6a7e11b3,moveis_decoracao,38,1303,2,1250,52,7,11
02b750ee6f6f12a23c311b775ee4427a,bebes,60,858,3,700,50,5,40
02b7929be620a2f05bb13d0c0e2cbd48,informatica_acessorios,39,201,3,1649,23,12,21
02b824e9f1158bc1005e058c4ea78e8d,eletronicos,56,1672,2,733,29,7,16
02c575cb5b29a173624c93f01786440b,informatica_acessorios,46,279,5,200,21,7,14
02c9b70f3d2ddf38f1120e09d4f9cd45,informatica_acessorios,49,395,1,133,16,9,11
02ca198b1084a6d8ed9e152d84243bfb,bebes,58,544,3,2650,16,24,24
02ca56d6ca8d517a067869b6b6543ded,pet_shop,59,265,1,7300,20,40,60
02cd4165b1e6a3782def2e4e851ae884,moveis_sala,53,1146,4,3100,30,11,30
02cd69fa0c8bfb37ca444168927c1e85,automotivo,44,871,1,750,16,15,11
02ce0c74e59d6cf6bc9026601414a9c4,moveis_escritorio,56,300,1,15900,40,90,40
02ce467092b184e71d3967d29110adc1,moveis_escritorio,40,1187,1,12275,40,54,38
02d48451331287e2bf12560d032d57a6,eletronicos,55,981,1,150,18,5,24
02d53241d2a3c4b1d65f21028e15fde8,beleza_saude,46,862,1,400,19,12,13
02d5d374678728b3af7bd59ee012abb4,eletrodomesticos,54,174,1,100,18,8,13
02d7f60ee640c8218aab6a668bbd2c56,construcao_ferramentas_seguranca,56,1857,3,150,17,7,17
02db1469fdcd31a4fb670da6caec8bf6,utilidades_domesticas,52,373,2,700,16,10,12
02dc711c164ca9c218d316491801ced9,moveis_decoracao,54,1959,2,3000,69,11,11
02e27630510d16a95a473d9b35959d3e,telefonia,40,361,2,100,19,3,11
02ed3b595447e948efc3eac897e4df0e,cama_mesa_banho,30,413,2,725,31,7,31
02ee0862685e90b57cc241b7c9885f95,perfumaria,55,784,1,555,24,8,15
02f331648b37d96cbaf60e96f9c0cd92,construcao_ferramentas_jardim,60,1500,1,2350,22,22,22
02f381f455650d4c7b90c96dc50a6206,brinquedos,31,225,2,175,16,15,16
02f3b0fb0ec2472bd4b9058a860ce6e3,bebes,36,474,1,12050,35,60,25
02f5620577c231921c3b01678005d2ba,papelaria,60,574,5,500,21,7,15
02f875bbe513c98bf25188a84b42dd39,moveis_decoracao,29,206,4,500,19,12,12
02f8dd9b448d3ec2c73e65a22da1121c,relogios_presentes,43,597,1,250,18,9,17
02fb2d61da1247bf732360ea76b16240,malas_acessorios,49,824,1,850,19,51,34
02fbee632a2044d48ab16d57eec4db58,cama_mesa_banho,53,230,1,1017,39,15,34
02fcaaaba3a4b4882987a3639d968572,cama_mesa_banho,55,139,3,950,36,6,27
0302c3fcf5e2d9526e243db50d30d5e3,utilidades_domesticas,26,190,2,200,30,11,25
030729544fc3eb6a40981f877e836450,fashion_bolsas_e_acessorios,32,272,4,150,16,6,11
03078714f1e3f3758555f67ff35b4b01,utilidades_domesticas,54,153,1,600,16,16,16
030f129f7f4681d3996e2531840057af,cama_mesa_banho,55,844,1,800,25,5,25
0312536dd9e1c1b732d2b8ff5c3181d6,automotivo,56,838,2,600,35,5,35
03137dc3af3dc8138e070c4536407618,utilidades_domesticas,60,1172,5,625,30,12,25
0314706dab9f01188f5cab6878b8f9b4,eletronicos,60,930,3,250,17,5,12
0320a1be5c5224f64bfbffa583cf03d6,eletronicos,48,1337,2,167,16,3,11
03233a6dca60544336766af227f78f09,utilidades_domesticas,52,570,1,1700,16,40,38
032c32a02f67b0fad495803ca810689e,casa_construcao,54,923,2,800,16,27,16
032e8352e7d34cc2558d4ae22132866c,moveis_decoracao,55,1617,3,4450,105,5,69
0333795efd58e3c33c5850b92721c3e4,moveis_decoracao,28,725,1,6317,36,40,36
0335b2f76fdeed85180abe8c6c444aa4,moveis_escritorio,57,1203,1,7300,53,51,18
033c52084417b98d716d863d8bd11fba,automotivo,56,1144,1,600,30,20,20
033ccb3016d3b24bc724629b8df41f94,esporte_lazer,34,317,3,400,16,9,15
033e5e4f49acb5621c782ac8a37aa90b,malas_acessorios,43,533,2,175,16,10,16
033fe931444d66d788d53aca5b7b22d5,,,,,200,16,19,11
0343ce4ce35af74dd177bfc133eabb45,cama_mesa_banho,46,623,1,600,30,7,26
0347f9daa0a33f82b4c9c0821450cc8a,malas_acessorios,58,1038,5,9075,29,39,45
034abfb9b758233fd393bd361d4ec599,moveis_decoracao,63,259,1,900,40,3,40
034ecce08e1adf75b5fecf2faac7ed11,esporte_lazer,55,1392,1,550,16,16,16
0350ac874c8937571b129554110ec3b6,dvds_blu_ray,52,364,1,90,20,2,14
03511a5e5d4c3d8ef00f1578e1419800,telefonia,52,2118,2,400,20,11,13
0352f26fa462bd615275f3e91857926d,moveis_escritorio,46,1172,1,250,78,45,21
0354c6a8cb8961e29b70e564b93861fe,ferramentas_jardim,59,2407,1,400,38,10,25
03552ec45033c8658713c541f6af9f05,beleza_saude,52,1168,1,250,35,3,12
0356344ba89a9deb1e8a6bef7a7c78b5,perfumaria,32,447,4,350,20,20,20
03566b85189259c49476f004ad2afd08,beleza_saude,41,216,1,150,20,15,15
035a4019c8009b57768aa3c1e1ad63a3,moveis_decoracao,56,1472,3,1900,53,8,11
035df2b15f358d231e00af9e62488cf4,perfumaria,51,607,1,783,17,15,14
03613e666b3919a3e807eac45a8f2731,utilidades_domesticas,56,184,1,5400,36,15,29
03624ffc0958f7ea385b6d4e088532b0,beleza_saude,38,665,1,153,23,24,22
0364c36f8e845e4d309c0a3accc04b1c,moveis_escritorio,47,1158,1,16800,63,58,24
0366dd798c6de7ec8d16c23de6a82cfd,pet_shop,53,830,15,3500,39,20,46
036734b5a58d5d4f46b0616ddc047ced,telefonia,58,751,5,300,17,4,12
0367635ea4efa4eb15a29f1e05887851,bebes,59,415,1,1150,35,17,44
0368744ea61d6163219e3bcbbbac3680,beleza_saude,46,799,1,2000,30,12,16
0369a47f7ad96df46ad8ed76767de8bd,perfumaria,56,205,1,900,25,35,30
036a6272d538ae862d248339c4c9adeb,,,,,1800,20,12,25
036bcd084feae22f3a997f5080ec30df,moveis_quarto,61,1961,1,200,16,2,11
036c967e979f490c3890acef838d9f44,telefonia,57,598,1,150,19,4,11
036ecb2f1816e95d3fa658207266ecf5,livros_interesse_geral,23,154,1,150,26,2,26
03706dca83513062fe74967a71b5fc78,,,,,400,25,8,11
037a23831f142c505b119215d92eaf7e,moveis_escritorio,62,1139,1,8900,53,50,16
037aab5faf8d9120659b7c8ea3cf4c12,beleza_saude,29,2706,1,15500,55,40,40
037c68f178aefdd7a880a951dedc04d1,brinquedos,36,113,1,9567,41,51,47
037f82112a937df3f1486fa81eb1f127,esporte_lazer,46,1018,6,4700,85,30,20
03826ede2cac52b3011b58cfd58c84f9,utilidades_domesticas,58,398,3,6900,70,15,33
0383c4d17410e421f6a8b905fb9adcbc,ferramentas_jardim,53,1254,2,2700,43,15,15
038467f26869173dd87434ae02199a40,utilidades_domesticas,28,913,3,500,18,21,20
0388b93e2992639ef7de7b35b2ba91b2,fashion_bolsas_e_acessorios,50,427,3,2100,16,5,11
03894c9a40bf32b84a349ef0ddfccc1d,utilidades_domesticas,59,675,1,20300,44,93,30
038967227fb1bc9b30d6e1c81fa2d2be,automotivo,45,1161,1,200,16,4,11
038c0dd7c1e48a1588f8919a0c305727,eletrodomesticos,45,78,1,100,20,13,15
038e3a669bb495e56d9d609d874fb668,esporte_lazer,49,862,1,30000,105,70,20
03940e741e919e2c258e177d875f8423,automotivo,59,679,5,5400,78,4,47
03973c594aba6474ba73ab090dcdc4e2,relogios_presentes,57,557,1,300,19,13,13
03973c875a4653e663aede2c46a957f6,automotivo,59,523,1,2550,35,20,20
039e946aff78252a2e83b8fa1adf837d,cool_stuff,56,404,4,2100,44,16,42
03a20f79e4c056b48ce29b3e30beb0fb,moveis_decoracao,63,1700,1,700,60,11,20
03a22dc9d5b99f07ca366f91aa7f7e4b,utilidades_domesticas,26,169,1,700,30,30,30
03a8d0921d804ba08d3da40064a4e281,utilidades_domesticas,57,1299,1,600,16,25,13
03aad9707028422f38b0563410912177,cama_mesa_banho,49,591,1,1500,38,11,30
03ac940e93916395ea0483161cc84d5c,ferramentas_jardim,47,1489,1,6800,77,14,34
03b10f5e3ef07cfc27a025adca3fd0be,esporte_lazer,44,3364,1,50,16,16,11
03b29ca1beec2e03e15a3b980c1505ed,perfumaria,43,656,3,100,18,7,11
03b58043df5d7424df7eac2be2511c51,cool_stuff,56,645,2,1650,30,4,30
03b63c5fc16691530586ae020c345514,bebes,49,728,4,7150,50,19,45
03ba2b6c24374d16022585b6b1b385e1,esporte_lazer,24,1636,1,7450,19,22,20
03bb06cda40712fb8473f7962fb7d198,cama_mesa_banho,54,289,1,2000,34,9,33
03bb24d19ea7449ce170e0888d830707,informatica_acessorios,53,148,1,910,32,14,15
03bca689857bd64cc5c022221113db7e,climatizacao,57,364,1,2000,22,38,37
03c0275df9996ed2720b28488c7946d4,beleza_saude,57,1649,1,300,22,5,15
03c14a3d479e334e87ee5baf2563811d,ferramentas_jardim,56,1193,1,1500,20,22,22
03c1fa561b6e1d70f9fa22ab1f08c762,moveis_decoracao,59,376,1,8000,55,17,45
03c395f45f46b57acf3db9a696fba6d6,telefonia,42,379,1,75,18,4,11
03c526c6224e8b74620b3b1ff4d0f3ad,moveis_decoracao,57,87,1,3400,40,9,34
03c94210a8223f2f0c811f6783fe3d22,utilidades_domesticas,42,422,1,3450,32,25,26
03ccf3bdaa33497fa04d1e2f746a4555,eletroportateis,58,1110,2,800,30,21,30
03d03978afe1dc3c70e611629e8d8fe8,esporte_lazer,35,614,1,1800,15,15,15
03d10117bf5dbd1e4f194566be73de5a,cama_mesa_banho,53,255,1,2350,45,15,35
03d19e503abb1698d26d630c0017b11e,automotivo,36,359,1,14100,62,62,21
03d4233b9e3382adaed9e5c58626f1dc,moveis_decoracao,59,566,1,200,35,10,20
03d463c3dea9d1650ce0683b7c964b03,telefonia,58,477,5,350,17,4,12
03d4805d42e229c0fb34e5eb7fee281f,automotivo,60,1149,5,1525,68,9,35
03d5bcd7db52bee20887c5034650185d,beleza_saude,50,1238,1,575,25,20,23
03d7ad0ce97624c931b3abde02b5d819,perfumaria,48,259,1,249,19,13,15
03d817e5e392e78674ed0bd8195f9159,informatica_acessorios,56,590,1,1350,23,9,23
03da3203e7fba42baf48e3d87cd4b75b,esporte_lazer,57,2016,7,300,20,10,15
03dc797f6faaa324fb633c518ff3f326,beleza_saude,41,2063,1,3000,30,10,20
03df27817e9494be978b56cc083a0beb,telefonia,58,607,3,200,19,4,11
03e1c946c0ddfc58724ff262aef08dff,utilidades_domesticas,46,465,1,550,16,22,12
03e4e6709b7d6415746769c0bc3e9131,brinquedos,42,762,2,3890,36,28,36
03e606af3a694d55bf9abce7f5b07c42,esporte_lazer,55,664,1,700,20,12,20
03e7d29d9988a30815f1f20b6549881f,fashion_calcados,54,404,4,700,22,12,33
03e931f387c2dd5b006aecdb12515b2e,cama_mesa_banho,55,560,1,650,16,10,16
03e9fcb7adffd8c9e14285c979ea59c9,ferramentas_jardim,45,287,1,700,21,14,17
03ed331c2c9bb4cd5c3d986928bc8d9c,automotivo,56,343,6,600,28,4,16
03f02ee5e8fd233d41dcfe8ad911cf7e,cama_mesa_banho,56,617,1,6400,30,30,30
03fbf722447bf7fb4a99aff40b8ede7a,instrumentos_musicais,59,761,2,7550,37,23,38
03feb64db1d0ea0aaad178536a2d0640,utilidades_domesticas,57,415,1,3100,30,40,30
03fed41c5e9067007d852ff83d602753,brinquedos,46,1107,1,19650,75,76,22
03ff4bf1cbb9b00aca270dac77757582,casa_construcao,57,159,5,250,16,4,14
040088789b98987ea1df150fd7fabfd7,telefonia_fixa,42,224,4,140,16,10,14
04008f5a086abe248a3c76bc2fa4f4e1,cama_mesa_banho,41,2201,1,1250,48,14,68
04014f5d30de9dbe77b421f63985b5ef,automotivo,52,228,2,5550,55,35,30
040b8534cb74ddaae70c21541f449630,construcao_ferramentas_jardim,42,574,1,13100,68,25,44
040f34fe061b6024771f641fe922e782,relogios_presentes,18,796,2,750,18,10,15
040fe1cdb263eb2c9b1322875b0afcb7,perfumaria,36,561,1,2303,26,15,23
041022915a950ec95b761b690ddb6b24,cool_stuff,63,351,3,1450,62,15,32
04120fb9b3f90600e5ae1f2a2cde53e3,relogios_presentes,50,704,1,500,23,13,16
0412ec72192f1d85e92047c0773434ec,instrumentos_musicais,58,1202,2,15400,45,20,100
0414ce6ba3643b59fd1e5c8e146c1d8d,pet_shop,48,466,2,2700,43,39,20
04162d7f092b675a184e76e91fd521d4,utilidades_domesticas,59,203,1,400,16,10,14
041644fcb6426ab2a7c992fac010771a,informatica_acessorios,58,283,4,300,35,5,25
0417855683de23ba1e20e8a358a5ac7c,automotivo,59,633,5,1475,68,9,35
0418d6ca9336c4a7ef9667aac0be1976,consoles_games,53,555,2,260,18,12,18
0419e76e19f81672eb13b6a8bd19a5cb,moveis_escritorio,30,2071,1,14600,58,20,58
041b5d4393ea83147e2a07e55cd5359c,cama_mesa_banho,40,537,2,3080,23,37,19
041bf61cdb6e9b519aa70a4eed0bd4ce,pet_shop,54,272,2,700,71,2,18
042426e17752f5d722a5b80940edc915,cama_mesa_banho,51,215,1,2400,40,6,30
0424d4d1508370eb771126734ec9740e,cama_mesa_banho,55,247,1,2100,36,21,36
042535091ac9e946489c2155a0392c47,utilidades_domesticas,23,162,1,300,20,4,19
04262a7ed71aa34edfde0f8429598505,telefonia,53,622,2,350,17,4,12
0432203d03868bfe5fdbb86fb2148474,bebes,35,1168,3,7003,52,30,46
04329467c8ed269551b5d85dd137eeef,bebes,56,1015,3,1550,42,25,15
0433830caca22b01a0f477d31307b043,portateis_casa_forno_e_cafe,47,2810,7,7450,40,10,40
043424c9047266b778d9f440c63dc349,construcao_ferramentas_construcao,60,327,1,9075,34,12,34
0437850bd55b9b2b9cf104b59a611666,papelaria,59,244,7,350,18,2,20
043d7f9943fc2e97d21728cff9c608f2,moveis_decoracao,42,1003,1,1700,17,27,17
043f9194337f5d8cd7092f581e0bc394,livros_tecnicos,33,329,1,1100,25,3,18
0442663b51251c398df7f53c29e29812,esporte_lazer,34,1132,8,6600,105,15,25
04433a8021475a2002663f94203c88da,construcao_ferramentas_ferramentas,59,1476,2,1111,29,10,14
044814613492fc3e12bda239e12d6b68,beleza_saude,51,360,1,1000,36,18,27
0449db5eede617c5fd413071d582f038,ferramentas_jardim,37,1819,4,5900,46,20,46
0449efdb5b6a5d301b098972abd1749e,esporte_lazer,54,1297,1,375,21,16,12
044b06b901539ec1ac136565a97d0fec,esporte_lazer,42,877,1,1979,27,25,26
044de1dc695094f06e9eca6c19921f20,moveis_decoracao,56,296,3,1300,100,7,15
044f05bc9de36e8a693a83e4bc79dd0d,telefonia,59,734,4,300,17,4,12
044f125d78e0a631b0479182a37aab8c,esporte_lazer,57,574,6,550,30,16,16
0453f63a85b66c3950381599dbbfb2ec,esporte_lazer,47,1370,1,231,12,12,10
0454c95c31d75e5f86c354896a3d9814,moveis_cozinha_area_de_servico_jantar_e_jardim,44,246,1,25000,98,14,40
04565ebccdd3c4acc43789823458d6a8,automotivo,42,334,1,400,35,15,25
04566e1a1afa83470b25c2642706fc32,utilidades_domesticas,59,470,5,7800,33,35,33
04574f4bc055655311e798b4e277b9af,automotivo,59,435,1,800,18,13,16
045bb60690dbae4f06160b45556463a1,utilidades_domesticas,35,116,1,1200,80,16,16
045c0f3faa3d81ff1af071e0811b2711,relogios_presentes,49,570,2,200,16,11,12
045da764883d50dc071cc70c81226cbc,relogios_presentes,51,553,1,213,18,10,19
045e41f597e72ebfe5e9de50788fbf03,esporte_lazer,48,273,1,500,20,15,13
04601b648d7d2dcae6e285a41e276a3f,brinquedos,57,328,1,1775,31,21,21
0466aacbd155769293483722a2e5bead,ferramentas_jardim,53,2430,1,7150,30,40,30
046bb8477448980cb3355e0702e77a0e,beleza_saude,42,1118,1,1500,19,29,18
046cf43a5b63303b3c3c4ba076d1d732,beleza_saude,48,1648,2,350,24,5,21
046eee903d62294ffad4e38ae6aa730e,cama_mesa_banho,32,219,1,9325,50,18,28
047b85649c33e9cbf34b2ccf8d41d622,papelaria,57,349,10,5650,60,20,29
047c0b8057bd86c48c41d3b582d80c90,informatica_acessorios,55,312,5,4500,19,23,19
047c9a28e0da299843d9f67d99959442,utilidades_domesticas,39,1053,4,3000,33,30,34
04808b9886b62b9c06b4c433e420dfbf,livros_tecnicos,33,918,1,500,23,3,16
0485eb91cf4786a456d0b61ef9d9183e,fashion_bolsas_e_acessorios,36,245,3,100,18,9,11
04867a0efbf0779b221235559860b9b8,relogios_presentes,41,673,4,150,16,2,11
04869307f7e7dc5b07f1d83406ade1e5,brinquedos,58,443,2,3305,38,36,19
048b4eb037d1114ddc13a9653b5f2381,beleza_saude,59,518,1,400,27,9,14
048bb098a0e194ddc3d0287b954bc9d8,papelaria,36,73,1,950,20,5,51
048c45eaa9b885243959f59ddf2b21f4,moveis_decoracao,20,1703,2,600,30,15,15
048d97d0e3bf2fdb3f1d268b69396cdc,esporte_lazer,48,652,3,1200,25,30,25
048dc5e495c6f5e54f22fa6cd23c3e5f,relogios_presentes,43,597,1,450,22,14,17
04913106077ff97c89fa5e6b289fa25c,cama_mesa_banho,59,140,3,2100,36,8,27
04939dcb29e2a26106610d8e1ef03b98,beleza_saude,34,1043,2,600,24,18,23
049469901143a0f4ead566611fda0544,perfumaria,49,1174,1,375,21,16,23
0496a7015a17628712e8720db133092b,papelaria,60,875,5,1075,21,15,15
0496f30fa502d5454825087842d7a497,brinquedos,31,182,1,250,16,19,19
049ac5dce8536884a652ce73c58022ab,cama_mesa_banho,44,505,1,250,26,6,20
049b55359c60ea6403938b9e408f40b8,cama_mesa_banho,49,297,2,1400,37,23,35
049e64366e5301baa9060eef6b10f217,relogios_presentes,40,606,1,400,20,13,13
04a2ef44f3ea03a72be6f1f99ee0bfe6,fashion_bolsas_e_acessorios,35,172,4,150,18,9,11
04a3191f211edc97716020026d05d260,cama_mesa_banho,56,595,2,950,42,29,28
04a4e9d8c0dc6b2b4b8e24ea78a8f318,esporte_lazer,57,723,1,500,50,12,18
04a58e66cae7d954a87cb7fbb67b204c,automotivo,59,1773,1,6600,44,25,39
04a67e69edfb208f784da30294f69c5b,esporte_lazer,51,1256,1,1350,26,18,18
04abe952a7292c9914a0ddade6371114,pet_shop,33,840,5,25000,70,69,56
04af9f3af5c6afc4eece909c25330934,relogios_presentes,51,475,6,200,16,2,20
04b2173a311a1fe1a8c90a59c0a0f474,pet_shop,41,186,2,700,16,35,25
04b48e86a968cfe620da1cab5c7556ae,beleza_saude,28,648,1,630,21,12,15
04bbe69bca409d1d1fdd812267c89302,moveis_decoracao,56,643,2,900,36,9,33
04bd5aedb2f07b8078ef7dcbfb79db00,brinquedos,60,1258,3,1600,28,13,21
04be6baed9b1c67197a4b2dd2f5b637c,moveis_decoracao,59,468,1,1500,30,5,20
04c200c7067838a36677c2cb65f90987,utilidades_domesticas,55,1355,4,375,16,10,18
04c31b0da644f1782603183f8fba274c,beleza_saude,41,586,3,225,18,8,13
04c4182bda52366f3c4b8817ddbcd98e,esporte_lazer,61,604,1,250,20,12,16
04c4239553c71aafb3b2b5f74f165210,telefonia,60,345,4,150,16,3,20
04c48a5fe31aedc4ef3896c005fd483c,perfumaria,36,574,1,449,19,14,14
04c4a4b9c924494fcf82e0fba966f955,relogios_presentes,39,364,1,567,26,12,26
04c51bd1943710a970c0331518cdd2a9,esporte_lazer,35,432,4,350,22,5,12
04ca6bf4b3d9aa78046f0973efe2f4b1,sinalizacao_e_seguranca,46,916,8,750,16,20,16
04caadc7ea07eadcaa8513b4f6ecd8ec,relogios_presentes,55,443,1,300,20,13,13
04cb9679db724268544436f40166c3ed,moveis_escritorio,34,2558,1,15700,58,28,58
04cfe2f4173f2acf181b3d2642a387d1,beleza_saude,55,2908,2,200,24,26,11
04d1e516df784ab0cc7cb3b74a0933d2,informatica_acessorios,38,130,1,150,20,8,15
04d5a0ec1f6db00db01676199151df4c,relogios_presentes,59,616,1,425,16,10,11
04d70d184a7c12c93cecd9c0d8b5ad69,beleza_saude,60,918,1,150,22,3,15
04d752c2cda8f0972a8ab10ac9abdf12,cama_mesa_banho,53,128,2,900,50,5,50
04d7da0499dd7cdfba6ef58c85e70324,moveis_decoracao,41,1261,3,450,27,27,33
04dc26a02c448f6f2b914f01c2902ebd,consoles_games,50,361,1,483,24,17,23
04ddfb2cdbf048af94dc37e1bb0d3b04,utilidades_domesticas,48,1797,5,575,24,18,24
04de91d60b1cc9be205fb4a63c87bece,papelaria,30,121,4,100,16,3,11
04df667e73ca2fab4b9a97c86466b699,relogios_presentes,34,541,1,404,22,14,17
04e1e16bdb6952a60aa9c37334dc8eb3,utilidades_domesticas,50,804,2,600,23,16,23
04e4e5d3a78ebbd1a943769293829c68,livros_tecnicos,39,1876,1,900,25,3,18
04e8d74439cda81827c2cff9f165f4c5,esporte_lazer,52,928,2,3500,60,20,30
04e90f954f5fde312ce378b26ddfad13,utilidades_domesticas,58,1901,1,7600,49,40,40
04e9efe8ce063de2e031eb806396f456,cama_mesa_banho,52,665,1,750,30,3,24
04ea63ab87df726ebf45c0982dd90a1f,bebes,47,1059,4,450,30,6,23
04ea859686940874c6f624314a14070a,automotivo,58,1186,2,500,20,10,20
04f352bc78b371f4392b0077d5648de5,brinquedos,23,1048,4,6284,64,39,28
04f6c1fd057cc96a63e1f9579ddb942b,construcao_ferramentas_construcao,59,320,1,100,20,4,25
04f8b8f9921310178d65bcba23fbe639,,,,,1800,21,13,36
04f92f94955d380b722ed941f2e6e51c,eletroportateis,52,698,4,3125,18,30,38
04f982a576e5d149919df37e292fa79e,cama_mesa_banho,54,607,1,5800,58,50,49
04f9876e5833ccf6df7934aaebd19faf,utilidades_domesticas,52,338,1,1400,24,7,12
04f9ba792a88dcfa0a4ecadb4d0ad913,esporte_lazer,43,357,2,500,17,31,18
04fa587378a8e74c3b0acc00efecc93e,automotivo,50,829,2,14900,32,47,38
04fd8d64a2539d188bef33bb288410bb,cama_mesa_banho,57,366,1,800,45,10,30
05019bc35fc2ed878c0c0f55346b91c6,beleza_saude,40,344,1,2550,18,16,17
050245daefa14dcfc8048e9c6a586d2c,informatica_acessorios,48,565,1,1623,32,15,39
0502d1a36be75bd36b452f31c6ed264a,,,,,100,16,7,11
0504d5c0f9b71510b2b0bee952e380fa,moveis_quarto,51,2240,1,16500,58,18,42
0505f239830b15ffbd923b4113a96855,malas_acessorios,44,503,8,250,20,26,15
050ab8e1f87a468de0eed97451da3efd,bebes,52,1488,1,8450,76,21,21
050d890ccc1c0874e166c9af9c6dd821,beleza_saude,36,749,2,350,22,12,17
0515b574204dff0dbdc5dac180f3df3a,papelaria,51,58,1,100,16,5,16
05177c02b7f7e985fb4a90d1465f0fba,eletrodomesticos,52,307,1,100,18,8,13
0519a542f6238651af817ddc6fcbbcf4,pet_shop,51,411,3,400,18,12,15
051b9ff13dd55c0a6655a15ff296f80d,esporte_lazer,50,529,2,3600,62,23,23
051e6f6764c9b60143dffafd0c5d1a25,informatica_acessorios,60,707,1,1373,25,21,25
05216a143a65ab59fc48fb996e7c12d7,fashion_bolsas_e_acessorios,53,353,1,200,16,2,11
0521fe3eb04940304b489d0fb49a37dd,ferramentas_jardim,58,686,1,1450,90,6,18
0522015abfd1094949180dee8dacbdf9,moveis_decoracao,57,314,1,400,40,15,40
05237facc08e138d9cec4742f145cc00,cool_stuff,48,163,3,533,23,21,21
052413504e5295cd66ec4ced0b310062,relogios_presentes,55,570,1,165,16,10,12
052516c377ebbc53a39f053af1db08b4,cool_stuff,46,595,2,450,16,12,22
0526bcd59b4bbb167f8a4e93d56c0a07,automotivo,57,408,4,100,24,2,17
0527af46c46b7a345d2086ea304ae8d7,eletronicos,25,101,1,625,27,17,25
052b8660ee8a9ee18815d9b276694a10,perfumaria,47,540,2,107,17,12,14
052bc62f1969b8f09b1c3cd6f67e099d,papelaria,54,146,1,600,29,4,24
052dd43729ce1a56b5e083888ad5916f,informatica_acessorios,54,637,3,400,41,3,29
052e139cd94698e09bb2502cdc7b9287,utilidades_domesticas,55,323,1,2700,28,18,20
052fa8abc4bd8f9e32329a610fc878e2,cama_mesa_banho,26,421,1,200,16,12,11
0530063c4be8e898dd6dac7d6bceff24,moveis_escritorio,40,1192,1,11800,53,54,18
05317e90a20f490f4749cd92d33e0fbb,moveis_decoracao,30,716,2,9900,50,32,37
0533c5ec3a042521493cfb6e12d6befd,,,,,1550,38,4,23
0534940d69bf94dc61c0e722b4168235,moveis_decoracao,32,337,1,2300,45,25,20
0538b3ea14af3cc3ee6bdaf940367cee,,,,,150,20,4,20
053bc43c110771a8ade43dd4462c3fa0,moveis_quarto,58,793,2,18500,38,58,38
053c1c7045cfb67d04d8c5a8dc9fc054,cama_mesa_banho,58,402,1,1650,31,9,31
053dc19b1456837ad35f75a6fdce5988,esporte_lazer,44,1178,5,350,20,15,15
0540951fb114c6a30e6a43562983ce9f,telefonia,58,1551,1,100,20,20,20
05431e0dd637e910dd67d7ad823e8437,moveis_escritorio,42,2115,1,10850,58,20,56
0543393758e5da8203fc69c4e6707c75,beleza_saude,22,516,1,650,25,33,14
054515fd15bc1a2029f10de97ffa9120,esporte_lazer,50,799,1,150,18,18,18
0546131238f7e9d6b5c24dbb5d8e3133,beleza_saude,60,3200,4,1450,34,6,24
0547b998c6f8893fab4ba02d5636c10f,relogios_presentes,42,262,1,500,16,16,16
054b1ab366729788a3717961085aec01,informatica_acessorios,57,1206,1,50,17,9,13
054f9a8859dc532322504741c66d799f,artigos_de_natal,56,688,8,600,30,11,20
055019def765ce08da9fac0585e927c3,bebes,63,884,5,300,17,7,24
05542c6ab7bce0a01a5f7210380e72b3,informatica_acessorios,57,582,3,850,32,10,16
0554911df28fda9fd668ce5ba5949695,moveis_escritorio,46,1058,1,5200,45,54,15
0554df77f3ed2e36e06c60eb65dc357a,beleza_saude,56,929,1,300,17,13,13
05555b7712bfdb1c0809b44166e33a25,brinquedos,60,763,1,200,25,3,25
055b53c58f373d53438cefb346ffcbbf,ferramentas_jardim,41,313,1,6050,75,25,25
055cf0b2191631209c21bde8d353c7f2,cool_stuff,46,537,4,2600,30,10,20
055e4f6156ba6c0daab61cd40d5530fe,livros_interesse_geral,41,626,1,400,27,3,19
056010e0e6196d99309275e1b2d12c80,papelaria,57,303,1,250,16,6,11
056063b2634974ef86ccb7da2d3d0dbf,esporte_lazer,33,315,1,1431,30,20,21
0561435e3af107a3bd2104466ad5985a,cama_mesa_banho,40,313,1,900,36,6,26
056193fc88b3f131fae751356896b168,utilidades_domesticas,59,1996,1,8950,40,30,40
0563d4cc419141eab2e5b438046e844e,ferramentas_jardim,41,1903,1,5650,17,38,32
05649d71cdf7d7ec2bbd7a717179de0f,beleza_saude,58,482,4,350,25,15,15
0568858419b609bd068bec047de0a1c8,perfumaria,51,395,2,425,18,12,15
05696da7eee323669666f62228d00f78,cama_mesa_banho,55,342,1,12900,60,27,50
056b837251897cfc6f46d3643bad614f,ferramentas_jardim,52,471,4,1150,17,8,31
056d012d264624accb7f73d31caee034,cama_mesa_banho,56,255,1,1750,30,5,30
056d07eb7d9c446e3780a3a7f102190d,artes,48,135,1,500,50,6,20
056fc939c78534a5fb6a762ef17d912e,moveis_decoracao,53,87,1,1300,25,25,20
057041a5c3e1080ad700db092badca71,cama_mesa_banho,59,395,1,8950,40,25,48
057229db0353dff9e12e298e8f6429b9,cama_mesa_banho,35,564,1,1900,16,2,11
0573b564a90d2d9f9c460eb963da8c33,utilidades_domesticas,47,748,3,23700,69,39,17
057df564fda79ad8fa5e1928dfbe3e8c,cool_stuff,47,867,1,300,25,10,20
05805f52cdeb93d7684f871e599f0078,moveis_decoracao,25,128,1,4000,70,12,52
0581c05e8e3c0d17ea0ef8904419ec00,utilidades_domesticas,59,667,1,1250,30,30,30
0583170ba3f70162729f40600f8a4abf,beleza_saude,57,2500,1,2500,34,17,22
05833dad7f04a1b2991641771bfe6d9f,cool_stuff,49,1732,5,600,16,23,11
058453fe8a9473eceee27349de3b38ac,relogios_presentes,60,517,3,750,48,16,25
05869034bc6aeae6869a573000cdcc43,fashion_bolsas_e_acessorios,49,731,1,200,16,2,11
058755c380722a806fc5440093c2c5bf,artes,50,923,2,1947,98,6,44
0587bd8ea43108a16104b1430c15b283,utilidades_domesticas,42,799,4,9950,31,61,31
05890763390aff71105dd223c0b9b225,esporte_lazer,48,1102,1,1250,41,6,33
058b372f969b59e8c4a27e224243909c,papelaria,52,90,2,5650,20,30,20
058f0416fd2fad8fb4cd0443ade6a42b,construcao_ferramentas_ferramentas,50,199,1,950,23,14,11
05928363cd16fb2d20ccad40992105aa,fashion_bolsas_e_acessorios,53,612,3,250,16,16,13
059344baebbeaa42fa9f2bbe11b1583e,construcao_ferramentas_iluminacao,55,1548,4,1400,24,15,38
059ca09d32720d9adce3ae12e181339d,perfumaria,50,676,1,426,20,16,17
059d3cf4de5bc9099cdb4c10ee7e84d5,automotivo,58,824,1,200,16,2,11
059dce566827cd3b3274f2b986d5c0db,ferramentas_jardim,36,733,1,3500,40,19,35
059edbecfc72eba55fbd079a25c4ab6b,beleza_saude,36,1129,1,473,22,18,21
059ee207a4d5628c8aefe497c3d088f3,fraldas_higiene,49,326,1,200,30,20,15
059fb7d4b3383690a65610a1d6320e7e,telefonia,42,442,1,100,16,2,20
059fd0cc43081303f7c0d7770ab53d52,esporte_lazer,33,1753,1,11780,56,29,29
05a360982be454c7e715c0fec4f67243,artigos_de_natal,48,412,5,100,16,6,11
05a4cea3c80d33b04145946e6c5e0fa9,ferramentas_jardim,50,536,1,850,22,7,17
05a6b99c0460f22f5f8101493c0e3c0e,moveis_decoracao,64,69,11,1300,42,11,35
05a75cd320865bee3f3b69014ba5bddc,automotivo,57,192,2,100,16,10,15
05a9ab81472f6bdcd910cb49b636c5b5,instrumentos_musicais,55,2290,5,250,16,9,11
05a9dadb8402b6b7ae3dd28f7da187b5,informatica_acessorios,59,3314,2,2950,20,20,20
05ac001cdcd6e4a3cc1563efbc5a25fc,automotivo,43,1108,3,400,16,5,11
05ad2310de31ddb8bc7f976b6fe02db7,utilidades_domesticas,55,2812,7,750,30,12,30
05aed8abae327b8ffd61bc5255566bcb,relogios_presentes,34,386,1,288,18,12,14
05af73bb3143cbc5233c1cdff4a767b5,moveis_sala,28,102,2,2700,47,6,47
05b0567fb831a93123b9d6866b022490,malas_acessorios,37,1293,1,3300,34,31,34
05b0feccfab2debfdb5744e42bdb6f71,fashion_bolsas_e_acessorios,43,178,1,150,21,9,14
05b1d0c869d183ecb8459207a33066f5,relogios_presentes,56,768,2,200,16,11,11
05b316ac6e25ef5776b4841f5696bfb8,moveis_decoracao,44,224,2,417,24,21,22
05b4647d7e40f280dc06e3d69deaba21,fashion_bolsas_e_acessorios,51,264,2,200,16,8,11
05b4834511e1cdb34899d52589ac9271,livros_tecnicos,37,1212,4,850,17,2,24
05b515fdc76e888aada3c6d66c201dff,beleza_saude,45,231,3,800,21,4,15
05b9a00b36b50edaea8de91b8c19fc22,automotivo,50,385,4,400,21,8,11
05bb531648459f3fb15bda0cdbf21322,perfumaria,38,587,2,436,22,14,18
05bbe113b2037f89552c644c5cb33ecf,utilidades_domesticas,57,1366,5,10100,48,30,16
05bee157001350b29b1e48395f6736a5,market_place,43,1234,3,2100,19,27,38
05c11568c221bcac5790a8720019d141,automotivo,52,396,1,19100,40,40,40
05c24fd82c39e05337fcc418f0a61e54,relogios_presentes,52,467,1,80,16,11,11
05c2523e08c5262f1ee172b332c3ea44,informatica_acessorios,57,178,2,100,16,2,11
05c6133a109016f9fc73aea25cb1f5c0,automotivo,56,830,1,2450,28,5,30
05c693a8085dad009cebdcf2830ab738,telefonia,52,525,2,200,19,4,11
05c723fd782f0208b09b7c86f5220a5b,moveis_decoracao,63,254,1,1650,41,9,34
05c8eb0ae68c09cae5b68d673652e7f8,eletronicos,50,315,1,200,21,7,14
05cd024f2c54923c3396db4156fdaa44,moveis_decoracao,49,455,4,400,22,22,12
05cf9ac595f28386ee763c98cbc2bad0,,,,,150,20,3,13
05d0558798a718f6f4658acd8b0e65e1,automotivo,58,314,3,1550,37,10,36
05d0a8e2bd6c40610cf28932d9a796ff,moveis_decoracao,54,594,1,500,19,11,12
05d26098907b7bd26c0f92feefd10eae,brinquedos,43,389,1,200,18,13,16
05d3d52aea100aa2f887fd940991f040,beleza_saude,25,2653,2,500,16,2,11
05d43e31ef4408f944a3de2d18b0f755,informatica_acessorios,60,147,3,300,20,3,14
05d59e1191b873b988a6db5663923260,papelaria,47,458,2,921,26,11,25
05d7b955682862c7ee7db5c1a7d728ce,esporte_lazer,42,600,1,400,16,6,11
05d7deab2f99410d5fa21a75deaa1fad,fashion_bolsas_e_acessorios,52,1383,4,750,36,18,36
05d7e1ea3fb7a5e3bf83bb9801603418,livros_tecnicos,54,3722,1,2200,31,6,19
05d80513da078badb81a5f232e489376,cama_mesa_banho,55,867,1,1100,20,16,20
05dd4bacd8cd34a33815b90b38176a69,cama_mesa_banho,52,289,1,2100,34,9,33
05de46958121361ff78e2a9812db6778,eletrodomesticos,58,644,1,300,35,46,35
05df88a280f9c6edca3b2f5f9b3e75ad,cama_mesa_banho,56,279,1,525,34,23,43
05e75e2ebb007f6cadbc9925311b014b,moveis_decoracao,63,522,2,500,80,10,60
05e896ddcd2490d4185badce5f9b45e4,utilidades_domesticas,45,162,1,9500,60,17,55
05e8eca656b87428a0e8453a2f335cdf,eletrodomesticos_2,45,442,6,9250,30,60,45
05eabe04aa341d8960d07f9b398d7a3f,utilidades_domesticas,59,3217,1,6600,35,45,45
05ed196725fbeca4876c2181780d89bb,instrumentos_musicais,52,541,2,1400,30,30,30
05eee88d9d208fa34d4246aae4025381,bebes,41,271,5,600,16,2,11
05f0fe07929d35be0748fac56eecbeb2,beleza_saude,60,919,1,200,22,3,15
05f581382fca988fec41f4a3de0e0fda,,,,,100,16,16,16
05f65453e3770efa763d5b2884842fe2,telefonia,57,412,2,200,25,10,13
05f8865da7fa719bf5e94039cfe17c4d,beleza_saude,48,910,3,1900,47,70,11
05f97ad4ce078ed1de8882e1824eb07f,brinquedos,46,641,6,800,41,15,24
05f9d035b92494874148f32f940b0f4f,moveis_decoracao,45,632,1,1350,55,9,11
05fa32a505166cc577354e48a194659d,moveis_decoracao,59,445,3,245,17,12,14
05fa3b5ecdf7f54e97fe25127db0ee7c,esporte_lazer,45,758,1,2000,23,16,18
05fa60020215fd65f8f8b9dd441f864b,beleza_saude,32,324,1,250,23,9,14
05fb095572e53e2a567a685765101704,brinquedos,58,1077,4,695,30,33,27
05fb84a7689847058e6b9e9dbd7a6c06,automotivo,58,454,1,2775,29,27,18
05fca08b4d54ab5d1d371db7d5534136,informatica_acessorios,47,1009,4,300,20,6,13
05fd551a225783b6a2b14d1e3d1a6372,automotivo,44,1131,1,250,30,11,16
05feccd482d35726d6f80e60df25db86,,,,,1400,16,25,15
060109450b2f49e4d5c4fdfd3d8ebc34,utilidades_domesticas,56,497,3,450,18,8,13
06016387c52742ed3e0a128e0ffb6b47,utilidades_domesticas,55,531,1,7650,23,8,13
0602bc6086443c4e9b9e5ba88119ce08,perfumaria,32,219,1,133,21,12,19
0603179793e4bf68b9dbdb4ba238a3b7,cama_mesa_banho,58,1290,1,1150,43,7,30
0603d2d85bcc46beb11bd247870c4841,cama_mesa_banho,30,66,1,1450,55,14,43
06061c9fd664126ac731a142995fa893,casa_construcao,52,451,1,900,40,15,44
0606451146029c2f85c958b9cce49735,relogios_presentes,56,738,4,450,16,11,12
060890b1af8cc031e9dde49cf544f884,automotivo,57,662,1,2900,61,8,61
060965aa6dfa817b80abda0c9413cc77,cama_mesa_banho,59,3863,5,22250,85,23,68
0609678aec06f28cd8e177550d26e73b,cama_mesa_banho,51,394,1,1400,20,30,26
060b5b8d4937e08d87e86d0bf339aaeb,cama_mesa_banho,52,106,1,550,20,10,15
060c17562f97e5bb60bc0dfa4dd5b3f2,informatica_acessorios,40,675,1,150,18,6,14
060c584206d08377a1408fd7afc08b0f,esporte_lazer,43,536,4,14000,105,18,18
060cb19345d90064d1015407193c233d,automotivo,49,608,1,7150,65,10,65
060e9872b582bceaa83d520807008f1b,ferramentas_jardim,28,420,1,5500,29,29,39
060e9bdedfae37724dbce0b3270d76ae,relogios_presentes,54,821,4,200,16,2,11
060ea530ba6184d49f7b1cc031c4c97e,cama_mesa_banho,54,383,1,950,50,5,50
060ed45e8d50384910a47c9224931f56,informatica_acessorios,36,571,1,683,24,16,24
060f0122cdc8f25db4a0d7359fdae7b0,relogios_presentes,50,835,5,250,16,2,11
060f71666a632ac169814c0f1d715571,cine_foto,60,2069,1,150,16,8,11
0615dcf981da53a5ca8777cd6a80361b,casa_construcao,56,922,7,1050,16,20,16
0617fc134ca8e00687023ad84d2358cc,informatica_acessorios,48,2369,6,200,16,16,16
061885af8dbda5739d592a153655e574,automotivo,55,282,1,850,28,15,22
061b1614b0e2a54bb06f23af8308b55d,telefonia,60,625,3,350,17,4,12
061b4ab52739c3c14397c29df80c597a,eletrodomesticos,59,141,1,300,27,13,17
061c050147b7b9fb6f088593900e8dc6,fashion_bolsas_e_acessorios,48,150,2,400,16,5,16
061fa9845070ffff2d23e8e10bdf8edc,moveis_decoracao,63,516,2,700,80,10,60
062364f1fb1943481de879618fc37cdb,beleza_saude,29,1412,1,1225,19,23,16
062597771ee91356ea34084f28c03a4b,fashion_bolsas_e_acessorios,54,1399,1,300,16,2,11
062619359d5f9a664606cb2a6ccb477a,beleza_saude,64,1394,1,2000,20,20,20
062907032db5e0c065bab136233a9544,cama_mesa_banho,52,544,1,606,30,9,28
062c203528884afcf5ab3bcd04593f51,moveis_decoracao,43,140,1,1500,25,20,35
062d69b626c072fa369799d0018c95d7,relogios_presentes,48,345,4,6750,46,20,44
062e425d963f3eac04709162c3ce6782,fashion_calcados,58,404,4,450,25,15,35
0630f740d3f05c50f85d7dd7cffc60a3,construcao_ferramentas_jardim,49,414,1,250,17,7,12
06324724a73c341e0826729d63a8d5bc,moveis_decoracao,58,2070,1,1950,69,11,11
06353656886de747a549351f1ec7fa9b,alimentos_bebidas,44,664,1,650,16,10,11
063595b8c2acd495d650be922916fbff,moveis_decoracao,63,744,9,1600,30,21,28
06398d4e8885390c99322d5e4aedcc16,moveis_escritorio,47,2115,1,15700,58,28,58
063c331b19ce7f951a2abb159e30386a,cama_mesa_banho,50,216,2,1100,33,12,24
063d6951f9aa6a9c2122a9492480d9ef,moveis_decoracao,60,1141,4,1200,60,22,16
063d853b6d570a9a5d06e8e044658c21,esporte_lazer,63,1777,10,900,22,15,20
063d96e7b9190a8da0b8920906578383,moveis_decoracao,30,592,2,18800,52,36,60
063daeb82f41e36a160549515ef28e75,cama_mesa_banho,56,255,1,1975,43,10,33
0640a217fe729c5b8f61fd475f1fc22c,telefonia,60,786,5,350,17,4,12
06435c7fcaee30b55bdd89feb2ec9be7,moveis_decoracao,63,525,2,350,80,10,60
0645a55c7e265509606125e11b6fa2f0,moveis_decoracao,58,554,2,483,47,6,34
0645b477d9a79945e55ec6be1605b5a0,brinquedos,13,452,2,1200,40,28,28
064767e05dd710b14c4bf5f2d50c89b8,pet_shop,47,84,6,1000,20,25,16
06484143f7046fc1c2ec000aba13e28a,esporte_lazer,38,912,1,900,16,20,20
0649f548e3fa70d40eb8fd98ecfe6322,telefonia,30,355,1,50,19,3,11
064a939bcd597315cfda6c98ede1b4c3,informatica_acessorios,51,842,1,200,16,5,11
064c975d37d3c646bd94d94c6e16f37e,utilidades_domesticas,40,74,1,200,38,21,14
064d09b1de34c17dbacfa4096f79f256,ferramentas_jardim,55,992,1,400,16,7,16
064f1ab0fbfe1fffb87fbf1acb5d4af7,cama_mesa_banho,56,188,1,1800,46,3,34
0654d3c1e3efc7e7cd9dbde9cb743df2,ferramentas_jardim,52,368,2,700,20,18,19
065554bfe0244b9f5f6414f332106a21,flores,46,145,1,800,30,15,20
0657f64d203d600602279807d6cb1dd8,beleza_saude,38,554,1,1600,35,11,17
065855099f5c20755e412cd48702d996,beleza_saude,36,1290,1,900,16,12,15
065a46b0be3f31498ebdd3f4c668a6b6,fashion_bolsas_e_acessorios,53,1359,1,200,16,2,11
065bb8f275e61de958ffcaf0eebb1791,bebes,49,375,6,200,29,7,16
065ced48dd97c1b3322fab19e5844542,bebes,53,958,1,450,20,15,15
06600341855ab457458de92175df8bf9,moveis_decoracao,50,620,1,1050,30,35,30
06601c3059e35a3bf65e72f2fd2ac626,alimentos,60,523,4,750,28,11,13
0660211440ed1391f5375fbaa39443b7,esporte_lazer,58,2497,1,1600,31,33,32
06605f576f31279bada4552051c88fa8,beleza_saude,54,1378,1,100,19,5,13
0661920a7a5f19746f501d1190888270,moveis_escritorio,47,2164,1,15300,58,28,56
066313d5479246299d9c2a117f55d0a3,fashion_underwear_e_moda_praia,33,1107,2,300,22,10,15
0663a33c86fed5322e603ef430775b7b,papelaria,56,99,4,800,25,60,35
06649da52cbfbb4e9b6cfc332d56c119,eletrodomesticos,47,353,2,600,70,5,11
0667b4afff64a57f01669f9af9ce685e,perfumaria,41,446,2,450,16,11,11
0668cf65b55579eb49c9f2d167c71dad,beleza_saude,59,1204,1,500,16,16,16
066bbc3a1363adc4d73e093aefd9363a,informatica_acessorios,54,1374,3,1900,26,10,20
066cc58255ee9ccb3e6da9d3edd02a7e,moveis_decoracao,24,234,1,850,16,14,15
06731ce59716357095ed1a25850320b8,moveis_cozinha_area_de_servico_jantar_e_jardim,37,694,4,1700,100,3,60
0673601d65d060a5c4b5652cc18e3db8,automotivo,54,257,2,837,18,19,24
0678913581818c6056713a9b02f5ceef,automotivo,58,1934,2,250,19,19,14
067a7177d086c25f597516184a07f05a,climatizacao,54,886,1,3800,53,21,36
067c68a19be5d218b092cf260bfbd9cb,perfumaria,46,359,1,440,19,13,21
067e1aaf685cc3da73e97a0abf22561c,brinquedos,50,854,1,200,16,17,11
067e6da1c75010f933e68b76efb2273f,utilidades_domesticas,58,451,4,8575,33,48,38
067f55bc1dd1107c9be607b643d433b3,automotivo,27,490,1,550,20,10,15
06820914dffb81de2d15a50e693259ba,utilidades_domesticas,45,486,1,400,35,11,20
0687ef6a91e16db4955fecac89ad73cd,fashion_bolsas_e_acessorios,16,132,2,50,17,4,13
068831628652b27ae554b8a66ca6adcf,moveis_decoracao,57,499,3,5400,34,50,34
0688d52e92d927814617e26d7702df10,perfumaria,30,238,2,133,21,12,19
068a754dc2d079d7bcd6f254b9a978e2,livros_interesse_geral,38,1348,1,600,24,3,17
068b5d27e848424be23fec630a415021,moveis_decoracao,60,458,1,900,30,4,20
068ceaa8a3d9d385cbf53d5335f89f80,utilidades_domesticas,42,395,1,1200,27,18,23
068ee5d8c45732d9731fde32b47594df,moveis_decoracao,59,624,2,417,47,4,35
0693bcecfea57f2ad547d1ff56c7d9ea,cama_mesa_banho,46,400,1,1000,35,5,20
06944e4b10483df8e37fe55990a0ba15,utilidades_domesticas,55,1776,1,550,42,11,23
06976617d8c5e71de4f3c2d93e788fd5,malas_acessorios,57,444,1,1200,32,10,45
0698b5407c0c472d66ff54f57f144812,musica,47,88,1,250,30,11,21
069a004edf898d16c9331bafd6ac7f46,moveis_decoracao,28,929,4,950,25,25,25
069b1293b22c9d000af947225ce14791,malas_acessorios,59,271,3,20500,60,40,40
06a2ab007679c70b21a1123749c09719,musica,36,600,1,200,22,4,16
06a47d0ecd4561565deab3dfd7d3c0ff,esporte_lazer,60,592,2,400,30,20,20
06a63a471d8a08878526b37a1baa66a5,perfumaria,48,1263,3,700,16,16,16
06a69e6ca81fc5f8b7b2887f974c6687,esporte_lazer,35,459,5,750,23,30,30
06a7a571bc9fbb103a9c2eb90f89432c,moveis_decoracao,36,1426,1,150,16,2,11
06a83883ffd4aef6c74413f718761d94,automotivo,55,1277,1,1050,26,40,20
06aad8525aef9517e71a080aa973de58,moveis_decoracao,60,197,11,1600,31,11,26
06ab916413a6a9c4813408f7a72fd953,beleza_saude,39,1803,1,365,20,11,15
06abf4be826ed1d548e8a22a3d75d912,beleza_saude,59,1811,6,5250,56,17,40
06acd3480e6a1afb023ad0eb8cdeecca,utilidades_domesticas,32,374,1,500,26,22,21
06ad93d66e91d09df5ce746906d9658b,cama_mesa_banho,52,289,1,3250,36,10,35
06ae026e430189633c2fbd0288c86257,relogios_presentes,36,562,1,450,22,14,17
06afd0d01616e40441e7f743cdc03a2e,automotivo,60,2826,4,320,21,7,14
06b0745ce2aca5382b0509425b8a5ae0,ferramentas_jardim,54,654,2,8350,36,46,36
06b3565e07ddba55a46439bb0035af89,beleza_saude,58,1926,1,2500,35,15,15
06b3951f1930297079eeae756ce88cf8,ferramentas_jardim,35,221,1,500,16,33,13
06b4fb6f7d3ef030f7906bb13dde0728,bebidas,39,394,1,1550,16,36,16
06b55f15e3505bd276acabbb4d3633f5,cama_mesa_banho,49,155,4,96,25,8,19
06b68710c4befc588c863ea38c7e4145,moveis_decoracao,52,1950,3,2600,65,5,45
06b6d4805b3659e45575c03e57cef6fb,fashion_bolsas_e_acessorios,29,204,1,100,21,9,14
06bb6e704f99920f51dbbb0559187d98,cool_stuff,56,865,1,700,21,18,23
06bc992f73d96cb1ada2073554130d45,automotivo,39,766,1,1133,17,11,13
06be2efbc5799c9e578d3f6dd205b569,brinquedos,34,465,1,200,18,11,13
06bf70b6e1d67d96308235ef350edc61,brinquedos,48,284,2,950,105,10,11
06bfe79d999bcce96f9ebfc74280d1d7,cama_mesa_banho,55,273,1,250,30,5,15
06c38a87544301cba8b0fb5a0796383d,brinquedos,45,553,5,2300,98,12,20
06c42344256e5a78e6bf38e92b1f1563,eletrodomesticos,53,209,1,200,18,8,13
06c6e01186af8b98ee1fc9e01f9471e9,informatica_acessorios,53,144,2,200,25,5,15
06c76e2e852ec1ce0e14ca8f221f361f,consoles_games,53,149,1,100,20,3,15
06c950c36d589b39b34f5dc1d4a75e29,beleza_saude,53,885,4,667,30,14,16
06cd420a1b028388e0bf1f78daf20411,ferramentas_jardim,36,844,1,2850,22,15,14
06cdc7832ac572e307bdacf9ba9f66a9,dvds_blu_ray,48,899,1,150,20,2,14
06ce9c3e61c7a07f872f8317a7dc534d,beleza_saude,42,3887,1,100,16,8,11
06cef71c232a9f86d77f004878df253c,beleza_saude,45,1614,2,900,20,33,16
06d156ad29691bb65b80a6bf398db4fc,esporte_lazer,60,576,5,2700,80,12,22
06d7bbea1c245835d64a183587a3775c,sinalizacao_e_seguranca,34,409,1,1000,66,5,30
06db40df51cce7cf21aaf53f8f8be312,esporte_lazer,63,556,2,300,20,6,13
06dce482ace017e78349b6f1fa83a022,cama_mesa_banho,44,452,1,550,30,3,19
06ddfdf210c7e0259854ee543215088d,,,,,100,16,3,11
06de2a2e4731091ff794ab6240951b7d,cama_mesa_banho,44,470,1,2560,16,2,11
06e73ddcb54620a36bfdb2e073c4dc40,fashion_bolsas_e_acessorios,48,357,5,150,16,9,11
06e8f81c88ce9a6b0dd0d279769f9f68,cool_stuff,55,1009,1,1300,42,25,15
06e95441ade9262a325f6d5c1561cbb4,casa_construcao,51,864,6,750,16,18,16
06ead9c0b05b368667d858c09148af03,consoles_games,41,235,1,467,23,11,18
06ecc3d4006ad6eb293a1b93ec3c7183,moveis_decoracao,59,903,1,750,22,22,11
06edb72f1e0c64b14c5b79353f7abea3,cama_mesa_banho,39,161,2,350,25,8,19
06ef141d37f22c5742e445504b5805a7,audio,52,929,3,250,16,2,22
06ef35250cfb02d1c3d193890b63dc8f,moveis_cozinha_area_de_servico_jantar_e_jardim,35,355,1,2800,33,20,15
06ef4c984af8c13ff17e30f46d97b489,informatica_acessorios,59,425,4,100,17,4,14
06ef9525b604908b6ef27fa630b4f22f,eletrodomesticos,60,192,1,1800,66,7,38
06efa56b8557e1efcb2c107f55d1a8dd,ferramentas_jardim,60,481,4,600,19,7,14
06f0e85c7892d5df893f332706340af1,papelaria,57,301,3,9850,30,19,60
06f18114503e7543d81252fd61a53df8,utilidades_domesticas,35,2816,1,1250,22,24,24
06f2166336faca73c644b11eaca22d06,informatica_acessorios,60,635,1,600,16,13,13
06f24f9b9f5892496a4db38e42a6acc7,utilidades_domesticas,56,655,4,1050,24,32,24
06f442515f5159d999a684dfdb881917,pet_shop,24,513,6,10900,50,30,40
06f4fde9ce07b3d2bfab78494343c5da,informatica_acessorios,53,488,1,200,18,9,16
06f756df8d80309915285f3ee6ea1059,malas_acessorios,45,1333,4,700,16,40,40
06f85533c1d65036e055ed561d0b1a2e,automotivo,58,1154,1,650,20,20,15
06f89d2b2a8b4994e56366402feacba9,consoles_games,58,1811,4,750,16,8,11
06fb87866499b0e65992b2d88aca8282,relogios_presentes,49,666,2,700,17,13,13
06fe3302412088c32997cf915fced4da,beleza_saude,39,666,1,825,18,9,12
0701bc9fbbb6612a2e7427a3e7ddbf6e,eletronicos,54,312,1,300,24,11,16
0705b33fb285827a578fce4899f1b921,esporte_lazer,35,650,1,400,95,6,47
0707319aaf1dd0612c0004f6cff320f0,automotivo,56,359,1,6200,60,30,40
0708f901aa249af77d79c3d14328b3fd,moveis_decoracao,53,676,4,15800,50,40,50
070d4b13c8ef5cc3d81259789b3bd973,cama_mesa_banho,59,111,1,2200,55,15,35
07133eebda0768a2ad3d68ef4d95b597,brinquedos,46,807,3,1063,31,26,35
07145f317bd27c212bbc49377b3940dd,cama_mesa_banho,57,134,4,400,20,10,30
071930404657f7cd416f75bd063a9d4b,informatica_acessorios,58,1313,4,4300,26,2,38
071b5dd29feece041c356d172474b113,cine_foto,51,905,3,650,45,12,12
071b6fda0410cc12642f1083210f6703,utilidades_domesticas,29,594,1,1400,20,26,20
071b82cad6de748755bb587ff3feec2e,cool_stuff,60,797,2,4700,42,25,15
071d40163502c7a04c4b49983787485c,moveis_decoracao,47,503,2,1500,42,8,32
071e6d5971d28c9cbbf618b5123f8284,moveis_decoracao,57,1981,3,6100,80,4,55
071f9a2b7591f2e8a2a59a50ecc5a297,bebes,59,224,2,7150,75,15,50
071feff570bbf61f1721e181435ebf0f,telefonia,60,1401,4,340,22,13,16
07212eaf1754d46acd245fe7346b8d41,ferramentas_jardim,58,514,2,400,40,10,20
0721efe2bcae3223969332d77f0182bc,telefonia,55,2139,2,421,23,14,17
072346978ec57ef87579ba2cea7c7030,relogios_presentes,58,846,3,275,15,19,16
0723afa6f9a5a11c512396db0bb03051,papelaria,54,391,2,475,40,35,26
0727e18d559a15ca5b2b9f76274d19ec,eletronicos,31,335,1,125,22,11,16
0728762c24ff18a068967202e803eb07,bebidas,51,2853,1,1300,24,24,24
072beb18e7e338f786c4984843463ea9,beleza_saude,52,1877,1,325,16,16,16
07313d7b1ca6dbf3885412a763b626c5,informatica_acessorios,28,690,1,100,16,2,11
0736b2e56f06e14d3aa1bef54de26052,telefonia,33,367,3,75,19,3,11
073a5dfc26cb33ef440b2e0aa29343a8,utilidades_domesticas,50,1263,4,300,19,12,12
073af5ae737ac55290eb733f67317242,automotivo,55,89,1,700,26,8,14
073afdaeb2d71d4da3ce0c6935614289,cama_mesa_banho,49,385,2,900,30,10,20
073b807aaf20e2382efc8ddc07bf7a5b,esporte_lazer,54,1394,2,7700,59,38,42
073ec95c6cd3b2db5d9dc430dcb524a6,informatica_acessorios,57,149,3,400,16,8,11
073ed404e3aec5b0a486334c05ee2fe9,relogios_presentes,35,535,1,458,18,11,14
073f139ce5bceceb73c9f287e2540eb3,moveis_decoracao,49,505,4,1050,30,20,30
074112f674682b5e218463ce1732945b,brinquedos,52,1314,4,9450,89,53,12
07451cd3b4079198af66b134853aee75,cama_mesa_banho,55,484,2,6000,50,20,40
0745c4686dc8b30d30a5546c781d1e96,artes,44,135,1,900,70,6,11
0748257f14bc904fad9f67fffa335483,moveis_decoracao,57,2064,4,5700,85,10,40
0748ca850e6e0ac086799ba43d270d3b,automotivo,53,575,5,3100,21,21,21
074e1b1543a03e2e546cee9b388cdf25,fashion_bolsas_e_acessorios,35,815,1,150,16,5,16
074fbdce1ed974986a2d2c9660b9eefb,esporte_lazer,48,324,1,2100,30,20,45
0751d46ff778c72973f67da627093303,relogios_presentes,57,623,2,317,18,13,14
07544775a63940d28bbc20d835ddd781,automotivo,39,840,1,3850,45,20,45
07591f80309eb6393c6af043b234cb83,moveis_escritorio,42,2230,1,16650,58,28,58
075b253cd6c59b821c1dab51c1ae56b9,ferramentas_jardim,53,768,1,350,20,5,20
076743539f8476d5c8a1e4e7b62ffc26,moveis_decoracao,57,108,11,3000,40,8,35
07675856c4bfe13a38ddb23da5c3b176,relogios_presentes,34,513,3,500,38,12,38
0768657d39e02ff11e1a30708e010588,telefonia_fixa,47,246,2,200,16,2,11
0768c4dc73c777a620b38c1da390ae8e,eletroportateis,42,93,1,2800,26,25,35
07691def223b4568e8ecb5a5b30574b1,telefonia,58,1568,1,150,18,6,20
076a6117fb6e62d15ef45ad6be8ddb1c,cama_mesa_banho,51,373,1,1754,44,14,33
076e36bd0e2aebb35184d08c8e0f032b,utilidades_domesticas,44,154,1,1950,30,20,20
076e4ce53c8914382e7ff3732511b17e,beleza_saude,22,363,2,633,26,9,22
077319a417872fe55c94c3883610b874,esporte_lazer,47,979,2,6600,90,20,25
07755a0056db849613241c6d91eaf45f,relogios_presentes,56,470,2,832,21,12,15
077599a82ee54960bc4f4c941b0d1359,beleza_saude,53,1140,3,1600,18,8,20
0776155007ad20447a0b0f91d4aad644,alimentos_bebidas,42,2263,6,1000,28,13,13
07778ad3984dfbcc6b9dfd8b8595ba7b,utilidades_domesticas,37,679,3,400,20,28,18
07797d4315ce5c1570e0a484472e04b5,moveis_decoracao,32,303,1,2300,37,30,20
077c1ba3f2e5e4145faf0a12f35ec1d5,automotivo,60,812,4,1050,30,30,30
077ff5297832d1a1c3d5be55b8152fa8,fashion_bolsas_e_acessorios,63,328,4,200,16,5,20
0780ab4d63c3fa0b95d7f17f66a3444c,informatica_acessorios,59,393,1,1000,30,6,16
07810038e53a9f409577581bae23fa1a,informatica_acessorios,53,177,5,150,16,3,17
0781ed724941f4eaafbd9e6c5a20be49,cama_mesa_banho,52,183,2,600,70,10,40
07821918ef487fd64eb20b3c8aeb897f,informatica_acessorios,52,1873,1,267,16,16,16
078482c5821678267aeb55b8edcdcb29,market_place,36,1339,1,250,19,14,16
0786b87f44a44896ee0a59373edfcc50,utilidades_domesticas,49,397,1,3500,40,32,40
07883aa96515a898e1b9ddf0537a1b56,moveis_decoracao,63,1817,2,300,16,2,11
078a6c96f58d2261cc4241dc9907b143,informatica_acessorios,48,1329,3,533,25,3,12
078b7149a32b479d3cbf1649fea0172c,livros_importados,57,3694,1,300,16,14,16
078be1a14d008274672847d880f0bfd5,fashion_bolsas_e_acessorios,44,110,4,375,17,4,13
078cd7c7e05802e62f12b568aa50ed9a,brinquedos,39,238,3,700,30,5,30
078cec63541a67851b9057468288f722,utilidades_domesticas,15,332,4,200,16,20,16
078e8db43688ea060cf754e7bd2b92e7,cama_mesa_banho,46,252,1,475,65,4,45
078faa63eb55a5055713e141f098624c,automotivo,57,597,2,1100,60,8,33
079189201e6c6f0b0f70d118fff53fd5,beleza_saude,36,1331,2,450,20,6,13
0795fbcdc1ae9c0d7106b8018ad341a8,utilidades_domesticas,38,466,1,300,16,17,12
0797e47ffb3917b66fa62245a283bd9e,moveis_decoracao,55,1108,1,2000,28,38,11
0798196b28c04c8e543322896c882902,informatica_acessorios,60,527,1,450,17,2,17
0799c9e16e4079d23e53f91ccdf0d8bf,utilidades_domesticas,55,265,1,515,17,14,19
079b4f19f1705ffc39bdceabfa7fe7ad,automotivo,42,225,1,2550,37,28,27
079f8274f5cca61e595fc11c5fd3aa2f,automotivo,60,1119,2,550,16,5,11
07a0953e98e93b89605297afa2d62c12,fashion_bolsas_e_acessorios,40,975,6,50,18,18,12
07a2b4290dce4edc619005d1a6348439,fashion_bolsas_e_acessorios,57,457,2,500,16,5,30
07a446d7cf0e22333d2032294c408cca,papelaria,58,895,1,11650,45,25,45
07a5b461cd248343de7826334c5a03aa,esporte_lazer,39,637,3,600,40,10,11
07a5fb04bc32fff7f9bb683e5dac80ab,beleza_saude,57,1671,1,350,28,24,11
07a6879526099e7f3483481e5bd60b77,esporte_lazer,45,235,2,3000,60,15,15
07a6e4e1f838d9d39277d13c9b411dc4,fashion_bolsas_e_acessorios,50,729,6,100,16,9,11
07a949f27854f64558f8babcfec441cc,cama_mesa_banho,58,254,1,2800,40,20,40
07aa6a21d16be9ac95fbff7ab3ed81e9,automotivo,53,960,1,2200,50,10,50
07abca077ba83f4feab7d89db0b74df1,cama_mesa_banho,56,345,1,20850,50,50,50
07acd9ac393e5b30aded00de63d80e14,esporte_lazer,37,388,4,400,23,11,15
07ae32b18ffbde7c6c928721e8b956fb,esporte_lazer,28,315,1,3200,80,12,25
07b11fd090e8a63b2dcbb19a21d11323,eletroportateis,52,274,2,250,20,20,20
07b6a220c2eaa7e458c5df73daec6e6e,ferramentas_jardim,29,318,1,4600,45,13,34
07b6a3b7bd0e9c54119f7c679edccca4,relogios_presentes,47,511,1,400,16,11,11
07b90e3c7e287977b2e8cd54a98ddb89,ferramentas_jardim,45,821,2,500,20,20,20
07bb371fdfa423305dd7e7d94cf36565,alimentos_bebidas,41,342,1,250,16,2,12
07bcd890d449e493b4ec23d05a9e40ee,esporte_lazer,34,237,3,800,30,15,20
07bec813a5d182362436950e43ae1a8f,esporte_lazer,50,529,2,150,20,4,12
07c055536ebf10dfbb6c6db6dbfc36e5,moveis_decoracao,59,473,1,600,30,3,20
07c410d85cf66a03da15b92f2d03d583,automotivo,59,586,2,825,60,8,33
07c892834f576948885b91255a310002,cama_mesa_banho,46,383,1,1200,37,9,30
07d145a7ffd47e821d4e7cbd3697a102,cool_stuff,46,622,3,400,32,19,39
07d56eb519d315a2d8fb2f98f095e6bf,fashion_bolsas_e_acessorios,56,1447,1,200,16,2,11
07d78aaf21af9a0d738b9da323e3571d,automotivo,59,685,1,7200,71,9,71
07dbfabaa4709da14c7e58ca17fe7998,esporte_lazer,46,867,1,2250,28,28,28
07dc749f37490643099305c4df823727,telefonia,50,194,1,100,16,2,15
07e00c385280d659de8eb0254b75ecdd,utilidades_domesticas,57,190,1,350,33,7,15
07e1dae59ffce9e47d0f529361d492f6,utilidades_domesticas,58,706,2,14900,45,75,29
07ecfc5bd0d3ca496facedede13afb80,relogios_presentes,50,389,3,740,18,12,15
07f01b6fcacc1b187a71e5074199db2d,agro_industria_e_comercio,39,430,1,16400,63,66,56
07f2e8872fd2d0e17780989da6c06362,malas_acessorios,43,727,1,800,19,49,34
07f381c65e8e66460c07781b9b1b8834,moveis_escritorio,45,1156,2,17050,63,62,24
07f40f14df320969f0bb8cfc5cff5d3b,fashion_bolsas_e_acessorios,35,147,2,100,16,6,11
07f7c5fe95aa4a3b8ea56a5119546939,beleza_saude,54,453,1,30000,55,75,61
07faa4b332434d6455398852452e2783,moveis_decoracao,30,459,1,350,16,28,16
07fd41c7a725529fe1213508557e0f4b,perfumaria,36,362,1,700,20,20,30
07fe9ffbb84b9d22610d79efb16e81a7,cool_stuff,29,234,1,50,23,15,15
07ffc018eaf23e086370dea42c74077b,construcao_ferramentas_jardim,55,2039,5,185,21,7,14
08056d78bb75ed3ace107c72c16ec511,cool_stuff,35,443,1,1011,24,23,22
08065cf579a61fed0a11f26426a30d6c,brinquedos,45,938,5,400,22,12,22
080a388eb2bd1051b01f6fc4ca659450,telefonia,51,536,1,100,21,8,14
080fb1adebef0352c017a153f2075443,moveis_decoracao,55,264,1,10150,35,40,35
081088b5ca67de215fa103434690cedc,consoles_games,47,3947,1,300,18,4,13
0812f763c5cf426afacf3538963ac829,perfumaria,49,1894,4,450,19,7,12
08138db6d5813afad8e1f1d01393145a,telefonia,28,466,1,200,19,6,15
081476f0ad46b45e23bbd0f3d1d4dd98,utilidades_domesticas,43,554,2,175,16,12,12
0816234aa8a9ed73333cc61afb578bd1,malas_acessorios,41,940,3,550,16,30,20
081c9dacbe5aed5910bef759117070a5,moveis_decoracao,63,693,1,450,45,15,35
081cac4fc215928a462eb2c06a14dffe,eletrodomesticos,50,718,3,150,16,8,16
081d21aa3dc9b583104a15fc4dfd1160,cama_mesa_banho,54,289,1,2150,35,9,33
081dc33e4b9964d2ffe752a977a29998,eletrodomesticos,48,523,1,50,27,13,17
081ecfd29d91be2327fbd9c03d2f33de,automotivo,59,2905,3,4400,25,20,20
08208bc1d6a06c114cb662f3b2c95e05,construcao_ferramentas_seguranca,33,219,1,400,20,5,20
0820af09ddc75b84841b1fab4da4be9b,eletrodomesticos,60,462,1,100,18,8,13
082175ee534338e4fd967076a6f848e5,eletrodomesticos,56,175,3,100,27,13,17
08279c494018541f71443c07d77560f8,utilidades_domesticas,48,688,2,3150,43,27,27
0829c25b4a3efca7651f07cd4b8e05bc,informatica_acessorios,52,983,5,100,16,4,14
082c3f21a0fc7a07cd303552d8b6ddae,utilidades_domesticas,40,269,2,13900,42,44,43
0830788ce2a21bb3aacbd956403f7851,esporte_lazer,49,443,1,1450,49,12,27
083178fd17a5d863811733e46fc529ef,esporte_lazer,38,256,3,450,25,25,25
0836db91ee8fd88d685b5a57bed9ede0,,,,,6600,57,12,37
08370229eb4e5ce898bf2348a356b7b2,eletronicos,57,2143,3,675,23,8,19
083b8b5ce2d02b7d5d4e1ceab8b7ed04,construcao_ferramentas_jardim,53,685,1,1075,24,29,22
083d6108def7421be9778dd0ecd11fa6,instrumentos_musicais,58,952,1,2000,35,10,82
083e8ca099c4307911ac90d162896350,automotivo,47,790,2,300,16,5,11
083ea24cbab9f8f572fc21a8f63fb282,fashion_bolsas_e_acessorios,49,459,5,150,16,9,11
083ffd30820b592e294de7ed668ff975,informatica_acessorios,49,944,3,300,23,8,19
08401f48b67a852d06105725c3013eff,brinquedos,58,739,5,350,28,10,12
08418a3bc628e92c012281010957e259,papelaria,43,598,3,9250,64,15,51
084217a15ddf5366ce6bd914570ae8fb,bebes,55,1000,7,6050,45,20,40
084461b396a7e044af9229534fa03b51,informatica_acessorios,63,601,5,1200,46,36,11
08462528607b71ea62cbc019d91b001e,beleza_saude,31,591,2,650,16,10,11
084b2ab1a0a79a9757008062ddf8b042,esporte_lazer,49,568,1,200,26,14,14
084e67a8fc02c8ac030154244701f1c5,cama_mesa_banho,52,346,1,400,16,10,16
08528915e9c75fe961048c13928b527f,moveis_decoracao,39,211,3,500,40,11,35
08545faed0310009ebba7ba4537c2727,eletrodomesticos,59,1700,2,3900,32,37,22
085481a1b9ec9eaa346ae0a39bd3c340,moveis_decoracao,58,297,1,5070,56,38,48
08567cdf24fd261914bbb7a2b1b9a2f2,livros_interesse_geral,25,965,1,450,23,2,16
0856c40d9a18fc6aa8bb4be6a092f95b,cama_mesa_banho,57,399,1,10965,52,24,52
08574b074924071f4e201e151b152b4e,ferramentas_jardim,36,450,1,9000,42,12,39
085860688be9891f26e36a6ebc27cf6d,pet_shop,42,536,5,1400,50,30,40
0858dd15ff82c48e17418361856c094c,papelaria,50,85,1,100,16,5,16
085f9fe187c082982f23152f97f4e0c0,cama_mesa_banho,58,304,2,1900,45,15,35
086351823300e0339f6955b27998c186,cama_mesa_banho,49,189,1,3305,65,12,45
08662925c8120f25e41279a5527a005e,informatica_acessorios,56,676,2,750,28,22,16
08667ce2730ce3fb20f04fe7bff92c0b,consoles_games,27,2448,4,225,17,6,15
086963be71b4f60fd2b27465c5a1fe7d,eletrodomesticos,58,1048,4,3600,30,11,55
086d5564c102e81c6f215639d9d1e09e,construcao_ferramentas_construcao,55,456,1,150,20,3,20
086eff5dac22ac2fe1fed28bba4fa646,consoles_games,46,1594,3,1000,20,30,20
086f97beca2bb06567d542af191fa7a9,,,,,150,16,2,20
08713ad044290890b1373e1bedc8464c,beleza_saude,54,221,1,200,18,13,16
0872c05ce884daf60d1459165ba1c4da,moveis_decoracao,59,413,3,16350,55,40,40
08732e5164f3bd37bb941e5ae9710e6e,perfumaria,36,631,1,570,19,15,17
0874407d58fad5ce1eecc2f372fc8dbd,cama_mesa_banho,51,204,1,2950,40,13,43
0878701fe7102eb1ba7f0f00229b7944,esporte_lazer,44,312,2,950,17,5,14
0878b8484ae10e2ef355fac0690fabe7,bebes,48,224,2,8050,75,15,50
0880a2d2c259afd46c7cca654697cdcd,beleza_saude,58,1662,4,2400,16,16,16
088124974c3274514e06de4c312fcd3d,cama_mesa_banho,44,310,3,1900,35,20,25
08820f7bf5d0df4247c9f790f94f376c,informatica_acessorios,59,375,1,850,32,16,16
08834f7365a6bc07d7049b7f4e95f8e8,utilidades_domesticas,56,262,4,2425,26,26,21
0884a967f6a45838a8fa6cec1c74cf2f,cama_mesa_banho,58,373,3,600,28,6,23
08857690e7a14a21b4441f8ee2bcaa14,informatica_acessorios,56,2680,4,150,16,16,16
0885f25e5b69df855382efbb7308b8d2,pet_shop,60,993,3,750,20,6,15
0887a4b7b87c4f53d81db7c95de4a6c3,brinquedos,41,1367,4,1800,22,34,40
088c192c21da02dcb908f931d0fe324a,fashion_bolsas_e_acessorios,63,464,4,150,16,5,20
0891f8ac9e3d7252ec5c162da0b0b86c,utilidades_domesticas,55,309,2,500,16,10,12
08922ac36480e00c6972216735d44693,relogios_presentes,55,184,6,300,16,2,11
089245791e0895da94a8791bd68a2085,automotivo,57,176,4,150,20,20,20
089447f48055194b36dd135e1a353cff,automotivo,58,430,1,1050,34,10,34
089526cae28a7fd487bfb3bab161d701,informatica_acessorios,44,433,1,200,17,8,11
08958eb11767450566d8328f3f1b63b0,utilidades_domesticas,53,616,7,850,16,20,30
0896208dd8490b3dbb75344a92ab4106,cama_mesa_banho,56,1023,1,1350,36,20,36
089a01980b4c58c4183de3b75bd42363,cool_stuff,41,2428,4,2650,36,14,30
089ac5f8835b1cacc1481b4c7cbdb503,cama_mesa_banho,48,288,2,17100,56,38,48
089b1d17658cb1e2c7a4f9f77856020e,telefonia,58,497,5,500,21,6,13
089cc17c8bf2226d13648392e33dabd7,informatica_acessorios,32,999,3,225,17,5,20
089fba163d4210200710ea1103a736d4,casa_construcao,59,1071,4,150,16,11,11
08a02dac474e64a14808f8078407eff2,cama_mesa_banho,56,581,2,4850,43,15,33
08a1cab088839a625f5e2b0c85abcff5,automotivo,57,703,6,6200,47,19,23
08a20557431a9fcad3a08aed08811e14,pet_shop,55,2378,2,750,30,15,15
08a58baf17f52ea9cfb3dffdfda0595b,beleza_saude,56,2004,1,2000,30,12,16
08a58dc963320d6073623382b9ceb920,informatica_acessorios,56,2590,5,400,17,7,13
08a59a7c557b1b8d49e5029a337d83fd,,,,,400,28,6,27
08a5cbbd7adc85e1074b03fceaca34ee,construcao_ferramentas_construcao,55,569,5,250,20,10,15
08a60a2b8d7362c5da1b6bc61f7d1191,instrumentos_musicais,57,999,10,5400,50,17,38
08a69b44d48364041d3bc2c74c8600aa,moveis_decoracao,39,42,1,900,25,15,15
08a7edee09bde7cfc9504bc369e64cb1,beleza_saude,52,637,1,917,28,16,20
08ac23cd333352eff43b210f6ebaaff4,moveis_decoracao,58,314,1,400,40,15,40
08adf4f96646dd795d6f472ff1a1ece4,automotivo,38,2304,4,250,16,6,15
08b2b99a87e01c87c200a459bb3f4bc7,beleza_saude,43,225,1,1100,27,9,14
08ba023e3ad57b10b6d5378ce3f22f9a,moveis_decoracao,22,592,1,1100,42,3,32
08ba0b9a5d17ce718c503eee72338e98,relogios_presentes,46,451,4,250,16,13,13
08bc541b873d8c1ecd4e6bdd1d287c97,automotivo,50,1145,3,500,16,5,11
08bcc2d85da3a9c0e2ac1cc28b67418d,livros_tecnicos,38,3543,1,350,23,2,16
08c1754fd6455e4c70a6521f4ed66819,utilidades_domesticas,53,689,1,3800,50,21,37
08c3e65af1719834cab72d27dc6b506b,bebes,59,867,2,10600,32,44,70
08c5039f843aa1a03854fb33b713ef37,cama_mesa_banho,58,229,1,500,44,11,14
08c5c3d471845327e913b52aded0caf3,artes_e_artesanato,34,155,1,250,16,7,11
08c63555bbee955cad9c6a9feab9e9d4,utilidades_domesticas,38,193,1,11350,43,35,34
08c816d9a716567bf436173ef6f5f12e,eletronicos,60,740,1,150,18,12,15
08ca55f13fdc7712bc93387c2f66e3a4,beleza_saude,57,2306,1,200,22,10,15
08d207a2357381d924df9b7cffbf2d22,relogios_presentes,59,1057,1,300,28,10,18
08d708da93f03eb686328dbb33bb731e,esporte_lazer,40,490,1,1000,22,12,22
08d76e49b8206d0cfb7456fe3aa7d3b4,moveis_decoracao,59,963,1,800,24,6,24
08d94d42353229701a47e7cd5362b450,casa_conforto,51,281,1,1600,45,15,35
08dc49f9b802f2e81c55f4b810bbf1f5,moveis_decoracao,53,532,1,400,60,7,11
08ddfb809affc027d1aec6d639969dbc,telefonia,60,2151,2,167,18,5,11
08e2111445e8c886145ce42fbe261085,utilidades_domesticas,44,426,1,750,20,20,20
08e2ebd22ce2347ede845d0f3b64270c,cama_mesa_banho,42,218,1,4900,40,4,30
08e3404b623856c35ed541708cf05915,beleza_saude,42,637,1,1233,27,21,15
08e9cbdf0ec7e3f5a265ebba500bcc73,moveis_decoracao,33,838,1,6700,51,63,34
08eada1514424f37cd0704a5f45c1e07,relogios_presentes,58,659,2,450,21,14,14
08edd1ffee7a3c812f5de54409d678fd,esporte_lazer,47,277,1,9000,50,30,20
08eee942c0bcf714dba09fc14206a0c9,cool_stuff,38,666,2,200,32,3,23
08ef02b6aae73ad3a385cf1342f609c7,cama_mesa_banho,27,423,1,250,16,12,11
08ef610bbd6b290c3811f95c354779a6,construcao_ferramentas_construcao,60,339,1,13600,36,8,36
08f457ff8eec8dfffecc0489179e7db5,construcao_ferramentas_construcao,60,3407,2,2300,16,11,11
08f69c9f1af250a8046c21b78a1ef52a,moveis_decoracao,58,1749,4,1200,65,3,45
08f7d5ada29287296d46f79ec4d397d5,beleza_saude,58,2398,1,3100,20,20,16
08fa0d50b027a64e8600e9c04759c825,esporte_lazer,58,231,2,700,40,25,30
08fb1fed44ecc852b3ab9363b00d1c03,telefonia,58,734,4,350,17,4,12
08fd8427101cb0428a663c2ae8f90aee,informatica_acessorios,58,1144,1,100,16,9,12
08fe42c83a91594fec4d1e11474200f3,beleza_saude,26,719,1,200,16,12,11
09003e51b4ca5793bfcdc42026abd63a,livros_tecnicos,29,1872,1,350,17,24,11
0900e9b18da6627157a7e47a8ac8fc08,relogios_presentes,56,179,3,200,16,2,20
09014e6cd3dd8882e42dcf4dd4f5e305,bebes,40,854,1,50,17,6,13
0901b25598b3ca109f48e16a52e2df1f,bebidas,55,969,3,3350,40,20,20
090481b27cff4d143f62be584cba5ed1,cama_mesa_banho,46,434,1,600,34,17,28
09061028f7ee991c6f2c294e19d344dd,fashion_bolsas_e_acessorios,50,549,5,1100,16,5,11
090621b8ea8b2c856067283a91b493e9,beleza_saude,60,1805,1,3600,25,25,25
0906585a53ae0d9e9d848e83b8f2ea88,fashion_roupa_feminina,27,405,3,1200,25,15,25
0906a34d45f9f37ebc1f2aa5ad4582c4,cama_mesa_banho,52,372,1,650,16,10,16
090820212dfd8022d676e480bed6a61d,,,,,250,16,4,11
090a47567475a8de67cdc10ac38d76bf,brinquedos,35,328,3,200,22,8,15
090ab1523d3fe5832c09a55b7195e32b,telefonia,41,391,2,117,18,6,12
090d6db6ad440d35cef0726b5a8bec14,utilidades_domesticas,19,97,1,7300,53,33,33
091107484dd7172f5dcfed173e4a960e,perfumaria,50,260,2,183,16,8,13
0915ff4c13dc62982f2a0a3ae788945c,cama_mesa_banho,28,1303,1,500,60,5,40
0918fd47e51e716ae8b6d2512866988d,beleza_saude,50,1257,1,300,19,12,13
091aa6199199f1ccbd272d06892322de,telefonia,54,896,4,150,19,4,11
091af6c2d579fe0926b4fcb8db07f78e,esporte_lazer,58,920,2,2350,20,20,20
091e1ab4eb3b6b2eab091cfd2cd002f2,industria_comercio_e_negocios,58,498,4,24950,104,25,35
0921c85f1ae48534995bff5348e3d9d7,esporte_lazer,21,548,1,1100,17,4,11
09258106f546b38b0f817fc3aadf650b,brinquedos,48,236,1,200,45,15,35
0926524e4f3783f1b0e35c09d5fe13cd,beleza_saude,49,2127,2,100,16,5,15
09278667a33779be5996a7df729db8ae,informatica_acessorios,45,3729,1,933,29,20,23
092be1e8336fc404c57bd5970d056886,alimentos,53,869,1,750,16,12,15
092efe1dbcc1a4752b17a19fb6de36dc,moveis_escritorio,33,1217,1,14925,53,54,18
092eff69a9499b052a2258f502ea0775,moveis_decoracao,52,485,2,500,35,8,35
09337f4d317bae01dfa96e6d368eafc4,,,,,800,38,10,16
0935f6cccc192ab670cdaa08c2b574d4,utilidades_domesticas,22,300,1,4220,48,52,38
09364ccfda8448d03ae4082f6044b16e,informatica_acessorios,56,924,1,200,16,10,16
093be8c4566a25d70e577faa3539d7d3,moveis_decoracao,55,2027,3,6700,90,4,50
093cd981b714bcdff182b427d87fc8fc,esporte_lazer,58,413,5,750,16,5,11
093f502d13b400c7acad57562017a149,cama_mesa_banho,53,2120,1,1700,30,23,11
093f7389fa2eccda5e86add8da4aa19e,cama_mesa_banho,40,718,1,2000,38,20,25
094102aa6f9acae48f92eec22c02180a,beleza_saude,41,1843,1,250,17,13,13
09461131e28a1b16536fe028eeea4c4a,ferramentas_jardim,58,2208,1,1650,31,9,19
094615cac200c0dc4620ae28485f81f5,fashion_bolsas_e_acessorios,28,74,5,200,16,2,11
09472f584cfc3f5c6aa0cc9fd52a6f34,telefonia,58,701,1,100,24,10,24
09481a6dfe9eb590dc8b265b54dc4c97,informatica_acessorios,60,240,1,2533,33,30,23
094af0a75d07c0dbdccaa23e88149673,esporte_lazer,27,106,1,6450,35,25,27
094d192d5b25e0bae4c3e2f970a53439,esporte_lazer,57,464,3,800,20,20,20
094db48c531e5ce423c4b908ea96535c,relogios_presentes,58,441,3,1700,31,5,31
094e4f4d501b5a6ec753b60a940b069b,esporte_lazer,47,1029,1,950,26,10,15
094efc8b088034585ebda1a32da7181d,brinquedos,36,496,1,600,40,20,29
094fbff68f8c7fd768277bcfa984b4e1,cool_stuff,41,364,1,600,32,4,29
0950783476d3f6529a03b28fcac219d1,utilidades_domesticas,51,601,1,1350,28,34,30
0954694623ffa5b84e7071c717efc3ca,papelaria,31,2614,2,500,17,28,11
0958d661bb9ffd798d3586f713585938,eletrodomesticos,57,149,1,2400,32,37,22
095cb863f2b04911455ad33f5177062e,livros_interesse_geral,48,1140,1,1000,16,24,16
095ccd4cb27e35ee43f12dd18fa26c04,moveis_decoracao,27,204,1,950,41,16,37
095fc85516c1210e6dbed95ed8041ee0,moveis_decoracao,19,229,1,1050,21,28,21
0963fc9330f54245d1aa396893591037,beleza_saude,63,855,1,600,16,16,15
09661a3f29765eeafd2f05d7ad22310f,instrumentos_musicais,59,504,6,6250,99,28,36
096793eddadb8067748a5a0ff98ac8fb,eletroportateis,52,360,2,2900,30,30,30
0968920dc8f4359a307bae3d69169e12,cama_mesa_banho,59,348,1,1800,45,15,35
09690382191f134e947200ccfe32f7c0,relogios_presentes,59,901,2,400,16,11,12
096ac2e8796def270994c7bd237491d3,esporte_lazer,56,376,3,300,20,15,18
096b00d9037146606b19d614cd67ab65,beleza_saude,56,406,4,100,16,5,11
096b3aa9d2c93af82434f196a713ad74,automotivo,53,366,1,5750,30,19,31
096d687ce8c7ae68039cce3f229b1d4c,pet_shop,35,1008,2,665,9,9,8
096e14458100c2b6d10f72d69f80cf34,brinquedos,49,1172,3,2750,26,42,38
09738baf9be60e4c294fa5d0bfcc690d,automotivo,40,355,1,150,22,3,15
0979deef723cf684a3aa7e4303f99fe3,papelaria,58,74,4,450,30,19,30
097ca319958c11c2425d2f111f860707,moveis_decoracao,58,184,2,8550,40,32,40
097ce3b5d4710b24d4a113b394ef2566,informatica_acessorios,48,411,1,242,22,15,15
097d5a4bed2be012b4e46e6f5ae0694b,beleza_saude,60,1162,1,833,16,12,18
0980718a7bdcf89f5848b202b6394965,beleza_saude,56,627,1,2000,37,30,24
0981ba54d8ddc68299f7c7a7d23bb2c9,cama_mesa_banho,47,1006,1,1150,40,8,32
0983cd4a5cabf1099659ce461511963c,beleza_saude,58,1307,1,350,35,16,20
0984eaa8480e41aded35bd7b5131a1c1,beleza_saude,58,540,1,30000,55,75,61
0988b623cb8fe96a92474a96b0573503,telefonia,54,1165,3,550,20,18,18
098c663630a7a81f7d7f42a2ce0b02d7,brinquedos,57,419,5,800,25,8,15
098c8d862a494bb5926e558a87687768,cool_stuff,54,940,1,2000,45,30,20
098d2dad07d012b54e469c5ba2cedbe7,cama_mesa_banho,55,289,1,4700,53,32,43
0992c6cba95a13bfa68ea7d5e22d478b,ferramentas_jardim,42,671,1,3850,29,12,24
0992e0d1ee0fefb9a73e3b1bb829f396,cama_mesa_banho,58,763,2,11850,50,40,43
09982590713913e225d3ce5ccb670688,bebes,58,1977,1,200,17,17,15
099e24c2e32a0cd384859e0ea1a59cfb,cine_foto,60,893,2,150,16,5,12
09a1f8a0ac3f2a9d3eed87339b7fd9d2,cama_mesa_banho,59,123,2,400,50,8,34
09a37f198e0277139a41558113e4ca9b,instrumentos_musicais,55,684,1,950,22,9,57
09a45646f91581af2d515ba02bc0ed94,brinquedos,39,130,1,425,35,14,24
09a9117d69aeb6275e4f3187bd2eb45c,fashion_bolsas_e_acessorios,57,284,3,100,16,6,11
09ab4881a3f3ec7ce2749c3023260358,automotivo,32,435,1,1075,39,6,26
09ae0abe65d1a5ad1cecdd9db6aa70d7,moveis_decoracao,56,296,3,1600,100,7,15
09ae715b435241d687067cb868b056a7,utilidades_domesticas,42,1182,1,15050,60,25,60
09b069a1846b0e666a398952c8ba1605,esporte_lazer,50,3129,1,350,18,8,14
09b0d15a8cc9a84e7af7e0225f67dc45,moveis_decoracao,52,252,1,1400,20,20,20
09b2a4f1ce3561a6562ffdccc0ca7c18,ferramentas_jardim,47,508,3,1150,25,20,25
09b4afd6ff5a26a1e7538df4bd04a8d2,construcao_ferramentas_construcao,58,510,7,8250,35,14,35
09b590ada623ecf66329917ea4731957,relogios_presentes,44,1396,2,214,17,11,13
09b72772aef83d207e149857fc22dbd3,papelaria,53,288,1,1500,20,50,40
09bdc9003e3b369d49feb3e300366074,fashion_roupa_masculina,28,572,2,800,45,10,35
09bf405af365a33db9915e95a433333a,utilidades_domesticas,59,436,3,800,43,18,16
09bff1287f903ed3e712f6595861db98,fashion_bolsas_e_acessorios,38,229,1,100,17,3,12
09c083c98ccb0062e23ddfa6f70adf13,cama_mesa_banho,53,669,1,600,30,12,23
09c2dde20d43a2b79ec17fa25a5ad6b6,pet_shop,55,703,1,1500,50,30,33
09c3a2ea33f044aebffecd6681e00133,moveis_decoracao,45,494,1,1150,35,23,35
09c3d39641970009c198caed304ccfc4,bebes,52,1659,1,300,68,7,13
09c7dc149e2a06a6fe9f873343f240e1,construcao_ferramentas_construcao,50,677,1,50,29,9,21
09c85a316aae843ab464c8c55d6f8b80,automotivo,25,728,1,850,25,25,25
09c8fe71fdb3bdb84e52b1f33f89040c,telefonia,49,602,1,100,19,4,11
09cb4aa62c518d0842e1c5f28ac940ff,perfumaria,57,3848,3,150,24,17,17
09cbb58b67d2f010f3ce6ae6196f1ed9,moveis_decoracao,41,592,1,1900,65,12,12
09cd1c07b1920158011ed5247fa5a65b,relogios_presentes,56,621,3,500,19,9,15
09cee4288906c4cff9cd235f33dc0ec0,utilidades_domesticas,44,546,2,4800,39,26,39
09d0b4ab2eaebcde59d4dd8bea2c6be6,brinquedos,56,73,1,1400,29,17,26
09d16c9d49e1616a733d22e77507d91d,moveis_decoracao,27,922,3,900,25,15,20
09d54f61ad675c5398b22357fa3ce395,beleza_saude,47,716,3,1100,16,19,14
09d934535911e9af88dda1e31735379d,,,,,19200,64,40,48
09dafaa79c17733a900ce34c9a1f5be8,cama_mesa_banho,35,135,1,600,40,4,30
09dbbe2c4f26cad4d560aea043f9632c,bebes,32,1531,2,800,40,30,50
09df4169c3678074ca16ab1941cfd1dc,cama_mesa_banho,58,188,1,1400,44,2,35
09e24bdfc054e52b9c4af78e3a286a98,perfumaria,44,343,1,75,16,11,11
09e40d66cfc38cddf812d8a495376722,cama_mesa_banho,58,137,3,500,24,10,27
09e5556011177a1f20244a4fcdde2752,moveis_sala,52,400,3,6100,50,50,11
09e68b02ea2a0a677c692faac3735c9d,esporte_lazer,30,626,5,227,26,15,19
09e90effb944a6866b1d4b058a15f70c,utilidades_domesticas,58,623,1,350,20,30,16
09e9d1c1a370af902b1b7175400021ee,automotivo,56,1040,1,150,16,11,11
09ebc052c8e265f5ea1e86320c049322,moveis_decoracao,40,249,4,7250,62,6,62
09ec9df2cf3708ca52a4a6cb64e464f6,moveis_decoracao,48,1037,3,2150,35,15,20
09ef2dc9a27e35d3eba18b0defec70cc,beleza_saude,59,1673,1,1000,30,30,16
09f28cb5f7c4be97ab03652e641c7843,utilidades_domesticas,38,270,1,600,16,26,11
09f3400d8c8a707c448a94f977f81968,utilidades_domesticas,59,207,1,200,18,2,18
09f62215f404dbd29cb4378c9952e1b9,fashion_calcados,34,240,12,200,29,7,16
09f6dccfebfa0688abfc1af640b69e61,esporte_lazer,15,328,2,150,28,5,14
09f80ba142f03fa8ccc8d62ff68b6d1d,informatica_acessorios,36,499,1,800,18,9,16
09f9babe996b57d17ac9d11adf231c05,esporte_lazer,57,304,3,200,25,25,25
09fbb9fc5bffc1ce6dc2f66289dfcb05,esporte_lazer,57,1666,1,3675,28,33,25
09ff539a621711667c43eba6a3bd8466,bebes,60,865,3,,,,
09ffd5e043f6d44ca166be7f91dab462,moveis_decoracao,58,315,4,800,32,2,20
0a04ebe637717bf7f0a9290adb51971f,papelaria,51,401,1,11150,30,10,30
0a04f0225fa364dc9192421b1a3fb139,utilidades_domesticas,58,735,1,6150,35,35,35
0a079e8cdc5ac7cd10e60923a7889546,utilidades_domesticas,32,224,1,500,25,15,20
0a07b2c989441aaec80191da39c79c99,relogios_presentes,51,691,2,250,18,12,12
0a0adf0de1769b2970f3096d0b5abfb7,agro_industria_e_comercio,47,418,1,13325,41,42,47
0a10747b677a2f5efd58f827f072f27f,cool_stuff,51,461,2,900,20,15,15
0a108ad81c4e2a790649c3f8070f1213,cama_mesa_banho,51,532,1,300,16,10,16
0a17941f41b99d2f070fab54b458a4a4,malas_acessorios,28,453,1,300,16,23,19
0a18ef4868095d4c83357e58020e3397,telefonia,53,612,4,175,22,4,12
0a1902453c06a6bb74a24a4fc60d1611,utilidades_domesticas,41,74,5,200,18,4,12
0a197d1436ea67717ce68ebe184b5832,informatica_acessorios,43,1043,2,258,18,13,13
0a1c4b9c1ca294b2c85dbe2d4920abe6,papelaria,47,111,1,6250,30,10,30
0a1ca683d91a7cb9b806f3710873bf47,perfumaria,50,1584,3,700,18,6,17
0a23fd10720c5ffc6c7f5e66b0b26ae2,moveis_decoracao,63,628,3,900,30,30,30
0a27862bbf658a5b8cf655761bc5c72d,agro_industria_e_comercio,53,642,1,2000,65,22,38
0a27be3536127164b11173c57f14a2da,perfumaria,53,613,1,500,23,8,15
0a27cbaaeacef635e4aa37885a1e5e93,consoles_games,44,304,1,525,19,19,19
0a27ed1c4807a2257f67ab0cbf3cfaf4,utilidades_domesticas,58,941,3,125,28,9,18
0a28355911f72609e396a3dc10b11c90,fashion_bolsas_e_acessorios,34,241,1,100,16,5,16
0a29ce51f88190dc32d9f6a23f7e9a8c,utilidades_domesticas,42,245,4,150,19,4,11
0a2baff646a591a97387bbe599a7565d,industria_comercio_e_negocios,55,460,3,675,25,30,26
0a2fff0d95ef3bbb7dffc618f9542ba9,relogios_presentes,26,567,1,283,18,12,13
0a311a14cbefde1a7b83f0b7ed99c422,utilidades_domesticas,56,1645,4,375,18,9,12
0a32970769398151da435910bce405e4,esporte_lazer,32,617,1,608,22,15,18
0a32d8349e99e8cdb9a5dec7d3f94985,utilidades_domesticas,28,416,1,300,22,6,11
0a37e05528984f47c754837344732fbb,beleza_saude,58,3897,2,800,40,20,30
0a39e413aabaa89275742e9707f60f86,moveis_decoracao,55,529,4,2000,28,18,38
0a3d0e8c9d5c6e92b034ab390cda4a48,esporte_lazer,58,976,1,750,30,30,30
0a407038cdb51df51fa8d01c54fa05f0,utilidades_domesticas,50,614,1,5550,35,28,32
0a4093a4af429dc0a9334300e5c13ae5,beleza_saude,56,389,1,300,16,5,15
0a41699cb57f40c605d3cfdddd61673b,esporte_lazer,44,961,4,550,40,10,16
0a45c6bb3a03e8c13228d4200cb964c2,moveis_decoracao,40,551,2,1900,19,7,16
0a48b93d24c0c87253c73da8cb8c2e80,beleza_saude,36,337,1,514,17,16,13
0a4af8f868e8a22b279c9d0a24d36537,moveis_decoracao,60,538,3,500,17,17,17
0a4ba15b3af571ef5d215be341f90fc3,automotivo,60,703,6,9275,56,11,32
0a4c11f70d3d4d9f2a540804b873e9e2,cama_mesa_banho,52,662,1,2800,42,10,36
0a4d993019c68fcc5269dada27c3db6d,esporte_lazer,57,313,6,750,36,20,26
0a4dea9eaeaaea5b7894a9a4ec6ed660,informatica_acessorios,59,1434,1,250,21,14,11
0a4f9f421af66d2ea061fbb8883419f7,beleza_saude,60,919,1,200,22,3,15
0a50b90cd04b45578ebf8bcf22c0ee09,automotivo,56,651,5,5600,78,4,47
0a540d39a147c5937238e5126403c892,automotivo,59,473,2,300,25,25,25
0a565163afd9cccd9d2b6e3942f823e4,esporte_lazer,44,375,3,1950,20,40,30
0a56efd5f050d3f861a04c6f005d1128,casa_construcao,58,1029,1,400,30,30,30
0a57f7d2c983bcf8188589a5fea4a8da,relogios_presentes,33,932,1,396,18,11,14
0a5a2b08a41a3a61ee984c9445891098,papelaria,42,190,2,1600,35,50,20
0a5a41c678bcf81e041826bb24eb0b01,bebes,55,1627,1,750,20,13,13
0a5ae82bab180da12f59a70b21605f92,telefonia_fixa,55,1278,1,850,16,8,16
0a5ddeb81c96fe4e5065466ee8756ffa,telefonia,59,506,3,100,19,3,11
0a6037fabc6b47a58947cc272f30b7f2,moveis_decoracao,49,779,2,21400,105,28,65
0a63240129d538ef9bf6e5c0aa8925a5,casa_construcao,53,633,2,900,16,20,30
0a69d717eddde56680a2f9af307f2b05,beleza_saude,18,824,2,440,18,16,16
0a6a7cf8399cca39fa6289175e95badd,relogios_presentes,43,283,3,700,20,15,18
0a6cf067b01351046739940c8cb7f60f,brinquedos,49,893,1,600,26,13,41
0a6cff78b203b5224378cf8db2dff5a6,bebes,49,1056,3,400,35,6,26
0a6d157989ce18261dd86095fa6858ca,cama_mesa_banho,53,559,1,850,16,10,16
0a70bfd7366ebae1c146277751691546,consoles_games,48,720,1,200,19,13,17
0a71a1f1eefa516fe0d1121e9ad00f75,brinquedos,42,288,3,382,37,7,26
0a72af236c73afbd2e2a52dfdb14c667,cama_mesa_banho,52,301,2,840,37,23,35
0a74b9407eaec9d6c760a1e92c10d96c,consoles_games,50,269,1,675,25,14,25
0a76863dbd631dd837dac3fbaabfc91c,papelaria,42,186,3,250,24,7,14
0a783d7ce18a37749c3a059cf829564b,beleza_saude,58,2879,1,200,18,9,14
0a790f2710eab03be4f7793583779874,consoles_games,56,555,2,500,20,15,20
0a795de8287e3f8f1f6c2ddcd8091f8e,perfumaria,41,629,1,318,27,27,26
0a7a5763f6ee3b862ca27208f8fbbdb7,,,,,1000,20,15,20
0a7b493260c6e450be47b7904193f75e,moveis_decoracao,43,1186,1,2600,51,21,34
0a8038344359ff23c26156650b801e6c,ferramentas_jardim,48,916,1,1600,32,21,14
0a80523b7c5fcae062ee678d12df2a80,utilidades_domesticas,29,765,3,700,35,12,28
0a80f03007af9e2c5ac5065d6742e1b2,casa_construcao,47,870,2,611,17,14,16
0a82c5e3af23bf02899280c8e1f4eea9,eletrodomesticos,60,264,1,1250,50,2,37
0a8364a63342dab8877bc3e5eb7cff6c,utilidades_domesticas,50,298,1,6050,30,40,30
0a859d8dc68f6a746b4709217110c439,esporte_lazer,50,2871,1,30000,90,50,50
0a8611ab07b16ada9f45900722ed0e5d,cama_mesa_banho,60,617,2,683,57,4,28
0a863e93d7d478b95b764c3344d10307,papelaria,57,83,2,600,20,30,20
0a8699af8de9f3c25f80fe9b530df153,moveis_decoracao,53,1988,3,2500,65,8,45
0a8b35c2fbc824f7e1015cf330e6cc3c,esporte_lazer,55,2656,1,250,16,2,11
0a8bc1a07183eceacf95ae5cb4cbd076,pet_shop,25,1399,1,165,16,10,11
0a8f26369822d83b82d0d3e87908fbd4,informatica_acessorios,41,393,2,250,19,5,13
0a90097256285aa4c813f41e6fc1e6ee,esporte_lazer,44,226,1,7150,35,35,35
0a904457e165bf24b90921754b4a5888,esporte_lazer,49,3823,1,1350,31,33,31
0a96387463e89f518bec31ed12378aea,moveis_decoracao,34,257,2,3400,30,40,40
0a997c3c894c98d4e3def0e83124c9ba,relogios_presentes,53,1574,3,350,16,12,20
0a9a9c25c5a06532d1766e00db833a7f,beleza_saude,36,365,1,100,16,3,15
0a9b9a871ffaec6c0198334558a6c6a1,eletroportateis,43,727,6,12600,28,35,50
0a9bba9c02d484c391416587002dae47,beleza_saude,62,554,1,900,16,16,15
0a9bdadab17a9b0f258f64d11a0adf7b,moveis_decoracao,37,1090,1,7480,53,48,26
0a9c1531aa7c17c8c64157b634fa9ba9,relogios_presentes,46,395,2,700,30,15,30
0a9c1eb587d41f043827b05a8b02070a,esporte_lazer,41,695,4,500,49,12,27
0a9dafcfb351b0dd0fafd06b8f842b55,alimentos_bebidas,54,1342,1,1575,20,18,18
0a9e2c135ec43f84cc6c583695531d68,cool_stuff,33,385,2,50,20,6,15
0aa03bab4d36e4ee21cf9024a65f65e2,beleza_saude,54,2910,1,300,18,9,12
0aa186c65b07e61f5ac114182ab92a2b,informatica_acessorios,40,202,1,850,16,20,15
0aa63972ae4967bb6874df796163549d,pet_shop,63,1440,3,5000,40,20,50
0aa889132d2e6b79778488c79d025d99,informatica_acessorios,57,126,2,300,30,15,20
0aabfb375647d9738ad0f7b4ea3653b1,consoles_games,49,100,4,150,16,12,12
0ab00b4598ff704c2ab1de75c123092d,industria_comercio_e_negocios,58,855,2,12450,46,45,32
0ab20af8197d84bc8831765be67b4cc6,bebes,51,872,2,11100,38,47,44
0ab3ab3b2869073aa9afe795fe9151aa,fashion_roupa_infanto_juvenil,52,494,4,600,36,10,26
0ab3b52bba153ddfc7857b11c900fdea,,,,,2250,40,8,30
0ab66f8ffee46568f8a8fba7c300ae50,alimentos_bebidas,25,369,2,200,20,8,16
0ab78aeb8039e8ee1d47412e56baded3,consoles_games,54,342,1,200,17,3,14
0ab80f38a21093b448518f68efe82c24,utilidades_domesticas,63,245,3,200,16,4,11
0abbc7837b3659615530515c12091add,construcao_ferramentas_construcao,59,1307,3,200,19,8,13
0abc19e41fdc9d6894b8cae651619253,eletronicos,60,3109,6,15750,70,90,20
0abf3e78cba7361d44b40b471592ad38,eletronicos,38,109,1,100,24,8,16
0ac092fcd35bffaeb624017d498172d1,relogios_presentes,49,461,2,500,16,11,11
0ac0d30f666402b0d004e26c5e57eb0f,instrumentos_musicais,57,732,9,14050,50,32,46
0ac2a75d9c1e9688df3a7730a4ffad14,informatica_acessorios,44,116,2,300,50,4,40
0ac4b9dc5e23908abf09e13da3ea1bbb,fashion_bolsas_e_acessorios,58,198,6,200,16,2,11
0ac4f23a50ad9369ab5d78b1f068f6d3,eletroportateis,56,444,4,11250,40,40,40
0ac57b2df86eb6997b94d6ccf555e29d,esporte_lazer,57,487,1,137,18,5,13
0ac9ae2550c94021daa1059ad06d2c4a,perfumaria,19,609,1,200,17,6,12
0acad8a389d9ac863b63a5bd91d18697,brinquedos,43,1223,1,400,17,12,12
0accb86cd9322f97f4d1523781e10fa5,cama_mesa_banho,55,210,1,5350,40,20,40
0ad0b4d6bac55daa9cd221ea08ccbfac,consoles_games,50,481,3,1000,20,30,20
0ad10ec3dc489499e5d7cd19b5181ffe,esporte_lazer,53,1048,1,21300,19,40,19
0ad48bfc4a5619823e2b0f24b3c0b11b,automotivo,59,943,1,1400,21,50,15
0ad6795586afdad1281b3884f2611ca6,construcao_ferramentas_construcao,40,459,1,250,60,60,11
0ad9bbfebaadb488b2fe87504b871c88,utilidades_domesticas,52,402,2,800,26,15,16
0adf970bf07772b0f8c88f664e146221,ferramentas_jardim,60,2253,5,3500,32,31,11
0ae10ca52e6cb8745e17c11e7c43907c,,,,,700,30,30,30
0ae6165016bbebd759d0ac2414e59049,cama_mesa_banho,49,336,2,400,27,7,27
0ae652266b7911e69661f1359912d235,esporte_lazer,36,253,2,1050,60,15,15
0ae6a95572c97bf4c2552e0d27762c5b,beleza_saude,33,578,1,355,16,15,14
0ae7a3cd926fa82531a24891c2647b0b,esporte_lazer,50,1234,1,15850,105,65,25
0ae935aec15938b92f6667ec2fde2dc2,utilidades_domesticas,42,542,2,900,25,10,36
0aed9d548c366ad8058084c1de5100c5,fashion_bolsas_e_acessorios,32,408,3,125,18,17,12
0af008d54027e80d31d8dcf4b5c68447,automotivo,59,820,4,12000,80,25,25
0af275b6e520e949016aa725797437a5,perfumaria,54,860,2,400,20,20,20
0af2b3833420630d9d1eacc2daf2bdf9,sinalizacao_e_seguranca,60,915,3,1900,30,21,21
0af4dce351fbee7db329f93260f68142,utilidades_domesticas,29,201,2,20000,52,52,35
0afbecb15d10af6e2c8e3a682becb22c,esporte_lazer,28,558,1,6700,32,20,20
0afc71d24fa8b225307f8794e157204a,eletronicos,50,346,3,10575,20,18,16
0afcbdb22d7e003f65d87a77cc7a401a,cama_mesa_banho,56,413,1,2600,42,11,36
0afcde02bc6b3c33e6d2dc2a90c7e3eb,eletrodomesticos,57,313,1,1500,27,13,17
0afdab080dc525494d5a0adc4c1c0854,cama_mesa_banho,59,554,2,533,52,6,40
0afe6af6700e5ff3b7b6f08a0b12ce71,beleza_saude,60,919,1,200,22,3,15
0b00b16606aeb46da3543bbabff4d6b3,cama_mesa_banho,58,363,1,14800,55,45,35
0b0172eb0fd18479d29c3bc122c058c2,eletronicos,53,265,2,150,22,13,15
0b01a9718a61dbdd35cfec9ad13a0301,construcao_ferramentas_jardim,57,815,1,2200,16,16,16
0b01d053a0d36c3f3ea27d74f5e5702c,moveis_decoracao,42,613,1,1100,35,4,26
0b01ff8012c6301714339a530e7f9879,beleza_saude,44,664,1,750,27,9,18
0b035ff3ab8827ae8c56022c16712e9c,relogios_presentes,54,475,1,600,16,2,11
0b039b61011417822882815943f13dac,eletronicos,41,711,1,150,30,10,20
0b08fa55464e4e455c2911a1e49fbc73,bebes,27,144,1,400,25,25,25
0b0918a3b5efe0c8ea609a26b14e1bff,telefonia,60,752,6,300,17,4,12
0b0c04563408d8d1187cdbd6292a89fa,fashion_bolsas_e_acessorios,34,222,2,3400,20,50,40
0b0c716fcf2c2571d2e62271261f2abe,beleza_saude,49,796,1,27500,40,46,35
0b0f32c8bd5426698d01d72f155b75f5,bebes,36,1099,1,2400,45,15,40
0b1187e2f914d9317a5632dbb7c66b82,,,,,200,16,2,11
0b118a49dedaae5a3d10b55467aad998,cama_mesa_banho,32,734,5,400,16,10,11
0b13080e2bf193c4ff096b09e0758c7d,moveis_decoracao,57,600,1,750,25,25,25
0b148966d6d89f4ab8fd3472df4a8648,casa_construcao,53,1427,3,450,32,10,11
0b1737a3a63fdc90fb30dccdffcace42,moveis_decoracao,28,119,1,1500,20,40,20
0b18bdc51d81f585573501ece135a6fd,construcao_ferramentas_jardim,36,1041,1,500,17,17,16
0b1b6ca8b113c570aa56916becb81192,moveis_decoracao,53,1979,3,2800,69,11,11
0b1b954cb171434674907a8da1778e11,construcao_ferramentas_construcao,45,127,5,7400,60,20,40
0b1c9f47ac2b26c6bc77bebf7362eb40,automotivo,60,248,2,200,27,8,14
0b230f10ac2cfc4c831b825bf31a5de2,pet_shop,63,1440,3,1500,50,20,40
0b28e43610654365d0266f77070a71d9,relogios_presentes,60,478,1,200,16,11,11
0b2a1288e8ba64c797e7586c8df75602,agro_industria_e_comercio,38,397,1,3450,33,36,33
0b2b7a2dbcdf63ca0044d9e9ef8aa4fa,construcao_ferramentas_seguranca,54,1684,3,200,17,7,17
0b2c18d8e73e17348a011241525cb089,relogios_presentes,60,1008,8,400,16,2,20
0b2d8323940867a9979b90f7692dcbc0,ferramentas_jardim,60,732,1,650,19,16,16
0b2f52bff0f8a4536a315bbdc34d8398,,,,,200,16,2,11
0b2ffdc19b87d97231a1bbd7bb979013,relogios_presentes,56,598,1,675,16,11,11
0b305b6bc4dbf84489cd367380955d18,esporte_lazer,41,255,1,500,20,30,20
0b33e28a934b68a0475650499b9ae509,esporte_lazer,42,1203,4,250,20,34,44
0b349a8595d271e85a0514fe541953fd,beleza_saude,40,422,1,400,16,10,20
0b37bd7d994d4ab29992281e2690ad1a,beleza_saude,35,804,1,431,18,18,15
0b3a130c2e54aecf33e3e1955fbeeb00,beleza_saude,54,635,1,650,18,12,12
0b3c2ee3c7994b5b9ebdddb2372d6f9c,cama_mesa_banho,35,179,1,1250,45,10,15
0b3de7b77f38988388362460d76d884f,beleza_saude,31,838,3,350,20,12,15
0b3f6a2323c814e1b19fd44838c160ef,cama_mesa_banho,52,642,1,550,16,10,16
0b3f73dba78abf4576c187092dc5dc81,,,,,1300,30,16,20
0b3f89ace3b97bec2e2d981cfd2537b3,cama_mesa_banho,54,229,1,1150,40,5,30
0b41e00d58da605465f22bde5b7cf725,automotivo,45,556,1,11600,55,35,45
0b426fbfa39b2ae1c7a4a12e9b9d104a,moveis_decoracao,60,1959,2,1400,69,11,11
0b43cf5c79d088cfca305c4ac3ce50b0,telefonia,53,589,2,200,19,4,11
0b48dc720b9a40d75ce14eda10be0922,moveis_cozinha_area_de_servico_jantar_e_jardim,59,558,5,6950,47,23,37
0b48eade13cfad433122f23739a66898,moveis_decoracao,28,489,1,14000,70,60,70
0b4b0cc10d659c9885f317ff1b4f4ea8,fashion_calcados,49,375,6,300,29,7,16
0b4b59f6bcaf697444a8b7b14f630b15,cama_mesa_banho,54,714,2,12150,45,40,32
0b4d2eb734bd8bb5001a145bf52fa5e2,eletrodomesticos,52,652,1,700,18,8,13
0b501b17eff6353cde82245645c4207e,utilidades_domesticas,51,396,1,1750,45,21,26
0b50295ca2c740dec15bb6fec6e8a3e2,fashion_underwear_e_moda_praia,33,1107,2,300,22,10,15
0b52764083ede22c5acb8a573d859ddd,beleza_saude,41,1797,1,1200,25,13,20
0b5452315880c73832a5c5837f0de5b2,telefonia,60,1170,2,150,18,6,20
0b575b7f0277a4fa1e89af27590b438d,cama_mesa_banho,57,249,1,850,35,20,35
0b5b70d1e74c4539deb5a21edb179d9f,bebes,45,309,4,2000,33,44,19
0b5be7ee64611405f84c31be31ad0d9b,esporte_lazer,45,979,8,3900,90,20,25
0b5c0e5478b0b0746d05377b732a13f3,cool_stuff,59,833,2,22600,55,81,31
0b5c0ecd14105464e2b879a307092e3f,malas_acessorios,49,114,1,650,30,10,32
0b5c6dd6ca91fd2a318e99749b0ea57d,utilidades_domesticas,63,429,3,700,30,5,25
0b60c390c7176d836fa228baa164af0d,construcao_ferramentas_seguranca,57,563,6,1200,20,20,20
0b61b74bd2917877a6fc5d31192d3641,moveis_decoracao,46,131,1,950,30,15,20
0b63f1722fa0d70cbe07b4ef00a5a544,esporte_lazer,25,905,4,1626,26,15,17
0b6a32b32a7dc68b12e8a0e0805c44d5,relogios_presentes,50,542,1,190,16,11,12
0b6f7f321aeac91ef72512bbae664b13,esporte_lazer,57,938,4,5400,16,50,16
0b71361b63b0fb078b86a39340251133,moveis_decoracao,55,238,1,3500,45,12,40
0b7142355a981ed9a8ba988a0b613dce,automotivo,57,868,2,1100,26,42,18
0b77c056067fc19c57c6518c8bdeed0e,instrumentos_musicais,50,187,2,425,27,9,23
0b7eae36ce650711b7697a9ced9bacac,eletronicos,56,1036,1,249,20,14,16
0b7fb806fe0194cc7eb473329c680e34,,,,,1000,28,11,28
0b814a3c8fa6dbb849df7c28c1bd6831,moveis_quarto,53,530,1,10700,93,63,11
0b82f8e74a871a1bcba36e9b14facd44,beleza_saude,32,3564,1,50,16,9,11
0b86ce778f1176322de61e5103cc65b1,beleza_saude,37,452,1,150,16,16,16
0b871b4731c7bee9332c7c0b9a742f1e,brinquedos,29,251,1,14327,58,60,54
0b8750fa58fefe42cf03a9e2e4b8fce6,relogios_presentes,44,564,1,350,22,14,27
0b88409c52cfb9e93f9dcb06f2a37fd4,livros_interesse_geral,30,517,1,800,16,8,24
0b886cf92902bb5607b317a270f4dd4d,relogios_presentes,46,517,1,550,20,12,15
0b898ec6fedc70029a044c72475aeed4,dvds_blu_ray,49,1151,1,200,20,2,14
0b8d94b0bcf4e22c9bf886c98bb994d3,bebes,25,484,2,13800,60,32,43
0b8eaa48559710f4dd234b9c7918dd43,utilidades_domesticas,38,413,1,2000,25,65,25
0b910ddd6185e20c016c2113fc864eb4,livros_tecnicos,58,1252,1,4150,29,5,21
0b91c29b24b0a2d575a42fd951fb0408,eletrodomesticos,45,257,1,350,37,9,12
0b94c4b0f19b2fa4eaaa3dd2cbee42bc,utilidades_domesticas,57,274,1,550,25,4,18
0b98b002389531232d83d333e3883dd0,construcao_ferramentas_construcao,60,723,8,1450,30,10,20
0b9c9a5a9c9825ff5bdb295751784392,eletrodomesticos,57,147,2,500,20,13,15
0b9d32c4f39a77eca7f39c5b69ebc690,fashion_calcados,40,303,12,300,29,7,16
0b9eab47f340cb0354b04f84b95940f9,automotivo,50,701,1,100,32,2,24
0b9ee48363c794d37d5e9991d72f9b55,eletronicos,46,339,2,150,18,15,16
0ba06da542ffefa9b9dfb94fe19fd165,esporte_lazer,42,457,1,500,57,14,14
0ba14c257ad706bacadec65dfdb3b740,,,,,300,16,10,11
0ba59273939ff2679f761fcdb05cd74c,utilidades_domesticas,27,739,2,500,17,28,11
0ba8d6ed826271d06a9ebd6e3c3e8b3e,beleza_saude,45,181,4,400,25,5,12
0baaa6da9c9440c4655efd0762a0edcf,,,,,300,16,2,11
0bb1142b8037490f29e8f322ad5b538c,perfumaria,37,296,2,200,18,3,11
0bb7cb61f1957f79dac582ab66ccdc1f,utilidades_domesticas,45,561,2,553,18,9,15
0bb7d5c406dd6affef3cd4f5d6744844,,,,,200,16,2,11
0bb9709934061bd3316175ad24d90409,moveis_decoracao,51,1954,3,6400,80,4,55
0bb987ba9ab94c3db5f831375f9d8a5c,cama_mesa_banho,45,214,1,8800,35,19,44
0bba7f78f15c9bfe3964a088ae67ba0a,automotivo,34,419,1,9100,30,60,30
0bbb557651f08b3c732d9836de4d0bc3,market_place,41,626,1,5600,60,15,40
0bbdc963004d9b2fd3427ee3c5ae3608,esporte_lazer,31,1479,3,150,23,7,12
0bbf093ffaa05565b79b64ee97f917cb,moveis_escritorio,42,1362,1,11575,57,55,22
0bbfbce1edd4c12c0a15b6b5dfba409f,cama_mesa_banho,46,117,1,300,40,4,30
0bc26e3e8475d1df57c86c60c3304a27,informatica_acessorios,54,1249,1,4350,18,25,18
0bc4d2de176747bbc8b5e680bfdb66b6,esporte_lazer,55,1007,2,4750,20,20,20
0bc5e6c957486577f11519bf36577b38,beleza_saude,31,1356,2,525,21,18,16
0bc9537c77fb84d081077c24714c8506,informatica_acessorios,41,702,3,400,16,16,13
0bcc3eeca39e1064258aa1e932269894,ferramentas_jardim,57,339,2,1800,37,22,40
0bcea5a4f4ff3bac5da77d1563e846d0,automotivo,56,405,1,1200,45,16,20
0bcf6f2768e7e4cf76462a7b7e0ca0c6,bebidas,46,805,1,150,20,16,16
0bd478959805d86aabe80febd51789e4,esporte_lazer,55,985,1,717,18,15,18
0bd5c2b2dd207f23739a694f006d63e6,moveis_decoracao,28,1209,2,2000,80,20,20
0bd7e7a520ec0ac94f95b47cecc844d6,moveis_decoracao,24,1405,3,200,35,2,25
0bda4ee356bececb6ec0d7d010b673f1,moveis_decoracao,33,195,1,750,30,11,20
0bdb7583b74c0323d413497fab3f2a3c,telefonia,53,141,2,400,16,6,11
0bdc4af29a51151df496d686dbce59a8,perfumaria,27,475,3,200,16,16,16
0bdc98fbf8b311b74a336cf68d070037,consoles_games,59,683,1,150,20,4,17
0bdcdfb68f8b45a19fe06a348853cf4c,malas_acessorios,40,508,2,400,65,11,11
0bdd9a52d192d64770e33ae559512478,relogios_presentes,55,324,5,250,16,2,20
0bde5c9ff4a756aed7fe09a8a3bb0dfd,pet_shop,29,363,1,12450,69,36,30
0be487faac01dd57fd7ed17cfbdf2dee,cama_mesa_banho,48,117,1,300,40,4,30
0be701e03657109a8a4d5168122777fb,esporte_lazer,32,282,2,4450,60,15,15
0be79cf589781c512bd91976eadeeff0,consoles_games,45,304,1,200,25,5,15
0bea71972d0b439ab810f57a803344e2,utilidades_domesticas,46,329,1,16800,30,60,50
0beb5829bba86b3b5301af11bff8be6a,brinquedos,50,1205,2,400,30,9,18
0bec8ea972e7cf7bf6e81cf9c99c725b,construcao_ferramentas_construcao,55,216,6,11850,50,38,50
0becf258ac9a4ab1b6b3da6f0ad205fd,cama_mesa_banho,59,395,1,2000,16,10,16
0bed2811f66d80c67e51d3d9a5127233,telefonia,41,689,1,100,24,2,18
0bf0f08192fdf749718e1225a5f89e26,ferramentas_jardim,48,1001,1,450,16,7,16
0bf16c5642f26022d106438f491b9b1c,utilidades_domesticas,15,422,1,300,41,5,31
0bf1dea484fbb8cdfa09e2767ce30574,alimentos,53,225,1,1920,37,6,32
0bf311dc96c3ce0503cb03068588c196,eletrodomesticos,56,204,1,300,18,8,13
0bf49628a5637192ddbad12be4c921ee,papelaria,49,480,2,1900,20,10,11
0bfd2b8146cd034448f6e4c8ac8e47f0,informatica_acessorios,44,800,1,1100,31,12,11
0bff7ada15fd3840490f79b2612db33b,papelaria,42,440,2,1775,39,22,22
0c002598a0876501a172ffcea9496008,cama_mesa_banho,53,768,4,9150,50,30,40
0c03a930e654a5f1ea08f95a5c67d076,beleza_saude,48,589,1,700,20,16,17
0c08876047d07cc4448ba14159a454e7,ferramentas_jardim,57,1361,3,200,20,10,15
0c0caad13e2d2bf4efb9856075ad1120,utilidades_domesticas,55,372,4,6700,64,23,48
0c0fa42ae97a4bffaa0eb85df580be3b,relogios_presentes,47,165,1,250,18,13,14
0c104824e973388d487c67a3d346e96d,beleza_saude,45,3078,4,19300,26,61,40
0c104d5a094ca1ba910a793cae5b620e,utilidades_domesticas,56,1000,4,2100,39,13,31
0c11029e1f747d21ae2f131082236d7d,instrumentos_musicais,56,437,4,5050,70,40,40
0c11c1f74fff6ffafd9ad22804132dac,market_place,33,738,9,297,24,13,19
0c159d7ce798ebc726ad977f9ade848a,ferramentas_jardim,46,356,1,250,35,7,11
0c173069a88cd29f5ef890155d8ea182,moveis_decoracao,27,490,6,200,16,16,16
0c174d2242336a2b7d7ccbacfea4ba2a,consoles_games,26,1449,1,200,20,3,18
0c1d0960b623420908c75911c93d8615,papelaria,49,192,1,500,16,28,16
0c1d4f1cb61aefcfa34ff848581eebcd,relogios_presentes,57,907,5,500,16,11,17
0c21c38f5c53913ec6ae3884484aac81,beleza_saude,58,2869,1,500,16,11,11
0c22c51625fc11357a8356efa31fe89f,cama_mesa_banho,51,747,2,11400,16,2,11
0c276318593d4450cf9b178ad5b4a8ce,eletrodomesticos,46,136,1,1650,29,14,19
0c2b45d82e82097170c709f30037dcb7,bebes,55,1632,1,600,20,13,13
0c2ec8ad337c82681af769354356e4c2,moveis_decoracao,49,1378,2,2000,20,65,20
0c30a560a3dea926f6ceaa1f36dcc213,papelaria,57,233,5,2350,31,7,22
0c3256090b6cc52703b152c874827cd7,consoles_games,57,762,4,200,21,7,16
0c3305267c17b542aecbc2385f5f0794,perfumaria,57,740,1,500,22,14,23
0c3497a215eb37d2e70682bfde05c93a,beleza_saude,33,222,1,150,16,10,15
0c35aab0ba0e5a36a652fc2b10f2c102,industria_comercio_e_negocios,53,174,2,4917,33,23,33
0c398b245c9b74ef2bf4343b6fe73237,moveis_decoracao,27,332,1,1750,23,23,16
0c3cd8d63839bed6f80aca6388766417,relogios_presentes,53,399,1,500,16,2,11
0c3d6918621fbc7eb3c1dbb40d36b746,eletrodomesticos,60,136,1,300,27,13,17
0c3dc3f0b8ea2ce274c0bd18b2a31f5b,esporte_lazer,55,1003,2,600,20,20,20
0c3e039a06ef40bce9a30c05a247f77e,moveis_decoracao,53,208,1,575,26,16,14
0c3ed87d108f627980e66e9258f9c305,brinquedos,56,342,2,800,35,25,25
0c40401eba358c9ef2ff2df80b6eab52,,,,,500,16,15,15
0c4389123cecc4ff240dbae7f15ce7e2,moveis_decoracao,59,1490,3,2550,105,3,70
0c44cf18fca971245b41119ce72861c0,papelaria,47,2204,3,200,16,10,11
0c46413e9062e5e91fdf39a9142427b5,fashion_bolsas_e_acessorios,32,434,1,100,17,3,12
0c46b8ef03f8b4da7c2813be4287a281,cama_mesa_banho,54,382,1,6600,40,25,25
0c46bfb6210825d07804a6d4f81a5a92,beleza_saude,54,1616,3,625,28,19,16
0c4709ae5ad2750dd34dbaff9d5bbd3d,telefonia,60,776,6,300,17,4,12
0c4a0f8ab44f9acd2d04e7024f9ba362,alimentos,49,740,1,388,16,16,14
0c4b18883bc29b747b948c827adb9485,telefonia,34,162,7,200,19,5,11
0c4d0a08f95c7b7dc5dc7402bfdafd4c,informatica_acessorios,49,409,3,300,16,6,17
0c4dd7ab3593c8601e53207e02d16784,brinquedos,25,713,1,920,28,29,33
0c4e43e25f781898363a83f9a7390ebb,informatica_acessorios,47,1991,3,484,18,11,15
0c5193db708519e6b812ac8474898ffa,beleza_saude,60,621,2,363,16,4,11
0c52f6a43e88c007723e58cce9ef330e,beleza_saude,55,477,1,500,18,6,11
0c52fe573de020553e4f524ac4267c92,brinquedos,41,768,3,450,20,10,20
0c53752695db72c0c10c14f6b89322b9,cama_mesa_banho,58,274,1,2350,45,15,35
0c574708dc913b3fa69635e044892864,relogios_presentes,45,1926,4,350,16,13,12
0c5801458e74f9b6c23b44c331426e30,cool_stuff,56,1383,6,1850,18,23,26
0c5aa7be5dfd5c67689eef12b537a466,informatica_acessorios,55,170,2,100,16,8,11
0c5aecba8eab00eb055c6e2e7b9b4346,beleza_saude,59,436,1,30000,55,75,61
0c5b17c1b54fc1dc48752ddb8caab6fc,utilidades_domesticas,55,727,5,1000,16,8,14
0c5bb07e9638a9c1f2616db08eb0318f,consoles_games,27,462,1,200,24,3,19
0c5e36ec8408cf38afb24e6dd62a19df,moveis_decoracao,36,182,1,550,30,30,30
0c61745b90fbcbd2a7ac7d3cccde8776,beleza_saude,50,140,1,600,20,6,20
0c64fefac4191aa99cb7007bb10c6c77,esporte_lazer,39,1156,1,10200,100,20,25
0c65fcdb1caeb8a35c08eb455361ee01,cama_mesa_banho,38,1366,1,150,16,5,17
0c66624528bd676dbe410f6f07ec32b0,papelaria,54,664,1,538,21,13,16
0c672ed004d5abcc4bcb0367fdaffad3,telefonia,59,818,5,150,17,4,12
0c679141ff7ee4350d8eb892ff475ba6,relogios_presentes,55,601,2,120,16,13,13
0c6b9534cc890c423ef8c3dc34517df5,informatica_acessorios,46,94,6,50,42,9,25
0c6ebd37c6842a5adbcd801030ec1c29,moveis_decoracao,21,414,6,400,54,6,11
0c6f417a4037ab082ea5fe9a4e7da299,utilidades_domesticas,58,1095,1,20000,43,78,41
0c6fc9b9317a68d1cda098c063914b72,instrumentos_musicais,46,692,3,3100,38,99,14
0c71252f37443403376d2008034a7240,pet_shop,41,947,1,156,18,10,14
0c7536abc1af51a81fa806097dfe3597,telefonia,54,1440,1,125,18,6,11
0c753fe6a58dfa7a27bda5de76e779c3,esporte_lazer,15,1127,1,1338,23,12,14
0c761b0e33d708e6a3694a94ac4b82c4,beleza_saude,45,1982,1,2200,35,10,18
0c787112ac1b5dce38f58d7feb8c23d7,livros_importados,45,1211,1,500,33,6,22
0c79aab7a6a2449f932887fb3c8d0127,automotivo,43,420,3,250,18,9,14
0c7dc9fcaa503c2df26419c747b39fd0,utilidades_domesticas,60,446,5,8350,40,28,40
0c7e301c5eecc0fe996dd86bc9c290fa,automotivo,42,1192,2,175,18,11,14
0c7ec2b24166d57ac38a9db523711782,moveis_decoracao,22,250,1,1900,23,50,20
0c7f7adec80b0c8ee4b9703490bbb13b,cool_stuff,24,491,1,3400,28,24,14
0c800efe70e04ffcc3b266946e3e4826,la_cuisine,59,284,2,12500,83,21,43
0c806c7604c0581921d7b5b1c70bea5e,alimentos_bebidas,46,848,1,750,31,15,26
0c80d4d910506b4e1db996ff1fa5c658,moveis_decoracao,61,157,9,3450,41,15,25
0c859e9bb0591751e168d476ab0bb6e1,moveis_cozinha_area_de_servico_jantar_e_jardim,60,172,1,12950,31,81,31
0c85b3e0748fdc1a15f227525d317821,livros_tecnicos,48,1561,1,2450,29,5,21
0c877471e35049402bca235e06cb8063,,,,,10750,34,20,30
0c8862859cb952ee81428f80dc8140d9,ferramentas_jardim,47,730,2,6000,44,28,25
0c8b321d3fd08377fe038cc6257d64e9,pet_shop,58,322,3,1025,19,15,16
0c8b6b6e4f9ee5fe2c48d6cee4c69bc8,sinalizacao_e_seguranca,51,742,2,9350,55,55,22
0c8f0c812fc251d15b60a261676d32a5,livros_interesse_geral,38,1162,1,1200,24,5,17
0c8fac7d7944ea8906fd291a8609474a,automotivo,51,920,1,350,30,12,20
0c8ff033bfaf9bd1d24ab20a8ea2914e,cama_mesa_banho,47,365,1,2750,45,8,39
0c90f0cece2b9c521af7c85ace4794be,moveis_decoracao,41,411,1,4800,62,6,62
0c90ffc8c44fe5d3e020002cc4da9496,livros_tecnicos,46,769,2,150,22,2,15
0c91c5c2a59854e1fdafdc0478348c32,esporte_lazer,38,908,1,2300,17,17,17
0c9439abe84dc40a64fc164365c4d064,bebidas,36,1481,1,2775,16,38,11
0c9452f6a812935c0615faee8bf8646b,moveis_escritorio,58,1104,1,10050,100,45,20
0c94697916cc03dfc45581f1e3d96c10,automotivo,55,450,4,63,21,2,15
0c94b3b3e297c165f359c7cd62acc3da,beleza_saude,39,1619,1,1600,19,37,25
0c954b7ab8bff085742e3c01a02936b8,cama_mesa_banho,49,498,1,1550,49,5,39
0c96091f6f20b1d2c946a933370782a4,esporte_lazer,48,683,1,200,20,4,15
0c98a3d692d019586b9c9645334924e6,bebes,35,301,1,500,33,8,31
0c9a1721e65cea1561c531b0e166cb1e,livros_tecnicos,23,1328,1,350,21,2,14
0c9ff9d8ed9b9bdd825487b3a66e05f5,automotivo,55,620,1,7225,61,13,61
0ca0e1d4e4c7a404e472d27c0c19c3f5,utilidades_domesticas,53,251,1,650,25,25,25
0ca16017057f20d572b8c01fcd7c5c28,moveis_decoracao,58,1497,3,2200,105,3,70
0ca31cd8916e06a977f3596faddc6852,automotivo,60,703,6,9050,56,11,32
0ca455b3fae1a463c84420392d655ab9,fashion_bolsas_e_acessorios,28,807,1,100,16,5,16
0ca70d1b7cdf19dd90d993373aba94e8,moveis_decoracao,48,948,4,600,34,6,23
0ca7afae61c042aedfd973110cd8970f,utilidades_domesticas,54,493,1,1733,23,23,21
0cac4325d7aa33ada7ff2ba4d84f8874,brinquedos,42,834,4,804,30,21,21
0cad3c9a114203d74ff1ca303486f205,automotivo,56,1763,1,3350,40,40,40
0cb255418b89587f063171ca707b85e7,construcao_ferramentas_construcao,31,2002,1,750,16,12,11
0cb386dab759a2f5e6dc75314cdc68a5,industria_comercio_e_negocios,60,1189,1,6400,42,30,22
0cb3a271c0da633b811ac57f0c63d48d,utilidades_domesticas,52,902,2,2850,16,33,12
0cb4e1aa97c8535093fc677376536b4c,pet_shop,58,632,3,700,55,7,39
0cb61dc7daa0bf5e31e9ac3ba8fba86e,informatica_acessorios,36,2016,2,600,19,5,15
0cb8c29f963ae2069fcc3afe95fd93c1,brinquedos,22,499,1,5031,60,43,29
0cb9f521598f339ad6e6b41e34a1b169,telefonia,59,348,2,220,20,12,17
0cbb82f3f9549ec4aeab968a4be5e7a9,beleza_saude,39,1236,1,575,23,15,16
0cbc07d4b85c30f4eb6394504185f8f5,beleza_saude,41,864,1,350,19,12,13
0cbca89e0ecfd4fe92dff4f1c27a0487,moveis_decoracao,42,660,6,14950,40,65,40
0cbd1fb25fc901e985012fbc87488a92,informatica_acessorios,39,517,1,900,37,15,17
0cbeda603059c985268afd35128be303,papelaria,57,320,2,1450,38,30,28
0cc13a424dc207f8c4d3b26ea1cd384c,moveis_decoracao,43,862,1,5300,27,47,27
0cc18feec97e534a363ec0b14c632692,fashion_bolsas_e_acessorios,63,655,4,200,16,9,11
0cc562350ea5915979a9d5f1f888f131,brinquedos,33,924,2,1700,40,20,40
0cc8792aea4a5586398479689a6daf63,eletrodomesticos,56,101,1,150,18,8,13
0cc96a3f64ff4585c941ab9aaf043f18,moveis_escritorio,53,2324,1,11000,58,20,58
0cd0a2334c30b335c4a4e73205bfd366,cama_mesa_banho,54,273,1,3400,45,19,35
0cd1da0c6c22680f93adb165c0a56e36,informatica_acessorios,42,674,1,200,39,9,11
0cd1e5169a1ba33d42fc9f76345a4504,instrumentos_musicais,33,1415,4,700,17,8,12
0cd64dc65679876c896236bea326589b,cama_mesa_banho,51,242,1,2100,37,23,35
0cd6e5162c88ac37f5d1aee2922c51cb,cama_mesa_banho,54,1076,1,400,33,3,23
0cd7885ebb79eda16c32c1043681fc19,brinquedos,29,643,1,10408,65,40,54
0cd9f302c8a5b076ffa5c3567c6705fd,informatica_acessorios,22,716,2,200,36,2,28
0cdaad368fc9c18b0e7c3328f79f341b,instrumentos_musicais,51,504,6,8600,39,15,57
0cdb6853db40cd5d117e1828fcef99af,esporte_lazer,54,1476,1,2700,31,33,31
0cdd996d482a30e6a2c4d222a9685c73,cama_mesa_banho,45,370,1,350,25,2,20
0ce1adfdded63914231951b7b34624fe,ferramentas_jardim,59,728,1,350,18,23,18
0ce1e35bdc6af7e582e7ef9363e29b5b,telefonia,57,607,1,100,16,11,9
0ce430e210535c2f40fe2f13ca31b441,brinquedos,47,499,1,3675,16,30,42
0ceb0bfefd73a9c9dc6f918182841cc1,,,,,200,16,7,11
0ceb7ce77881482fe28344a2c31fb584,automotivo,59,1133,3,825,25,18,23
0cef952d7fcac13a3f548548cb49aeaf,informatica_acessorios,57,526,2,425,16,9,13
0cf1296fa38622de944eb05701b4ff34,,,,,1200,35,35,35
0cf13ac73dbcf6586ba63b89dd1f780a,moveis_decoracao,39,398,5,3700,25,35,35
0cf2faf9749f53924cea652a09d8e327,construcao_ferramentas_construcao,59,338,1,1200,20,8,20
0cf39ab2d0f594fe612f81d2d90121e8,eletrodomesticos,51,142,1,50,27,13,17
0cf3ab3383c2ae6f5750e5847c749e22,informatica_acessorios,53,1784,8,700,25,25,25
0cf41187284d7f099adc8415a743ebbd,bebes,60,644,1,300,16,16,16
0cf4eefa56151424d91f1fa527e29d20,ferramentas_jardim,58,336,5,650,20,10,15
0cf573090c66bb30ac5e53c82bdb0403,telefonia,26,108,1,128,15,8,13
0cf5798cf0a69ca39b286d63dd5a9501,esporte_lazer,39,1026,1,15200,95,30,55
0cfc9fea40ee0f7006d150fbdf3fa808,livros_interesse_geral,22,1626,1,300,22,2,16
0d005a9c5ad693235416c40d4fc52e22,fashion_bolsas_e_acessorios,53,1359,1,100,16,2,11
0d009643171aee696f4733340bc2fdd0,perfumaria,52,150,1,422,21,16,18
0d0325657335ef73f845233387b378ae,cool_stuff,15,240,1,500,16,19,15
0d04a8284bd80aba2723d62bdb330b4d,automotivo,63,555,3,150,20,6,14
0d070bdf0c723fab163131a8bed98356,esporte_lazer,51,777,4,26100,52,40,42
0d0813646803c7ceca65852df0fd59f6,pet_shop,17,712,1,300,16,5,11
0d0bc6cf9765ffe8b4d3103138c96cdd,eletronicos,60,436,1,200,19,13,17
0d0cffac9618a8f05f06bdd397a47813,esporte_lazer,57,287,3,200,20,5,15
0d0f2c7fcae108a74c895521c62d46f6,casa_construcao,56,459,3,750,16,15,15
0d0f800ef21c01c777f2b36329584404,esporte_lazer,58,214,3,150,20,25,25
0d12d1b700e15453260b6cbc961c04e8,automotivo,55,385,2,50,20,4,14
0d13a341a2916308175bc9e89bdafb73,moveis_decoracao,41,1673,2,550,52,11,11
0d146484c69d613fe015c0229056b065,moveis_decoracao,24,458,4,100,80,10,60
0d16d327b79bf9a0ccc7a4fa02ff7a83,cama_mesa_banho,50,771,1,400,20,10,20
0d17caa71904fab71aaa37e8a370dc8d,informatica_acessorios,49,8,1,825,30,16,16
0d1b16618de7d0c6143e934ea38619e0,automotivo,51,652,1,20050,80,40,40
0d1d0db051b49daf3c58068768d8fd2d,brinquedos,50,425,2,500,16,45,12
0d1d4c0ee61f3136062c253eb289a3e7,livros_tecnicos,50,817,1,650,28,4,20
0d1d766e7cdd4a724e9ea9a18e5177bb,telefonia,49,1948,2,700,23,6,15
0d22e0d0bfa33bac40ccd83ae1c0649d,beleza_saude,35,355,1,300,18,11,18
0d273869567a92a7fa9758f0b5507e87,fashion_bolsas_e_acessorios,54,229,2,100,16,10,16
0d27851a74a2b7abf8e6daa991d005f8,beleza_saude,54,384,5,350,25,15,15
0d2865788d929343bde828269ea3dd8e,beleza_saude,55,424,1,1925,37,6,37
0d2b42712574296324f669c9d2b25cb5,moveis_decoracao,45,297,3,550,18,5,18
0d2c4e029804235bd546d1f771049ef3,cama_mesa_banho,51,901,1,975,34,5,26
0d2c4fbee7db55f38a730f4dd40a9f81,utilidades_domesticas,55,1745,2,250,17,10,14
0d2f2dd7132f16be810fcf84fde2d1ae,bebes,59,1112,3,1350,42,25,15
0d2f3592e105a90c5a25c71efe56ff39,sinalizacao_e_seguranca,51,1213,1,400,16,4,16
0d32505442753393a3f7eece24855c4d,cama_mesa_banho,59,677,1,1350,19,17,23
0d3343f683310b281c291419d96c8132,esporte_lazer,49,434,1,948,49,12,28
0d361d3e685f13bd282a6f3054de5a23,moveis_decoracao,36,563,1,5400,36,41,36
0d368e3a4bd2ebf60c31c214da108e3b,livros_interesse_geral,63,1797,1,600,33,6,22
0d3847e4cbb1d79d2e28b2156f1e11f2,moveis_decoracao,29,631,1,23375,66,43,66
0d3ae9775bb6537884a4cf722b258d83,papelaria,59,672,5,750,25,13,21
0d43f8d3ba891d985e8087bf048d3f85,papelaria,44,240,1,100,16,20,20
0d4e8d3f34ece63cc5132237ccfc0241,papelaria,36,153,1,50,16,6,11
0d5340e7cf010ca42cdf4305101ed005,moveis_decoracao,40,468,5,2000,34,8,28
0d56b4fd97465d99b6ed174ffc7ba133,brinquedos,57,364,1,950,68,42,16
0d5837a2580f92e18e2d1b5f7fa70c2d,utilidades_domesticas,57,1343,10,30000,60,70,60
0d60ec9cf77726af8257bc483d038a72,casa_conforto,49,566,2,1075,30,30,14
0d629cd382c4987f7faf67956dfd103e,beleza_saude,57,1299,1,650,19,17,15
0d69c82f1bc2991a5ec6fff3d803876b,fashion_bolsas_e_acessorios,56,1666,7,150,17,5,19
0d6a874a30783dcb6a96d4a245a8f6d2,esporte_lazer,38,226,2,2450,60,15,15
0d704e7a1f7ac1c5c03247e845d18f93,utilidades_domesticas,40,73,5,200,18,4,12
0d71340b664b3ae1ac8cca807bf236dd,telefonia,49,259,3,200,19,4,11
0d7312f1f397b109b3765a2917e45b13,malas_acessorios,36,852,3,550,16,30,20
0d735ec0b40c02b6f7175205fb0e2de5,beleza_saude,58,981,4,200,16,25,15
0d77d60c579e0b58944b380d57972d88,fashion_calcados,37,480,4,1200,16,33,19
0d77de0f4137ba0f89d3d25191ce4788,automotivo,58,537,2,200,16,16,11
0d784350888156657d65b06af8ccc501,fashion_bolsas_e_acessorios,48,1359,1,200,16,2,11
0d79e2972015716ede4fabeb5b60f8c6,market_place,50,257,3,2150,40,25,30
0d826eba8e0a2ae3bca9e3a947dd756d,brinquedos,50,423,4,250,20,14,12
0d85c435fd60b277ffb9e9b0f88f927a,informatica_acessorios,60,919,1,150,16,13,14
0d86ab499a2af7f2352d18e2a6be12f4,cama_mesa_banho,41,702,1,951,22,15,22
0d86df06a3a526cbe70d2e56c50a0b7a,informatica_acessorios,26,978,3,1400,25,15,25
0d86ff0b639e969a11a7b3dce67e181c,cama_mesa_banho,55,486,1,1850,40,5,30
0d87a475cd933bc600f92e0b346e9c0c,utilidades_domesticas,53,747,1,275,27,15,27
0d89e155a6cf12de15e19e2d67ad14ad,cama_mesa_banho,53,208,1,550,16,10,16
0d8a610fba87a613abc873be8d164bb7,cama_mesa_banho,58,663,1,2000,29,8,38
0d8aaee3e75a9529a387b2e0e52615f5,moveis_decoracao,37,212,1,8050,62,9,62
0d8c593f5408c0e5d59f850bb0a7b499,utilidades_domesticas,44,268,2,28250,90,60,33
0d8c64a12c0e49b2515674c031b965a1,moveis_decoracao,54,220,2,2200,20,20,20
0d8ce3ada96b62b2dd49290fceb45d0f,construcao_ferramentas_ferramentas,47,248,3,2708,29,17,17
0d90fced28b749fa0468818d98cb8212,beleza_saude,42,534,1,983,41,23,35
0d9374142ba86a7c22357ea192bcfde6,utilidades_domesticas,60,1126,3,1275,27,26,27
0d93dbf32345927755c936fe02d5776b,informatica_acessorios,48,493,1,200,18,9,16
0d944ade388f4db684ab7578aadcc0ad,fashion_bolsas_e_acessorios,53,1488,6,150,25,8,18
0d94e21c8156ffa3dcb77cb1d456ef80,cool_stuff,50,323,2,50,61,61,61
0d954479e7991c06d35202c130844b57,informatica_acessorios,39,1105,1,600,16,18,17
0d95dd6703959afe6f64c7ebd49bd9e9,papelaria,51,261,1,1250,16,39,37
0d98754cfefd5a306f6633725f3aed59,cama_mesa_banho,59,186,1,11150,45,18,38
0d9957ab8ffb09053626ff10f7b5876b,perfumaria,41,1044,1,600,21,11,16
0d9cceec564febe77a44f8123dc2279b,telefonia,52,815,2,250,27,5,20
0d9e040b938001c020cc395f7ee87ce7,automotivo,52,126,1,100,16,10,16
0d9f729c5dea994b9072004fd2656cc3,audio,37,562,3,250,16,2,11
0da83a01a5c35fa359ae0553c618d5bd,cama_mesa_banho,48,217,1,1000,40,5,25
0da84ac639a3af13da933faa601a5dc5,cama_mesa_banho,60,184,2,700,70,10,50
0da904b76a8131e90eb8af2e4826ea59,esporte_lazer,40,352,3,700,28,20,25
0da9ffd92214425d880de3f94e74ce39,construcao_ferramentas_construcao,33,449,3,10900,39,12,42
0daaaee8a33938591e1d5b980e65046e,cool_stuff,33,434,1,550,22,6,22
0daacc5e5ecc8beeaccc9e5b96c30f70,moveis_decoracao,58,252,1,600,32,17,32
0dabe0ee04aa9d25592cbb5b585e698c,industria_comercio_e_negocios,58,1930,1,4050,30,20,30
0dadef6ed70b861b14eddb3a3ca6b73e,construcao_ferramentas_construcao,60,1450,4,300,16,16,16
0db01fdc451cdba4ee06ff86de2885a7,moveis_sala,42,695,1,30000,47,42,74
0db04bfc9ca0d0dc2c530e7f2d023160,moveis_sala,58,1116,2,3325,30,11,30
0db0a25da8420d8e6d918b552c3c4891,telefonia,33,145,1,100,20,20,20
0db3775f48739f2e8dbaebeb631eb4ac,moveis_decoracao,57,319,1,900,100,11,12
0db4869ac8a908414823d44d742f5ba3,moveis_escritorio,47,1158,1,17000,63,58,24
0db526498c594b096f9a1ae1aa239277,telefonia,59,676,3,150,17,8,14
0db608cb372db7e5f00b9f8c572b6ff6,cool_stuff,59,2067,1,2300,33,44,19
0dbda89985ac97cc36d9239d67a1172b,informatica_acessorios,59,401,5,4800,18,26,19
0dc157babdb4785891879bc375256724,utilidades_domesticas,44,300,2,950,25,23,25
0dc2c7b7e9708ca6f165c3de6c98a7d5,moveis_decoracao,39,94,5,250,16,5,20
0dc3bdb1240958ec9be2c91cba5bcc57,utilidades_domesticas,47,232,1,250,20,9,12
0dc7e2749b6f2da894167fc88c86a2cc,brinquedos,30,1155,1,263,19,14,16
0dc7ffb1ae1ce3ad090cd7c467d09230,beleza_saude,60,1345,1,2050,20,20,27
0dc88ec6b2635cd62b46f0f1d4c714ee,casa_construcao,57,231,2,4100,27,27,31
0dcb1adbafdcc389972874b01fa249b8,esporte_lazer,39,411,3,350,23,23,23
0dcbc0d012d42719216ea7dff6b90a6f,brinquedos,53,1047,5,1700,28,50,24
0dcc0fb8b17c8d0b86e3f07c78492194,utilidades_domesticas,44,1014,1,1100,18,9,16
0dcd34a72eb2310d44b1e823a4ecc7b7,informatica_acessorios,41,1762,5,5800,52,17,23
0dce093fc7ec4dec214256df878e3c08,relogios_presentes,57,1049,3,200,16,6,11
0dce4d890959f0607b58e7475d13fc86,beleza_saude,33,1230,1,600,20,8,13
0dce4f5243207cc33533e133b634ae5f,moveis_decoracao,60,2240,3,700,69,11,11
0dcf825106493a9e9edd115860e709c1,informatica_acessorios,57,346,1,200,22,22,16
0dd11fb64ad79535d17973b8608eeb6a,artigos_de_natal,51,280,1,250,16,12,11
0dd71bad88beb4fe0f85284f5b06e028,automotivo,55,832,6,2000,30,25,30
0dd8f23d6e66d8b4246e3068d13091f9,cama_mesa_banho,49,133,1,200,16,3,26
0dda66cf50e9782e3b4499568095bba2,perfumaria,40,587,1,450,20,14,13
0ddb2f7b7b817ea4239bfab24f67f742,eletronicos,46,1745,1,700,20,6,16
0ddc12518a71c5561e6c1054f3816a3e,utilidades_domesticas,41,1020,1,600,25,15,20
0ddee7337ebe743e2d8f2fdfd671729a,brinquedos,53,418,2,340,24,13,18
0ddf5b8a3a2a417e9ec403ddd8a59446,pet_shop,52,348,5,250,18,9,14
0de0af2336d127802abb8c8763f46afb,moveis_decoracao,60,837,1,10150,55,30,33
0de11423be68ad641c9be1135450074c,cool_stuff,63,877,6,7000,22,52,27
0de1e69dff6f40f9f71be7034a8bb8d2,perfumaria,42,388,1,579,21,13,17
0de59eddc63167215c972b0d785ffa7b,construcao_ferramentas_construcao,58,339,1,4100,26,8,26
0de92952548b2f0de651515b1af67a07,beleza_saude,30,1595,2,300,16,16,16
0de9e97aea20a7497e01b63e7788e43f,utilidades_domesticas,59,1408,10,30000,100,66,32
0deb7c87c4ffc9afc99fcd59abf45231,esporte_lazer,33,758,1,197,17,17,16
0dee0be4ceb243fbbb1d185e5f08012d,informatica_acessorios,38,179,1,600,60,16,11
0df08d9f73f6c9aece41672e5f3c9cda,fashion_bolsas_e_acessorios,34,272,2,200,19,3,17
0df2a1aed6dc8c10577115fa9e4b6de0,ferramentas_jardim,54,350,3,1233,32,15,29
0df2a7a1ee25a81b032358dbb083319b,moveis_decoracao,42,1931,3,3800,70,4,55
0df37da38a30a713453b03053d60d3f7,esporte_lazer,53,1105,1,2800,28,23,23
0df595995d2f55005a3de2b62ca97189,fashion_bolsas_e_acessorios,49,72,1,300,16,2,11
0df80257de6a3154415598a80718fb81,eletronicos,31,374,1,100,25,7,16
0df95ac688e582eb91f23b4b3ffe7ee8,bebes,60,454,1,2200,40,35,20
0dfb3f08547a24999bb7ec4d025b7d7d,pet_shop,50,263,1,200,20,15,15
0e030462875259ec0cb868f7ecf1fd5e,,,,,800,17,7,13
0e0487ef680ae92e064423238d1b4c05,eletronicos,35,191,1,150,22,6,16
0e0656cd8f9bf2dfad875866965389c7,pet_shop,50,1349,1,485,19,22,19
0e07d90e3275adffecb3d6928d104d09,utilidades_domesticas,45,275,4,501,21,18,12
0e0872c9ae03640015df6e5b9e746a77,relogios_presentes,60,364,2,900,30,10,25
0e089f539eaa543b2d6e4b4b4e128a3b,moveis_decoracao,36,1313,4,1367,39,15,29
0e0b3c0d93556bb5357924c59cad48c9,cama_mesa_banho,54,289,1,3900,36,10,35
0e0be1b2859d8645f40d55e1dd855781,bebes,54,160,4,467,24,21,22
0e0dec1c30232f86f5076622e9f623b6,cama_mesa_banho,58,124,2,9850,20,40,40
0e10dd7cc1cc793351f0a259df91cdfa,livros_tecnicos,34,1403,1,500,17,24,11
0e11633dd5ea3089303dd9a9f226d5a8,alimentos,42,84,1,1500,30,30,30
0e122649ef24efa2051127c4018b13e5,sinalizacao_e_seguranca,41,1243,2,10200,16,45,53
0e13a44cd53f64403d91654786b6adcf,utilidades_domesticas,41,976,1,620,26,24,28
0e13c4b4092996e086fd789f7ecb3be8,beleza_saude,41,2011,1,2163,30,21,25
0e14941c183946f60e3b86585d05f984,utilidades_domesticas,36,339,2,400,25,10,36
0e1694ea20b32def37ee9eec200f9a5c,esporte_lazer,33,250,2,300,16,15,11
0e173417855ce91518a2e79d760f93a9,beleza_saude,57,1276,1,1200,16,30,16
0e18e94d0e545d65bb80fc56c1a00ae9,telefonia,57,458,2,200,17,4,12
0e19c7867209124d5a735e0505c2bb24,ferramentas_jardim,55,1463,1,2350,24,10,35
0e1b67828c6d682c600b49872507d1ae,cool_stuff,60,899,3,1450,20,30,20
0e1cd2215a878ad18b2c0b482330a9aa,beleza_saude,54,1689,2,250,19,8,14
0e1d6728d42f12978a547564c96bfb03,esporte_lazer,42,499,1,199,19,18,15
0e1eb22d9c8c83f1bfb714c149110481,market_place,44,812,5,200,22,6,14
0e1fa2aadc04afbf8fb30200aeba06a2,utilidades_domesticas,54,2050,4,2000,100,28,20
0e20a07ca1714df21f9b07ca3bf7c682,eletroportateis,41,675,2,20800,75,40,40
0e259b36666420c6032de273ef47cdc7,telefonia,49,351,1,200,19,4,11
0e2af4376f0bd3832dec90a4d7b7ec54,automotivo,43,207,2,50,26,2,19
0e2c6b2fc22b192f824a68a0fa537aa0,esporte_lazer,55,525,1,1400,31,36,31
0e2d365a247d105fefc31b17ab8706d9,perfumaria,35,503,1,430,21,11,17
0e2d52789a024cfd6f9204778320a8e5,moveis_quarto,43,435,4,9800,86,8,40
0e304ecd0adea545759479c04134c8a1,utilidades_domesticas,47,437,3,750,34,8,30
0e314819204e6e8c5f4481cf5e8367a4,pet_shop,45,599,2,250,32,5,17
0e323ee8f8dc60a0b875e9ac4daf1337,telefonia,55,359,2,317,21,14,16
0e34187d4312b97b5e698836d28ed040,climatizacao,50,474,2,525,16,17,12
0e34466be9b2d3af8e189b6d27d5eaf3,beleza_saude,44,1954,1,175,16,5,12
0e35a413d832e63c5d46101b7c88de0f,moveis_decoracao,32,165,1,400,32,5,22
0e362037e5f02f62c8ce89f49cb9d520,perfumaria,53,666,2,133,20,10,16
0e3f5da3b1d7aeb2b1aa661a99c4788c,moveis_decoracao,58,2434,2,300,69,11,11
0e40b1ed4cfd3da1962ec91913e54ba8,eletronicos,52,424,1,175,22,11,15
0e429613002a4b7dfa4554005e2ab8d2,eletrodomesticos,59,250,1,250,27,13,17
0e453d51e0da8f98a7297b61328d9a8c,beleza_saude,24,852,1,200,17,13,13
0e46632ce140985c23007bb52b4c4039,esporte_lazer,53,1815,8,23650,45,70,45
0e46a653d7cee79c08431b38fcb67fe9,fashion_roupa_masculina,28,696,2,300,16,2,11
0e474dd27ee6b8386b49a18097d937ae,moveis_decoracao,58,617,2,467,45,4,35
0e482d9064073154832a2311c821c668,moveis_decoracao,32,191,1,450,30,5,30
0e4ed218b40ef29464d9a9c778ea123f,brinquedos,36,389,2,1050,16,13,12
0e4fe8b32f8101e9c6e915281498cf1b,moveis_decoracao,49,829,1,600,20,35,20
0e50d32982ca62c8fdbda9eb2df5e65f,relogios_presentes,45,829,1,250,16,11,12
0e52955ca8143bd179b311cc454a6caa,automotivo,54,1115,3,700,16,5,11
0e529ceb74fce926f8cec35f6cb23986,cool_stuff,55,414,2,1350,36,16,24
0e53d55e7f56c386b4545fb0e9f4dc6f,utilidades_domesticas,49,771,1,4200,38,38,38
0e54696a1223698bef52eeff59a10098,beleza_saude,56,1190,1,1250,26,21,16
0e56431285bc62af798b89f6650d23f9,beleza_saude,58,896,3,1900,33,17,13
0e56789eca7cb6089cbcb26cdae08012,moveis_decoracao,32,1405,3,200,35,2,25
0e5955fbbb16c3f92127ac470386ea88,informatica_acessorios,21,173,1,1217,21,15,11
0e5c138ca746633922f8ed55b2c3d005,bebidas,19,303,1,1400,17,33,19
0e621085968d9a9585ed3c2c204825e2,beleza_saude,52,3939,2,200,20,15,20
0e62e9412bc4636f89f83b9dc9dfd897,cama_mesa_banho,64,702,1,2700,42,11,36
0e632ab9f5b05a2703871a8f27e4e1a7,informatica_acessorios,42,521,3,400,16,8,16
0e643adf6c6b66f31c00e354a06ee0ab,esporte_lazer,59,2842,2,1975,44,46,39
0e6596a7fa2e81995e1ddaddc650cbee,cama_mesa_banho,49,397,1,1640,21,10,29
0e669e3efedd9f3ab75fcbe334e1177e,brinquedos,33,628,1,1310,60,12,24
0e67e54b55cf6c87a00d7f0fd3c5c491,eletrodomesticos,56,161,1,150,20,9,14
0e683e7a71fcb46d071a6b104a685927,ferramentas_jardim,32,389,1,2100,25,32,26
0e687d00ba3214b4aca6397a14d49373,eletrodomesticos_2,52,1012,4,7500,55,10,82
0e6e319f54e663147c771705ab5dec67,informatica_acessorios,34,323,1,500,20,7,16
0e6e9a3510d7c927145921c00077a726,beleza_saude,27,259,4,200,16,2,11
0e6fa23228936f89de3fa23d8fe80a23,utilidades_domesticas,58,114,2,2550,16,30,72
0e71c6a889baea05c4c9ce1b0d58114d,moveis_decoracao,48,278,3,900,30,20,30
0e7216b12328bd161cda08ff05c857a4,livros_interesse_geral,53,1876,5,1000,18,25,11
0e7467f597732a74c1f98f7703117626,beleza_saude,49,787,1,50,16,11,16
0e839be47c2dc028ca3d90e65732b14c,moveis_decoracao,52,2057,2,700,60,7,14
0e83e17abf02965da217273abc39518f,eletrodomesticos,55,357,1,1200,50,2,37
0e8455af924fb157b26a4ab95f28bb10,telefonia,50,3704,6,50,21,8,13
0e8667de30891d1a7de8ab9ebae611d9,cama_mesa_banho,48,207,1,950,35,15,25
0e87ff05afa3ddd73b7920ff4587e0a4,cool_stuff,48,2067,1,1650,33,44,19
0e8850427b0f558b79bc35c9800b6e73,pet_shop,49,458,3,500,32,32,47
0e89c3d718b2577cd55974355651d15b,moveis_decoracao,57,281,2,850,30,5,45
0e8c1dc0559f4a9a4a9066dc8c56755c,utilidades_domesticas,60,817,1,50,16,29,11
0e8d8404861cea31d9b2010514fc53ad,climatizacao,48,2056,2,350,29,5,16
0e8d9a894d190db0d5c32075ab02ea38,cama_mesa_banho,54,229,1,1150,40,5,29
0e8dd4723ed0d8206b7edbe908f35081,alimentos,60,2690,1,250,16,16,16
0e8df33c96f1c03405f222785b9d753e,cama_mesa_banho,52,287,1,4100,52,18,42
0e8e65e0044a4d888d422517f545ba2e,brinquedos,41,177,1,900,24,19,17
0e90009c14c8245b4ec2646c22ca8b7d,fashion_calcados,51,1958,5,1500,33,13,20
0e9083f06ff39f2cfe1ba2c8f589f591,utilidades_domesticas,57,246,5,7900,45,20,45
0e92dcf7b03df1de4e9349af065f8e63,moveis_decoracao,47,372,1,400,37,15,27
0e9337d7797212cb7e691df437a5b207,esporte_lazer,40,754,1,3148,27,20,24
0e942ba3342dde6fd0f8d2e735ac4264,cama_mesa_banho,58,647,1,1300,29,8,34
0e95d6eef2bedaf4ecf3c33f78199059,cama_mesa_banho,56,336,1,1250,50,20,35
0e9923b15d37f33cac70de6648429148,cama_mesa_banho,58,205,3,2000,40,6,30
0e996644bf2835621ca00f6f86c4c521,automotivo,57,280,2,100,16,5,11
0e9ccf7f1a20862f5726769dfe55043f,automotivo,52,1418,1,150,16,27,15
0e9dfb804bafa3d68ef3ee7a621abfb2,moveis_sala,17,531,3,30000,68,55,77
0ea04fc101523a27bb53845d14d7d809,construcao_ferramentas_construcao,52,303,1,100,16,35,11
0ea4159212776c6cc70d802d45145353,cama_mesa_banho,41,187,2,200,16,6,20
0ea678faa34b54418a17e76511472882,informatica_acessorios,55,312,5,4500,19,23,19
0eab6e0791144ef4f29404a4a0a8fecf,esporte_lazer,25,648,4,400,20,15,15
0eae0d3fd2fe4e667213525cd676c1fe,beleza_saude,38,157,3,150,16,6,11
0eb14dca77e29c41da121dfa88b4b0ea,relogios_presentes,59,136,5,200,16,2,11
0eb2c19991a9a90d3536addc877e36a6,utilidades_domesticas,56,381,5,1900,30,15,15
0eb3578b042833dd447798eeaffa44e8,fashion_bolsas_e_acessorios,53,277,4,200,16,10,11
0eb41884a8773e019708fb8409fd8347,bebes,41,1064,1,21467,76,57,51
0eb4fddd203cfbfae403820aca2656e3,malas_acessorios,38,209,1,750,49,10,33
0eb5d1d033dcdd7b9b11658ce84ee8e9,pet_shop,54,350,1,350,16,4,11
0eb5e2c967974b4a88f060ae6610788e,pet_shop,56,839,15,1600,33,30,44
0eb794467bd4768dfbf07bc52a122baa,relogios_presentes,43,576,1,550,16,12,11
0eb8e03d4ef83152c4642b606b5bbdec,moveis_decoracao,47,348,1,2900,40,10,35
0ebe8f2e60fadb8f9ebf63a5841f34f1,cama_mesa_banho,49,282,1,2783,65,14,46
0ebeefa6b739bd9605dec426c7c8a11e,cama_mesa_banho,54,577,1,5350,16,50,40
0ec09d10ef472b982d230612dbd5bd16,cama_mesa_banho,54,289,1,3250,36,10,35
0ec26c826d2fb3863640b6a8cfdc42c1,pet_shop,44,960,2,22600,93,81,18
0ec5f6f08cf32bc916d0ae089696a44a,esporte_lazer,41,435,1,2600,16,16,16
0ec63d4c614fff936b02b10d242bf955,moveis_decoracao,59,457,3,1350,45,15,35
0ec6e7e13e4987eee4e1081a3472f5b6,moveis_decoracao,55,672,1,1550,60,30,30
0ec7b6a863e219792bc4d50d3a62a839,cama_mesa_banho,60,2596,4,7474,54,29,40
0ec884e982b64baccc2612396932cfdd,esporte_lazer,53,1162,4,3950,53,10,26
0ec96e6d31a1493b0475805c9ae1a0a2,moveis_decoracao,48,409,4,1450,24,18,18
0ecad0adea69d2b6331c84db4876d15f,informatica_acessorios,63,423,2,250,25,5,19
0ecade74f3c3fb56a9256d425e7d535c,informatica_acessorios,32,1074,2,300,41,2,29
0ecaf0629e5e227413504f3892bd76ba,casa_conforto,57,337,3,3800,45,15,35
0ecb699933e1e9cc336bf7569ad72e84,moveis_decoracao,24,1707,2,600,30,15,15
0ece029097324dceb8b637673ca7e519,informatica_acessorios,46,394,1,350,20,15,18
0ed0b763ec2b2da79223ed78dfc0263b,beleza_saude,27,1198,2,1150,26,12,24
0ed27993e016d4546e2038bfd75b812c,,,,,1000,48,8,39
0ed343b480193b11dbe4dfa81ac98ff1,cama_mesa_banho,63,837,1,1500,43,5,30
0ed3993c767ad11a9d285e1a6caa2eff,instrumentos_musicais,60,302,1,13900,40,40,40
0ed9a84687fad2d921b09b0ebcc4cded,beleza_saude,53,423,1,30000,55,75,61
0eda670810c42c5fcf92ca8be2a615a9,esporte_lazer,55,365,3,150,18,6,15
0eda6e310c91549299a2f97d0354f7fb,beleza_saude,34,905,2,450,18,13,13
0ee300fb7a6715fdac77e6fb6e7e37f3,audio,57,1024,1,400,25,15,23
0ee362737f0fade7293e5a4f375f2446,casa_conforto,54,217,3,900,30,20,30
0ee57e62251a7e435b7a3142c1f6aaf4,cool_stuff,54,302,3,200,27,8,22
0ee7a6e1cd4ecf72e711a2f68b4d8d2e,informatica_acessorios,42,796,1,1000,31,12,11
0eeb248ad8f9b39dcba17afa65c7ae82,ferramentas_jardim,46,1056,1,1000,16,20,18
0eee5c8d0dc71aeb3fcead3dd83abc07,utilidades_domesticas,40,545,2,2100,48,25,25
0eeeb45e2f5911fd44282e5bb0c624ff,musica,58,143,1,82,12,15,15
0eef510ccdaf8a53cefc1a8f035f681a,casa_construcao,54,290,1,2600,24,24,27
0ef0a1c6a3c510f3f81bde96f72121d1,moveis_decoracao,53,563,2,12200,47,38,37
0ef32bf6866d39b5b0ae604798ecdae4,pet_shop,43,349,1,100,27,9,26
0ef37d421045fdf87dba29f9bbfda772,informatica_acessorios,60,261,1,1823,37,22,19
0ef509449287240ee39e57b7eb630202,esporte_lazer,49,901,1,400,30,30,30
0ef539a5334aaf06f2a028d08021f681,brinquedos,43,713,1,22983,62,55,62
0ef56954a7f2e8c36b83dadad90b9cc9,bebes,46,493,2,350,50,5,35
0ef877bd233e765e7163f9fcb49b6ffa,automotivo,30,331,1,400,20,20,20
0ef8c1b31d81d6b4453f70a61321f73e,pet_shop,63,1451,3,8350,50,20,40
0ef97c3cdccb448931cb0f778af3584c,esporte_lazer,54,253,4,6300,35,20,35
0efaf4b155c6545bdc426ec0722cceaa,brinquedos,59,453,2,300,16,16,16
0efb0a47500c44e05a5930cae12307d4,malas_acessorios,53,956,1,18400,53,77,33
0efc91aa52d1f0669126d3000a94279b,cama_mesa_banho,52,111,1,2100,15,18,25
0efe972876d70927f5099b77f387c6c7,moveis_decoracao,63,418,1,1350,45,15,35
0f0143975760d1205a4285a4e2a1bdea,cama_mesa_banho,50,747,1,1050,16,10,16
0f025e441822f059a260a6ec3001ec0e,cama_mesa_banho,47,612,1,550,30,6,22
0f0c4960b05d6145bbb4b348423503ef,eletronicos,32,139,3,1700,32,5,26
0f0d29cc7928e6e5d01afaa32e77c1e0,utilidades_domesticas,47,213,1,5400,36,15,29
0f0d87a917b0f49861ef994dbc4daf08,moveis_decoracao,26,2595,1,10600,36,50,60
0f11f38f81a4b4ce8ab38eaec02263e8,informatica_acessorios,53,350,4,300,21,6,21
0f1685e5c1430054df6d76621c2a0f8c,cool_stuff,54,1263,4,100,17,6,20
0f1734abf5ee5d3b99353b7ccb117426,relogios_presentes,33,194,2,200,18,6,17
0f18321a5c6483ce8d2b2785f0c8f25d,fashion_bolsas_e_acessorios,33,406,1,200,16,8,11
0f18dd94b11fed8cecd947decde9d3b1,relogios_presentes,37,526,1,300,19,9,15
0f2210490db477cfc80743481d0b6399,cama_mesa_banho,54,1160,1,7800,40,40,40
0f24b7516c5b67c9c686848db9759d88,brinquedos,50,1099,2,430,38,12,20
0f2550707d4df66cbd9937420497ee8b,utilidades_domesticas,54,390,1,500,30,30,30
0f2720a22895fc23480cb778e022a50d,bebes,42,1027,1,16300,44,70,32
0f293868e6ee0f67892919e9ca2f83d7,cama_mesa_banho,60,559,2,610,31,6,29
0f2c1048222e26ef6d48bed2dc676a9b,bebes,54,201,2,450,17,22,40
0f2c63b139240497322ea965de3f694d,telefonia,52,304,1,125,18,5,12
0f2d139d3c1f8d504bea138f27a2fad0,brinquedos,59,801,8,2150,37,44,30
0f2ebb4245936455a76efd643a5e0745,telefonia,39,423,1,100,19,3,11
0f2ee8171adfc13c81f69ff4dcb2b635,beleza_saude,45,1194,1,1413,40,16,31
0f2fd0a589cb7849c1dbedbd4109c2f8,beleza_saude,46,509,1,870,19,17,15
0f322750505d1e7d8c79269bf22aecda,telefonia,46,383,1,200,18,3,12
0f3288619c16188d156acc3ba91f36ab,esporte_lazer,55,266,5,300,20,15,15
0f343c0a45653e6efea356d147833357,moveis_decoracao,51,2010,2,3000,69,11,11
0f3547f2b32d5660a50961768fe2d929,brinquedos,59,1491,2,250,18,18,35
0f370babdc8148e1dd9d4bfc3235982a,relogios_presentes,57,312,4,200,16,2,11
0f3777229e40207d248acfd6e1f716b6,esporte_lazer,64,640,2,30000,42,105,47
0f398da178a64533d9576940656d23cb,cama_mesa_banho,55,382,1,2600,47,21,41
0f39dd7b84f0532254c167aa5ad6bbca,beleza_saude,55,1125,1,333,21,9,21
0f3a9ee2528678ce70458e2dde0a5bfd,eletronicos,52,441,2,100,17,5,12
0f3c8906e5b08127d539956bc587074c,esporte_lazer,27,293,4,3325,71,14,71
0f3de29f8370072525a20385ebbe889a,relogios_presentes,54,574,1,425,18,11,11
0f3f3612d3a594da318f0f7b175a9c14,relogios_presentes,55,1057,1,350,28,10,18
0f40837cdd9606e43215010f9e8fce41,brinquedos,39,618,1,1600,40,11,35
0f412a384a483933ee154a4ccfb03570,papelaria,58,297,2,250,20,15,11
0f4188ecc00cfd99f81763ee9725487c,moveis_decoracao,59,376,1,9600,55,17,45
0f461354af6a2189ef983f8e7a3390b5,esporte_lazer,45,192,1,167,19,11,13
0f4a3e29a1c122f94fe4c48c49d9cfa9,esporte_lazer,56,661,3,6850,93,6,93
0f4d27b820e317c951649da022895e0e,brinquedos,37,337,1,325,17,18,12
0f4dbfe93fbadcce71e1edce3a3e30f0,,,,,153,17,14,13
0f5332231359f783330b784af1b8c3bd,consoles_games,40,562,2,200,21,9,17
0f56d67a1f266a9cf5af6ffd7895bed6,pet_shop,53,1024,2,600,21,18,20
0f59f164d6792e0c4d1757501850cf47,informatica_acessorios,47,627,1,400,16,4,11
0f5d0170c03b333aa1a44fa11e040e75,cama_mesa_banho,33,190,2,900,40,4,30
0f63bdd7e201644735e2c9d8fca69554,automotivo,54,1475,1,300,16,18,15
0f66dd888ff5af9eba17aa59be9870d1,pet_shop,53,856,1,6300,60,25,25
0f677d256ee3a3fa0e23419b98573cdb,brinquedos,57,1411,9,400,21,17,18
0f679de41005ce40722b43993df839e0,eletronicos,36,1755,2,3717,30,14,34
0f67b4ef3dcb82c257f9f14b6f694ccd,relogios_presentes,42,858,1,600,18,18,18
0f6aa686ebf2fa68554cc24d4d29db5a,utilidades_domesticas,55,402,2,10450,80,15,33
0f6e214a2c5baab8c1ccb053a0829f13,perfumaria,30,138,1,100,22,7,16
0f6e2c3bbb97980782ed6cb1506f5d95,brinquedos,40,180,3,750,26,14,26
0f6fe4862e89ffc00d229ccb2fc46159,beleza_saude,49,660,1,483,16,16,14
0f709fbd9fc86a79d0fadcd6c3d243a5,eletronicos,55,1649,5,800,30,8,20
0f72996a8379314700a3ff9e822451e0,papelaria,55,528,2,550,25,7,24
0f7720c31413b5c7790e3f301342464d,cama_mesa_banho,40,305,1,1125,30,15,31
0f784f8f15179b9e101beb85796efc1a,beleza_saude,45,532,2,400,24,8,24
0f789be671fe3bd93cabfbb4a710f282,cama_mesa_banho,47,325,5,450,20,10,12
0f7b5d8f0464562dd0d3e46054e0bd0e,beleza_saude,39,1761,1,2500,16,19,15
0f8016710ce920034150241f0b8b5def,cama_mesa_banho,58,665,1,4400,42,16,36
0f80705139ce16ea35bb489987399b55,brinquedos,49,216,3,550,30,20,20
0f80ccf7348ba5bda717ff8fadf34552,fashion_bolsas_e_acessorios,35,1422,6,7550,60,15,50
0f81e9b864727ae5398d12bea4061449,eletrodomesticos,57,252,1,1600,55,7,38
0f820791c5bd8fc3b05f6b897877fb1f,construcao_ferramentas_seguranca,60,972,1,1000,50,25,30
0f840300fe45ba963a5d215b62e6f767,brinquedos,50,167,3,350,16,13,16
0f87a012d70771e94374b5a1a037f1d8,informatica_acessorios,45,499,3,250,19,4,14
0f8977d115c52d93a05dd4eb7052baff,cama_mesa_banho,59,266,1,3975,46,12,43
0f8b90fdd8f2e3b0fca368349e2c298d,perfumaria,60,662,1,200,23,7,15
0f8fbb821185443113de3e04ef989be6,cama_mesa_banho,55,291,1,2600,45,17,35
0f91b6a95a57a43203a9b17de98960d9,beleza_saude,23,274,1,390,19,12,17
0f92f397b79607d4226672220bd7a291,esporte_lazer,58,482,1,975,35,19,16
0f96cb6fd0ba832f2d7a21d13b251526,informatica_acessorios,49,1245,1,2200,18,25,18
0f985682d883837be42a813f58a91885,moveis_decoracao,59,309,2,150,22,12,22
0f9a07df17934769a978a9b2917ba8a3,automotivo,58,579,4,550,33,27,26
0f9d4a8cb14c962e53120a6f7a3a215a,perfumaria,41,230,2,600,20,20,20
0f9dbdf3289052ac7406ba5bc1b0dbc4,relogios_presentes,51,486,2,250,18,14,18
0f9df08ca6757f6d5158b71f5d307724,casa_construcao,46,866,6,550,17,28,17
0fa0bd7ef862a1a28d6cd9701fc97f6c,instrumentos_musicais,50,1053,1,400,19,11,19
0fa3e881b0014107d46c7fb9d55fd685,fashion_esporte,55,511,2,200,16,12,12
0fa476a9aacb3891e183154dc8d3ddbd,pet_shop,47,564,1,5025,55,15,40
0fa49c14fe89e1b01414391d78f7c1a8,ferramentas_jardim,48,595,4,200,30,10,20
0fa5346b6f4924f70dd712764271c52f,telefonia,53,253,1,100,18,18,18
0fa690a43af8987193508e22fd5b32ac,eletrodomesticos_2,60,982,4,4765,32,15,30
0fa699aaa0a38aa5d1de8e7fe04d2204,,,,,17900,48,32,28
0fa81e7123fd0ebe03adbbe99d912827,cama_mesa_banho,60,189,1,1350,46,2,36
0fa8853b873ba06e7d27385fbb1411ca,moveis_escritorio,52,1501,4,16250,57,55,22
0faa4ca558654b554d4d09abd8fe33d2,informatica_acessorios,60,534,1,150,16,6,11
0faf79119af5cb143f82d98d27d9c5e3,moveis_escritorio,59,1068,1,7133,52,52,17
0fb1658e227645b2fe14d8ba74d48606,informatica_acessorios,59,2338,1,3450,52,17,22
0fb24ffeb90c073288dd0de0d015cd51,malas_acessorios,49,277,1,600,22,44,39
0fb3fae6c3a74bc9fd48a66d0be5f378,utilidades_domesticas,45,448,2,22050,70,35,51
0fb4287d451ca41ec9311a82fd9599a3,cama_mesa_banho,52,276,1,850,34,23,42
0fb6b59dfdb5d97bed3bef40ffe49885,relogios_presentes,54,644,1,300,28,10,18
0fb817c334895944db8933eac77bbc0a,automotivo,27,209,2,100,16,2,16
0fb9aa9a6103872d8f580d721e099f89,construcao_ferramentas_jardim,32,1908,1,3863,19,20,19
0fbbab2c9572a69294f4cd0f59ba4a4e,eletrodomesticos,60,161,1,1800,65,8,38
0fbe487106cf1d260fa38c000eaa0dbd,moveis_escritorio,43,1372,1,15817,54,48,30
0fbf220f61720a67fc0d6432cb32a5b4,ferramentas_jardim,60,921,2,10650,22,28,44
0fc323f82937aa2d350753be764a155f,ferramentas_jardim,43,219,1,1900,45,30,42
0fc6914383c2bea767a9562c9d8b43a1,informatica_acessorios,52,644,4,338,32,6,36
0fc7f4e83e0ddb5b32b62487c4bd31c4,bebes,40,964,1,300,20,15,15
0fc9a9ac471336734e8617de0b3c9ae1,esporte_lazer,58,461,5,1250,28,12,20
0fca2bf7fe83539c429a0357389333e7,artigos_de_festas,53,332,1,2100,30,35,30
0fce35c0b7338bda3e52e2389f0c0762,moveis_decoracao,61,157,9,3450,41,15,25
0fd34234ad17b2324b58696fb78e6c2e,ferramentas_jardim,33,472,4,5400,65,7,27
0fd55f5dee013f990c929cd3ad6bfee0,utilidades_domesticas,50,3027,5,2725,37,17,37
0fd681f9cda34792a6404631648ac5f3,instrumentos_musicais,26,821,2,300,30,7,30
0fd7c411bd5b0e103be4a2e18642c79b,fashion_bolsas_e_acessorios,39,817,1,100,16,5,16
0fdd1ea79f0f2ec81697ccd021d6d992,informatica_acessorios,42,271,1,490,23,10,22
0fdfe56a4dfd7aab5a321fe89f7fc63d,cama_mesa_banho,54,190,1,1350,35,15,25
0fe09f32709c79ba4bf19d43c4e49515,,,,,800,16,9,11
0fe46ce0313d625bd5c3b7e0bb918d55,telefonia,52,1455,3,100,16,3,11
0fe71728868b7995080b3971f0b94c70,esporte_lazer,53,414,1,5850,25,90,12
0fe81ae548bfaebcb1efcb38208efa1c,utilidades_domesticas,55,607,1,1000,37,11,34
0fe922b7f7d43ef454bbc241416e7401,esporte_lazer,45,429,2,50,20,11,11
0fed0bae4b5a992499e06472a0344d8d,pet_shop,47,1077,1,6372,64,17,52
0fef1ed59f95cde0a1318e54d2bebac5,esporte_lazer,57,3884,1,3100,22,22,22
0ff06f670421802f36a7082dc962c6fb,cama_mesa_banho,57,295,1,5700,60,20,40
0ff3339eba4028a9dc569a61229c465a,informatica_acessorios,50,801,5,100,16,4,14
0ff5724c5f19f85ca8e95529a6340c3e,automotivo,35,350,1,21100,27,27,27
0ff59b72d617a0138284cdc464928127,automotivo,56,254,1,5775,104,35,30
0ff5f3f4eb547a3d1ff9625cd85e4ad0,esporte_lazer,35,681,4,200,25,5,25
0ff85f553a8763acea7d184bdff70e13,eletronicos,51,865,1,528,17,19,14
0ffd7e5d9372f67eb4346205f0cbcb2a,moveis_sala,26,907,1,12375,56,70,18
1002287b975c051e4f283579598cf6d2,utilidades_domesticas,58,471,5,8250,33,35,33
100260bf9206d859dc8db128c8c5afc9,utilidades_domesticas,46,79,3,300,21,10,18
1003992d2a8d1e7f870643148854ddc7,eletrodomesticos,53,1503,2,300,18,8,13
10070e29929f7c7d609ee3201f236b8e,casa_construcao,44,421,5,1250,23,30,15
10097e23f7a5bf3ce7ec60cfa8603f4d,automotivo,53,264,1,1650,45,45,25
100c85a71d709c9f00d0381b88853c35,moveis_decoracao,63,473,2,850,80,10,60
100e8441d08795468a34832962d2eaf6,moveis_decoracao,63,200,4,950,20,5,20
1010bcae3110d01e187c7fcf789207bc,beleza_saude,60,918,1,150,22,3,15
101103127867af6d2af98dfb2da6c78f,moveis_decoracao,63,870,1,30000,60,65,60
1015bdc42b2ec0548e728cdc0ad72380,cool_stuff,59,1339,4,7150,17,8,32
1015f4f024ec3cd0f9516a779ece52dd,moveis_decoracao,63,418,1,1100,45,15,35
10163fabc9375e9bb72a109272730c6b,cama_mesa_banho,56,258,1,400,45,15,35
10168fab995250ab1d4349ecc8321ec7,informatica_acessorios,59,181,3,100,16,8,11
1018789226ee7a23b5fd719413e80cb0,telefonia,59,734,4,300,17,4,12
101a896b1137f70a7bbb2b9fac61458d,relogios_presentes,46,561,1,342,17,9,12
101c0247b2686b1ec77fbd9b7bc7cb17,beleza_saude,57,1104,1,2225,33,20,17
101c51628f18e013a1b2900a8f275fd2,moveis_escritorio,50,1745,1,11000,58,28,58
101db7b4f26cc560363660d06fe980cd,fashion_bolsas_e_acessorios,58,749,2,200,16,2,11
101f391b9c83dc14c8f6147dcb70bfd3,moveis_decoracao,48,873,1,6200,18,5,20
1020b67af447026e34fadc5a08f786b1,automotivo,58,1145,6,3850,53,43,11
1020d163f03db957860905e9bfdfd414,cool_stuff,55,305,3,10300,52,44,27
10230be3f50a9367f8220d6c126f0dc6,,,,,16000,80,60,11
10244e4307f7a1575e022f248b51402a,cama_mesa_banho,53,105,1,1400,30,10,20
10262dd1d69315c5a855b40812520578,cama_mesa_banho,50,525,1,800,50,16,44
102675e79534119994f7796d30f7fd6d,cool_stuff,48,322,2,600,37,19,15
1026a916e88dfbc27528445d448619b2,esporte_lazer,60,994,1,550,16,16,20
1027d3061ac141bbb2ea003c63dc3d66,automotivo,51,883,6,5950,53,43,11
102977ffbec43473f129d2e77b019475,utilidades_domesticas,48,514,1,1138,35,28,24
1029c7348ca63cafc3b859dec2d705d3,moveis_decoracao,31,217,2,925,35,7,33
102b1fe1f933799b59ec8fd2ae89d7e6,esporte_lazer,48,1141,1,1200,16,25,16
102cdda7fcf3cb71b5f9d6d2a3e56b58,perfumaria,50,1504,2,700,20,20,20
10335f29114548c89998eb43398f58e5,relogios_presentes,59,718,5,250,16,2,11
1033f9821d88262baf13892e285de798,moveis_sala,42,566,4,950,61,13,25
1034b97aafcca692c8a2157f58f5b637,cama_mesa_banho,60,460,2,467,45,4,35
103704a4243ec0118742f6b229b029d7,esporte_lazer,46,1553,5,1800,16,7,11
10396249c30f74b20403120c8c3a49c9,relogios_presentes,48,549,2,279,16,12,13
103aed057190376889bc9e796affa24e,bebes,34,1355,4,332,16,16,15
103cc8c441a717d9a54fca312ae8ec3c,relogios_presentes,59,602,2,225,16,14,14
1042c4a6f451ec0825e8accbd9486349,moveis_decoracao,51,498,1,3600,30,30,30
1046440f587e8b22c047de8ab39095dc,bebes,59,832,4,650,38,15,43
104b9503ee57d0aa2cd3a6448f242636,construcao_ferramentas_jardim,35,717,1,3567,24,24,21
104df90728d375537321e6d994168cc1,ferramentas_jardim,63,735,4,5750,41,18,27
1053d2f1df34b526957673f25a1b50e3,utilidades_domesticas,22,198,1,275,16,13,14
10558db20f88e2b71f8dff4614f9e3bf,eletroportateis,46,1750,2,12100,35,45,35
1055db476dfbed87313ac8481c2597c0,beleza_saude,58,826,3,1250,28,6,28
1055eeaf8ff86006605e1d7caa3bf310,eletronicos,55,303,1,200,25,7,16
10575a1b638283f7cc928d01f29416b2,esporte_lazer,58,139,2,4600,32,37,21
10583f0f24319d0c8db47ac35e977021,beleza_saude,58,1465,1,550,16,10,16
1058e78d49ac73bc388e05633c15f47b,beleza_saude,53,1509,1,100,16,8,15
1060d9ab6b911bfce1439c25afcd790b,informatica_acessorios,39,1257,1,130,16,13,13
106392145fca363410d287a815be6de4,cama_mesa_banho,58,309,1,2083,12,2,7
1065dbb6b0bf03daaedab1236979e296,papelaria,49,488,3,1400,38,40,39
1065e0ebef073787a7bf691924c60eeb,construcao_ferramentas_construcao,59,339,1,4300,29,7,29
106686a363064e034fee1344220be7bf,malas_acessorios,54,929,2,4000,35,20,50
1067af1d38844dcfaa3471839f922c27,brinquedos,33,254,5,9080,57,24,45
10698a66d71ebd12be9e8c39302c74b3,pet_shop,56,681,2,150,16,11,11
106ebc8f9982193679d02a4584947b89,automotivo,59,114,1,300,16,2,11
10714d6a49c0af9ccdab2d806887c5f5,esporte_lazer,59,254,1,700,40,45,25
107177bf61755f05c604fe57e02467d6,moveis_decoracao,55,130,1,2050,40,11,34
10717ff440b2320081989126e858b220,cama_mesa_banho,52,263,1,4867,70,16,50
107235293b5479d6ec3861e1348ea633,cama_mesa_banho,40,575,3,6375,53,24,38
1074656a4fa698879d65d619f58083b2,esporte_lazer,57,779,1,1150,26,23,21
1078e04ece7f1498a5ea393bf9c4eb98,utilidades_domesticas,41,261,1,1000,28,8,37
107bf5aa8cee35a9fec5e0bf1fd5e1cd,sinalizacao_e_seguranca,15,224,1,150,31,12,21
107fde0930956120d1e13dd1062fbb46,moveis_colchao_e_estofado,51,418,1,30000,60,73,60
1081ae52311daac87fb54ba8ce4670ac,esporte_lazer,38,233,1,300,27,9,14
1083861ebae6fec08fdafe497cae7061,perfumaria,41,221,1,465,19,13,16
10853770629fe365086f9522cb540549,eletroportateis,48,762,2,13300,70,40,40
10876ffa7227a74d878729d3f6bea35d,pet_shop,46,474,10,2500,45,15,28
108952e9e1c5cbd3f2b29ec2893c33da,moveis_decoracao,63,246,7,900,28,11,47
108b4577021cb9224b64dd2d3d24646a,relogios_presentes,40,416,1,350,17,12,12
108c2bc00375b068ec4d353bfe3649ce,fashion_bolsas_e_acessorios,57,61,1,300,16,2,11
108dbde571d17eee3c21fa2492e8921b,beleza_saude,55,1200,1,900,18,12,18
108dfaacffadeceb87032609d340722c,cool_stuff,47,390,1,800,35,15,30
108e01163b7588c7924ec8cb5ad81b63,esporte_lazer,38,863,1,1500,26,17,17
108e21a48f54c559e2186db8a4bec9f9,relogios_presentes,53,469,1,1113,30,7,28
108e8b1d89ab5ff933c64882c075dcab,beleza_saude,43,1023,1,390,19,18,16
108f543335771c62fd62bef0dfc035bb,utilidades_domesticas,58,639,1,1350,30,30,30
108fa3ef6742ead062d9ad59b471ce26,relogios_presentes,50,1263,2,400,16,11,12
108fc05afc7b739e4a355e2bfa12bdc2,bebes,58,1149,2,500,30,10,30
1095122297a4faeebb3dd2cb4c9b497d,automotivo,57,703,6,5950,47,19,23
10953168e42bc4a9f7bb6468974cb5f8,livros_interesse_geral,56,962,1,625,14,13,14
1095f63b46911593e051ed9a0d31fe87,fashion_bolsas_e_acessorios,45,887,6,50,18,18,12
1097d069f21f90425a11bb3293ca1d87,moveis_decoracao,63,682,8,1700,43,36,25
10990aaa402c4692f9eb94cbc354e53c,cama_mesa_banho,47,158,1,3128,60,24,39
109983f132d309f8a11e057d5ef46936,moveis_cozinha_area_de_servico_jantar_e_jardim,46,655,2,2200,36,46,36
109fd3a5e5fd6faa5a8cf99470cab84f,moveis_decoracao,56,357,1,400,30,7,30
10a03d415cde6853f5f246661f9d1bf0,perfumaria,47,902,1,300,16,11,11
10a21a549ce4ea6b6218d0f6a235d1f6,moveis_decoracao,63,626,2,2400,38,7,28
10a3a969b9e7d03b0dc2384ebbcad6ef,automotivo,48,670,5,23350,64,64,51
10a6596b3224c408ee46c8aaaa2977cd,eletroportateis,58,823,1,450,30,20,16
10a845be3ffe8a78dc20db2941c2d951,beleza_saude,48,886,2,450,34,11,17
10a96b8c9e62f372aaf40bf8ec897a75,automotivo,47,376,1,1100,85,20,20
10aa0f6833300990dff6f6763cc7ff8a,informatica_acessorios,25,194,1,899,20,16,15
10ab16a7860f0bf18ed851ca94ab90a5,beleza_saude,40,707,2,100,18,9,12
10adb53d8faa890ca7c2f0cbcb68d777,cama_mesa_banho,52,155,1,200,16,10,16
10aecaf5be4119fd6b8b9e2e8a5a1454,cama_mesa_banho,50,181,1,650,40,2,30
10b0226d162bdc55d60c0eabf68c7021,esporte_lazer,29,502,1,200,16,16,11
10b121bc6ceb3f390402649881a15554,brinquedos,38,399,1,300,16,16,16
10b930e4c15b5f8e6b7c8c7e17ac776b,consoles_games,37,360,2,450,19,15,15
10be3a54fb1b2a42ee3ed8c9ee32010d,moveis_escritorio,41,2433,1,8200,58,20,58
10be5827cbcb06a81f220d46dafd0af0,beleza_saude,54,1281,1,375,16,3,11
10bebf92134e2365890500a92a4b2574,moveis_decoracao,34,252,1,400,16,34,34
10c0e80fdc9bcd975fe45e75af61b256,utilidades_domesticas,47,313,1,5475,26,37,40
10c1d269f014818d6ed16aff376c098d,beleza_saude,35,962,2,209,17,12,14
10c2160beca6757676b447aab88e5129,informatica_acessorios,37,978,3,1500,25,15,25
10c406279c428b45c54cc17645cca63d,relogios_presentes,59,2225,5,300,16,2,11
10c4eaf55e7f131da4a031ab54b62274,cama_mesa_banho,59,289,1,3950,40,12,38
10cb4574e88302b21a629d95fe74c54f,cama_mesa_banho,59,345,6,4950,56,12,40
10cdbbacd25110d10f8cbe925ea7853f,moveis_decoracao,41,1191,1,8975,57,57,22
10d13c18c631962fdc16cf4bbe67c730,esporte_lazer,32,1132,8,10200,105,18,28
10d196ec072e2d8382c7ec9c942d7ea8,esporte_lazer,50,315,4,250,22,6,15
10d2b7a176cd8a35bcae7c15e0e7626e,esporte_lazer,58,1033,5,750,16,10,11
10d43b23591dde746f32fe6a7beb5bfb,beleza_saude,46,803,1,150,22,3,15
10d9c039b5dcb3b2a4a4fd507fd187a0,cama_mesa_banho,52,127,2,900,50,5,50
10dae91e0aba95747e90280edeffe883,bebes,54,1027,3,100,17,6,11
10dbe0fbaa2c505123c17fdc34a63c56,,,,,800,30,10,23
10dd77710da08ea43018cb3b4cedff92,esporte_lazer,58,1185,3,400,27,10,28
10dfb99fdae9b721c39b7458564397f6,cama_mesa_banho,57,293,1,3450,50,10,30
10e33205ed375c8e4dc957633ae2ed83,agro_industria_e_comercio,59,436,2,6650,46,76,46
10e7b44b01fc53988df2b73395cec6fb,instrumentos_musicais,57,937,3,650,70,12,25
10ea4a7c88d50bd3568146a5522d8d42,telefonia,37,922,2,100,18,6,11
10eca571d1658f6a268a7bd6055a4a9c,construcao_ferramentas_construcao,48,848,1,1350,16,20,16
10ee3576fcc55c71728a897eed8d2f95,ferramentas_jardim,31,227,2,1450,68,3,48
10f2ada0cff82206dc9afa52ebac690b,livros_interesse_geral,25,3655,1,500,16,22,15
10f2f7707444b16ab90c38797c095336,relogios_presentes,51,595,6,350,16,2,11
10f2fea49b203930a1f4c0a3a892d960,alimentos_bebidas,50,568,1,400,33,21,27
10f50167caa9977081afd4052657f36c,ferramentas_jardim,51,385,4,250,19,3,11
10f75f0d9616ccb68feb85e06535efcb,bebes,30,875,1,1350,44,6,36
10fcf43ab3ca71e2b2e99bd6e6caf7a7,esporte_lazer,33,587,2,1550,20,10,20
10fdb0e6ef1170ede7a6a3d6634869ea,perfumaria,52,587,1,743,20,13,14
10feace590e85f3804756b2fc1f6bbda,eletrodomesticos,46,147,2,1200,20,12,15
110372508609f644a4ed639c1c9440fa,brinquedos,60,1182,5,550,25,16,16
1104a5c02e696d89b7d86e6b2e657795,informatica_acessorios,41,498,1,600,18,9,16
11059273f4bc1a293777e98c89807c62,beleza_saude,43,1565,1,1050,22,15,17
11068d52d5927407c556ffd893c3feae,beleza_saude,43,1364,1,2300,30,12,16
1107055c5c960ef6e183e781260aeafd,telefonia,59,752,6,300,17,4,12
1108e11fe60f34cb7f2a832d96c17137,moveis_escritorio,37,2071,1,10850,55,24,55
110adb18eeba9a0984478ee3c9302e16,automotivo,60,1659,3,550,16,21,18
110e153a52beae118fe6dc43ef592e0b,brinquedos,33,646,1,850,35,30,20
111110604c6d3718f07e26dbff3d46bc,eletroportateis,39,57,1,800,16,35,25
11121012a254e9ef9972155d93f9def1,esporte_lazer,47,3084,1,2186,29,23,25
1114429023023d2546ff428bfda1abcc,brinquedos,40,130,1,650,30,16,25
11147e87671eec98729e98e8e38c868b,automotivo,39,806,1,8650,48,24,45
11165ade430c6cc010bb0042fe88d150,brinquedos,47,994,1,900,50,40,35
11182511f8556822085ea032df785dae,eletronicos,35,615,1,347,18,12,13
11185dbab7a8593a8f117c4df8be18dd,moveis_decoracao,47,1096,1,19700,42,100,42
1118c2ea35cd20b94fe2a16c483cd1a4,telefonia,54,818,5,300,20,3,20
111a3ef82d77e13260a73fbf58c41da5,perfumaria,59,509,6,350,16,5,15
111d0b1e69f349615615113cf6b275fa,esporte_lazer,48,350,3,750,50,15,15
111d8a7b2ef16e6e8c71a069075f8771,telefonia,40,928,3,100,18,18,18
111e2f43245b193147270aba6d558129,beleza_saude,39,371,1,150,16,3,15
111e742af54b3ee11099c8b396e1eece,construcao_ferramentas_construcao,60,1282,2,1500,54,10,11
1121a43969b79e65010c2a5cdd0dcb6c,utilidades_domesticas,58,1204,1,11489,42,67,42
1122726437ec94b92705d85be11b4019,utilidades_domesticas,41,808,3,650,16,10,11
11250b0d4b709fee92441c5f34122aed,agro_industria_e_comercio,28,388,2,3000,30,30,20
112626d1abc7dfaab81063699f0e5600,utilidades_domesticas,52,267,2,10550,30,50,30
1127c7ede26c4c4d41eb80848d0bdb32,moveis_decoracao,48,525,1,1550,30,30,30
112c1451beb754fad2e4b654fc84dabc,beleza_saude,48,800,1,775,16,27,24
112c98970afb0e6dd81c05ddd447416d,eletrodomesticos,52,372,4,200,27,13,17
112d3b0704a6ed73f5b7bbbaf59362b5,utilidades_domesticas,57,380,2,550,18,12,12
112dad9870ca76046f327b9c08f00b29,brinquedos,40,1493,1,700,31,5,25
112e1856649c6762c1ca6058d07f2633,esporte_lazer,59,1203,4,500,80,8,15
1131505c80690c39fe3696048a24fc2d,automotivo,52,383,1,980,17,10,12
113691e29d92130f086ef9c9a463db10,beleza_saude,58,2167,6,900,27,4,11
1136bf18450b05b755f50b49657c1943,eletronicos,53,265,2,133,17,9,14
1139f00effbb6523b59f6e6ebddc6d44,esporte_lazer,60,1628,6,1900,40,18,22
113f80f12c8892f0c59206f70b862b40,cama_mesa_banho,52,170,1,250,16,10,16
1144808d80753334c836d4bfab367400,informatica_acessorios,56,257,1,325,46,8,20
1146013b4da16ab073768dc76089aaa8,relogios_presentes,53,591,1,266,17,9,12
11467aa972053382530a1b91591eae38,beleza_saude,60,506,1,575,16,14,15
1147151b874f436976ef5ad14a8a7694,brinquedos,58,382,1,450,30,15,20
11491792277842adf3f5bac76ae3dbf5,instrumentos_musicais,57,2969,5,100,16,16,16
114a9cb094339f99851ada566136661b,cama_mesa_banho,59,2735,4,1450,41,15,51
114be868e131c0ec44f054b335118724,esporte_lazer,57,419,1,1600,22,12,22
114cf6e338f90a48f7fae837c70e8325,moveis_decoracao,26,304,1,2400,37,30,20
114d1f71a8c0da5baa0894d00b9debb6,esporte_lazer,35,421,1,150,45,10,11
114f462f985151e853a896d958657416,fashion_bolsas_e_acessorios,49,313,1,150,16,7,11
1155065aa63d0a6d301e174ebb2972ea,esporte_lazer,34,465,4,1400,27,12,49
11566035935b80d02a0c8a261546610b,beleza_saude,46,1322,1,367,16,20,16
1157473164d02565ae5be0b614f9d2d8,fashion_bolsas_e_acessorios,34,466,7,325,18,19,12
1158f353b550ac2a2dee2239ac64f79a,informatica_acessorios,52,171,1,750,40,27,12
115bc0865dc675638645e1ab5311e30c,bebes,46,726,3,850,42,25,15
115bc2b948bfb128b7aaf878e50a9b5a,moveis_sala,48,219,3,800,16,5,20
115d882d50c476a481e899b79aca6174,eletrodomesticos,59,1304,1,600,16,10,18
115e606ac8059e4cfa1c6c3310fb365c,informatica_acessorios,57,1525,4,285,17,10,13
115f1b22fcff1674f62e4e4dea4aea1a,relogios_presentes,58,1843,3,300,16,11,12
115fdef806a3b8e9fc52a1dee818f2de,bebes,49,376,1,450,35,2,25
1162c818d0d0f9f4887164cd636bd760,utilidades_domesticas,55,1776,2,1150,50,10,35
1164c17af70425821f88bfbdc9e907a3,bebes,44,282,1,550,50,10,50
1166bc797ddf5fb009c376d133f61204,utilidades_domesticas,55,65,3,1100,36,20,20
1166c098840d03686b633fe2612c5f2d,beleza_saude,56,632,2,200,20,10,15
11671ad86b98844d1d40f79a7f3ba1be,fashion_calcados,49,375,6,300,29,7,16
1168d8ebfef41c2720053c4c9f78ac87,moveis_decoracao,52,2082,2,1050,69,11,11
1168ebbaa08c1f416c8c880dd470171c,cool_stuff,52,874,1,1100,42,25,15
1169ec485506aa10f38d941275dfce4b,utilidades_domesticas,58,381,5,550,18,12,12
116a034e82f0914338091260ec0fc668,cama_mesa_banho,39,582,1,1300,35,19,45
116a75888dbca93a1c26c5d5c949b175,cama_mesa_banho,56,122,3,800,22,13,16
116a8f521211c179741c051816f2b898,cama_mesa_banho,38,353,1,1200,16,10,16
116fde656744c95dfaf5198cf9f729f9,moveis_decoracao,31,592,1,900,42,3,32
1175dc374bce5c9d93c4d4281d8d85d7,perfumaria,52,693,1,400,18,18,18
1176fc831c22bd69f919a091f888fd65,moveis_escritorio,37,487,1,2200,50,8,32
1177a4988372a9eef0836c4c875cc816,informatica_acessorios,55,120,2,50,16,8,11
1178e5819b87e4a8846d636e39df026b,automotivo,62,418,6,400,16,7,12
1179867d805886591809f49767db9ecd,informatica_acessorios,52,570,1,1350,23,9,23
117d03b1d09e534e76b4f4ac9d908b49,papelaria,53,303,1,310,21,7,15
117f28333ddc9e8907cb03431b06fa80,cama_mesa_banho,57,204,1,3050,45,20,25
11810c1eaac441e272977edc26016b38,fashion_bolsas_e_acessorios,50,1359,1,200,16,2,11
11828bf6a0621fec5b783ddb0da1a766,pet_shop,61,796,1,350,20,20,20
118300f12ed121839fd8035986a012aa,ferramentas_jardim,59,179,1,6000,30,22,14
11875b30b49585209e608f40e8082e65,esporte_lazer,26,1465,1,1032,17,15,16
118c36d1c7ee6e3261fe81d58986a0a3,construcao_ferramentas_construcao,58,330,2,200,20,6,20
118c95783c21dc3d1896a9cb46a240ae,moveis_decoracao,44,2029,1,500,47,18,15
118fa7a08a83564776c37433aca3ca71,brinquedos,47,411,1,200,28,13,22
1190eb246390ebf377a858260f546a98,relogios_presentes,55,750,1,500,20,13,13
1191e61a83c807323c6c1cb5eac9ff3c,telefonia,59,777,6,350,17,4,12
11932ee7ef31a4bb2bb4ea148568e7fa,pet_shop,34,763,2,650,31,19,22
119618b5b8b80a24cd99506dd5424864,beleza_saude,53,137,3,200,19,11,23
11969b52203d89d67f5d9aff274fc35d,cama_mesa_banho,53,118,1,700,25,15,20
11970aff9a8cf29a520127d0d8100901,moveis_decoracao,53,1750,3,2550,105,3,70
11998bf6cea26d8ab6b3948560f64951,eletrodomesticos,59,1031,1,700,18,8,13
119addecf70b398c86bec023de4b8786,moveis_decoracao,59,1180,2,1950,43,14,12
119cfca51257edda1acecb4b8576ec48,cool_stuff,59,1618,3,600,16,14,15
11a0fdc4251f15bb96dbfff7ef5475eb,moveis_decoracao,59,2007,4,2850,69,11,11
11a10f5773a7da9fb352dfe9e119803b,cama_mesa_banho,57,906,1,1600,32,9,21
11a5b67d535b545294cb946e2f7d5966,fashion_calcados,57,404,4,850,22,12,33
11a8af1af041fa2d890e7922566feadb,fashion_bolsas_e_acessorios,52,264,5,200,16,6,11
11acb40fe03811a7bc40babe5d11c752,relogios_presentes,53,481,1,400,19,13,13
11ad873e7f5b2a8fe696997ba983e2d1,cool_stuff,60,811,5,16100,82,77,15
11ae52c87d8eb9c9c9ce5ed52b8efbbe,beleza_saude,39,2192,1,100,16,5,17
11b01f1cecc2e56f57fa038e87fe6684,construcao_ferramentas_construcao,57,373,1,200,16,5,20
11b062c710beb867b4897ff2728e828d,moveis_cozinha_area_de_servico_jantar_e_jardim,50,445,1,1000,34,25,25
11b095275420b5d5123e163f058256c3,brinquedos,57,126,2,5700,39,30,29
11b0cf6be60c190c8485edd39f8f9dd3,automotivo,41,432,1,151,19,16,16
11b2b219c6995bd51ac7973c2b352a0d,cama_mesa_banho,59,679,1,1250,19,17,22
11b55fb352612d128f0acbd129bb917a,automotivo,46,2033,2,1867,21,18,19
11b66b9c3298383e765fa69bdfd86e5f,esporte_lazer,36,140,4,100,34,2,26
11b87559bbd51bf8e14c5937b9646344,moveis_decoracao,52,421,2,24100,47,11,25
11b906b2a09fb80668f4478dd3f9c324,utilidades_domesticas,42,963,1,750,16,30,11
11b9c6d7a3eee514887db2204eb97ec5,moveis_decoracao,58,242,1,1300,40,10,34
11bbef4e2a44601d9dd471aa1fb433e6,beleza_saude,52,1222,2,838,28,14,21
11c273f63badb1626f41abce9a038587,papelaria,44,386,1,1900,19,15,13
11c3ff6555092bf425ea842a023a7809,cool_stuff,46,507,1,1650,23,68,25
11cf21fc07b965dd7f4bf7a2c3e5f1c4,eletrodomesticos,51,280,3,450,27,13,17
11d0c969546d6f21d23188084e25cf81,pet_shop,40,263,6,2250,30,30,30
11d5f8f3c96fff33d7e8bcbb54c8c79e,brinquedos,41,537,2,725,35,28,25
11d73cb1179dc43858edd4ab0cea359d,relogios_presentes,41,219,3,500,19,9,15
11da471af2f5c0214e3d5fd7433a6350,relogios_presentes,58,2038,2,850,35,17,17
11db6c59cf27f88135b79aee6c3f86cb,utilidades_domesticas,47,1200,3,8950,28,41,49
11dc4053871ff53ff79fb1fc7e6b160f,esporte_lazer,29,347,1,1600,100,7,11
11dcc970f7a5581e1bf777b6da3f7096,utilidades_domesticas,42,659,2,1038,41,22,28
11de130b38213ed7f93d2af1e91bb771,cama_mesa_banho,54,382,1,300,16,10,16
11e02f2cd150fa54525a1109f61ea2de,perfumaria,39,270,1,325,21,12,15
11e0a57b7340441c4ece1cf7efd99ff8,papelaria,45,355,1,1200,32,6,26
11e5548d5bc9bd5ef53d3574d9f1c0bb,moveis_decoracao,64,3322,1,1600,53,8,11
11e5f8670ab66f75fd2b979a6d2a14b2,cama_mesa_banho,43,441,1,4600,50,23,36
11e70144cff3fcf2bb31adf12b91178c,cama_mesa_banho,60,160,3,900,40,7,34
11ea2b91f0f26a2d693ba6763a2eb4b0,,,,,800,35,15,20
11ea7ef0494533fd1015c7140874cf0e,utilidades_domesticas,55,2660,1,850,43,5,24
11ebbade0d9bf72ea23f49ef78f4b6b8,cama_mesa_banho,42,861,1,600,20,10,20
11edd101079c39b8f444dfd7bab5c9f1,moveis_sala,47,570,4,1350,64,13,18
11f5b5f05fa5e1a6084d240310fac08c,beleza_saude,50,914,2,5675,20,18,17
11f683ded5ddeecdad0b81b3124c3395,,,,,300,16,2,11
11f7fe3e6faefffa90541a46c3a4398d,beleza_saude,56,1897,5,675,29,19,16
11f97b0fc032508935ea374eadece168,relogios_presentes,55,1057,1,350,28,10,18
11fae4b61d8f3af1e807e521d268810d,eletronicos,48,77,1,150,24,8,12
11fb16e86df4d50cd2c289ede0b70f42,beleza_saude,48,1240,1,250,26,18,20
11fb5797b3ae9cf31bc0fcb8d907979a,ferramentas_jardim,60,1675,4,6050,32,24,32
11fcf75cb0f15b4e28842db20b062850,moveis_decoracao,63,461,2,800,80,10,60
11fd9d7ba552e1d28872e008acf1e050,cool_stuff,31,1194,3,10225,19,11,11
11fe97e9c97411c66289ebbf9ddbd789,ferramentas_jardim,60,486,4,1100,22,21,16
1201cfbb572a190305bbefabcec7e7eb,consoles_games,52,1888,1,150,17,11,13
12080b1cb17fb18a69563695622dc9b9,bebes,59,584,1,1625,51,22,45
12087840651e83b48206b82c213b76fd,esporte_lazer,27,521,1,1813,30,13,28
120ed962437fbd2a403ab98f630d8e85,cama_mesa_banho,58,430,1,2650,33,10,33
120fa011365fc39efe382cba4e50999e,cama_mesa_banho,60,234,1,2050,34,8,32
12109f7ebba06bbaeb6448c770cb716e,cama_mesa_banho,57,729,1,1150,20,30,30
121314119f09ee1e994373873c7ab11d,papelaria,55,416,2,950,43,17,24
12181424582d4d4233622caeddcae843,informatica_acessorios,53,326,4,1450,56,12,25
1219ebeab3a90333cfc5bbf44f846398,bebes,59,1648,3,600,23,33,11
121a6ac524b24aa5cd62dc2094097a1b,brinquedos,31,673,1,1100,28,45,11
121b5fec5d2e7d0de3c0f58824bbe6ea,livros_interesse_geral,57,310,1,400,27,6,18
121b9686b9929855d823981fc655a6fe,utilidades_domesticas,55,747,1,6250,53,23,28
121f7f44c9e25be4873ca9296542ebd3,beleza_saude,56,2264,2,1025,23,18,20
1220978a08a6b29a202bc015b18250e9,portateis_cozinha_e_preparadores_de_alimentos,46,280,1,1200,25,33,25
1224503f1f9b9e8ead31a3d32220ebba,relogios_presentes,58,618,1,400,22,14,27
1226cd37bd51c6407009e8fe54f1cf29,brinquedos,39,268,1,400,23,35,16
122b789eb8e7e8d7a9eccec675d4a48e,utilidades_domesticas,58,989,2,2225,16,30,13
122bedead6e7541d311e6e0ab3cf248f,cool_stuff,50,2676,1,1200,24,9,17
122cdd27eca7a057e97242c3642c5645,esporte_lazer,44,967,1,1000,62,7,36
122ed0b5404fb93c07b3d35c99e8aaa9,automotivo,57,703,6,4750,56,11,32
122f396fa6d0f9070c6e721f8d833d2b,esporte_lazer,59,881,1,18100,19,12,19
1231bc5d1cab6d3f64357eba69240f63,ferramentas_jardim,54,2098,1,11900,30,40,30
1234e5d27a954d308ea9c87d8106a8df,automotivo,57,1399,3,11450,61,25,45
123701dcac36412cf1b594f5aafc2eaf,telefonia,51,352,1,426,16,12,11
12384cc446601c16ff6d05077ad6e92d,relogios_presentes,31,288,4,600,25,25,25
12485f9cdebb6ca179826ede539554ad,climatizacao,56,1001,4,7300,26,26,56
124a15d998dfe011681819d7c792f7bb,beleza_saude,60,180,1,300,17,12,11
124a1ea6bfa9ccc5f53e067ff9b2ef25,relogios_presentes,51,317,2,833,17,16,16
124ce940a0950f162eecf1c7f3db5a53,instrumentos_musicais,57,433,1,200,16,9,11
124f74f703e88efe001a10bfa718b6ff,,,,,250,15,8,20
125038493b2c4e27fa12194038806161,papelaria,56,303,3,1500,38,30,28
12530458b22303a822da23e0ef0c400b,utilidades_domesticas,60,416,2,950,43,17,24
12587360502d12268a9841080015d52a,relogios_presentes,47,716,2,200,16,12,12
12595985a0207bedf6e09ef07e1f98a3,esporte_lazer,63,666,7,10100,80,30,60
1259895e918d39e5226aeabf332434b8,fashion_bolsas_e_acessorios,47,278,1,300,30,30,20
125a5e9f83814692513618359a50735a,automotivo,40,717,7,1750,28,15,13
125d26eac85cf57783e2b545149ad38c,telefonia,32,340,2,100,20,10,15
125e5760a3ff01937be3b2a1a7f14aa6,cama_mesa_banho,56,396,3,900,28,5,20
125efe6153a8b6ed25ed7cabdd43c1a6,utilidades_domesticas,38,818,1,1100,25,32,25
1261bcae25b0000829246aa58e284a2f,brinquedos,53,885,3,1500,48,27,18
126289ccc36b3b564a105f620f48747e,automotivo,58,289,1,550,25,25,25
1263e0be5fffc8e194d03bee6893eb7c,automotivo,59,651,5,4300,78,4,47
1264d5ede085c34d455f62cceca87791,moveis_decoracao,61,3781,1,2050,33,8,26
12667a519a4a3094eab02f5841b07409,relogios_presentes,56,345,6,200,16,2,11
126789406f4159e6f8ceb1910c164fe9,esporte_lazer,59,777,3,800,30,15,25
12679a5fde22662b441abe4f754345ae,utilidades_domesticas,54,1926,1,10825,48,35,45
1269d60fc5efbcf03e7eea49213091c6,cama_mesa_banho,27,423,1,200,16,12,11
126abb319a746b23254ef06ddf10181d,relogios_presentes,58,335,5,450,16,2,11
126cc3193a4db25b7957d001b0eb7f93,esporte_lazer,58,3604,1,600,21,19,13
126e10207113f69a199d56984e194d62,esporte_lazer,42,802,3,1000,23,23,23
1270b3f789c8c851abd05611751512f0,market_place,54,1023,2,200,18,8,18
12715d8bb61f9c2c26219377d9737584,eletronicos,53,1996,3,373,21,11,17
12717f7dc7e2daec2771d44b39f477b3,cama_mesa_banho,49,120,1,650,34,18,44
12722654d210214a6fa95baae1e37941,moveis_decoracao,56,1892,5,3000,69,11,11
12728f215b3381cac22b1fba7a97f5cf,eletrodomesticos,59,264,1,1200,50,2,37
1272db6c9d16e3c3b9878c3462a0f369,malas_acessorios,29,1095,3,450,28,19,29
12760bcacfaaf1457bc36e601e26dc79,utilidades_domesticas,42,991,3,200,30,10,15
1276de9d6e6200f71cfb172a76abf703,fashion_bolsas_e_acessorios,43,250,2,50,16,5,16
1277ea8bc2cac6f6e5738a15f8d90e8a,esporte_lazer,46,734,1,1150,21,18,15
1279fba7025d91dadde108559a8d0485,construcao_ferramentas_construcao,23,442,1,1834,32,26,35
127a2524a6031c086994214acb167abb,cama_mesa_banho,52,298,2,900,37,23,35
127b372f0c2ee673b04d38f8a6325a2b,brinquedos,49,288,6,1000,35,20,20
127c0cde3ea832c4c4901159cf902d0e,informatica_acessorios,59,3723,1,750,16,9,12
127d3b28487be63864af02f25333decd,telefonia,56,1568,1,150,18,6,11
127de0ebca0eb694783d75d96fbf7109,automotivo,59,1255,3,800,16,6,15
127f66367cc2f1616d4d070ecf8afb7a,telefonia,54,455,2,450,21,11,19
12803e6c48756086227e39a8a2d2026b,cool_stuff,37,1794,3,12000,24,25,31
12827caf723c4ff8030d64dcffe3cdab,beleza_saude,59,3939,6,150,28,13,12
12828c53540ca6046aa0cef33957631a,automotivo,49,570,1,1750,33,27,26
1285c1d5b4365dcc8b7b0c34bca67242,esporte_lazer,59,1733,1,10000,70,60,40
12877fc7456089310c5e6c441e696886,esporte_lazer,38,1137,1,4900,20,26,20
128a2cac61ae71d08f8e2c55c74d7936,bebes,47,809,3,175,21,12,21
128d1c88b601731fe8ed4044b1ae7a6a,cama_mesa_banho,50,120,1,650,34,18,44
128f4a77e367e573f494417d3b0bb68a,beleza_saude,50,170,1,700,23,5,11
1297aae1e4a553b640f4a0a8a8349d06,beleza_saude,55,449,1,700,19,17,15
129b641cde2741761c409b8a44546cf2,moveis_decoracao,60,1710,2,700,60,7,11
129de02d0ac6adf4f77c41bc157adbeb,automotivo,55,2527,2,250,20,4,16
12a146749cb72ebfde01a89105df1897,esporte_lazer,49,2009,4,233,22,16,14
12a3dba07d03c2dedf0c40d6499b55d3,moveis_decoracao,59,87,2,6900,74,13,52
12a3f3a8ef6c5e3c29c88e670fd61ee9,cama_mesa_banho,55,376,1,1000,39,11,28
12a46620105cc4bf4d193fed203ab9e6,esporte_lazer,53,921,4,150,17,5,11
12a5914d1826c08632a428b769a4eb30,beleza_saude,34,636,1,100,16,2,11
12a6286d3f2b371cc37370f3aa324b96,beleza_saude,36,1046,1,583,17,11,12
12a8571feabc765bfe057c37217daf75,cama_mesa_banho,56,390,1,1983,29,49,58
12a947baa3e0ab6254ebfec789934fd5,brinquedos,42,1454,1,243,17,14,16
12abc33641a0d8f9b6ce13e8753f5749,moveis_decoracao,56,354,1,250,20,20,20
12acdab5736a2cbddfce65059918826c,livros_interesse_geral,43,791,2,425,19,12,14
12ad279319eff927d9333b42f3382ff8,fashion_bolsas_e_acessorios,63,627,4,100,16,5,11
12ad6d9a5da40908f6741145e1a93443,,,,,5850,36,27,54
12ae2f8641058da5952d2eedfde9d018,utilidades_domesticas,53,286,2,9100,30,30,30
12b2d0d0afbc40130f01e2f2f591444c,sinalizacao_e_seguranca,57,922,7,750,16,20,16
12b5c284044adc0687a6ffbe84d317e2,esporte_lazer,58,1545,4,1600,102,6,11
12b5c5d13512ad7cae70181fc503f42e,automotivo,51,2651,4,300,16,11,11
12b81d15ffa819dd535e30cb2d00172f,cama_mesa_banho,46,386,1,500,30,10,30
12b86b2eab3b8c2bbf01adc381aa96e2,fashion_calcados,44,284,12,400,29,7,16
12b8e4db53a57da745e7fd25553ce1d8,esporte_lazer,37,68,2,1300,20,22,20
12bc40cc267092a471dfd683058c8142,moveis_decoracao,56,1988,3,2550,65,8,45
12bc892d6fff0dc42c8177f3665ef00e,beleza_saude,56,3847,10,100,28,13,12
12be4f822f8c79fe04570eddf648695c,automotivo,57,1337,3,7150,26,5,20
12bf788604339143c88b8ef82ea034d3,fashion_bolsas_e_acessorios,50,510,4,200,16,3,16
12c27e1b053851f5d71c8f551a4a724f,moveis_decoracao,59,1972,2,1450,69,11,11
12c567b916f6f3bb02b2557456a30212,esporte_lazer,54,967,2,3100,30,13,25
12cabe5229bf1f037e257f645f04caa4,cama_mesa_banho,60,624,1,3300,45,13,35
12cbe733abde1e976549e8d6f4f020f1,perfumaria,46,1063,3,250,21,7,14
12cc2ed46e4c9ea184a622881afc1de9,pet_shop,17,1196,1,165,16,11,12
12ce53b5f757dfcb8e78117caa2d6ac4,eletronicos,55,57,1,150,16,7,11
12cfb75a481057d8c401f03f870a3305,esporte_lazer,46,527,7,350,20,10,20
12d03720e39cc210547b854d2132c2e3,papelaria,59,219,5,2200,25,25,25
12d4987d54a76e89154609f0314b0f2f,moveis_decoracao,63,627,2,1500,38,7,28
12d4b1673bf8c3b07e339502d911350e,automotivo,59,324,3,350,30,15,15
12d73d80462aa0c73d8a6a9f77e127f0,cama_mesa_banho,54,370,1,1650,47,21,41
12dc5e5d178b930cf87cf16e812fc2d5,perfumaria,27,1280,1,125,16,14,14
12e1e59e227d4d5da8efc0dd17831a3b,beleza_saude,42,397,3,250,25,15,15
12e2d17d42cd9d770771fb08675a870d,papelaria,48,432,4,1525,25,34,37
12e3a68b273ba72f5b5d7bbf73bd16be,utilidades_domesticas,54,1627,1,6100,22,26,22
12e3d9b67368b8d1563127a8b3407f79,automotivo,54,680,1,13700,35,20,20
12e479f1c2c0417147a3e36302485e30,relogios_presentes,46,629,1,400,24,8,12
12e5f64883db52b4617a4c4ae2aa1338,esporte_lazer,31,236,2,850,60,15,15
12e6d0f655986ceff00c74658dec97b1,moveis_sala,47,511,1,7875,60,25,25
12ec40668ef038e5778938c846060db9,esporte_lazer,59,670,1,1100,23,8,15
12f066474dfa3c415c169051c5e1967e,telefonia,60,749,3,200,22,8,15
12f0e759d76acd32755add1bf8d583ea,esporte_lazer,41,1286,1,4497,44,35,32
12f3396e4e36112d4155e0c51ee35ed9,telefonia,52,616,1,200,21,11,13
12f54c9922a614df9d112a6d7537bb9d,telefonia,55,592,1,275,18,4,12
12f749c76f15e9bf5743bebda92da24a,brinquedos,52,561,5,8050,30,20,50
12f787302256017d737fb7dc149820f3,bebes,48,224,2,9400,75,15,50
12f996b4a20f364ff8b53e086e0bff8c,eletronicos,49,1130,1,148,17,15,15
12fc9ab82dd45f3824881d94f79edb38,automotivo,59,457,2,254,18,12,9
12fd27a8bb6012f32f607fa18de1978a,esporte_lazer,59,2215,1,4000,31,32,31
12fd8665371236b5b586ea4e448902c8,casa_conforto,61,292,1,4050,45,15,35
12fe5f63ed2e43c806260b2476886351,ferramentas_jardim,57,2130,3,12700,46,40,46
1302fd16bdfe85e523940c846370ef2c,construcao_ferramentas_iluminacao,31,309,1,13450,95,30,20
1303e8674814cde0e8cfe7d796d6a544,cama_mesa_banho,50,749,1,750,16,10,16
130482add9fd75ccb6c57ba007694a2d,informatica_acessorios,55,60,1,2800,40,15,40
13050bbc5cf6938a3760e43f1a845fcd,cama_mesa_banho,56,212,1,950,44,3,33
1305c16a9228b89ed9dc201c20df2363,relogios_presentes,43,602,2,500,16,11,11
13092c58e867fc029b7307c2dc6f18f8,beleza_saude,42,1867,1,287,16,16,14
1309e677b68af1ad09167cf712dc0de4,automotivo,55,874,4,2000,68,9,35
130cdbc1715f7e1b5d9be728ce04398e,casa_conforto,46,519,1,500,18,12,18
1311325a082990d7e80142ca0c245fcd,utilidades_domesticas,27,250,1,9600,54,28,38
1314f921440038604b4bf1e1b18204d6,telefonia_fixa,53,719,1,447,19,14,18
131701f2c91073ddf0ca954ced4f55ea,moveis_decoracao,59,372,1,400,37,15,27
1317921ea764ef06f7aa21094c7e7759,esporte_lazer,26,438,2,200,16,6,20
13191128a8f50089d2ed9b7a25dc21df,construcao_ferramentas_construcao,56,1087,4,6250,55,14,44
131ee2864806788280044e5d73cf4f6f,informatica_acessorios,60,2358,2,150,28,12,13
132069c6f99d20d9e0ea2b5b1143ec66,esporte_lazer,45,805,3,697,17,23,17
132166cc21f572ad76741f4487b49b49,telefonia,54,699,3,250,21,12,21
13227605925c23d73decd0ef10aa71f0,cama_mesa_banho,42,111,1,1750,33,15,26
132893fa155be7225b6ecf7d4fe3ce9a,perfumaria,23,405,5,700,35,15,26
1332f9dadde087afb818a88c72db05f1,automotivo,53,394,3,75,20,2,15
1336ffed1eaf9f489f9f5656f7e6fd81,beleza_saude,42,605,3,100,18,16,16
13378a2e50038c0cce4adb16486e3a6f,beleza_saude,36,1718,1,200,18,8,14
13384f6452c53eb1f29768dc57f75903,moveis_escritorio,36,966,1,14850,33,38,39
13387d462f74993d258b62f8f85fd9b8,beleza_saude,53,2610,2,150,16,7,12
133eefb3fc03b13ebded258788747304,telefonia,36,381,2,100,19,3,11
133f594a246e5c52489304a4b5a39830,dvds_blu_ray,48,354,1,200,20,2,15
1340fa675dcc9085a832da030acddae5,informatica_acessorios,33,465,2,150,22,16,16
13412655d22f10591e584156686ca50b,informatica_acessorios,30,274,1,650,36,16,16
1341fe21db99218918b57ca553968a50,brinquedos,39,997,1,1270,31,16,32
1342c0533d30a76542a5697aed78039f,moveis_decoracao,42,993,1,1050,17,27,17
134529314360d3cb9e5e052b0b7b4b39,construcao_ferramentas_construcao,51,339,1,100,20,4,20
1346e52897253207e49624d96aa60471,eletrodomesticos,57,844,1,1550,30,10,15
1347d4320dcd0acd750e37bb3d94a918,eletrodomesticos,54,780,5,7600,30,50,40
134830b1415ca0fa9d9f413259e1bcfe,automotivo,45,593,1,1100,42,12,22
134957eeec87be2414ac629ee0b947a4,informatica_acessorios,57,1370,1,200,20,15,15
1349d35861565f14ad2d162ef37ddc34,eletroportateis,44,221,1,5800,26,30,32
1349eb7b72fc4394d408917c76464af8,bebes,41,243,1,133,21,8,14
134a6fc4a713a799266ebd6a4f4008d4,esporte_lazer,47,900,1,117,16,14,16
134afbb1d3ef60a407f8e4491dd63622,cama_mesa_banho,59,352,1,500,30,5,20
134e9349b6b54e115f640c6df85fd3bf,malas_acessorios,55,131,2,10200,42,38,41
135679c12dc580ad4a0c87b494a46942,utilidades_domesticas,37,255,2,600,25,15,37
1357d7d30c1609c50ad43a42a204286c,moveis_decoracao,54,271,5,500,20,15,20
1358be13996236fe81c97f6bc997fbb3,eletronicos,34,441,1,200,38,24,17
135cd53710b2e374b08e9a4609d6c053,telefonia,33,687,1,100,19,4,11
135fb255f9873811c6aa6eba7fb17649,moveis_decoracao,49,726,3,800,32,7,32
13600956946060355717f613fc076a67,climatizacao,57,792,5,550,18,11,18
1360c66d6c12514a024be186b7e4925a,moveis_decoracao,39,595,1,500,30,30,30
1361837a82c3ee5591e56958e3d89bce,casa_construcao,60,677,1,9500,30,35,30
13641c883402cc251cdb1f7f817e9148,brinquedos,54,382,1,300,16,16,16
1364bd15aa3e46ec4f3795a7aaf39e99,pet_shop,47,481,1,150,16,17,17
136506394cd99737bf063eb20271b08e,casa_conforto,32,285,1,1300,45,18,45
136b005b69367b661e552c94cd28a37e,beleza_saude,42,1514,1,2200,20,20,20
136b6cbf8a83c5c36c45157cbf05a6ec,automotivo,58,2030,1,1350,35,15,29
136bcac25276c164961c1fea9c7b48ac,automotivo,40,766,6,3700,35,15,30
136da55add0b0a3c8c5404913a225e47,utilidades_domesticas,49,370,2,300,16,10,12
13721c732d93346dca59eecba82bf07b,papelaria,59,262,3,250,24,7,14
137463a11feed96cfc9fbdd97d4e2403,utilidades_domesticas,19,592,1,250,16,2,11
137464dece73fa2dbb54658dbc7aae58,artigos_de_festas,53,320,1,1250,35,25,25
1377fd796465e86c4306ad7afc6a6dfe,informatica_acessorios,36,498,1,300,18,9,16
1379437fdb5620cec92ee180f1f16ebd,cama_mesa_banho,56,284,1,3300,45,15,35
13797c377f05e2e9698a6a46c9098639,fashion_bolsas_e_acessorios,55,731,1,200,16,2,20
137ace556a03792cdc43f91ec621426d,agro_industria_e_comercio,48,1268,1,550,16,19,11
137b399a767859264d48a03aed54440d,pet_shop,23,608,1,119,18,12,14
137cf4a496d574ddab72e448e6a4ae2e,esporte_lazer,48,888,1,300,16,6,12
137d0bf5250717a478bd7f9c74410bda,esporte_lazer,49,569,1,250,26,16,16
137e9ec1c850527fe02f316333848d59,ferramentas_jardim,57,477,5,1100,25,10,25
137ecfd76c78e5b4471f0e9b3c63cdbe,fashion_bolsas_e_acessorios,56,443,3,200,16,9,11
137f49a66ce117db74acbaf30c047701,agro_industria_e_comercio,54,862,2,7050,99,5,80
138059a996d59a87553da752d48cc130,utilidades_domesticas,58,1481,3,400,36,2,46
138d7037b59dcee052810952c983033b,esporte_lazer,50,621,1,1400,21,16,16
138dac44dc568cd36c6f1d1e5e181d5d,automotivo,56,896,4,1400,25,9,26
13900a14a66366f79faa0ff07fe354ef,utilidades_domesticas,40,748,1,1150,23,30,23
1393eeb2b27f82d3f8035ed8d4b3a5e2,moveis_decoracao,36,652,3,950,64,6,11
13944d17b257432717fd260e69853140,cama_mesa_banho,48,203,1,400,35,5,24
1395c0f64373a0771d89b9f16f185dc6,pet_shop,49,701,4,650,25,30,20
139a8ba50a931c4055ff072ef1817b06,relogios_presentes,46,655,1,700,20,12,15
139c42ffabb4d6cd430dfc71d85a5180,utilidades_domesticas,45,841,5,1350,44,22,30
13a05309c09bd28a2d0418005ae7a55b,malas_acessorios,64,557,1,1200,19,44,35
13a3c6eda5d4bac4227c158ff70f0a8e,fashion_underwear_e_moda_praia,55,487,3,400,17,9,27
13a58c8c026b664e412003b4cbdc30a3,utilidades_domesticas,50,1081,1,600,16,25,12
13a7ea24fee9ef57c3b7b5b69d3b4cda,papelaria,60,688,3,250,16,6,11
13ad6994bda56edfa0a269e3d9a9acb3,automotivo,57,716,5,600,17,15,13
13b25797ad1e6d6c7cd3cbeb35f8ee7a,moveis_colchao_e_estofado,44,348,1,18250,25,25,25
13b327c2193f552f00ec5b1e442f52b2,beleza_saude,18,1736,1,2500,18,27,20
13b347f712ed4697097275485483326c,moveis_decoracao,51,264,1,5850,40,30,40
13b39e2e8f2621e6645afa77a459f3f6,instrumentos_musicais,50,1106,1,350,16,5,16
13b4ff901d43edec666e3253b14b3a8f,cama_mesa_banho,59,264,1,23450,16,10,16
13b604480efd32bdb45d23fc99a1a1ee,automotivo,60,295,1,480,27,8,14
13b65def7883556df481f81caf3908c2,cama_mesa_banho,57,627,1,1000,16,10,16
13b6735a82ec831943957f19fe66f71e,cama_mesa_banho,58,301,1,1500,38,8,28
13b84ccbd3ce6a81ff8333896dbe84d8,utilidades_domesticas,56,595,1,3350,16,2,11
13bb5184d064f9b96e56d241eb8b7814,brinquedos,56,1033,3,1450,42,30,23
13befae9b3fb34c439cf4744fd18dfa7,cama_mesa_banho,43,124,1,250,40,4,30
13c091cf8ce1e5e8d6dac6ad263888cd,ferramentas_jardim,27,834,4,8767,47,64,38
13c1b4c5f9f4eb68afa4132342e73777,beleza_saude,36,862,1,460,24,14,18
13c20e4b6e3e7d4f0f336fedcf4198da,papelaria,50,277,1,300,27,26,27
13c270dd3d811877114b2a225436a79a,moveis_decoracao,59,1972,4,300,69,11,11
13c6408395db73f81805ef46fa6ac926,esporte_lazer,43,687,1,300,18,9,13
13c68a908e3ec61b48544be41a74e8cd,,,,,6050,50,18,40
13c7f5f30c37ace12ec243d2ebb8e970,informatica_acessorios,57,738,2,433,18,4,15
13c8a969d76a40d50cced2746fd71843,relogios_presentes,59,351,2,1400,32,7,32
13c9de60531ce1458551f0632a6c6d56,relogios_presentes,52,595,3,400,19,9,15
13cbcae713c151157883c4c13a1ae639,ferramentas_jardim,56,2340,3,850,24,9,27
13cc89a841ab5708056615bc3ca164f1,automotivo,59,296,1,1150,16,11,12
13ccab6df565f4b742fcd81031be9aaa,brinquedos,44,1250,4,3850,35,26,41
13cde3217a6ea7e5eb08bc8972ba9049,bebes,34,280,2,450,18,15,18
13ce216ee959a22dbaec66c182a1b87f,beleza_saude,52,1376,1,500,30,10,17
13cf6ebf8152ba2ef2a1ee491f7346c1,informatica_acessorios,50,2166,3,994,25,18,25
13d10ec6bc5633f5b34c710ba5ff866d,beleza_saude,60,884,1,450,20,12,12
13d3b13128633fbe0d43079cdfc7582d,telefonia,58,1440,3,150,18,6,20
13d4517626b8f08688c28586123fd638,livros_interesse_geral,55,236,1,250,27,9,18
13d88cddab2ce6955315e1b8d3334505,moveis_decoracao,48,507,3,1600,28,27,28
13d9c868a0780a698f5604b49d3e81ca,papelaria,56,451,1,450,20,11,20
13da041c237c948a2d42da8bcd7c329d,artigos_de_natal,38,748,1,4650,50,8,45
13db47eae724e2848e12b71a617a3a41,audio,34,468,1,425,17,11,14
13de26d4d66e20b9262c0ddd00cf5cd8,livros_tecnicos,60,1479,1,3680,29,5,21
13e0e6adec3689a4206c6e9385a29003,esporte_lazer,55,710,6,800,27,12,14
13e144085fe0add29464aa5571df855d,pet_shop,50,1285,3,1050,25,20,20
13e15cb0da5286aed1a2c24bbba2a281,pet_shop,40,460,4,600,25,20,20
13e290d958dc257f594b962ab8c131b0,pet_shop,56,633,1,1050,49,15,33
13e41fa2d255674c03342fa6b4f9e3b3,malas_acessorios,43,215,1,600,45,10,31
13e612c22099fc74828d121f7a057e87,esporte_lazer,58,1235,1,4450,20,20,20
13e64813e400c6b383297c388eb38688,cool_stuff,54,2471,1,2000,33,44,19
13e65d9bd03f262702372ddb6b22e34b,informatica_acessorios,60,661,1,800,23,13,26
13ebf5c91d35332ef90cf65a7d2fff18,fashion_bolsas_e_acessorios,38,442,3,1600,41,13,42
13ed40194df36dfe1dc2bf7e4ce3bcf2,moveis_decoracao,59,197,8,1000,31,11,26
13f036df9f7389d63ad22591b23e5d83,bebes,51,827,1,5350,25,45,16
13f1ff85fb63cd1bcbf6ef78959328e9,pet_shop,56,720,1,1700,50,30,33
13f58613ded23f25a9eec9136316253b,brinquedos,54,1482,2,553,30,14,25
13f7fc9df5f3c16d2757b7421bc40ba7,informatica_acessorios,46,383,1,840,25,18,17
13fcfc313dfb2217e5ee3000a702f9ef,esporte_lazer,54,1552,1,450,36,18,18
13fd915e499b787f1f4c9dbb231d0d4c,informatica_acessorios,53,113,3,150,16,5,15
140048a7ca8c50c44a58532471837660,relogios_presentes,60,616,5,350,16,2,20
14008a0b9bfe0535dfa17f80988553de,papelaria,55,224,2,350,24,7,14
140395ed1d1dbd100f577c5403181a1c,esporte_lazer,30,137,3,400,45,7,20
140568dfbaaf1a45e378cb87a346c91e,utilidades_domesticas,47,469,1,1100,17,39,32
1405f399d2e4807af6ce6a2519e2ed7b,esporte_lazer,45,599,1,14550,20,25,13
14081f2d6a3ce46cfa9d852c9b1b92ba,cama_mesa_banho,60,234,1,1800,34,7,32
140820b3618107caaee76c5433aa4a95,brinquedos,59,973,4,1800,43,40,40
140864d89d0171d33aa847a99fbb1787,utilidades_domesticas,55,943,1,1205,31,15,23
14086fd4907ab4135efce70c2cd3c013,,,,,200,22,14,14
140a6dabf1644704fc0d592be0be59d1,beleza_saude,41,547,3,968,27,20,21
140a8324a66db81d299b24b30d93098e,moveis_decoracao,54,184,2,8450,40,32,40
141125957e8b78c5cf939c18077fa2f7,eletronicos,45,88,2,200,22,5,11
1412c0124f6acb78a0a1023ea5e82c88,perfumaria,46,409,2,500,37,23,24
14132fa6062431ce5af633fd3368f0ee,pet_shop,38,346,1,833,60,8,49
14137f0fd56e4d0b8102dcfcc9b0a4fe,beleza_saude,41,801,1,240,19,12,14
141807ad4a13efebac9bbd9609137182,artes,59,1030,1,650,26,30,12
141a1bbd15437e6ce4765f29d126ef67,esporte_lazer,47,456,1,200,20,6,16
141b7f1c4036e50d42d9ba4b253d59a0,automotivo,49,725,6,1850,31,28,28
141bfc7707c259668ab7d5c4017dce4a,brinquedos,46,36,2,400,20,31,30
141f72cac97df846fc51097f795bd94e,automotivo,59,131,1,750,30,8,30
14227590bd7dbecb72b7b37fc74a8065,pet_shop,58,483,1,150,16,3,16
1427b126f61597524866770b05d4eed2,informatica_acessorios,51,378,1,200,17,13,13
1428c05db72682f014dc218c294724ea,musica,49,584,1,200,20,2,15
14296885533b327c1168b7940ae2bdb1,eletrodomesticos,55,156,1,300,28,13,18
142b4f0578f914f7b4ab677472850965,bebes,13,850,1,450,60,3,24
142c74d091a42c178b1c582535dcfabc,fashion_bolsas_e_acessorios,36,352,3,150,16,9,11
142c759524da90ea8c592f9b3b1fedb5,casa_conforto,60,249,3,7100,50,30,40
142def78f5d245670dbb99d00cd6e175,ferramentas_jardim,54,1313,2,900,20,20,20
142e24ca1186ae5c0a12a6c315bf43fa,telefonia,60,869,4,500,20,15,16
142edaf86e4eb5d0f928534667ab63f7,utilidades_domesticas,55,595,1,1300,30,30,30
142f698ead085dede05f43a7ea54e931,esporte_lazer,44,1137,1,3600,22,27,22
1431b5a121c1134957c9aff8c8db2bf9,papelaria,52,162,1,600,16,11,16
1434a45fb0e95dd43f674ddff1df8ca7,cama_mesa_banho,62,422,1,2000,35,10,25
143bc7fcaf6929ef5979e58abf39d4ed,moveis_escritorio,40,1189,1,18225,38,54,38
143bd097a677b205de2380a93b1f1a99,construcao_ferramentas_construcao,54,127,5,8600,60,20,40
143c616ec3fe0cb065c3805cf9bd812e,ferramentas_jardim,58,986,2,1100,30,23,20
143f3709e0b16bb2f1f5737e74ec15bc,telefonia,33,730,1,500,17,19,14
1440c3493146c70f05302fa3edf1038f,papelaria,59,1937,5,6250,32,36,32
144266e1585320d057797a369596bb8b,cool_stuff,39,765,2,1925,30,32,27
14449f70527389068db24e234b28a37d,beleza_saude,58,2076,4,300,20,2,25
1444bc50e2165224458beb85d5542beb,beleza_saude,38,1503,2,300,20,5,20
144958cbd9bf55a1227516709f793e50,moveis_decoracao,53,128,1,1750,34,16,25
144b8110f0a755915d67660ab747d9d6,brinquedos,29,252,5,3825,86,14,22
144e17b0496772329803ee3007951ec8,cama_mesa_banho,45,172,1,1221,40,12,40
144eead70e4afe55d6c90ce7b884af2d,moveis_decoracao,45,786,2,1100,45,45,11
144eebc150ba34b9f44f761513b5a394,automotivo,57,693,5,1175,68,8,35
144fc7abb16b6f6d92d2c9f34d3c3452,informatica_acessorios,39,1423,3,375,17,11,14
145028037adecb27b1a58cf9597676cc,moveis_escritorio,37,1259,1,6650,23,19,29
145140d23f166a1166dc4437107df8cc,papelaria,51,303,1,350,16,6,11
1454b29e83ab2f8bf6b4102736498ff5,telefonia_fixa,59,970,2,500,16,10,15
14555ba663de8689feacf1d0819cc3b3,esporte_lazer,42,660,1,2150,41,10,35
145978af3e89b318be0b717a0953649a,informatica_acessorios,56,295,3,150,31,3,28
145af826c44181c994b7476667a3ab00,esporte_lazer,47,664,1,300,20,20,20
14604c2eecc272f4c961e8274d667f85,esporte_lazer,38,317,6,450,18,8,11
1463ac0b4db553452c58c71a65c395cf,automotivo,56,700,1,50,32,2,24
146881934618f0efaf33d04909acd195,moveis_decoracao,55,3571,1,600,17,17,60
1468ae815f666819cd3fa15be0cc035a,eletronicos,58,870,1,575,26,26,26
1468c44dd6c3ecaa8e9b12a8a2a7ed0c,relogios_presentes,37,373,2,300,16,9,17
146a4eb8f7cef9788fecff10b104dec3,livros_interesse_geral,10,2068,1,1000,33,6,22
146df82d2ffd8fa52e2a5d6b6a0d6dff,fashion_bolsas_e_acessorios,47,731,1,200,16,2,11
146e38440bfc14b0d923856ddac3709f,brinquedos,42,1109,2,1300,16,35,58
146eb6d2e5e311d926d672b5b25d3f4a,beleza_saude,43,1983,1,2300,30,10,20
146ee97f86e3d0487f410ffc9896de9a,perfumaria,47,424,1,200,18,4,13
146f38b5c222913dbe6606e5a25cd318,esporte_lazer,54,454,1,3400,36,41,36
146f7b7f77ccadc63494db1aaad2bc7f,utilidades_domesticas,42,719,1,4088,40,23,25
146fed9eb1d0f9db43dad0c7c96fc6e8,cama_mesa_banho,50,392,1,1400,35,10,35
1473e2c8f813f1f2ec24bd8ff09ff55c,automotivo,59,695,6,1350,47,19,23
147a0207903133d4593e9f5d14793e45,brinquedos,44,530,1,450,18,14,15
147df4d924f569e480fbd77099707f08,cool_stuff,63,1066,6,14100,46,33,27
14814051ee1f5b23865b40f70a259d59,cama_mesa_banho,43,1162,5,5300,23,50,23
1486ffdf6241755c77f5345b01232361,cama_mesa_banho,57,592,1,1600,40,4,28
14887e028cbb3d23280fe0aedf6631a3,moveis_decoracao,52,472,1,2200,45,35,45
148c599356731b1d622e231d343e65bd,cama_mesa_banho,42,685,1,1000,16,22,11
148c9e8af97e807544e4487f137ad65e,construcao_ferramentas_construcao,41,202,1,2200,30,20,25
148d27957e1653a2e9c8c3771f5a5a0f,relogios_presentes,60,628,2,200,16,11,11
148f68f014d7729ff8193dd7fefd1c7c,informatica_acessorios,41,244,1,600,23,16,16
1490307eb0bc9c499936ad716b79ca45,climatizacao,53,204,1,4975,45,51,35
1491a8ff192d4b5c369b0eaa2fe33ee5,cama_mesa_banho,46,162,5,4600,60,19,50
1498bc64386d231c0b467a99561b1760,cama_mesa_banho,49,478,1,750,40,10,20
149a3fb259da124e9a12b7e145b9d5db,cama_mesa_banho,56,454,2,11000,50,20,40
149ab38a09937b9195cbcaa295cf4a44,casa_conforto,55,215,1,4350,45,15,35
149c06c0927fb59eff16690d31497f12,moveis_decoracao,29,456,4,200,18,6,22
149de4383ccb1829ea75380fc5f0b5fa,beleza_saude,51,584,1,750,18,19,23
149e60a7a51b85a834c055f8025ae3e5,utilidades_domesticas,54,945,4,600,16,18,11
14a0471af2a7bc596532fc8a6f29b1f8,relogios_presentes,57,180,4,250,16,2,11
14a174908a08ad7cfb56d3814d8e0ea5,cama_mesa_banho,52,1027,1,1150,28,26,23
14a5ea75139c76bd71255888d45a1f8d,fashion_bolsas_e_acessorios,54,1436,1,250,16,2,11
14a804caa27d1d738183cbbad4d84346,eletronicos,38,745,1,100,17,17,17
14a931266aff3fb450bab1d076bdfd7d,construcao_ferramentas_seguranca,21,348,2,219,17,8,12
14aa47b7fe5c25522b47b4b29c98dcb9,cama_mesa_banho,54,630,1,1100,16,10,16
14aa8b2c8709b5e12cf97b252e111a59,ferramentas_jardim,60,177,11,1000,35,20,20
14ad6805c263d8d758d648f46a06570e,bebes,30,782,1,350,18,14,18
14ae64f095e11f8010d2381ba2845cff,cama_mesa_banho,59,124,2,800,95,8,50
14b47a66430c89500f18cdaaef9e0c21,brinquedos,49,1230,7,3500,30,30,30
14b4ba1b43773a92e0abe6dc500fe18b,cool_stuff,63,237,1,850,23,18,33
14b6285353e31358b2273ae3818a4155,informatica_acessorios,53,769,1,1600,23,17,27
14b8624897d00288696764cc34c26f05,moveis_decoracao,52,401,1,550,42,2,32
14ba2925721da57b9f9edeff3d3c2d16,relogios_presentes,47,1193,1,350,21,12,15
14bc0f89b7126bb00dfa6432d85340de,relogios_presentes,30,156,1,550,20,10,16
14bcfd08402831f2e770b142a1203d9e,beleza_saude,52,708,5,400,25,15,15
14bd7e575a12cf8543db3afd53a844bd,esporte_lazer,33,1790,2,350,18,15,15
14c60b3a54996d02ff5d0d56d2aab05c,relogios_presentes,45,692,1,450,18,12,13
14c6b9fe1b59f7ac6bd12e243d859461,relogios_presentes,56,475,4,2000,42,10,37
14d003b4fde082d755674f43f7ceef55,papelaria,58,648,3,450,20,15,20
14d171d5043b1b2e14498f580e6225eb,cama_mesa_banho,52,330,1,600,16,10,16
14d2c4a849afdde0e39ffad27a1dfc56,eletrodomesticos,57,272,1,1650,50,2,37
14d617ec6c1f7a295007b14080e84a97,ferramentas_jardim,58,934,1,500,16,28,11
14d6a43dc8ec3b5e86ef500845374ebd,beleza_saude,52,1592,1,2400,18,30,18
14d8c1bbd5f367608c37522e99c47258,livros_interesse_geral,16,276,1,150,28,2,19
14d9afd912784344d5bb9a12b23478d2,cama_mesa_banho,55,318,1,4825,48,25,40
14dffa241a078aeaebaef48a49e807ca,bebes,43,746,4,250,16,7,11
14e31b2c05e808184df54e15e1a99e88,papelaria,36,74,1,400,16,13,24
14e3a1344aba7a9d568e0aa446da24be,cama_mesa_banho,60,298,1,4100,34,12,43
14e3c0e17eb29fa9b3492b3956d4371e,beleza_saude,53,1655,1,767,22,18,20
14e40526732f35d38620a487e0776b27,livros_interesse_geral,52,783,1,500,40,4,30
14e95770921ccb6caef2e6134c182d78,cool_stuff,55,1050,1,1850,42,25,15
14e9b59d37c1571b980c02e237a5d395,ferramentas_jardim,60,3920,3,6800,50,40,50
14ed7526330bb083481b32c7ab26f179,relogios_presentes,52,904,1,500,20,12,15
14f964bb089089d5e114cdaf786ce1b9,eletrodomesticos,59,251,1,175,28,13,18
14faa5803314c4ecfc2c915cd13fd24f,esporte_lazer,50,844,1,925,30,26,20
14ff2fd93669cee55ac37385a7409d5d,brinquedos,41,960,3,200,20,25,25
1501b0033c68a37fa9560033a440e529,eletroportateis,58,1160,6,410,24,22,17
15050d3aa6e44bc924642e38dc255677,eletrodomesticos,60,139,1,300,27,13,17
1507ad794e23a98d2e7097f799a890ca,informatica_acessorios,52,821,1,300,16,2,11
15080188e14924ee2c15f19fd258c0eb,automotivo,60,3389,2,250,24,18,18
150c699262a053229e89213dc9c358d2,sinalizacao_e_seguranca,60,480,1,300,16,14,15
1510ee95ef047969c335bac927d99bc4,papelaria,53,1118,2,800,26,5,36
151133751552ad5bdd6645dfdcb0e728,cama_mesa_banho,48,590,1,1475,38,11,30
151259fe8ced305ca05dc771fc72d711,esporte_lazer,32,839,1,418,18,13,14
1514ddb0f4a5afc8d24104e89c714403,pet_shop,54,282,1,200,16,2,11
15151e8a937f6a4d1a4f0c03c765c6f2,ferramentas_jardim,38,2612,3,50,51,22,22
15182e412b013f40aa860be89720c91f,livros_interesse_geral,30,922,1,800,22,8,16
151ad3b5a66539bdc84cf97a7c1d38ac,eletronicos,55,983,2,900,70,5,11
151d7733b44e0c7b292d7e2efb5424a2,cama_mesa_banho,59,305,1,3950,40,12,40
151f6da73d1f11e1a75553f0281d19dd,fashion_bolsas_e_acessorios,42,78,4,200,16,2,11
151f727718fd1e3d913e793a692c0f14,esporte_lazer,36,979,8,6350,90,20,25
152153cc85a6e47325494a479a93fc4b,telefonia,31,269,11,200,16,3,11
1522589c64efd46731d3522568e5bc83,artigos_de_natal,35,415,4,550,37,10,37
1522a5bd5aab30ceb119c8fb8ec5a8f0,esporte_lazer,32,682,1,190,22,5,15
152397b614be35e54106663bd5671f7d,ferramentas_jardim,57,355,1,546,16,15,15
1526b7538896e188f3072a7ee653c6c6,esporte_lazer,52,951,1,244,17,9,12
1528d0673079ce2d79d29753b800d76e,beleza_saude,58,790,4,800,20,7,20
1529199a7d88ac40cef5b4a508f18f2c,esporte_lazer,38,1043,2,500,17,5,13
152d8bb1e16d0a4f567c7cece5e92b6a,cama_mesa_banho,64,702,1,2700,42,16,36
152d9634a0dd1eccbd43fcd7c3512a14,beleza_saude,52,1293,1,2350,16,22,30
152e246b33c879d2b03461be76ca2ac4,moveis_decoracao,56,2010,2,1550,69,11,11
152eb960a9b1698e3b8dcd50aa14b611,beleza_saude,45,844,3,10200,48,48,18
152fb81ee80836f3a26b06fa79a6749d,automotivo,54,214,3,350,20,20,20
1531b09bff3fb016e5f0b4435b643672,eletronicos,45,676,2,500,25,11,18
1533438056d9a9bcb1295afd304e36df,moveis_decoracao,52,485,2,500,35,8,35
153409f359e71cf10b3935f68a69875d,cama_mesa_banho,57,270,1,850,48,13,37
15348d4e550d520b418c581a2012c0d9,casa_construcao,41,595,4,400,17,20,17
15360bd9d521956ac6fe8b4b8d6fe08c,utilidades_domesticas,53,242,1,1200,30,21,26
153ad88dad29825663dfb8588c45a1a2,bebes,30,362,3,200,16,11,11
153c09356373389880c8dc8d701a60d7,moveis_decoracao,48,416,4,13300,23,59,23
153d581044c5b30836c5a7d56687a735,esporte_lazer,51,2999,1,1150,105,10,15
15416967b480fca6c3ceac3335e57c36,utilidades_domesticas,57,284,2,7850,30,60,30
154358528b8fd5995d0d80abd3f4f08a,utilidades_domesticas,54,649,1,3800,35,28,32
154384dc7ddd772829294c13674dc719,esporte_lazer,56,2098,1,3200,20,20,20
15466e7f0fab155f0f387bc49eb7e304,automotivo,28,2355,4,16100,61,61,18
154696c4f8e96ed48f0c191eb09c0683,moveis_decoracao,53,890,1,150,19,5,25
154b6772d166a9c3398661ea26350dc6,esporte_lazer,51,512,3,7750,103,17,28
154cacf31b15a08f71d7666a1ac3c0bf,informatica_acessorios,46,339,1,1000,33,15,15
154e46f42e5665a0af25d2fc7c9e3321,esporte_lazer,34,569,1,478,49,10,25
154e7e31ebfa092203795c972e5804a6,beleza_saude,48,575,1,100,20,15,15
154f1553226255086ce3e22b1b013415,sinalizacao_e_seguranca,43,341,1,950,21,35,21
1550a0fe151b511cb7cb327c55c865d3,bebes,56,1386,9,10875,68,44,35
155222243017ed8a8a43eabf5b04144c,agro_industria_e_comercio,49,689,1,1950,19,44,11
15529bfa2d73947d1e03020f58f5a016,moveis_escritorio,34,1042,1,6800,45,55,16
15554042fe82e006a72cf392f462cd4e,telefonia,36,381,1,200,19,3,11
15557c53492889a2b63e65df34a738ab,relogios_presentes,28,188,1,200,16,2,11
1555b29b27754088e380f27d81d0311a,utilidades_domesticas,23,98,2,650,35,20,30
15562257608ee6ca7974526ef79eacda,livros_tecnicos,24,896,1,400,16,2,23
155663cd6bc8d7e90375c19f73136bab,relogios_presentes,37,238,1,250,20,11,17
1556a0ea84fd60589afa0d9618c47505,beleza_saude,53,3527,2,275,30,25,25
1556ff9027b40867291a46b185ececa5,perfumaria,43,649,2,150,23,10,14
15571dce56ff7d152dab99a0bc8354d5,esporte_lazer,50,1530,4,482,18,11,16
155815f7173905f1e5cde0b82adfc113,cama_mesa_banho,26,421,1,200,16,12,11
1558f7b0a51472d4c2af9153a2255beb,cama_mesa_banho,60,335,3,3150,60,10,60
1559e46cd3a07441620f97b068268ae0,fashion_bolsas_e_acessorios,48,385,4,150,16,9,11
155a2d804e1562dedf47f5a300115c7c,utilidades_domesticas,56,1184,1,1600,35,10,35
155eae0f604655ce68005b34cb88b7c9,construcao_ferramentas_construcao,52,3500,3,2700,16,11,11
1561355720506eaee90adde6aa1375a9,flores,47,232,1,350,16,11,11
1561c00eeaa35a78b884771143c513f5,informatica_acessorios,49,225,2,250,16,3,16
15627ec726c8361a54e87afd48c9ddab,informatica_acessorios,38,247,1,500,18,9,16
15650c1f25dd6e567eb1188df1c1a411,utilidades_domesticas,36,622,2,600,25,10,11
156687e7a24c248ccf007521b1b49857,cama_mesa_banho,44,284,1,1650,36,19,43
1567a054fc1af5ea367b0740ef9bc684,brinquedos,54,680,2,1200,21,40,29
1567eb3a02b49c99d7d07045e9ce94f5,automotivo,54,1081,6,1900,25,15,20
156929d95f2ef8373a04db2cb82bc3e1,fashion_bolsas_e_acessorios,54,840,1,100,16,14,14
156b348a4e7d61007fc06135f8a204b2,moveis_decoracao,57,1699,1,1000,60,11,11
156bb7508d25ad3108035c7ec3a3d2fb,papelaria,44,127,1,800,38,8,30
156c786708d60c0091d590d5ff937229,papelaria,51,322,1,100,16,6,13
156dc15f380f2c6fa999b386a90a8524,moveis_decoracao,29,306,1,2750,49,10,38
156fef830e2c8871e3f1bf4dadf8e312,esporte_lazer,54,436,1,1000,40,20,20
1574ed2c73e4465c572f68dd77528203,,,,,16000,58,28,58
157b4fa7c877c7b9fb762623e9c81c86,utilidades_domesticas,49,111,1,4500,70,15,15
157c0b6a86cb5823d6d2dd1fa8c5d450,ferramentas_jardim,41,561,1,1450,24,21,16
157d8cabb7a3a318aed5ce596f4be96e,artigos_de_festas,43,216,1,200,28,16,26
157ee978f4fcdf8984b0bb33a6687fde,bebidas,54,3077,1,650,19,19,19
15804bf9d24b0ff5a052ef9280ad6e63,moveis_decoracao,46,464,3,7300,66,12,45
158102fe543dbaeb84d87811bfe06d0d,moveis_decoracao,56,646,1,300,16,30,20
1582e72435d827bb125ed429ecfc56f6,fashion_bolsas_e_acessorios,48,1359,1,200,16,2,11
1583253d78b23f7808214770298e0118,consoles_games,27,632,1,250,17,2,14
158477fa4a1d33fa290291caefbc7883,moveis_decoracao,56,279,1,950,40,10,30
1584ce1843990c0f62e353fd0478c2df,cama_mesa_banho,55,226,1,1500,45,15,35
158566f2cfb3fd58a3770bc26f530f41,bebes,54,134,1,822,35,6,31
1585769f68320ec146a93097b0a1ab18,esporte_lazer,27,572,1,3900,46,36,26
15859e3a8aaa3c192c10a91d8722abd5,beleza_saude,51,2795,5,5650,36,26,36
1585efae0c3719cefae4c6b411f07fb6,moveis_sala,60,650,1,400,32,29,15
15873878161dd60a2de39df25443080e,brinquedos,60,1008,4,300,25,35,20
1589d392201547c9b78a117c0e2191dd,livros_tecnicos,28,1499,1,450,33,6,22
159065411d54fa1f2232d949976883db,artes,59,683,3,600,27,10,22
15908820640cd392b3655fb94cbbc0a8,automotivo,45,752,1,1475,23,9,13
1594082822fb91eb12404f8e79b59e47,eletroportateis,57,427,1,14700,37,60,37
1594615cd50616d0ac086f5581d04ac0,cama_mesa_banho,54,704,1,1900,40,15,32
15964f2421f68d33a3f74b037ebf8822,ferramentas_jardim,46,2303,2,286,22,19,19
1596772dbdf700f2e7dd35248fcde3aa,esporte_lazer,52,3541,1,2100,20,20,20
15994dc9c5505e5feb9780945ed1cc8a,pet_shop,51,1294,5,9850,16,72,92
159afb2051a2a69bcd9a594ce5ed6452,malas_acessorios,37,358,1,950,12,32,46
159cad5d8dadf4141e99b88d58c0c943,bebes,21,396,1,717,34,24,34
159d2dfef362b9ad87fc748aeca593e8,esporte_lazer,31,792,3,400,23,20,15
159dc4423e5092c3baa443379a458fa9,beleza_saude,55,1165,1,1100,37,12,22
159e7e73295b609960c0797eb64b3d39,pet_shop,52,418,1,467,22,34,21
159ea658243f5e5c4a18fa69d80adc16,informatica_acessorios,60,3858,3,5650,35,20,47
159ec57903b1ef5807cc73ebf66d12c6,automotivo,48,1639,1,100,20,20,20
15a581e2cae15fe40ac430f07dc6aa12,casa_construcao,57,1018,1,450,18,19,13
15a8b28443e64b840cc27ee2491507d4,beleza_saude,59,458,1,750,20,20,20
15a9e834e89eab39d973492882c658d6,cama_mesa_banho,52,530,6,949,30,20,26
15ae68f4be12b1e7037da33a1ef9753a,casa_conforto,58,216,3,7600,50,30,40
15b0e8706bf37a95f2bb3665c4cc4c6c,fashion_underwear_e_moda_praia,55,487,3,250,17,9,27
15b11b38d792e5d8189446d9131d0fb4,utilidades_domesticas,38,655,3,2350,48,10,39
15b142fc0f773fb67de91301d1701894,moveis_decoracao,63,418,1,900,24,5,20
15b1da0aa0ff79960dd5ee9cd1ab17d3,pet_shop,22,2390,1,5500,25,40,25
15b1f9b06d0e709552d7d8638387e09b,moveis_decoracao,24,498,2,400,16,25,15
15b3d40f375c0645c1eed4ed1cd8e17a,fashion_bolsas_e_acessorios,30,401,3,150,16,11,11
15b3d4c8373cd64166af5504b49d289d,moveis_decoracao,60,856,1,1400,43,5,30
15b47fee52c928cd7d75996f767efb8b,cine_foto,49,503,2,150,16,5,12
15b5589e105e35c3db7dc3ebbe55e13e,brinquedos,9,994,1,350,26,6,15
15b5c55e291cc54d93c46c9a3c9bb9b2,livros_tecnicos,37,1106,1,1000,27,5,19
15b5d9fcf84c060e00b0883def7d10e6,automotivo,58,237,1,50,16,10,16
15b97877de8d9061b450f77805b0f95d,utilidades_domesticas,58,1847,1,150,18,9,12
15ba996726b61ab95153368a8082c5d7,industria_comercio_e_negocios,54,2587,1,7000,40,30,40
15bb6bb477d5bbfe167f6dc44b6846a8,moveis_decoracao,49,868,1,1000,40,8,40
15be8ab92cd1c32b16ff30292ef39991,utilidades_domesticas,51,1993,3,8200,45,2,45
15bef25125df6626665f702257bd1e79,beleza_saude,59,1343,3,150,16,6,11
15bfe701fea63d0f6384b743e492b3fb,fashion_bolsas_e_acessorios,47,433,5,150,17,4,14
15c078f58e790a7618352d6cc1571025,moveis_sala,43,807,1,11300,50,20,50
15c2f1db81672725401439acc4872622,utilidades_domesticas,39,403,2,2500,48,10,35
15c30c08ae39469fbf52befff9569adb,eletronicos,29,247,1,490,18,11,13
15c507fd1d486501a97bd53f82445f1e,pet_shop,24,2738,2,250,20,20,20
15c53c3819865dc1083cf45b3b888b43,relogios_presentes,59,324,5,280,30,30,30
15c6285354cb4294fba984d48fd19805,bebidas,28,932,1,1400,25,25,25
15c8a0cce7382cf9029bfcb3998cfb7e,telefonia_fixa,59,1809,5,2400,26,26,26
15cd17d090c2d99322fbbe56d7571fb6,moveis_decoracao,43,328,7,4150,36,36,36
15cd31f93b25e5a517f05b1af31d353f,brinquedos,55,1475,1,400,20,20,20
15cf6e60f6f3fc09598470e5d9a6d13c,bebes,49,375,6,200,29,7,16
15d0beee06988a8a3a98717582e478e6,esporte_lazer,44,3674,1,1400,31,36,31
15d165bec0a8ecf3a213dfb0b891e715,moveis_sala,49,287,2,4050,50,10,50
15d20fc83a2c6720616bce544affa439,telefonia,58,437,2,100,19,3,11
15d30ec01983f8e4e69ff7ee703e5815,papelaria,41,100,1,1275,39,21,27
15d43d4703185739abdf015897e34974,telefonia,31,330,1,275,18,3,12
15d44826d5399e2de342314886ff0e05,esporte_lazer,52,822,1,2400,21,21,21
15d46964df616d5206807cd84b95b73d,fashion_calcados,43,647,3,900,19,9,20
15d5088ad671c687e6ee89b9ba4e0766,eletroportateis,25,812,1,17325,35,40,40
15d8ac236009f0d5e74a5033a53ba460,pet_shop,60,2582,3,7150,35,35,35
15d9c7e1411ece24a0053b1e876e4d4c,telefonia,56,856,1,289,17,9,18
15dc5bc6f0f1e1a0d0255098726060c7,casa_conforto_2,42,423,1,425,105,20,20
15dde66eab29d86c576343ead646ccd2,cool_stuff,37,360,1,831,36,27,39
15de022edf1005363381e66bed514528,moveis_decoracao,52,361,2,100,16,3,23
15e71ca2be5a30e15c92ab4b36450571,telefonia,56,535,7,300,16,20,11
15eb9e69b64370ff66882a2eff037862,automotivo,60,651,5,3375,72,4,46
15ebe9dfd8d6e1cce0d81bce5de8cffc,beleza_saude,59,1179,1,320,19,14,14
15f17270133dfedc0e1064782a60e374,cool_stuff,51,305,3,6000,52,44,27
15f4274d2a06f9da4e476ad9bb5c80b9,papelaria,53,139,1,1000,20,45,35
15f47d3a8c0c553dc9aba3d2d5dc88c3,fashion_bolsas_e_acessorios,35,462,4,1400,45,11,35
15f4e7802068bb117c1e6c0ad3edfefd,bebes,60,1107,3,900,42,25,15
15f50a93f26d97e9c940e45271e8c177,eletronicos,49,568,3,7100,74,10,20
15f773b4fea5b2ab681b02620b0c3a95,,,,,750,16,25,15
15fdd6032f35d4add5066fb90be28630,relogios_presentes,60,718,5,950,16,2,20
16007704980fa90718364a0dd747133e,beleza_saude,46,2729,1,1550,27,9,18
1600dcf1cea8c0c83702e07b577ab231,relogios_presentes,57,181,4,250,16,2,20
1603fa7aafd20f7aff7f05bf4616355b,brinquedos,45,811,3,450,32,18,19
16042ffa9e13c9207641ee169b044346,eletroportateis,47,616,2,2167,19,20,18
16048247166ec654c76c845f308c85f5,perfumaria,45,973,2,400,16,22,16
16078eb07519685083510f372565ddc7,automotivo,49,2304,4,300,16,6,15
1612209b0b37fbe80e1e8e1b7d19ca1d,informatica_acessorios,56,580,4,1600,20,15,20
1613b819ab5dae53aead2dbb4ebdb378,automotivo,60,982,2,50,17,10,15
161465fcbd2f97c7bbb1d199c7402fcf,utilidades_domesticas,59,1236,1,950,23,18,23
16197dbfbd978dcb5cd7ce71e756a549,malas_acessorios,38,238,1,700,16,40,30
161c9558fccfbf0a9ed72b42285635ec,sinalizacao_e_seguranca,59,592,2,450,60,30,22
161ccc972b7b25a5e2d43376b8b333c5,utilidades_domesticas,51,700,1,600,23,23,20
16241e79b047426033194065d8b321b2,moveis_decoracao,57,526,2,400,18,19,14
16245c0134a3dedc3e2c124260925f70,cama_mesa_banho,56,610,1,600,16,10,16
16280ca280a86fee2ba3c928ed04439f,moveis_decoracao,64,236,11,2200,31,11,26
1629b469d01aadb4f92644039ad17d5c,telefonia,59,776,6,300,17,4,12
162c1a60e671a6632c2a03243557d549,esporte_lazer,56,898,6,1800,72,22,11
162e010af9fe224d35fd8496a273fb02,moveis_decoracao,60,2901,3,1800,105,8,35
1631507f13bd83d2f01e4fea424c852b,,,,,200,16,2,11
1631c9e1ec508b76a2a0615751e73405,brinquedos,54,1205,1,400,25,13,20
1632189d4c3d9e64cf3fd110b93f1a19,fashion_bolsas_e_acessorios,56,1474,1,200,16,2,11
163302a9e5ed53e2b3062577e254ce16,informatica_acessorios,50,3052,5,150,16,16,16
163365b4428bf91ee261186233e5f796,cool_stuff,46,455,3,3350,24,30,21
16376850de9d7788d802f09e462231d0,cama_mesa_banho,53,164,1,2200,45,14,34
163a503e8aa4c48bfd077f416e4341d4,agro_industria_e_comercio,40,628,1,2650,52,13,32
163ba96993ec61eac36239e7301827c4,fashion_calcados,57,404,4,1400,22,12,33
163da86e86f0089de089399c28c3fcbb,informatica_acessorios,60,407,3,400,16,3,21
163e6400e6dadd0fe04775c5e9331fda,bebes,29,462,1,500,47,10,36
1641c200f3f8a804770370f3be6eb727,beleza_saude,39,845,1,2100,19,19,19
16447aab914c7ecbeb5b7b7518ff3d94,moveis_decoracao,63,395,1,150,25,5,20
164520f853fb53ecd0b55302c564f7ad,beleza_saude,44,597,1,350,26,17,20
1647c3a7ca962b86bad1f87a895f582d,automotivo,43,962,1,350,20,15,15
1648c250bc294f3df8137d9a38d42a65,moveis_decoracao,57,2055,2,600,68,8,13
1649163ed6805e0d648900a0b2c0fe4d,instrumentos_musicais,60,802,2,3600,18,30,29
164979bae3a9db1859e725b3a793f4d2,informatica_acessorios,58,191,3,400,50,15,25
1649a221a63658447144a466b159b101,esporte_lazer,54,352,5,1600,23,25,25
164a001b8c3c3be1c4c04f158bfafaca,ferramentas_jardim,32,1142,2,3020,35,23,25
164c46357539e20cff56925225cf924c,esporte_lazer,38,490,1,700,28,15,20
164e1fc9dbbb8ec54611e3eaa25ef263,instrumentos_musicais,58,952,1,2000,35,10,82
164ef5973ee113556104727b850ae68f,papelaria,35,165,1,700,50,18,34
165160698dfc8156898999e0be8c4b27,utilidades_domesticas,58,591,1,1300,30,40,30
16522de6b7f6222b7f9c3b00a0cf3218,bebes,50,339,2,8400,45,25,45
165948b2c41e846df7d09b56826a747f,fashion_bolsas_e_acessorios,55,89,1,200,16,2,11
1659de378e430012cdd7ecff272bce7a,moveis_decoracao,58,531,1,800,18,26,18
165b395c969ae612f3d4009d829ffd94,moveis_decoracao,57,2042,2,3000,69,11,11
165b735d5e65bee3592afb5d43af3397,cama_mesa_banho,44,385,1,817,32,6,28
165c9d7f2d58ca8e4af9381c0b0226a4,eletronicos,34,279,4,417,17,9,15
165cf891cdb818da8293163bf0a9b2ba,informatica_acessorios,51,156,1,100,16,6,14
165d14e4b5729a3abf7ea2a5062dd118,relogios_presentes,53,548,2,350,16,11,11
165deaf73f29fe5f4e6c607b40d93d26,bebes,60,1196,3,2050,42,25,15
165f86fe8b799a708a20ee4ba125c289,cool_stuff,40,1456,1,2425,29,30,19
165fb50db4fca5b20adf857e6292b171,perfumaria,35,1059,1,200,16,9,11
16616beea59b12efb813aafa8b759f23,telefonia,50,1986,1,100,19,5,13
16644bd7e1afa400c4039ea1be1b974c,eletroportateis,52,1356,1,450,22,16,16
1666b6ce6543ea221eac0c273d4ce8d7,brinquedos,55,701,1,1500,41,16,43
16679d68bdbed3fb97af806424d7f2b7,beleza_saude,60,2936,1,83,19,15,18
1669a8ef7e316417da468a3599115231,fashion_bolsas_e_acessorios,56,321,3,100,20,20,12
166afe76948e93ed13181b01febfeb25,cama_mesa_banho,42,355,1,4200,53,20,34
166b38c4ecd6765dad14586d0a8f7086,papelaria,50,1111,2,400,68,8,13
16725bba96fafc08bce8931aa03c09fe,perfumaria,48,1335,1,227,17,8,12
16734715511e4a408f9b534c748032f2,instrumentos_musicais,42,1627,1,800,24,7,15
16765bcb7b5644f6fd28a40c0cfa2a97,beleza_saude,39,1220,1,2550,16,14,15
167752e318335bf6bdd6906c4c470266,esporte_lazer,48,1422,1,200,18,8,14
167a34ebcfa0fb05f642dcc65619d85a,moveis_cozinha_area_de_servico_jantar_e_jardim,55,652,2,1400,31,31,31
167a7aad1e1e0717b9b5ab7d6c724ad5,cama_mesa_banho,55,844,1,850,25,5,25
167b19e93baccb17916b9a6dd03264e7,eletronicos,57,2196,3,220,19,16,17
167b4b8c4bd0c401bea62f5e050d70a4,informatica_acessorios,55,209,1,517,39,11,13
167b946cfe5de05aadc151871edf7bb9,automotivo,54,1008,1,1100,17,12,16
167eb9b9fa0dad61a47c00a96bccdf4d,ferramentas_jardim,32,349,1,30000,62,78,36
1684f99c7e0e67403e52a7783366870f,automotivo,60,651,5,4200,78,4,47
1686ad611d0c19159f8052758f93f660,telefonia,51,370,2,150,22,7,14
168936313777f1f28b81922f681a1014,cama_mesa_banho,55,700,1,6400,28,28,28
168a1b76a7598bdaefdc552324c1bbfb,papelaria,58,366,2,6050,38,30,28
168b1b45c68037b0490157ee10540349,cama_mesa_banho,60,269,1,3150,39,13,46
16912e490fe2abaa95eb78b2f656f805,eletronicos,57,1168,1,550,19,12,16
1694be93ee57fcedd649a53f11848edb,perfumaria,44,1255,1,200,16,13,11
1697727d6c82c23c7149c6c773683d2c,esporte_lazer,37,264,2,2600,28,28,20
169837a0e2864f37482261c3d7a2dd80,beleza_saude,53,3826,2,350,20,20,20
169a5b175b7c1727d5654db38acda924,automotivo,59,367,1,6000,25,30,25
169e1fedd1319ca92e90e057e7123005,esporte_lazer,60,3616,5,400,28,10,13
16a993ef9171a0380273f4fbcb0e8b71,esporte_lazer,49,295,4,150,20,4,15
16aa6553ee2cf0a316e29f8808ab165c,perfumaria,53,521,1,500,16,16,22
16afd9cf37e1b340bc46822fdd8240aa,malas_acessorios,23,404,1,1000,32,47,12
16afeb4db1b7fa1b52b58d3012ec56be,brinquedos,34,194,3,20900,50,20,30
16b06ede456b922e56fbb4b3818aa875,fashion_bolsas_e_acessorios,48,382,5,200,16,9,11
16b089babc44efe9db1fde71b35d1252,brinquedos,48,356,2,2500,36,20,28
16b1b4ab7d5e3918d20c5d3da3cb8247,eletronicos,43,463,3,100,18,14,15
16b36661fe58157f31bb0c63492d5878,instrumentos_musicais,59,452,2,200,16,9,11
16b4473e98422039c388f144a0b16f55,beleza_saude,57,1293,1,2350,28,10,16
16b5adf7a7890633a2642ea9bd8a9ea5,eletrodomesticos,52,885,4,1800,30,30,30
16b691e994cb81b2e7e31c93ba603136,cama_mesa_banho,40,582,1,1550,35,19,45
16ba44d9231d19fc57e0a4188d0ce1cf,moveis_decoracao,50,488,1,303,25,2,17
16bf176650a888512655cc94f61860e3,relogios_presentes,50,401,4,200,16,2,11
16c1c1a3dc1ddc2fd5e32ae7fe616b0b,cama_mesa_banho,52,202,1,2800,43,8,36
16c47be00ea2407eaa988afdc442e863,cama_mesa_banho,59,301,1,3200,40,12,40
16c4e87b98a9370a9cbc3a4658a3f45b,instrumentos_musicais,53,1935,1,18000,105,30,40
16c7b8541faaca79fa6cf9e5bc9c1622,moveis_decoracao,58,2071,1,1830,69,11,11
16c85ec4d9d97a526a3848d6ac11be61,beleza_saude,47,605,1,400,21,13,16
16cb37c8d7713ae295b4c1a92a3f338c,perfumaria,50,855,1,213,16,12,11
16cbef36125de420ec9ae948425a6a68,beleza_saude,52,1013,3,525,30,6,13
16cc7a098d176187b6d8e9519fa81585,informatica_acessorios,56,599,2,350,16,22,17
16ce899c7af0c99f46948734a0d00f0f,papelaria,49,326,1,1000,18,17,25
16d096faa27582985f849f08370cf1ed,agro_industria_e_comercio,50,1153,1,4050,11,18,10
16d13ab2d640065882cddcafa3359116,cama_mesa_banho,49,565,1,483,28,2,23
16d47089f9bc7f16de16cc4bd3b9dd49,cama_mesa_banho,54,427,1,450,16,10,16
16d5f9047931834bc4634f3190e575fe,casa_construcao,56,707,1,13050,35,79,35
16d903db54452c6e230d4750b57926de,industria_comercio_e_negocios,60,705,5,5000,45,27,36
16d928f7b23b3d30bd5a9ff281eed9b8,telefonia,37,1273,1,360,21,10,15
16dad26c65775eab24c647539df6cc53,moveis_decoracao,23,323,1,2000,25,50,25
16db4cae3a5ef838f492bd158ac9f69c,automotivo,41,405,3,150,38,2,22
16dd49ee10e688f75c41e83b4863f85b,cama_mesa_banho,55,249,1,1500,40,9,30
16e148a208d0f11df31eaf2f731ee460,malas_acessorios,38,216,1,700,49,10,34
16e1eefb15c1601a11fefb18fd3d6036,cama_mesa_banho,60,530,8,1225,43,38,37
16e3cf9ffd35194d29e5560a23123732,informatica_acessorios,45,923,1,875,35,16,12
16e42459e56f3df24a195ca8bab5bb81,eletrodomesticos_2,54,1275,3,8150,26,55,26
16e556eacc104de6e97b84512d426240,perfumaria,60,877,1,550,23,8,15
16ec3cff48acf77c13de21217bcc8af0,cool_stuff,53,1071,5,3463,59,27,32
16ed6a6e3fce23b741650437fe58d65b,utilidades_domesticas,49,1226,1,750,35,15,35
16f7c25c950c1c3f123fdc4a6cc390e0,telefonia,47,693,1,200,24,10,24
16fa9029e1cac929d673dc7805b6d46e,moveis_decoracao,48,820,1,550,30,6,30
16fdd3b0ce3c745e93bb6809113649c1,automotivo,51,92,1,300,16,10,16
16fdfb4f828bedbe3ad9a00162bd5339,telefonia,46,393,1,100,19,3,11
16ff579c7dd128062ca085e13094fbe0,instrumentos_musicais,53,731,2,125,17,3,12
1701185747f4a378004088c1e14d0555,automotivo,59,241,3,10550,70,30,30
17061c6ca6aaab457074d9f12c1882e6,automotivo,60,651,5,3400,78,4,47
1706d1bb420e7ef2404270b38e937fbc,informatica_acessorios,39,95,1,1000,30,20,30
1707ef553eb000d860fff09e3d08b037,informatica_acessorios,58,565,2,250,16,5,11
1708d4cfc42166dc7f44e1ad501f4933,cama_mesa_banho,48,306,1,11550,50,20,50
170ae15fc78b44bceab3e66baefbbd99,fashion_roupa_masculina,38,50,1,300,30,40,11
170b033abb14ccc92a21b95dba58fa90,utilidades_domesticas,55,757,4,325,25,15,16
170db4e7b448ea0a8261aa05fff39ee5,fashion_bolsas_e_acessorios,47,501,4,200,16,7,11
170e27ee183ac140aa68a86bacd2a6dc,relogios_presentes,54,483,2,1100,30,10,25
171352abd66a010ad6039f9f994fd42d,market_place,42,110,1,600,25,37,36
1713e5b60dfb5b779fd077af351624c0,eletrodomesticos,52,235,3,450,35,14,25
1716ea399ed8ee62ba811e6f55180f45,automotivo,25,712,1,200,21,17,17
171787b81fa784a521d7ba199e6e9fa6,climatizacao,50,1358,1,1900,21,31,25
1718ba9459e147186a7475f116526c99,eletroportateis,40,1313,2,7900,22,36,48
171b509779ad4fe0cbed2a3d95d10c68,pet_shop,44,283,1,400,16,16,16
171bb407ca7cfdf4b960389e4404ce8c,beleza_saude,60,3156,1,360,23,20,21
171f04960543d71ad6ae0cfd444b369c,esporte_lazer,60,2099,1,3600,30,32,30
1720f85e4a07f5701170d6c4e0acdb02,utilidades_domesticas,21,328,4,600,16,14,14
17222c974b8e98e7df1f7da91491178a,ferramentas_jardim,37,775,2,500,20,20,20
1729a1b7ec6947d5c878e70e80172790,cama_mesa_banho,58,144,3,3300,34,10,41
1729e3ddaf29904f44575844e62cbdce,esporte_lazer,55,292,2,1750,60,15,15
173255396ec907ab516d3848dbcc98da,industria_comercio_e_negocios,58,869,2,27000,105,18,35
173581ced381362760c476bec9de53ff,moveis_decoracao,63,254,2,2200,49,13,41
17362fcfc13b829500dcd59fc4c02a89,fashion_bolsas_e_acessorios,27,542,4,1000,20,18,20
17383e180cbea9ef103d90a72754cd54,utilidades_domesticas,62,997,1,30000,32,75,32
173b3c971bbd7b0d48b9d87a96d10783,ferramentas_jardim,40,166,1,350,21,14,14
173c08b531cec70292992396ced22e7d,moveis_decoracao,26,375,1,1600,35,8,35
173c4cd072bd13160331cc0f5b3ce0c2,perfumaria,52,1400,1,100,16,3,15
173d5a1b6c4ea4f41aafca840646d240,informatica_acessorios,60,2442,4,100,16,16,16
173e9fe34bfe97f3a5e6dc57fe897b74,livros_tecnicos,36,890,1,950,29,3,21
1743a97176a0bff38a65331fae2306af,eletrodomesticos_2,35,96,1,11375,55,19,33
174475fe56700001a3361e525374c907,informatica_acessorios,49,167,1,100,16,8,11
17455fdde89549b744a53cffa8eb67f9,construcao_ferramentas_construcao,49,2202,1,50,75,11,11
17469cd3d2559b93669a813860296b8e,brinquedos,60,1212,4,1200,28,13,21
1747048d975dfb4b55bc232200ccc53f,utilidades_domesticas,46,1204,1,9400,59,43,43
174b4bb32fd935b233654b5d48c438d8,cama_mesa_banho,59,583,1,500,33,3,23
174bd46514622ad40ab32df5c832aaf3,perfumaria,33,744,1,150,17,7,13
174f6dbd30e54c690ac97b27a3a793fa,beleza_saude,57,752,1,200,26,6,18
1750753e77dc38c4afe6fc90f02c39bc,brinquedos,48,633,4,600,22,12,12
17552c3e04bda2b08ac85c9c55137dc3,eletronicos,51,1290,3,200,16,4,11
17597731049645b4a7cd01de0b4188d5,brinquedos,50,690,1,7175,50,22,40
175cce7a953e6f5765c7bb03b369a672,telefonia,43,693,1,100,24,10,24
17606c7d7254ed1f0351fd48a28be932,cama_mesa_banho,53,640,2,1100,16,10,16
1760fb3ce37cf7ee460a11149785e370,brinquedos,44,867,2,950,23,24,23
176120d3ee50ae4945932ce1c6a70f34,perfumaria,40,624,5,438,16,12,17
17619e7c2727f3ee8c7877eea79ce30a,automotivo,56,588,5,2000,68,9,35
17636d19cec2b5a30a95e164fcd08325,papelaria,45,241,4,1500,60,2,15
17636e3c15333148e25253db631a2d7d,fashion_esporte,54,487,1,450,20,20,20
1764de90ccf31194230a1d33c9cb7dfd,construcao_ferramentas_jardim,47,734,1,1625,22,19,12
1767ed23966ac4d3539720b11beeacd1,relogios_presentes,53,667,3,300,23,15,19
176b54e1ca47c0ec2bc2e298a76adf9a,beleza_saude,56,1000,2,200,20,5,15
176b5cf1bc33d549356b072323692f0f,beleza_saude,24,1208,2,761,28,13,20
176e81d05865d1cf72d45caf8023268d,utilidades_domesticas,53,1164,1,150,25,10,20
176faef125e3675b4eeaa6083ada61e1,bebes,47,1024,2,150,19,9,12
17704da54fb7512da5a72cc3b227185e,beleza_saude,58,670,2,700,33,18,18
1775f1f0d5c82a7c311baa9074593e6d,perfumaria,43,1823,1,200,16,17,11
17764de01dd9ad50ae317792ad2e2868,pet_shop,53,497,1,750,40,20,20
177793be904f7c1a1ca04c64ce05a68a,consoles_games,25,751,5,300,20,2,14
17787817a9595579380dbad81feb561b,malas_acessorios,54,672,8,5800,50,40,15
1778cf7281a461e29e202a848bcb2a77,cool_stuff,56,2192,3,1525,15,11,15
177994f6e693b14491067ba7cd5e5127,sinalizacao_e_seguranca,48,1821,1,150,16,9,11
177a8cac0667c535478a8fdfd7d42191,brinquedos,37,267,2,200,20,10,20
177b172621777704a3e39ac9d3568946,construcao_ferramentas_ferramentas,54,1648,3,550,18,10,11
177c3ebabe9adfcda1308c5dea939f6a,construcao_ferramentas_construcao,56,168,6,10150,48,23,48
177ccb9eb4263c7f82f6c3b98980d26d,sinalizacao_e_seguranca,48,636,2,575,19,16,18
177d3d5bb9d4d29222a222e3b3554f41,papelaria,59,241,6,7550,60,20,29
177f62b739076126a879238444ccbf02,relogios_presentes,58,1352,3,240,13,12,14
17823ffd2de8234f0e885a71109613a4,,,,,3750,42,20,24
1782400950423c9b12600278b8ef65d3,perfumaria,58,553,1,567,23,15,16
17865682ce7cccfe7dec02d1f74a8f86,automotivo,54,339,1,350,25,10,15
17878434ca0082537806de545c2f0351,informatica_acessorios,56,287,1,250,16,16,16
1789a1b00c33bec9db6e27b4848a5c94,informatica_acessorios,37,603,4,400,37,6,12
178c02376540dea14abfbcc1af483528,ferramentas_jardim,42,561,1,550,19,14,10
178c8458c4907a2680456130f76e10e0,fashion_bolsas_e_acessorios,51,1490,2,300,16,2,11
178fff5a81c5c9447c6dcc3a2039d7f7,esporte_lazer,55,2019,5,588,25,28,28
1792cba4f134a09e9450d6142fbe9293,informatica_acessorios,57,297,2,150,16,3,13
179363fe9f0eee05ad34df83c160dbcf,livros_interesse_geral,42,1032,2,600,16,25,11
179527fe0673815dff87ca83539b0c58,automotivo,63,437,8,400,24,4,17
17955d2806f5d00146744b206f2dee1a,informatica_acessorios,53,229,1,567,27,14,12
17984012f01e836fad7cb9224c211baf,cool_stuff,45,3908,4,300,21,12,12
1799c1c2eadf9f798fd74599e6028510,fashion_bolsas_e_acessorios,36,822,5,50,18,18,12
179bb56045bec397c52ef3c8183dabb6,utilidades_domesticas,56,512,3,300,30,7,30
179d54e1466a2c4b64be3b7e4ca17e31,bebes,30,309,1,100,16,5,16
179d856fee39496cee35298e31e2bc6d,esporte_lazer,52,673,1,800,23,19,19
17a019676883dce326999c11a46a14f0,instrumentos_musicais,50,2143,4,150,16,4,14
17a116d0390ebc37c44ecfd8c6e36d00,beleza_saude,43,446,1,1250,30,12,16
17a1211f690515d1adf3300cd6278354,informatica_acessorios,48,213,1,350,16,8,11
17ad136b7421ea8690fded631b651158,relogios_presentes,60,112,2,250,16,2,20
17ad6786808ab3fedfb261a70a5932d6,audio,38,2916,1,620,23,15,17
17b21ab6bf081dfd3491d0e07c56b40b,bebes,40,217,1,800,35,35,35
17b41b007356c9b333b4e7c1fcedb066,eletronicos,50,966,2,23500,60,30,60
17b8aa78b705626818b2646e5abb3138,eletrodomesticos,59,202,2,500,27,13,17
17b9f231d057710012fe28e5a1ac5186,,,,,10600,40,40,30
17c092cc98bba142fa0168733da00d3b,informatica_acessorios,41,1005,3,150,18,3,11
17c4bd4269902c84acc14c497f282ddb,telefonia,51,422,5,300,23,7,15
17c52ae67ff6a495f5c73e4fe7beb56a,fashion_bolsas_e_acessorios,44,371,5,300,16,5,14
17c7ec33a1657924ad493e6978b4bf91,bebes,31,594,6,950,22,20,28
17c8d9777ad1009a904230d2728fa412,beleza_saude,56,184,1,300,19,7,12
17c9711cb08dc4757841afc6d4a239d4,consoles_games,43,606,2,530,18,8,14
17cc3e9bc6182d861f0ae09f498e5187,cama_mesa_banho,58,604,1,1250,30,30,30
17d17b9640ddee0ec3fa09c91b284ae9,utilidades_domesticas,50,476,1,500,24,8,15
17d4764518c5a017b128060439d1559f,cool_stuff,44,854,3,1000,35,28,16
17d4983a8766060a5977b2ea679617f6,construcao_ferramentas_iluminacao,55,3681,7,1050,25,20,20
17d68b6c1ebd7073e3689b9a26004651,informatica_acessorios,28,1558,1,1000,34,15,14
17d8b8e9c21ec0fc5b33724e32fe422e,cama_mesa_banho,26,212,2,1000,30,4,40
17d98fc630d23a628ec1130f8d69d1d2,cool_stuff,46,1065,3,3525,29,28,35
17da5d80ea0eeabd565083183027d588,bebidas,59,879,1,700,20,20,20
17de10d52ada234d16d3991c1b9546f8,brinquedos,45,128,1,400,22,14,14
17e18b0c88a853dd6de3e48a7cfa9d9a,automotivo,54,490,1,700,20,10,11
17e7128a33dae59e32be411b7b4921b5,,,,,200,20,10,16
17e7d9a179f3f2d61223252038276d35,papelaria,57,309,1,600,16,44,29
17eaf73dce768e344cb5d1210bea1da2,automotivo,58,555,3,1000,60,8,40
17ebb5f3d26d2db3afcd24d2d68072a0,esporte_lazer,52,305,1,150,25,5,20
17ec1cf6dc8dc7557ca34f1d64a93dc7,portateis_casa_forno_e_cafe,45,537,1,1600,18,30,24
17eebb377a986cfb90285ec913767939,cama_mesa_banho,49,657,2,6700,50,20,40
17efcba3c09566b89c945ef563f381d2,esporte_lazer,54,728,4,1150,46,10,15
17f05cc6ef5563b5e096ab059ca926b4,cama_mesa_banho,52,148,1,3000,35,15,25
17f1ae71c27aaad9cee4655e62a50189,informatica_acessorios,52,708,5,200,16,2,11
17f1ed2a8b51d7dfdd9fec1ecc1c9abd,automotivo,38,406,1,600,20,10,20
17f221c334109f71ffc36e54fc32a836,automotivo,59,544,3,525,60,8,33
17f2685e91a49b99540dcb684ee7d94a,moveis_escritorio,58,1256,1,9200,52,52,17
17f40fbed6dd51e0cc87eefe3d88f644,informatica_acessorios,56,1145,4,1300,20,30,20
17f6a6d7f6e0334b28d8d026d12db169,beleza_saude,53,3073,2,900,31,20,20
17f95aad17a906d34d051b58f2488943,utilidades_domesticas,60,1168,1,350,22,20,27
17f99ae9c53e7e8804b2c78492d11744,cama_mesa_banho,48,352,2,400,50,11,11
17fc8cc736bd5d1f6714f41102d6ff30,brinquedos,45,921,2,500,28,15,20
17fe399dea1627d099a67438b3d562a7,relogios_presentes,45,723,3,300,16,2,11
17fe46c4cd7376a1a75f47e2fa4d5c89,cama_mesa_banho,54,233,1,5288,51,27,51
17ff593779ce464d3667e8ca12b4a5ca,esporte_lazer,54,2890,1,1000,29,21,22
180161ed2abf2bc95f1316841d968d21,automotivo,56,703,6,4650,47,19,23
1803e81cb6baee466165678dec256407,automotivo,60,222,3,350,30,20,20
18047039004204f52054f74b9503b9fe,cama_mesa_banho,41,384,1,2555,55,17,48
180534717d1776626e418844a26a7c8f,relogios_presentes,59,153,1,1000,16,10,11
1809be4f054d8243278d6c83207696ee,beleza_saude,60,360,1,3500,24,15,17
180a3dd286404dc8a9154904eadaec99,cama_mesa_banho,41,297,1,13475,55,50,50
180fa760feb6277fe75df285149fee2b,livros_tecnicos,59,272,1,350,25,6,20
180fbb426ea5ab0708d43ad3f3839bb9,moveis_sala,45,843,3,7600,61,11,46
181097c3de536f867a3c1dcfb06970de,cama_mesa_banho,38,365,1,1200,38,20,25
1817be76e48588632c33c4f112a79426,relogios_presentes,50,509,2,283,20,13,20
181abab3cccc131f868d3bc7a5b97fd0,moveis_sala,38,433,1,1100,31,5,31
181b31b11ea16a87d5acab5a78320b93,esporte_lazer,40,593,1,5200,23,23,11
181ce2dfd0a0d91969baabcb6df39bb9,cama_mesa_banho,56,404,3,1250,52,4,20
181f62ad3d1d8b78fa2695f30613b444,beleza_saude,38,1251,1,1050,26,21,23
18209df52bc87a69b84db4df602397c1,ferramentas_jardim,55,1061,2,9600,35,27,23
1823142d83a24b619bebd0088d7f95d9,automotivo,54,1266,1,500,31,16,20
18241450338cbc5751c433970f3f1060,moveis_decoracao,48,145,1,700,21,12,16
18259c4bc4c6431e6106fa20c6666d26,utilidades_domesticas,14,322,1,1000,21,16,14
1825f78fda454294d53022bf9a81d69f,livros_interesse_geral,22,321,1,150,26,2,26
18290697e1929309b3195d2931c91b09,automotivo,50,750,1,2313,45,11,32
18293e0552a8e74489e917364868e1db,automotivo,49,991,5,300,20,6,13
18297d6ba9247aa8fb22c28df54bbcd4,brinquedos,58,622,2,700,40,20,30
182b016da1c600181f4ed79df14186c7,beleza_saude,46,3223,1,1100,25,14,13
18301962305db63b0f3e995998075ffa,construcao_ferramentas_jardim,33,164,1,200,16,16,12
1831eef8008d196ec59bba8f52a526b8,eletrodomesticos,50,172,1,450,20,13,15
183210d186d30d050604f96ef87af803,automotivo,50,651,5,4350,78,4,47
183219d1fb636eb94e843223054122ae,cama_mesa_banho,54,675,1,1800,30,20,70
18344238d9024a2e2f3f549d5ab1fadc,fashion_bolsas_e_acessorios,39,412,5,500,30,26,22
183770fe75350bbf19c623927e1c0f72,esporte_lazer,48,147,3,250,25,25,25
1837cb3869c5eca2fd665cffd1ec1854,consoles_games,38,1276,2,400,20,30,20
183b0c895605218dbd34cdcfcfa8af28,moveis_cozinha_area_de_servico_jantar_e_jardim,34,905,5,5400,53,10,67
183c95ad186f48c320bbac4643829d3f,fashion_bolsas_e_acessorios,36,412,5,150,16,5,20
183e7a71baadb34370dd394795163dd7,utilidades_domesticas,57,227,4,7900,42,50,23
183f50a31f91341dc02cc84279d16dcc,telefonia,51,750,1,100,18,6,11
18409550226f40a1a8990fcd7e517c53,beleza_saude,45,1884,1,1283,30,16,22
1846ec5a92ed15d0dbf9e0e86c29085c,eletrodomesticos,60,210,3,300,27,13,17
1847704440ad3e1d770ff738f5ced023,audio,31,502,1,607,19,18,11
18486698933fbb64af6c0a255f7dd64c,informatica_acessorios,40,322,1,225,17,14,13
1848a54b9f28b13e4d94d5bcc77904cc,fashion_underwear_e_moda_praia,41,1032,3,300,30,30,30
184908160c13d25f992d86d43cba2e90,telefonia,38,654,3,50,20,4,11
184c94ca5ebab8d884a1c070e2197526,cama_mesa_banho,52,441,1,1100,16,10,16
184e91de5d4a87f023bba45c3e258349,moveis_decoracao,59,1941,4,2750,105,3,70
184f6e7e403fe477af4b1a02b9d432e4,moveis_decoracao,44,257,3,6300,30,45,40
184fcfe46ee8cc3a557011888422b5e7,telefonia,50,800,1,50,18,6,11
185013b2b9237c14bd26a394d9fda023,climatizacao,56,1161,1,150,20,8,13
185145001a2c3f8950733eee387285b4,beleza_saude,43,452,3,300,60,16,11
1854c27ffaae5706ae1fe46a242d5f19,moveis_decoracao,56,256,2,1200,34,34,18
185c58d7437197ced6450e5cada41d35,automotivo,60,821,1,2850,28,5,30
1860189a4eaca04ccb8324bf0ea4384c,beleza_saude,63,1192,1,188,18,18,18
186052b3f166a0f7227e78b2d27652d3,casa_conforto,56,162,1,3200,20,30,46
1860b96949f9ff0adcd5e2c340d32e12,automotivo,51,966,3,800,21,8,14
18661ef1d69f1bd07e334d1fc498d40d,beleza_saude,38,377,1,450,16,16,16
186667995393fd686a25866399b41e68,relogios_presentes,56,646,2,400,16,11,11
18670ef035870b452690c54a57e13009,construcao_ferramentas_construcao,56,689,1,10050,60,20,50
18692fdc7adb29c885d8cb84eb68a97e,fashion_roupa_masculina,27,575,2,850,45,10,35
186a9f327c0de21b2dd1dea0a16fb5d5,beleza_saude,46,803,1,150,22,3,15
186b6a12d98fb8471271f204a82a7937,construcao_ferramentas_construcao,33,505,1,100,20,20,20
186c635691c9437f7a3e928abd815213,informatica_acessorios,46,546,2,223,23,13,26
186d7d472f062ca6ef30689faa935d2e,utilidades_domesticas,55,281,1,250,25,25,25
186f6f0ad7928097faf963de4b3e67bf,moveis_escritorio,36,1158,1,11600,57,56,22
186fe07c8b8005ec6a498587ffbc1352,relogios_presentes,60,193,3,200,16,2,11
1871f846d88e6b0632e1058b61d35964,telefonia,53,320,1,117,19,4,14
18721a85f6f265d6137dfc0f88cc0534,cama_mesa_banho,41,162,1,900,33,9,38
18730af1dd00657c8eb94ce953bca1da,moveis_decoracao,51,749,2,5375,55,12,55
187359f629249d5333ce31f87136a802,utilidades_domesticas,43,1437,7,900,32,15,32
1873d47fb47e167da1520bd9ffbb8f79,beleza_saude,45,1031,1,1250,16,32,12
187408f6a6f2681f13fe6337c3c5d1ac,informatica_acessorios,52,2290,1,300,16,16,16
1878fcfa202ce65b4bfaa9d16250ee86,moveis_escritorio,46,1198,1,7725,53,51,18
18796df281656da4036dd926561a6030,cama_mesa_banho,57,555,2,500,52,6,40
187b442eb4df48574faa31381921991f,automotivo,60,862,2,800,42,12,42
187b7f06c80dc6842fdd117909a05be7,moveis_decoracao,48,219,3,300,16,5,20
187e7d92b8168c3661824809d0c5dffb,beleza_saude,30,1501,1,1900,27,9,18
188025a9e821ac2a983b63c5d7512df0,brinquedos,60,1172,4,2200,31,65,19
188372a703d9a84ec0b6a32a0044c7f2,beleza_saude,32,3834,1,150,16,9,11
1884138513d4bfa7f7d0ab91664d2b3d,moveis_decoracao,52,130,1,9050,60,30,30
1886d71d2ce9c67e10e5132ef32ac4de,brinquedos,56,497,3,5650,64,35,15
18870238fd023ef96e834a59dbd4405f,perfumaria,57,698,1,563,25,11,18
188726239018149882525f46706b9bd7,relogios_presentes,50,639,1,6213,22,14,16
188a7a06ef624d9549bad5dea5e84ea6,moveis_decoracao,60,855,2,16515,42,77,42
188ad420d63afdbdf6711580e40dfbb5,brinquedos,57,564,1,150,20,7,15
188c2b55dbae7df073f4f4a24e232ce9,utilidades_domesticas,49,186,1,800,30,30,20
188c9cb0aff9e485e3f84752731c633a,cama_mesa_banho,55,428,1,150,16,11,11
188ca16451af4da0cdad2750f9973fd6,brinquedos,36,210,1,900,45,15,35
188d0b148e6d1c86faffe0d73c3f2dad,moveis_decoracao,25,249,2,7650,25,25,25
18901878788fec7ddc55e64d1ace8187,bebes,38,471,2,8250,44,32,35
1890c01a38d17958d79fe473d451dc9c,moveis_decoracao,54,553,1,1000,35,9,25
1891f20b2a27a8b700d7a7ff5a7a0039,cama_mesa_banho,42,110,1,400,40,4,30
1893eeba0f624153fe2b3f0711e4a554,moveis_sala,50,364,3,9850,47,26,46
18952a79fa194b9ebff6e058236bc57f,automotivo,54,785,4,3950,65,15,15
18962ffc781d31e8d995293458954e91,moveis_sala,20,466,1,3350,33,13,33
189863ada55d223aa579c28edd1e2353,cool_stuff,22,1231,1,200,16,10,20
189898d15ec809a4ca45e1ac2221dea2,informatica_acessorios,26,327,1,478,20,14,18
189921555959ef963cb7b93553d7d202,eletrodomesticos,53,165,1,50,18,8,13
189c49b159a847050e52afe5ec8d42c5,cama_mesa_banho,52,350,2,2069,65,19,44
189d6b9a380642d0ee2245277cc9b2f2,artes_e_artesanato,45,379,3,1250,19,10,22
189e539d996a9b8ba4bba1a140a024a7,beleza_saude,59,763,2,300,20,10,15
189e7a415a45b6367968db09150ca2e5,automotivo,60,891,5,950,32,6,29
189f163ac190749c553a4835c22aa3a8,bebes,49,1066,2,257,44,12,24
18a43ee7cdcd2dc5be2f2f063ad7a2bb,relogios_presentes,58,364,4,800,26,6,26
18a6a9435280bc4978a427f0f95cbd4e,utilidades_domesticas,54,450,5,250,30,11,17
18aae9918a7e1d46e0c94c63a756c97c,,,,,700,16,12,12
18ab9bce7759767eff9cfcbeb6de70ce,eletrodomesticos,58,147,2,1225,31,14,22
18aee3ce70a5fc870a85f59f409c91f9,utilidades_domesticas,47,457,1,2100,25,60,25
18af17f3ce7321c209d5ce9932248c4e,fashion_bolsas_e_acessorios,28,177,3,100,16,11,13
18b0e642cbae7251e60a64aa07dd9eb9,informatica_acessorios,24,718,2,200,41,2,29
18bbb32704d17a575910a8cf8089bce4,telefonia_fixa,57,631,1,725,22,12,17
18bbc803715ffa8ec1b58bd3f737fdca,informatica_acessorios,38,665,1,850,16,11,37
18be199494e360c90f302b3ef82ceb43,moveis_sala,39,180,1,8400,74,5,46
18becf80f3bb277fc07eee177b32cad2,utilidades_domesticas,57,2598,2,3467,47,23,31
18c0b4a4150176a977ab587d549575e9,relogios_presentes,52,576,2,258,19,9,12
18c2db7204cdc97ff47fb6727bb1aa19,beleza_saude,51,1237,3,425,28,15,28
18c52ee8fc4012f63557c51b8558e8f3,beleza_saude,41,1797,1,300,16,19,11
18c95832cb8d17378929494e3c588354,relogios_presentes,50,325,9,547,21,18,19
18ca3438371b0b52c505b34d768b7fb4,papelaria,38,141,4,200,23,7,15
18d307d967bbf1300aa00b34f34c374c,beleza_saude,64,1135,1,4600,34,9,34
18d79c2b73a6d9e34208eaf182edd13d,moveis_decoracao,49,1918,3,7900,99,4,50
18d87751433e4198e697c51bbbb66003,cool_stuff,60,1265,3,100,17,6,20
18da4a6d2c9b127b43ac8616ab151aa8,,,,,1300,83,4,26
18dacb31f154c3607af782584f59b3c9,relogios_presentes,53,538,2,225,16,7,11
18e070c7509fe7f18504054fb17b4180,automotivo,59,676,2,850,60,8,33
18e2f2853af64a5c039fb829e8609da1,relogios_presentes,55,457,1,600,16,11,11
18e41d0c2a7cac6a8d53d3fcc13da3c4,informatica_acessorios,45,3890,2,1825,34,18,19
18e42e8f475cb44f5fd91fa354ba1a76,instrumentos_musicais,46,772,1,900,17,5,17
18ea29d5e42eea2c720cafb650f572f3,agro_industria_e_comercio,52,934,3,50,16,6,13
18ebcd64f3cc11d18509c67b886c64f9,automotivo,53,82,1,400,20,8,17
18ed3f872eef3229cb62008dc963ae78,cama_mesa_banho,54,188,1,850,35,15,25
18f0c077dff7331d813fd82f7dd05a6e,ferramentas_jardim,47,574,1,270,26,16,21
18f30e92d58932a17e40b403951b2861,moveis_decoracao,58,1977,5,2750,69,11,11
18f6ea7e8cff29f8053baac6762449f9,moveis_cozinha_area_de_servico_jantar_e_jardim,44,1313,4,1850,45,15,35
18f8fed8a737a4399a369ef33b21cb3b,fashion_bolsas_e_acessorios,34,359,4,200,16,9,11
18f968379c4898b794fcf83f317ba60e,malas_acessorios,56,2126,6,4300,30,55,40
18f97605e88c76affcbfa78ba4e52293,bebes,58,164,1,1450,35,15,25
18fa9cc25ea8b54f32d029f261673c0f,construcao_ferramentas_construcao,58,338,1,2900,23,8,23
18fb792a3e767535d6627494950de29b,moveis_decoracao,56,418,4,900,32,24,14
18fc07433ae4bcd5a8bdf658b2c6e40d,cama_mesa_banho,60,553,1,900,20,2,20
18fcba7b80899b08132793f3a71ac9db,bebes,58,2142,5,19500,32,75,48
18fe664c1fb46f0c237ac8f434697d07,bebes,31,438,1,550,26,18,21
1900bad8eae4042922f8487abb59e3c5,alimentos,58,3719,6,600,28,15,15
190179a3742b4110aaa5373a873885bb,,,,,200,20,10,15
19040720293c3389f764e7b18f9395ac,moveis_decoracao,37,436,1,3100,30,30,25
1906cb28cdc0781f04a95d4d3d0d980d,fashion_bolsas_e_acessorios,52,1359,1,300,16,2,11
1909929bf0f282504162cf7e8290c4bd,esporte_lazer,58,1546,5,6250,48,21,32
190b553d3cccad7ceb5e15a8ec148920,esporte_lazer,40,1200,1,1170,36,26,21
190d9562bfbe9d3ed876c2ac6f2f5894,beleza_saude,51,405,2,150,20,20,20
1913e11c70ce94032c05b17bbded599a,,,,,400,21,21,18
1915d084b3657c8f7be072bd8cdadc74,automotivo,45,411,2,275,16,6,11
191b7949f8bac02b5232cb1d4efcac66,ferramentas_jardim,60,516,4,1100,35,5,11
191bd142a00d0d95fa54118635886d9e,fashion_calcados,57,404,4,1400,22,12,33
191bdbe90160787e2232af92b5b53088,ferramentas_jardim,54,690,1,283,25,15,16
191c65cf8988d6fab9bde989aef39d61,eletronicos,42,324,3,6200,22,21,18
191f3eac7d624242f8eec11e472b877a,moveis_decoracao,38,504,1,5900,47,37,38
192371c441aec10766ea14ff29fef66c,beleza_saude,48,1667,1,400,22,9,15
19239f99ecca2c266c57cdce121a6727,cool_stuff,21,608,1,850,31,20,32
1923fbec9d29cfb2cb50a8e69db95cab,moveis_decoracao,48,383,1,650,35,2,26
192406641723dcce37e6181abf9aba18,eletrodomesticos,54,450,2,200,18,8,13
19288b027391bb4c6280b7ef7d129438,cama_mesa_banho,50,379,3,1900,50,22,36
1928afdd082c046af569f70558516d11,fashion_bolsas_e_acessorios,59,236,1,100,21,9,14
19290ebcf78e385cd9fcd48ce5e1393d,ferramentas_jardim,41,320,1,267,27,13,17
192a2c0fed2f8bed34ad458a073ed376,utilidades_domesticas,63,309,3,1300,17,30,35
192a8231d086772443a86cb5e2746017,pet_shop,59,807,1,9167,58,47,60
192b332c511e484ea4f3f8b0526ee59d,esporte_lazer,32,480,1,500,16,14,11
192d363be840c4c307c77a1880c1d8d6,beleza_saude,56,1670,1,300,28,24,11
192f2d6f10ae35f57a57be5fc1ae7d56,brinquedos,37,724,1,600,25,12,40
192fdd97f716a6c79db0fdb15fadd854,papelaria,55,455,5,500,21,7,15
1935200f62df6baaeef37dca2f2a6435,cama_mesa_banho,47,385,1,2400,47,21,41
1937b3e587fc766c8d1cef0c11c6aa53,esporte_lazer,44,1675,1,300,18,11,16
1938ab47ef011dae9e4ced458166432e,bebes,57,859,2,3500,31,43,21
19396b91a7c64a48aff0f42cd35444a5,moveis_quarto,39,243,2,100,16,5,14
193b9369c44fc846482364039dde2ac6,automotivo,60,651,5,7275,64,5,39
193c2cb87c6687a9da7f8ec495d19382,cama_mesa_banho,58,604,1,1250,30,30,30
193cea27ec2ebc61c91cf7dd70420fad,cama_mesa_banho,52,289,1,4400,43,15,39
193d170dd2f6849cf0cb92791a6a623b,telefonia_fixa,45,437,1,476,21,15,17
194163a8a65a48a8c95623c399a9d4a7,,,,,1600,48,8,39
19421075ae0b585f2dc13ff149e2119d,esporte_lazer,32,1797,1,150,16,16,11
19445bdaf8aa12c9f56199be2b2d56e0,moveis_decoracao,45,494,1,450,35,23,35
1945afae0c93166dce1f186d00125695,informatica_acessorios,58,1707,2,6500,30,30,20
1949890685a12526806e9463ba1a3964,fashion_bolsas_e_acessorios,47,1182,4,100,16,16,16
194d0a84a60aad8916173c4d611f6450,beleza_saude,58,558,1,1200,16,19,15
194dad3cf9aa121860ba80cca80331bb,automotivo,37,1074,1,16950,16,2,11
194e74feac1f84a8ee5a517d4b3e107a,pcs,59,3913,2,14150,52,27,52
19501e8fc293f90acb1b233f4c02e1ec,cama_mesa_banho,50,327,1,1350,22,9,33
19502a282608c5627fb32e22724727fc,brinquedos,47,181,1,11650,55,30,30
1953c4e517bc25739bc4223ede2ff5bc,relogios_presentes,53,2390,1,800,25,14,16
1954739d84629e7323a4295812a3e0ec,portateis_cozinha_e_preparadores_de_alimentos,58,792,4,750,30,30,30
19578e02e321cef1252a574bb185a4f0,beleza_saude,23,943,3,1357,19,17,15
1957efa6b2babcb8552b5f3072108d41,cool_stuff,63,1383,4,15300,43,40,40
1958c78374730139360de98514b9a916,brinquedos,52,446,2,2975,28,9,14
195a72beccf48da20d71e2d7530b470a,beleza_saude,48,474,4,425,20,11,14
195d8e91830247a20eee5eb4c4236294,cool_stuff,32,1313,3,1000,27,22,39
19600534553df3c5578890657d824296,cool_stuff,45,633,1,20600,30,80,51
1961b9b9aa8a6aa6fce7ab329c05fa9b,cama_mesa_banho,50,640,1,1300,16,10,16
19629b1460e380638d4b9263bd31547a,eletronicos,52,1681,1,10900,75,18,70
1962b83bc322046d6e2c7ec06eeaaae3,esporte_lazer,35,1385,2,650,16,2,11
1963cf66a18eaa163005e27cc39d9793,ferramentas_jardim,31,176,1,300,27,4,11
19652da3a9b3cf78255f933ad658ed72,utilidades_domesticas,57,904,2,400,22,7,15
1965752f8e30a01b19fea24c2577ad0d,alimentos,28,528,1,1376,23,15,21
196616257eff8bc851dc4fc041cbbbe9,moveis_sala,32,608,2,9750,27,15,92
1966875cebbc7c844c1e89f9140bb82e,moveis_decoracao,51,1760,3,550,22,28,22
1967439d121aa088ab92049dead980f4,eletrodomesticos,54,551,3,200,27,13,17
1967b3c67cc667c147fd88be33ac848d,beleza_saude,58,1021,1,1425,17,28,15
19685f2e45de3c3b733029b54a2c0d9c,telefonia_fixa,57,2877,4,1450,21,16,16
196908bf446216a714bf739c09522dcd,brinquedos,43,952,4,1300,48,9,32
196a8ebab62f48072dc189014d46a8d3,ferramentas_jardim,40,430,1,150,20,15,15
196b3e3000c77b282069397fb84686dc,bebes,40,1109,1,28250,34,85,55
196c1cb4773764eca858159261a90f35,perfumaria,33,849,1,400,20,20,30
19732aba12eb262beb9140786ec093ce,utilidades_domesticas,57,1043,1,9250,40,29,40
1975ce374d56d707bd8b88065779de72,moveis_decoracao,49,349,4,6050,30,40,30
19783777e6d4d97635348cf8d7caedc5,pet_shop,57,466,3,4800,31,16,26
1978f38f6cbdcaf326ecbb4732f9f748,informatica_acessorios,46,314,1,1000,17,12,40
197b4312d52feeab01ec95013df1a9d0,esporte_lazer,52,360,3,400,17,35,18
197cb673852389801377308c616f5738,beleza_saude,44,1147,1,350,34,4,15
197f7d1d3a8b0bf0c8f0394ff71b574b,construcao_ferramentas_iluminacao,39,506,1,250,16,17,17
19884358087155dcb193ae99f344fa30,cama_mesa_banho,56,405,1,1550,40,10,30
198ea0e78807db11ea9ed486b8a0e320,brinquedos,18,366,1,600,30,16,20
198ec19b3806cc2ad217e159e4e09d58,relogios_presentes,59,696,3,200,16,2,20
198ed1dd26d075dc1e52e1909fc07938,utilidades_domesticas,60,1152,3,2300,35,24,28
198f4a07b346797ac244a9fe3486d17a,automotivo,42,538,1,5900,16,4,11
19936fa4f614ee0590d3b77ac83fd648,telefonia_fixa,34,1016,2,1100,20,16,20
19944bc70a13c9b62e18a2bc7e913bb6,utilidades_domesticas,54,479,6,400,30,15,15
1994792a258088f40af8b4f4bd60d6cf,beleza_saude,59,275,4,200,16,15,15
19956d26cd122df3d47e86b631f1bf4c,esporte_lazer,60,456,1,570,33,21,32
1998a489d7fafcff255f51e7ebb38068,cool_stuff,55,743,3,10800,44,21,38
19998f21eb0c32c91d5530613a490f41,relogios_presentes,49,705,2,500,23,15,19
199a45cf96d7240df6c364154d370a5d,cama_mesa_banho,56,609,2,6050,50,18,40
199a6bb74fd406310616fda54aa93a80,alimentos,48,917,2,800,20,20,20
199a837d1162e5158f5ad3f96e35c01d,instrumentos_musicais,51,1972,2,575,20,10,13
199dfdf7a1862dbcd8ad039e48d58355,moveis_decoracao,45,967,2,2100,86,4,11
199edc405b7080eeba36e77ef66d1ea1,telefonia_fixa,56,2844,3,1900,21,21,21
199f076c011ea5e8b546bff05d4f2477,moveis_decoracao,47,616,3,1300,105,15,15
19a0eb757150fef64875b476f86095d9,beleza_saude,46,914,1,1250,19,28,17
19a20f150018f5e9df17c838f7139435,utilidades_domesticas,48,617,1,2600,33,23,30
19a5dc57b9f69cff2321395f3c36f9d6,esporte_lazer,47,1024,1,2650,33,25,25
19a6ffd4e245a92747a693805163a60f,consoles_games,28,790,3,150,23,3,18
19ac4a7de40be5bd72347162024983f2,,,,,200,16,2,20
19ac68e14d04f4207dda95e2fd44a960,brinquedos,58,393,4,625,35,21,21
19ae78d7ee992692ef1ef05578b1f156,telefonia,63,2704,5,350,17,10,12
19ae992992da3f4401e014758f5d58dd,beleza_saude,38,1475,1,400,17,17,15
19ae99a380c31edb46ed9e7dc1e9931c,utilidades_domesticas,58,1206,1,17950,43,68,41
19b25267e01c8587981e55ec96673eba,informatica_acessorios,60,1236,1,350,20,20,20
19b273d8fd4a02daae6db415447b4a4a,telefonia,51,431,1,343,19,6,16
19b29af06176f74d13a42e350b14e2d7,automotivo,50,2357,1,1000,40,25,40
19b602119b7d4c2ab21b0fe1b4035c2c,moveis_decoracao,58,617,2,450,45,4,35
19b7148be60fb48eb30c7eb0431c1a8b,eletronicos,22,603,1,500,16,21,20
19b75a8a23f10ec7a6af4e4644c4d71a,automotivo,38,530,1,3900,16,4,11
19b7d3eaa7343bd751c222bd14f44fa2,moveis_decoracao,55,534,1,650,65,2,13
19bcd4eb05ab42b8bd0976cf94bffd7b,informatica_acessorios,38,951,1,225,16,5,13
19bdd86ca06c5bcaf94fe9e856bd6a3f,brinquedos,51,780,2,2450,55,21,30
19bdfd05824c29bf495c9f5408c26635,,,,,1400,40,15,40
19c1803db50dac42632a5ba9dd89bdd6,pet_shop,52,885,2,650,25,25,25
19c3fb52d07985c61da89d4fb7f66cad,cama_mesa_banho,48,635,1,950,16,10,16
19c52e78b5b8f36b9865283bc507be1d,papelaria,43,375,4,500,30,40,11
19c91ef95d509ea33eda93495c4d3481,beleza_saude,50,1257,1,700,25,12,19
19d0b759f7630539873b280839cddfa4,relogios_presentes,52,616,1,328,20,14,18
19d1f95608edf8246e8891c90d9b211a,cool_stuff,51,458,4,1100,36,24,16
19d3bf0c73434c2f0518c526f0b4e5c2,sinalizacao_e_seguranca,42,1016,2,300,19,13,13
19d5a6b80192381ea590dbc018f2db6a,beleza_saude,50,1167,1,1133,25,18,22
19d97e807df39d7af6311ba423eaecc3,cama_mesa_banho,59,273,1,8850,16,10,16
19da2bf3225b2f11d5c3b2597576ea22,esporte_lazer,59,941,8,6350,90,15,25
19db7ccde0bb9cb62b208b2b3b794927,telefonia,57,1009,1,200,18,6,12
19dcb307b859214c546c3726043e9c2f,cool_stuff,57,1507,3,725,31,23,25
19dcf909566fad3eb56a49fa80193852,construcao_ferramentas_seguranca,38,296,1,725,16,11,11
19de58ea609a59ce31f93672af50c09a,casa_conforto_2,56,581,2,3750,41,10,33
19e17f268ccea61dbea86367763aec38,casa_construcao,47,510,1,300,16,11,11
19ee3f358951bb4ffb50cfc4f3780449,beleza_saude,51,558,1,200,20,10,20
19f0917ba5781b978298ffcd9ae225c1,consoles_games,38,41,1,150,20,3,18
19f1647ffc7e4a8ea74bf2dc45ac8e44,moveis_decoracao,29,707,1,1700,19,7,16
19f1b5c58fd03aa8c41db25200829903,artes,57,728,2,1650,30,4,30
19f27a3b9d40e71e14679fe2f75bd41a,informatica_acessorios,50,264,1,368,19,11,14
19f2a215792dd5e7cfdffacd9f3d2361,fashion_bolsas_e_acessorios,34,358,1,50,17,3,12
19f3b74026e6ec6c83fc25e21baf454e,,,,,1300,52,10,38
19f78d4a9dd029e7a9115a8e1d5ccd94,cama_mesa_banho,51,188,1,1800,50,7,35
19f9a0f38a553e626086e4f0dee261c9,papelaria,50,105,2,450,20,30,20
19fde409ed843f30b4bc54739121bf7e,relogios_presentes,39,168,1,505,18,10,13
19fdf478915162331ece9adfd669b88e,fashion_calcados,54,404,4,850,22,12,33
19fee5d5b066841b45bc3e97832fa654,artigos_de_natal,27,341,1,200,16,48,11
19ff2d1670779cdd13a453274509bc1c,fashion_roupa_masculina,43,412,1,300,35,30,20
1a00358b2af8b1c79f570a0e0ceb2208,cool_stuff,60,482,3,833,17,12,16
1a008efb54e4b407c1e6fe472199b7dc,automotivo,38,618,1,8200,30,30,30
1a053f9619cbdb4a83c0f61a68d01211,esporte_lazer,54,1417,2,150,20,10,15
1a06a6a66ab23d70e02b8f92650e268f,casa_conforto,33,360,3,150,16,2,11
1a06cc924ba852bef5a19bb5aefa4d6c,cama_mesa_banho,60,332,1,4700,45,18,35
1a079ba5d672d64c3bdae859c45d8e67,informatica_acessorios,35,1101,2,250,42,2,30
1a080577618e7fe4d9ddd8fb2b47a964,relogios_presentes,33,623,1,425,19,13,16
1a0910c102a7df46a8d1ffe68b2c3d2e,automotivo,56,376,5,1900,32,25,25
1a0971a6f39f04118207a7308d451e9d,papelaria,57,353,7,5850,60,20,29
1a09c4a332f5df9d0b846c482e93cc3d,esporte_lazer,39,979,8,3900,90,20,25
1a0bba83632b7dc923d939a7fa2c4530,construcao_ferramentas_construcao,36,473,1,410,31,8,14
1a0bed98d47b5923948a6a49612aeb83,beleza_saude,46,1113,4,175,25,12,20
1a0d662b65b5ef08796501b064c853af,automotivo,55,1065,5,900,45,12,45
1a0e5291bbd852f9da3a61379feaf37d,brinquedos,31,211,1,600,25,12,18
1a0e58ba2d1b44924d3d7184ae40e575,utilidades_domesticas,36,179,6,600,18,4,12
1a0ef485e35802dd1d23ab5446cac458,cine_foto,56,1451,1,1540,47,19,19
1a0f5bca5c36a68073930270bb47e314,esporte_lazer,54,1403,1,15600,55,26,29
1a131431da4dce6844b08bf2d6f4d2f3,cine_foto,49,720,2,150,16,5,12
1a14237ecc2fe3772b55c8d4e11ccb35,moveis_decoracao,58,1405,3,150,35,2,25
1a1607ff3b9bced214efc0a8cdfb2510,esporte_lazer,52,342,4,300,25,12,20
1a171b17d64e13187479dc66541e6541,brinquedos,39,554,3,1700,36,18,27
1a176fab8a52145e8b7566fdc0ace3ed,moveis_decoracao,54,913,4,6600,45,35,45
1a1d458cb32036ef1bfdc7896e3a63ce,automotivo,48,538,1,6050,40,30,30
1a1dba78177cbabf00a2e1eab46e62b6,,,,,700,35,35,15
1a20dc4f6c828ec4836526c671154282,moveis_decoracao,57,130,1,1400,40,7,34
1a20fafcc7f7eba192f047da438a0bb4,beleza_saude,56,574,1,400,25,5,16
1a264b7839c199ba4df21d5284492650,automotivo,44,1335,1,250,18,11,14
1a26ba82503a95e1e69edd327df9e183,automotivo,50,840,1,1950,45,20,45
1a26d40bdbef9cbc3e56226cb622f65e,eletroportateis,47,534,3,4683,30,40,31
1a28b6d0eb91221f9b752c533f9e0182,bebes,21,1007,3,100,18,9,14
1a2a204d5ef11c75f78d34ab0456c9ed,livros_tecnicos,59,3880,1,3500,29,5,20
1a2b5336765f0c7dd01d380a83a81cec,beleza_saude,49,567,2,250,16,7,12
1a2c16ff559425a46f2eba773fceb91d,perfumaria,32,2376,6,300,20,20,20
1a2d00b771a438bee7055bbd0086e003,cama_mesa_banho,55,192,1,950,44,2,36
1a2d84c11fbc7b3d7c0a10206c085ce5,telefonia_fixa,44,333,3,100,16,4,11
1a2df11a11c62daea6c15fbd3ccf2917,cama_mesa_banho,56,230,1,2000,40,7,30
1a2ece70966710dec441aa587993b5b4,,,,,300,27,5,18
1a300f482e35d7eac74b229be067aefd,informatica_acessorios,54,333,4,125,18,7,15
1a3577790b3f28eb137b105c4d62ca17,eletronicos,50,703,3,590,34,18,24
1a366f773e013eb49126f79154b769d0,cama_mesa_banho,53,831,4,550,20,20,16
1a37e4949edc3f7d9b77a37fb84f4697,relogios_presentes,44,788,1,325,17,10,12
1a37e7d1d8e98b3d70e6eb7d5deee99c,moveis_decoracao,8,433,1,2750,25,26,18
1a38458ed0e1d16259ef2a8c30ef91c6,cool_stuff,33,825,1,900,40,40,30
1a3c44587dd8d3db5f2447078bc50d75,cool_stuff,39,750,1,300,24,12,17
1a3ed2c0aa5c7beccd817b6b71282e99,eletronicos,54,799,2,600,16,16,11
1a3f8351b158ae2a59427830a660eb0a,utilidades_domesticas,43,1069,1,600,16,30,11
1a405418406359cc2b8815f93bf359c2,esporte_lazer,56,1007,2,4550,20,20,20
1a41f6016e828ff1d37f2ecc2f2a0dfd,fashion_bolsas_e_acessorios,46,424,2,3300,30,60,40
1a4231697a4cb8eda8d5f1eb97e85733,automotivo,58,1332,5,650,16,10,11
1a4247b6eddc27c68f7995dcc68b01e2,beleza_saude,39,453,1,725,21,23,16
1a428b685ede76217c9efb550c4aaa59,cama_mesa_banho,49,117,1,400,40,4,30
1a42ea14c75ffc04ad584513567457dc,moveis_decoracao,58,1117,1,6050,36,23,14
1a4313cc3541860e69057b96e097d419,automotivo,58,228,2,5550,55,35,30
1a432f73243abc5629393e03b5540da9,beleza_saude,58,1411,3,1050,40,18,16
1a43e86fd17dcec91ec053c9a1adeaac,perfumaria,43,232,1,444,20,14,15
1a44ee797acd13dc4585b03de4f8e112,utilidades_domesticas,50,495,2,1750,47,7,33
1a46dafd2935eadb540039ce3e8a3d29,consoles_games,35,771,2,350,17,16,20
1a4949c8e8e15e002d012272e49817ea,moveis_decoracao,45,923,1,800,17,27,17
1a4abdf8e4e0329e516e6e55260bb1d7,ferramentas_jardim,35,382,1,600,16,7,22
1a4eccba16567c9ffa6e98d0f552a883,utilidades_domesticas,52,164,2,8950,95,6,45
1a4f338579cef9360aa407e3d97b4c89,cool_stuff,56,1226,2,200,17,17,14
1a500c1549fa82451817be3577b4c49a,automotivo,59,1114,3,350,16,5,11
1a57051039dca27521c83e2212042176,fashion_calcados,40,303,12,500,29,7,16
1a57fd59f51629d5eefcc5737fa74bad,malas_acessorios,57,380,2,338,22,25,23
1a596515dcbe1a261f8dc0640ccb5149,moveis_decoracao,57,384,1,600,30,10,20
1a613b1a2e7f278c6343b763fd880186,relogios_presentes,46,674,3,400,23,15,19
1a640115fd96b578625ee5e51e55877e,esporte_lazer,58,671,1,26100,33,10,11
1a64be9825a124a4b43d1e19bac03a44,cool_stuff,45,424,2,600,32,4,29
1a657b37e6e9a1ad8dfc98c1820a3fef,pet_shop,44,316,2,700,20,20,20
1a658140e2f572e10461d6f7b4513a89,ferramentas_jardim,54,362,1,1200,16,3,42
1a658f920c35086bb2f6421f240608bd,beleza_saude,36,121,1,100,20,15,15
1a6706786a1ae8f9e6e4e36a3bed68ed,cama_mesa_banho,47,634,4,1100,40,27,17
1a69b9ec6d25d7656d024ad51f55c0ec,cama_mesa_banho,57,795,1,2950,19,35,31
1a6bdef0156314f8f852fe58564a31cb,moveis_decoracao,31,1330,1,100,40,2,30
1a6c4373641dbeaf6f12af2427da7719,ferramentas_jardim,60,670,5,700,20,10,20
1a6c9da4039deae58c2b769f049ae121,utilidades_domesticas,54,1323,2,2650,31,16,16
1a6e1fb52f5f47e7b18578907d10174c,bebes,56,1107,3,1100,42,25,15
1a6f6c1a25598378fea659d719fcdc5c,ferramentas_jardim,57,1589,2,2475,38,38,18
1a70473adb9873f9068e80f2fcb78824,pet_shop,26,294,1,190,17,22,17
1a71a941d0691bd3d15ee51d5fb3b11b,relogios_presentes,33,169,1,530,17,12,17
1a7340927178189657dfa923be3bfdda,telefonia,58,777,6,150,17,4,12
1a73ae8aa2b02829f07c8d5ec7bbd659,relogios_presentes,22,785,1,500,17,15,15
1a758361b1c10b3ffe3d3373332de319,esporte_lazer,56,819,4,175,17,10,13
1a77eed8713a452e3cbcb548cccdb96a,construcao_ferramentas_construcao,43,408,2,6397,50,24,48
1a7864db936b730688248bda816f1ce2,relogios_presentes,41,558,2,700,15,10,13
1a796d2b0c1498dead0d8102ee8ca9c4,automotivo,58,117,1,200,16,7,11
1a7cffdce32ea72085aa94c27b19d01a,perfumaria,58,648,3,450,22,16,16
1a7d1ce0dddfef9f6f2ed280798fd9bb,consoles_games,47,1373,4,200,18,2,11
1a7e98c48e146130016fab89a43c00da,cama_mesa_banho,56,230,1,2000,36,8,27
1a863cc45960ea60fa0aaeedce00c28f,moveis_decoracao,51,638,1,300,35,10,25
1a8727b2a106ac22bb93db98d9d56bd0,pet_shop,42,635,1,7400,60,18,40
1a8aea590bd168ec134d9f19ae6d78ee,moveis_escritorio,48,2322,1,11400,58,40,58
1a8c8d4e86c3b6d020f42b5621825ced,eletrodomesticos,42,116,1,450,20,13,12
1a8ffdee10d64528eb046117521d3953,moveis_decoracao,47,494,1,550,35,23,35
1a909e04ddbc64bda3fc905834678201,informatica_acessorios,48,475,1,213,15,7,11
1a90af24f474949bdc928a39b627fd57,brinquedos,58,551,3,1483,35,35,29
1a9336bcfd7544237cf44cf3de1f5530,utilidades_domesticas,41,2427,1,2800,45,35,35
1a96bfd3ef9221f2775d1eccd98a7f17,construcao_ferramentas_construcao,57,422,4,200,42,12,12
1a980a10bed1d765e2eb2ad3608a63a1,malas_acessorios,45,217,1,850,45,10,31
1a986b4015f20a3c26d8573a46dcf65e,cool_stuff,46,269,1,300,34,5,27
1a9d5623d718be92f3d696bfd261bb4f,brinquedos,35,1837,1,500,16,20,20
1a9d64af3398397aa9948a714bb2baaa,brinquedos,32,254,1,250,16,10,11
1aa14227ddc4559e09c497298bf618dc,esporte_lazer,61,991,4,150,26,2,21
1aa290cdf7d94d625562f35575218444,beleza_saude,56,787,1,1650,23,17,16
1aa2ed670a95e9f475723707a7c3f386,cama_mesa_banho,50,234,1,1000,38,6,29
1aa464d8b37fad27aa67da15cb76d312,moveis_decoracao,59,2007,4,3000,69,11,11
1aa5ffb5e73a8635a5d4619a96d012fe,cama_mesa_banho,57,125,2,2400,70,10,60
1aa7397df05b60bd4c46fb61543b2ddf,moveis_decoracao,36,569,1,1050,30,30,30
1aaa4a6171009c44a3d494048d9751f5,eletrodomesticos,59,339,3,550,39,17,39
1aaeaa2c5da72dcc8358011100dc5a26,utilidades_domesticas,60,516,2,400,18,2,18
1aaf6070d787633a51243dcd6efa127b,malas_acessorios,46,289,1,16050,60,40,40
1aaf80d4afeb6d8636711e75d02f1a7e,informatica_acessorios,50,220,1,50,40,2,24
1aafc94a341ff202817c81cd5e66e522,pet_shop,60,436,4,500,27,9,26
1ab21d1c80e214bc2cedfcb7a5ade550,moveis_escritorio,45,1352,1,30000,74,63,26
1ab21e6620cb6346784529bff0a0c43b,ferramentas_jardim,46,476,1,268,38,9,12
1ab301df9ab26fc25842366a7c68fb96,papelaria,51,404,4,1400,35,46,31
1ab751509d2021cb7a5137f1fc99b488,automotivo,58,228,1,9650,55,35,30
1ab9dfe894998cf8d80b24faa69b3c5b,automotivo,57,667,6,3900,47,19,23
1aba5f6d342892bef219db99ae29f029,fashion_bolsas_e_acessorios,42,1359,1,350,16,2,11
1abacc695f40d21534ff1c657daed7c4,automotivo,60,493,2,850,35,10,35
1abcb3cdf79a4b094862b63c4e085a45,eletronicos,52,272,1,5000,40,22,24
1abd8922e3c02c26ce30fc4f627158fe,brinquedos,50,677,5,8963,52,27,33
1ac09f60f3c3bc2021c637ef23fa3248,brinquedos,31,735,3,600,20,20,20
1ac5b02a81e28c27713b7229144a773e,utilidades_domesticas,54,537,1,1750,20,20,20
1ac8f5283525f67f04345f07c167ba80,informatica_acessorios,45,165,1,850,36,21,21
1ac94144a305b4bc370804ca0d290490,beleza_saude,53,389,3,100,16,3,12
1acb18fc869c5489d5f76abcd681165e,esporte_lazer,47,858,1,1600,30,30,35
1ad0ffef7f056377c170d00b07f20cce,automotivo,48,278,1,200,30,20,15
1ad107de20364138356e19ab81369f04,utilidades_domesticas,57,754,1,750,25,42,21
1ad110eaab5105bf841dc2b8985190e5,bebes,46,756,1,600,26,23,11
1ad3f793ff482f29c15596c3bc596812,moveis_decoracao,40,94,5,300,16,5,20
1ad9044807206037c43c93a5d891e016,automotivo,60,695,6,3900,47,19,23
1adcf68b3225c66329bed63fc288933f,esporte_lazer,52,553,1,350,18,18,18
1addcc38627084ba4a99fe3efca1c65b,telefonia,59,421,2,161,17,14,19
1ae200ea89b47dfa17d0ae0745a25492,beleza_saude,57,976,2,150,20,10,20
1ae28ef6d0421f92f2e4e6d407e90347,livros_interesse_geral,58,1043,1,1050,30,4,20
1ae2f20ff728b72bc2d6359978de7328,informatica_acessorios,35,222,1,888,27,12,25
1ae80eade3400d1468bf84ce7bd6b479,cama_mesa_banho,43,234,1,900,45,15,35
1aec9dac073154a4d6350ad0e773a191,market_place,40,770,4,200,22,6,14
1aecdb5fa3add74e385f25c6c527a462,ferramentas_jardim,41,3544,1,16400,100,30,30
1af2a3ec7cecc4015321e562a26c9d1d,informatica_acessorios,60,266,2,150,40,2,24
1af8902c3a99c03308ce1a8d05dc7d52,instrumentos_musicais,61,1106,8,5650,50,15,45
1afba77281863ff27193802145134d47,casa_construcao,58,921,6,1050,16,20,16
1afc67ca54fdc1dd0774a3727a44b8a1,informatica_acessorios,59,421,1,300,50,5,20
1afdb4e17af189582b06591ae8a031a4,fashion_bolsas_e_acessorios,59,131,5,250,16,2,20
1b01cabd433131aec917576c347f0dbd,relogios_presentes,52,687,1,550,20,12,15
1b06001e6b541c7e43a5a0339129a3ea,utilidades_domesticas,50,430,2,1400,30,15,20
1b06c90f0a31f14d0f505323b5723a80,ferramentas_jardim,58,747,4,650,19,17,19
1b0991f5c6be6a8de9ad8e1027ff67d7,fashion_roupa_masculina,25,183,1,300,19,27,27
1b0e39ec889889ea1d492603d8512bfb,,,,,400,35,30,20
1b0e9a414e59a00b13262ffb248ed9b4,alimentos_bebidas,57,400,2,262,28,15,20
1b0f0dd824989bb4f30d03ac3d1e90af,eletrodomesticos_2,60,430,1,11867,26,29,34
1b0fb6d6a05121d4b76a49f44c2c427b,moveis_quarto,41,541,2,10750,93,63,11
1b11571a0535a643bb18db34b84b7334,cool_stuff,53,686,3,550,21,15,25
1b125123580a802629427ebd924ff335,fashion_bolsas_e_acessorios,58,571,5,150,17,9,17
1b14ba724d4ad3094f074ca9b36aae05,eletronicos,38,392,1,1400,33,12,26
1b1654fea0a8269f9ba9a1e1258edb61,,,,,150,16,2,11
1b19ee9eb239b84740e55e194e3cbd5c,informatica_acessorios,36,2561,1,1900,30,15,20
1b1bde24cbdf36a390e1abd717b2f7b0,cama_mesa_banho,43,124,1,300,40,4,30
1b1c78225aa5601414a8c09020ee1803,ferramentas_jardim,27,375,2,200,16,14,14
1b1c7f2438d9c2eb23fd29f14a2322d2,moveis_decoracao,59,603,1,5950,40,35,35
1b1e7f96bdba2a29b52f73065b193c26,automotivo,56,627,6,1075,53,4,40
1b2066a33aee5851ee3e44b10b36b3c8,moveis_decoracao,40,402,1,1650,30,30,15
1b28754d4c3737f9655d4a27c118bcd5,automotivo,43,671,2,2800,30,30,30
1b28df0b54809d40f2bd2f2218c601a2,alimentos_bebidas,59,3762,1,875,23,17,17
1b2a140e2ec204144f52c2d74eafbd98,bebes,41,353,4,950,38,14,37
1b30d1c25bb529469aa0c83e326834b4,automotivo,46,350,1,2500,33,27,26
1b333b69df54cf5028055bae1912aaa7,moveis_decoracao,63,493,2,5600,28,66,28
1b335291af6aa51e69afcce777570b9d,cool_stuff,59,237,1,1250,30,15,30
1b34988d6060d833cbe3bf2bdeeb67ab,automotivo,55,421,1,3000,20,30,30
1b34de23397f9ce6cd0f7afa27b60eac,beleza_saude,33,3664,1,430,22,17,21
1b3634881407099b50ee5bca1026ef25,utilidades_domesticas,58,759,1,700,16,38,33
1b363f393faf61f11af873b840645eb9,cama_mesa_banho,55,246,1,1050,38,10,38
1b37262ebd1307a6c9aab9aca8584e76,pet_shop,52,1290,3,1300,30,10,18
1b37b3107916db24fcb0ea0f9c024bd3,beleza_saude,45,510,4,300,31,6,31
1b37d55343061aa2b18b807945ff9831,moveis_escritorio,40,1351,3,2400,54,10,33
1b3b11f766f6efa38c3a7ab54b956a49,brinquedos,33,928,3,300,30,30,15
1b3c5b1455f3e42d831fb778055c9e45,consoles_games,52,1916,5,900,20,20,16
1b405b8c885afa80810433526fc2c5ec,automotivo,59,1473,1,600,18,9,13
1b42d5d23103d5b706f8107ce7549920,eletroportateis,46,573,1,1075,20,20,20
1b43b0a6105ffaa6dae01356daec2657,beleza_saude,57,1534,1,1025,30,18,20
1b46816aa838ce9ae97feda7b2f51f26,artigos_de_natal,17,322,2,200,30,2,21
1b474c650cb9407d32a1e066937b68fd,relogios_presentes,43,548,3,381,18,12,15
1b491493d9b95d9378103b4503948efe,informatica_acessorios,47,321,1,700,18,9,16
1b4a4a283a036d1473ff5be2a0d493a2,cama_mesa_banho,53,1299,1,3050,40,25,25
1b4dee3e58cb87cb5a0acc54ea53db9d,fashion_calcados,54,404,4,800,22,12,33
1b508f9b0efb50617933ab0dda7a9ed6,alimentos_bebidas,46,844,1,400,24,8,23
1b5517643ad053313be97cde689fa031,cool_stuff,55,697,3,650,20,20,21
1b55611367793363c3aa1c9d888be7ed,automotivo,31,993,3,1350,33,28,28
1b58ea6b563c9841db97e6923d18cc69,bebes,38,1207,2,7550,42,25,15
1b5978db99f7114b364fa0a0123eda05,relogios_presentes,49,613,3,4100,19,10,15
1b5ac751c245c52ded56f9fd1f17590c,dvds_blu_ray,46,2123,3,400,18,25,11
1b5b6bd531d2e0b1650bbabac62fa352,utilidades_domesticas,50,364,1,7900,62,28,28
1b5da3da62c9390a62e96e29cca9e734,relogios_presentes,53,959,3,450,20,10,16
1b6033cbf12974cf79c1cccbf8592ffd,beleza_saude,27,1840,1,250,17,12,12
1b64e3f229ea80e2b453b120cebcc448,informatica_acessorios,41,724,1,1925,33,40,18
1b661808a8b3a3ec213271d42b4ce015,moveis_decoracao,38,241,1,390,38,10,38
1b6cecc37e5cf78922520ccb14860e63,utilidades_domesticas,52,427,1,5100,40,25,35
1b6e2795daa2ca887a0310b0a79000e4,cama_mesa_banho,54,246,1,700,45,15,35
1b708fb3dcbea0831e21f2fb98d0acfe,esporte_lazer,52,599,1,1000,39,10,37
1b717631654816892a7b2ef8b7c7c3c4,moveis_decoracao,55,1963,3,3000,69,11,11
1b726b3b028ce5af355fc94c066520d7,eletrodomesticos,60,230,1,425,39,17,39
1b7384e0f9f5e4cb914cd3f5535a4cab,,,,,200,16,3,12
1b73aaabcddf5be28fba09916e1ed907,cama_mesa_banho,59,81,1,500,20,2,15
1b770da1c339c216e545d69ee2965da1,beleza_saude,47,1123,1,750,20,18,23
1b77984541459de3090398065e4c6844,esporte_lazer,58,2258,6,1350,80,8,15
1b7b45fba5ad23e8117914f8b36e6772,esporte_lazer,46,1277,5,1600,42,10,22
1b7c03297b91c3accb749dfadbac7bbe,moveis_decoracao,59,646,1,300,16,30,20
1b7ce992a80ac036dd9ab73d08289712,eletronicos,52,530,3,150,22,3,12
1b7e8de633927dc83ae6d84f54f9cc1e,beleza_saude,35,472,1,358,17,16,14
1b80b0a1f4aad5d1a1cff676b76e9eec,relogios_presentes,52,427,1,500,20,10,17
1b81160192e096f4cbcf518ffa830df0,cama_mesa_banho,57,310,1,1150,36,6,20
1b81b117d19f1f282c2818484e52211e,automotivo,58,1381,8,550,20,10,15
1b81b1c311837fade3c68f1f191a15b8,esporte_lazer,57,891,1,24600,31,14,11
1b820caf50df248cf5ef1642359a1812,moveis_decoracao,40,242,4,13000,82,6,82
1b861948326326b19c7442789ef59ebb,beleza_saude,53,144,1,100,16,11,11
1b88c133317c3f2b8c53b6048f2dc8b6,cama_mesa_banho,52,729,1,6200,20,30,30
1b8ee158f59c098470fad33f39660964,moveis_sala,32,327,2,6200,55,14,47
1b8fb2ae90018c533840a8085ca9ad6b,bebes,40,1465,3,400,30,10,30
1b90a8c5fe7ad2ec9351f03282b30075,utilidades_domesticas,59,812,2,1000,30,15,25
1b90b42c262feb78e84da470dd0ed547,brinquedos,29,176,1,300,27,5,26
1b90de90abbc056f24e0fe3c721a88ee,utilidades_domesticas,51,539,1,1100,16,31,29
1b9257f42072f68e325a4dc79dd99ae4,esporte_lazer,46,1850,1,1450,20,30,20
1b92f53b1a02ed873cc9edad59d2031b,esporte_lazer,40,409,2,200,16,4,21
1b930f20f389f3e3d057b9e3e85ca83d,,,,,600,38,5,27
1b93af229a5768eaaed2064722b1c1dc,casa_construcao,57,915,5,9950,52,22,52
1b947042ada4bafeaeb8714e1584d5b1,moveis_decoracao,63,149,3,5950,64,8,64
1b97621fc0e6ac58cfb272d5ccf8c15b,fashion_roupa_masculina,55,1241,2,1000,16,2,11
1b979ed0acbd0350ce3aaee840601644,eletrodomesticos,55,276,3,300,34,13,17
1b981d76f4ec023c49b13412f503f1c2,bebes,57,1988,2,300,69,11,11
1b9b88f6c9d3025e9d3e581758e1e807,beleza_saude,47,870,4,550,30,12,15
1b9c9c11fdac157197ea45527ffabae2,esporte_lazer,47,878,1,1125,30,23,26
1b9eb27d35b89e35c8b32fa9902cdba9,perfumaria,57,430,1,460,19,13,17
1b9f1774447f0b4aef58c96227324048,moveis_decoracao,49,633,2,50,16,3,11
1b9fd1e2ba8bf3e4249ee0c838893e4e,cama_mesa_banho,50,479,1,1100,48,8,39
1ba039173f93b4ad2c34545eb1f64f24,beleza_saude,50,784,1,1000,30,15,30
1ba045cf3a974c9b36bd1f6f0383ac8d,relogios_presentes,47,726,2,200,16,11,11
1ba0e7ce15d3e3e8ec7b8bf976a76b97,moveis_escritorio,51,1118,6,2750,16,31,36
1ba4e3fe92f16fd5a8942f7b7d804b52,bebes,52,341,2,8500,45,25,45
1ba74b19c790ee59fb57fa2befa6e885,fashion_bolsas_e_acessorios,53,297,1,150,21,9,14
1ba7948f3aa31cdaf78a4885f3c5385a,brinquedos,29,566,2,1220,20,33,22
1ba7af3234371545d85021375fbe3739,pet_shop,49,1321,1,125,16,11,16
1bab2e484686f57566de99a627223576,cama_mesa_banho,45,248,1,900,30,5,35
1bad1f17e229af04d11a788ed2b3553f,instrumentos_musicais,60,774,1,30000,60,60,60
1bb0f142789375f5709d08b2f2355c2b,cama_mesa_banho,52,289,1,4050,40,12,38
1bb451598371a55d8d19057f39929ec8,beleza_saude,53,2506,1,2550,28,14,20
1bbab10ac1cf79799f5c997e4817c46a,utilidades_domesticas,44,330,3,425,18,18,18
1bbb8e929009e827868035f4fa7a5884,esporte_lazer,25,319,1,518,21,28,22
1bbf3c5abc34eb8f1d884a7503b7764f,beleza_saude,50,2830,2,350,27,4,11
1bc01b1481a6f018de8711ef213d7bb9,brinquedos,44,635,3,500,19,35,27
1bc1199ed7fbe6f13ea973952868b93e,telefonia,63,265,6,200,19,5,11
1bc5770761d1aaac6f2c831ac8f59708,telefonia,57,1009,1,150,18,6,12
1bc727ecf620b4b524541bf5b60e3314,moveis_decoracao,40,509,4,4000,40,40,40
1bc861b90a53405f92c18482e45e897c,malas_acessorios,45,225,1,600,47,10,34
1bcb50aa4fa11ec2f767d6eea810d8b7,moveis_escritorio,48,614,1,9750,92,15,27
1bcb8c6da1776e8ce06e459213adec74,cama_mesa_banho,52,354,2,300,60,8,40
1bcdbe14eef2fb18157a8bb2d05b5605,brinquedos,59,410,2,300,24,15,15
1bce8df66884f0841be155ae1f645d46,cine_foto,49,3508,2,1100,55,15,15
1bd0e965122ea1485d8f7f0c6792ebe0,,,,,500,25,6,16
1bdf131c83d68a290b1abe6b43f3c324,climatizacao,60,733,5,5000,55,19,46
1bdf5e6731585cf01aa8169c7028d6ad,artes,28,3954,2,7400,47,25,25
1bdfcb8320195a0fbab354ae99d95d91,utilidades_domesticas,43,192,3,150,16,6,11
1be077a2d74abc6941e3fe47906df83c,brinquedos,34,158,2,150,16,18,18
1be380bc1811ed4d29daba3508f6f6fa,esporte_lazer,35,1563,1,400,16,16,11
1be6d38ae75d87f6ee74e1d8e7e5466d,beleza_saude,46,1259,2,550,30,10,20
1be9435dc0c47cf6b58c34d3bb7d6f54,cama_mesa_banho,49,293,1,1225,38,15,31
1be9a7b25f7ddfe1dfda88b9b64f595c,relogios_presentes,52,724,2,200,16,11,11
1becf32f9c527bad8d88e8e6aa99f021,papelaria,48,937,8,950,16,10,50
1bef08f119466a85a83919d5b80facd3,cama_mesa_banho,39,114,1,250,40,4,30
1befaea8015cdb5fc2890a23ddf60cc0,telefonia,60,1440,2,200,18,6,20
1bfb290d7273a442c874dbe74b4abae6,moveis_escritorio,19,883,1,10075,55,64,26
1bfc9947194da1defa581550164fc92c,beleza_saude,45,744,1,150,16,16,20
1bfe10e822dedba7190af59828c822d7,instrumentos_musicais,60,814,3,9150,50,50,50
1bfe62f326ac7bec0f5a83c10cfff228,brinquedos,47,74,2,5700,39,30,29
1c00873a774421d2eeec30c80eb15676,informatica_acessorios,47,1080,1,500,16,28,11
1c02c66278df52e0e945f9cdcd9259ac,utilidades_domesticas,58,938,3,129,29,20,16
1c059cb9cda165ab22821d43860ca347,moveis_decoracao,31,308,1,2250,37,30,20
1c05e0964302b6cf68ca0d15f326c6ba,moveis_escritorio,46,1159,1,9375,55,54,19
1c080978925cd796eb3f7bace4ef4239,construcao_ferramentas_seguranca,55,1012,1,1080,24,27,20
1c0b635cee597371e54d222a1d8e0386,relogios_presentes,52,706,2,300,16,11,11
1c0c0093a48f13ba70d0c6b0a9157cb7,moveis_decoracao,49,300,1,2500,47,21,41
1c12e2e95f36322f3a5ab8153a76bd73,utilidades_domesticas,52,303,2,9900,61,31,31
1c155a30fb1a2c828c9064cdcb7d2993,eletronicos,53,2407,5,350,16,16,16
1c185f17bc0cdfba85b49cc9724b1ce4,cama_mesa_banho,54,182,1,1352,37,9,30
1c1890ba1779090cd54008a3c3302921,moveis_decoracao,27,158,4,2550,29,24,45
1c19fc5db55cbd645b6021cd2841bdb4,cama_mesa_banho,57,184,1,1200,44,2,35
1c1baeabe25824c8c22b511643852906,beleza_saude,52,577,1,457,19,12,16
1c1dda7d5b3d50618aadda35edc2acd6,fashion_bolsas_e_acessorios,46,1437,1,300,16,2,20
1c21c11ea2efbcaa7ee31c3191300a58,perfumaria,50,745,2,600,22,16,16
1c21c1ed398eae61184065889ca3d4b0,cama_mesa_banho,51,324,1,900,42,8,37
1c22fe6866020a6484b6087d20e23516,automotivo,39,488,4,300,48,5,28
1c2343e8f516d16e590d499476a026f3,automotivo,59,103,1,250,25,20,25
1c27515baa5bece76d41e2353efcdd8e,utilidades_domesticas,56,358,1,900,71,13,11
1c2862e8f831c73dd953c24b3fd5b9e2,moveis_decoracao,60,120,1,600,18,30,15
1c29e0998c641090dccdd718d8d2ce61,utilidades_domesticas,46,403,1,10100,19,48,27
1c30d57d1e1e0184594217845937b8e0,cool_stuff,38,319,2,400,25,30,16
1c3122302b284dc602555cee331847da,cool_stuff,37,1925,2,4950,48,46,15
1c33c71830d320620439a3236a1c4ae1,livros_interesse_geral,54,2931,3,2200,19,26,11
1c36a5285f7f3b1ed2637d7c528ce5ff,malas_acessorios,21,769,4,1600,55,37,30
1c3872bb3c0bc580a0f1cd3f1cc869c5,esporte_lazer,59,3438,1,200,18,8,14
1c38f26a1dba8b5325c3b434679bfea2,ferramentas_jardim,51,518,1,363,18,26,17
1c3a3b443f2cc220733fbd7b49841187,perfumaria,52,795,1,453,21,11,14
1c3fea589b8776930c3d5654c472ddb6,brinquedos,38,1671,1,325,21,8,17
1c42962612d557f85753b24c2b97070f,informatica_acessorios,43,493,1,50,20,20,18
1c42a107473d6b20db8ac7772b870e33,cama_mesa_banho,50,164,2,1900,25,10,25
1c45430f3f3063bdb54d28e87824ed34,cama_mesa_banho,56,729,1,5200,20,30,30
1c45b3b234c28efa6e4f99e7af930030,eletrodomesticos,58,205,1,250,27,13,17
1c47e837f2780378d8485d04ab83a45d,beleza_saude,55,1683,1,375,23,18,23
1c4b558889819d00efc1ec52e76bc450,bebes,58,374,6,200,16,9,11
1c4dbd58e9b07007a271122f96bb0add,cama_mesa_banho,52,627,1,6350,30,30,30
1c4de4dd53a801716c8a3a2cf51f35fa,relogios_presentes,60,521,4,300,16,2,11
1c4e2aab2f3631a70816d1765ced8ea8,utilidades_domesticas,56,402,2,9900,31,61,31
1c510e7a53ea02ee8cb8e8d42274ff83,esporte_lazer,59,1208,1,4317,50,28,30
1c5507038caa58651b5f07b729f97774,fashion_bolsas_e_acessorios,45,826,1,150,16,5,16
1c55a8be0613dd888ed9c039cea3d660,moveis_sala,56,1043,2,3100,30,11,30
1c56f826f3a1fdf255e3fb5fa7637d3e,perfumaria,37,674,1,225,16,7,12
1c57458e824ca3d974ec1831a1a55e72,pet_shop,57,794,3,30000,79,2,63
1c590de8370cd15e869999037e92fea2,fashion_bolsas_e_acessorios,36,103,1,100,16,10,15
1c5b28beb34835f960261f45ba22a136,perfumaria,47,609,1,600,30,10,30
1c5b879ad722644d2f3fb52553ced17a,moveis_cozinha_area_de_servico_jantar_e_jardim,49,655,2,16550,39,61,39
1c5bd6a742367ec4d654a0859523e880,bebes,45,821,4,4550,40,10,40
1c5cd477820c6046039178150f6f8916,moveis_decoracao,47,271,2,2900,44,15,44
1c5e5b3851dcb42f81def7b900898c83,beleza_saude,56,1296,1,300,16,16,16
1c636ce22ef8c85c26936781e313be5d,ferramentas_jardim,41,383,3,300,36,3,20
1c63d0a4d75df524d4605a43285925d7,bebes,51,353,3,668,21,25,21
1c6771d60124b84ada98e8f67ba111db,utilidades_domesticas,55,1450,1,300,25,25,25
1c67a5b38f02f622f19229fac2a07c33,automotivo,40,121,2,1888,105,15,49
1c687f9714b91f95caf2727cf84e5be3,fashion_calcados,40,303,12,500,29,7,16
1c696af1be46efd0d4028f3f88c7e3dd,automotivo,47,445,2,450,36,6,30
1c6a5fd4bf0e4196dc0a20386c496bd3,,,,,3800,30,40,30
1c6b0760060e08631997f228e1d07a78,cama_mesa_banho,41,111,1,350,40,4,30
1c6b8ed36259a0971b3fd58692b60f9c,ferramentas_jardim,60,918,1,2050,50,50,50
1c6c35cdf70ee1c3515cd1527f4aa6d8,papelaria,56,909,3,450,28,32,23
1c6cf85f4af5c2787a812d273b836c01,utilidades_domesticas,38,252,1,2300,44,8,32
1c6e92bf485313aa98f50dbfd2586f95,brinquedos,46,676,3,600,22,18,26
1c6fb703c624b381a20f21f757694866,brinquedos,33,471,2,725,22,17,15
1c751473f73f132c769bdc74c4e90523,perfumaria,51,591,1,700,25,16,16
1c756cc8c5e3b4a2fcf83d1690f8084d,relogios_presentes,51,329,3,1500,23,15,19
1c76b4e79bb358170ef2565779cecb38,fashion_bolsas_e_acessorios,9,76,2,200,16,3,15
1c7bf92052619cc8b84907741fd0cedb,esporte_lazer,45,691,1,185,18,15,15
1c8068ff974de37eac2c0c8ce23f4ef0,beleza_saude,50,583,1,900,16,25,15
1c86a1539e8f7551ac5c09a15b6a3c88,cama_mesa_banho,41,172,1,1150,45,10,15
1c870a715bb1ded648a71cf510b659a5,eletrodomesticos,53,298,2,350,30,12,23
1c8864370650c542bc1e409e4e42dc36,esporte_lazer,54,890,2,87,16,5,11
1c8c191152d78378de9b31fa8231bcd6,esporte_lazer,46,844,1,975,43,23,23
1c8c80454d9a8829112d5be9fe885fab,esporte_lazer,36,269,1,1250,26,20,15
1c8ddcbd9abd12c51979969411f0b110,moveis_decoracao,50,534,1,650,65,2,13
1c928305f64aa4a643ca1c969c0abad7,automotivo,46,431,1,150,25,7,16
1c93b38903bf11d9a9bd28f3c65481d6,casa_conforto,60,407,1,19800,45,15,35
1c93cf120c0711a9ba9f0a188a52f649,automotivo,31,676,2,9850,39,49,42
1c955eb7c06e7330695a99212a99c0c8,eletroportateis,58,613,1,1200,16,16,16
1c973679d17e2e7505000add215699f6,brinquedos,59,1082,4,14400,60,60,50
1c99a6128a79a5fb5a34c1c6b3be9067,fashion_calcados,54,404,4,900,22,12,33
1c99e26fcd1d46507751938718e31f87,pet_shop,59,803,1,550,20,40,20
1c9a944d6bfe1ff027b2836e96277f2c,informatica_acessorios,49,1588,4,800,17,10,23
1c9b5793de6c3d9117b6218552c87a8f,perfumaria,54,956,1,50,16,5,11
1c9ba8000030b7a6ecc18247ca6e9732,brinquedos,57,354,4,800,45,52,15
1c9c1e9c68e2311f81258433b7e0092b,moveis_decoracao,43,3438,1,1000,41,23,25
1c9e034fdb330509dbe0f09e6a42f157,informatica_acessorios,16,1598,1,100,16,5,14
1ca1d7d7a101a1d1f2ca213994fd8596,construcao_ferramentas_construcao,37,293,2,1400,20,42,20
1ca44bcd8ec3cca1bc2080d3c63c16b8,utilidades_domesticas,58,249,2,550,20,20,20
1ca5c007b08c0c47cae4809750e4c6ad,cama_mesa_banho,58,352,2,400,50,11,11
1ca64333e21cc2921b28c702e3ad522b,artigos_de_festas,15,342,1,300,16,11,11
1ca737c9f8f06b3672be9f9f3f603d36,informatica_acessorios,59,1095,1,350,19,19,13
1ca99da10c4b800de39096631ed2e773,esporte_lazer,48,1129,4,800,17,105,12
1cab19d5be9a1286428e85aaebf82906,malas_acessorios,58,1057,3,950,35,12,25
1cac29154057b66c1cfcb6ff58e2fdbf,utilidades_domesticas,52,1232,2,1200,29,33,29
1cac2c9aee1db62c108da2205880e09c,utilidades_domesticas,55,536,1,600,28,18,17
1caf2267e1334b93a9220b1a26db262d,construcao_ferramentas_construcao,39,2445,1,650,26,17,17
1cb173e22a594e4c0883a4f0502b5360,construcao_ferramentas_ferramentas,55,2999,5,950,27,30,23
1cb19e405562e1d623ff6401565de70c,moveis_decoracao,50,610,2,3700,50,30,30
1cb4e06ac5f21ccde771561d17ec0afb,cama_mesa_banho,50,353,1,1250,16,10,16
1cb60c9b90bc722828facc251de1cf94,utilidades_domesticas,51,684,1,9350,40,35,40
1cb7476fb94699f09e7efa70f8ea659c,utilidades_domesticas,24,467,1,300,26,2,11
1cbae91a0159b540e3d3a43193d3e970,relogios_presentes,56,555,1,150,20,5,15
1cbc78e4a21eb9d14fcc229e482a6418,cool_stuff,56,205,2,493,30,20,16
1cbe6092926b24ecacfdeb748bc34105,automotivo,52,666,1,4950,65,25,25
1cc5f038fa8645580602fb2423d3a50a,perfumaria,56,681,1,400,22,16,16
1cc61b32763a4d816212b3507b6b6c59,livros_interesse_geral,55,556,1,1050,27,30,16
1cc6c532b1ed8a5250688f8136e01cf7,automotivo,56,656,1,150,16,6,11
1cc786f2fc3932c7a07346cf556c28bf,eletroportateis,38,1028,1,467,27,17,18
1cc7dc76718ffa96d0826a78498c9fbe,utilidades_domesticas,59,754,1,13600,56,32,32
1cc7fc7841f9dacfbb9ec2a43276bf5f,relogios_presentes,50,309,1,350,18,9,14
1cc8eab3e8021aa2f19391441692c477,fashion_calcados,54,404,4,1500,35,12,20
1ccb5f6ac19a5ab7b66d96ca902b41dd,pet_shop,59,768,3,400,35,22,28
1ccead49ab8f345a022f75586ecfc1b2,cama_mesa_banho,45,310,2,1800,35,20,25
1ccef988a8dd457a93b0b4833b8f0724,telefonia,38,580,2,100,16,3,11
1cd17c8beea6f950dcdcb8e514d1fdfb,cine_foto,56,829,1,850,30,13,30
1cd35eaf33a642d4df4c9146837f5908,moveis_decoracao,34,1717,4,500,30,15,15
1cd4e06e315c38b1a4a3268caa41fcd8,cool_stuff,53,805,1,800,26,15,20
1cd7f362c94c8a3a854103a8da2d8f43,utilidades_domesticas,31,370,1,1250,26,10,26
1cd876bcbd0907f49bbf28372f86dd32,beleza_saude,36,1529,1,150,16,5,11
1cda79a24778a81a17725e927dd45025,esporte_lazer,59,314,2,600,26,5,14
1cdbe059c1ca8e6b8e3c595c382afd56,moveis_decoracao,56,229,1,650,32,2,22
1cdc69add3346845cb008e938c7db9e0,esporte_lazer,43,493,1,1417,19,19,19
1cdfaf0cc5abd6063d3a10ae3318f345,cama_mesa_banho,60,298,1,2350,33,7,39
1ce0e963805e3c170485768e8b09fe65,moveis_decoracao,50,1342,3,800,25,25,25
1ce3fabecf822e737401979c2eef12e5,automotivo,51,658,2,150,16,16,16
1ce47626d790bdfe279ad4cedc159009,moveis_decoracao,35,563,1,100,16,16,16
1ce5b88456351c3b986532265a56d223,cama_mesa_banho,42,111,1,500,40,4,30
1ce5d622fcc57fef0c65feb523eb2be1,brinquedos,47,256,1,950,30,11,25
1ceb0f188c42888c33459e15c22b2c8e,automotivo,60,160,1,250,25,25,25
1cee481bc2bde9c49bba35c615d52e78,utilidades_domesticas,55,308,2,550,16,10,12
1cee940750667f29c969974d268656f8,beleza_saude,41,1918,1,580,39,11,15
1ceecf723e6b304ffe1822e9f375fbf1,climatizacao,47,270,2,150,25,25,20
1cf0c9095608952cb1c65c4789946375,eletronicos,52,293,2,275,28,9,22
1cf1166849ef1df39734ef593d71f20c,perfumaria,35,659,1,200,16,16,16
1cf22c0593f2ba8ecf404d0945a2036a,construcao_ferramentas_construcao,60,996,1,5500,16,45,15
1cf2ac38c34884acf7e61b5a66d4987c,relogios_presentes,35,209,2,300,20,12,15
1cf39a397efa955b102a52ee7ec5531c,automotivo,35,907,3,18200,56,15,15
1cf4209f5358de32c5cae2c2dbb84aed,telefonia,54,596,2,350,17,4,12
1cf657de01c2b973b898ad0ac9073ac7,artes_e_artesanato,41,130,1,210,25,10,15
1cf785e20371a66f535ab3b920d28140,papelaria,54,178,1,250,21,7,15
1d04827ad9a5255800c08c3231a86639,brinquedos,53,841,4,6270,58,29,31
1d0576deaebcd2285a1fea5d43021ca8,fashion_calcados,57,404,4,700,22,12,33
1d092cf4f9b3ea4bed6ec6566b38ad45,papelaria,49,129,1,300,25,16,16
1d0b9497ac4f258fbd822c52ff61b5f4,cama_mesa_banho,56,510,1,400,16,10,16
1d0d355ddb548ca289943c135b3ea7c3,moveis_decoracao,60,289,1,4450,104,6,34
1d0e69d769465dd7bacc44f752215f10,brinquedos,54,228,2,450,16,16,16
1d0f7339adddb21ecab3c4170865ffdf,ferramentas_jardim,53,228,1,1700,31,11,11
1d1021f2e10ec199e91f5a80355fdaf5,eletrodomesticos,57,223,3,350,27,13,17
1d116eece9b8bf17edaea2f3bc0f7324,fashion_bolsas_e_acessorios,29,107,1,800,16,10,15
1d1183a8de24782a216dc5066d7421bf,moveis_decoracao,63,285,3,3100,20,20,20
1d11e9991beabfd8071f2bfb73444500,utilidades_domesticas,60,439,3,750,16,2,11
1d1415f17f1a93060326d6c3e223aa3c,brinquedos,56,1223,1,400,17,12,12
1d16c0509e7011656e03c6a582ff6667,beleza_saude,57,430,1,30000,55,75,61
1d182262154abc7c75392cf645118ce6,perfumaria,46,313,1,1100,16,20,16
1d187e8e7a30417fda31e85679d96f0f,moveis_decoracao,43,729,2,2100,80,8,30
1d1a36ff369b6838f8220870f96254a0,esporte_lazer,60,419,5,300,30,20,15
1d1d29cb3e67f3a4d7eb040b5a13d361,moveis_decoracao,30,634,1,25250,41,43,91
1d1e5ff7c1fe84990f92d41f7425b789,construcao_ferramentas_construcao,53,2412,3,2650,16,11,11
1d1fc8a85e598b6b83a558fbd354443d,instrumentos_musicais,55,197,1,6575,39,24,34
1d23d07e957a7e3a0a951b8df7361990,papelaria,56,242,4,150,16,6,11
1d2498694abb5754d2a497801dc4900e,telefonia,58,776,6,150,17,4,12
1d24c180dcf6365fe1f3fc14c0cc589a,cama_mesa_banho,55,255,1,1425,43,10,33
1d25200882dc5bcbff689ba2ba117f9f,cama_mesa_banho,55,290,2,17100,56,38,48
1d26d159bfabfa6a92ceb697ec0c5d56,moveis_escritorio,62,1289,1,12700,57,54,21
1d27f15c0c084ccec3d472eb5c1eb29c,ferramentas_jardim,37,391,1,4200,19,38,18
1d297ac3d18250759eb36e8b6c18fb5b,perfumaria,48,881,1,700,25,12,25
1d2b1480b69b37d1d9ea481a4ab88fe3,bebes,53,436,2,343,21,14,15
1d2b9594d78df158a9dadc8fd3438d4a,cama_mesa_banho,51,323,1,550,16,10,16
1d2d3b19f5c3d093d4dbccd3cd963a8f,esporte_lazer,46,408,1,2050,28,22,20
1d2e2390743b4ac67bbd2b5d95577e2f,telefonia,59,1440,2,100,18,6,11
1d2ead71bc1ce7734db8e8a241fd1f1e,livros_tecnicos,39,1312,1,2050,28,5,22
1d31f773478bf76f7f9d9d174c3a25e3,esporte_lazer,59,1653,1,300,16,14,12
1d32c0582d833b02199e449713fad071,cama_mesa_banho,54,449,1,13500,55,25,45
1d33febb6ca114fb1b9490005ee49de6,cama_mesa_banho,57,941,1,8917,36,27,50
1d373b3e02a3212aff33054cbf30abf1,ferramentas_jardim,59,394,3,273,23,14,16
1d37ba8cc6a900b5b50ba1b5121f02e8,eletronicos,27,197,1,650,32,14,11
1d38e85c3c89665e3c1d5cc5e6a829d6,brinquedos,46,604,2,1133,33,23,21
1d3d7e2bc2cb75e4e2c798ec9aae0279,telefonia,57,1260,2,175,17,3,12
1d3ecbda18167c766a3381fd16108e4a,esporte_lazer,42,636,1,1700,41,10,35
1d3f55c00acdb29bd959f2760abc8b7d,automotivo,56,614,1,5150,60,12,60
1d417ca09479182e9fdf13a1c77c309f,cama_mesa_banho,49,729,1,1300,20,30,30
1d45133e5ec85143be37faec0435c957,automotivo,54,1563,3,2400,31,31,29
1d458c9ff924e108688571cd8536579d,informatica_acessorios,60,599,1,150,16,10,11
1d496423fce0841afd60434ee1ed837f,telefonia,56,2045,1,100,19,6,13
1d4be40226e19b6b8753d064ba5b94e0,informatica_acessorios,60,324,2,100,16,8,11
1d4de03a6141ce2a2ae5a97f51cabb37,cama_mesa_banho,32,253,1,4050,40,15,23
1d4e4fe443679ead3a7eb8680e8668d4,livros_interesse_geral,33,754,1,475,26,5,18
1d4e88bdd37e47a0ae27ad3a95539276,brinquedos,60,581,1,200,20,11,13
1d51c52f849033c63a9ee3250a3c1267,automotivo,58,264,1,20000,28,5,30
1d52a166aed7c327a5040a26342198f1,informatica_acessorios,52,534,1,120,31,10,15
1d52c0fd7c289b6b7e0dc022067d33e8,pet_shop,39,619,1,111,17,10,12
1d54b96972338247c7341a2069e2bd96,relogios_presentes,59,184,1,150,16,2,20
1d616bf90efffa0f7e833acb21d5c03d,esporte_lazer,44,243,1,900,40,16,30
1d6494a42302dba967b0c3a9c655d1a5,utilidades_domesticas,55,843,1,1800,30,30,30
1d65224f1873af4a773096f47b5f6727,relogios_presentes,58,1258,4,300,16,12,12
1d65c98a734ff9df50578e6199d79a43,esporte_lazer,47,972,1,1450,24,20,20
1d682cfba05647a5231ac20cd77e6645,automotivo,56,626,1,6525,65,11,65
1d691d8ace0e9d0e00de0569faf0ae04,utilidades_domesticas,48,257,1,192,18,15,15
1d6b1ff2a0ef2336832512132b3af6aa,moveis_decoracao,56,1892,6,1550,69,11,11
1d6c23a5f953103a8870695fab4db4a9,relogios_presentes,49,421,4,500,20,13,13
1d6d7be70107889e3193819aca4dc1dc,cama_mesa_banho,54,396,1,900,24,5,20
1d7099ae41da8738fa29e4c51a5a492b,ferramentas_jardim,57,734,5,14500,45,45,40
1d722f14297e49c1db0545e1f7ec764f,moveis_decoracao,45,2047,1,1700,46,19,15
1d723e2d139a9fd6feb67aff90081bbd,beleza_saude,46,803,1,150,22,3,15
1d7997c2448b27bd70c631b37acd27c2,esporte_lazer,54,1552,1,400,28,19,19
1d79cdcf69371b7e6e8ab6831d2c6483,eletrodomesticos,55,192,1,250,27,13,17
1d7bb6515c4995e739fd62faf05f2863,papelaria,27,105,2,600,37,6,29
1d7db62a21ffb4f220d3e8a05fa77e02,fashion_bolsas_e_acessorios,22,328,3,100,16,13,11
1d7f26f5a811fa26335fcf8ba11b9f77,relogios_presentes,56,1057,1,300,28,10,18
1d828db422e61ea21702baf9eda8732d,telefonia_fixa,49,210,3,100,16,4,13
1d8b0573a8ebb81f72288beba6bf4327,beleza_saude,39,752,3,250,21,26,21
1d8cb1d3317a3090bc73ecde425d334c,telefonia,48,3121,4,450,21,11,14
1d8ff272f4ff5248bde1358ef928713f,ferramentas_jardim,55,252,1,900,30,20,35
1d9263e74c3e8e57d3a7bd505b7b871e,informatica_acessorios,42,885,1,200,28,2,40
1d9311c8ab3fedab5eb4df1277b84bfe,construcao_ferramentas_construcao,59,1289,1,1550,54,10,11
1d93a1a9ef04cca09f4737fc380e0d6e,utilidades_domesticas,35,1127,1,1400,16,16,16
1d94412990844cddc0ab637ba8c1339d,beleza_saude,46,1008,1,1400,25,11,19
1d94d1e0c7fb2dcf2811e093d2ca303b,,,,,17150,62,36,46
1d974de82e60d653a2d1cc79984dcec8,utilidades_domesticas,34,605,5,1650,37,17,34
1d97c41716d9bb1084dd1c1a99b1d5e9,eletrodomesticos,54,238,2,2350,64,6,55
1d994f3116c393f22021e72f17ab5af5,alimentos_bebidas,58,798,1,200,31,15,26
1d9b6ad747838d1e4f24445f4b9bff55,brinquedos,55,851,4,1400,35,28,16
1d9c26a3cc1a9a167955e3922b597210,perfumaria,60,1038,1,200,21,7,13
1d9c9e0532fb481c0f89c3b20cec62e6,cool_stuff,37,1121,3,900,20,23,27
1d9ec694c5ecfc2d472cf83b1c4891c6,esporte_lazer,35,238,1,950,16,7,12
1d9faf066ad6f04ab65cdca8a7cdccec,cama_mesa_banho,57,2079,2,900,43,8,33
1d9fc0078db05f802e870d7601042c29,automotivo,55,292,3,75,20,2,15
1da0fbb35cfdc9fcb6d48dfddca69513,esporte_lazer,43,535,3,700,16,23,15
1da3e4356495511914d62ce5385f7122,cool_stuff,29,338,2,350,18,16,16
1da4613d4f7e10e1554538b46dd16486,papelaria,59,326,3,1600,60,20,29
1da4c75f3ccfdd3e7f3416b5b0aa0f5e,malas_acessorios,46,207,2,4219,41,52,29
1da4de0fa473f8506723c82af7d4cb3b,informatica_acessorios,47,507,1,2125,29,18,33
1da502ed939a029f4bee6cdc8341b4ac,livros_tecnicos,36,1345,1,600,23,3,16
1da5a90b5fbd1e1bc37b7bbb999c7bd3,moveis_decoracao,45,606,3,1000,29,13,13
1dad4dd7924d7c81aaca41d4a716433d,esporte_lazer,55,441,5,550,24,17,20
1db1301d6b2401401a26dd1aabcb809e,agro_industria_e_comercio,60,864,1,4600,22,22,22
1db2dfac4f8c0a4499f94838b3ee0628,moveis_decoracao,63,390,1,900,45,15,35
1db70fdb375b2b564c24eeb1b60c440e,utilidades_domesticas,58,706,3,9950,31,61,31
1dba1b8c4782c82bec9252bc5cca3b76,automotivo,41,537,1,5000,16,4,11
1dbd121a455304b1f6f0b548e9cc23b2,cool_stuff,51,308,3,100,16,6,11
1dc6a19ea34c75792743abebd47309d3,brinquedos,56,797,3,1850,36,36,37
1dc7685f4fdb9622d84ae2ec658d5bbf,informatica_acessorios,54,292,1,1025,27,13,19
1dc9d2804c35122e2f168a135f8a56c2,bebes,51,131,3,700,35,30,35
1dcd65bb5dd967d7b4c6b0223cefb838,,,,,9150,33,30,44
1dce3fd38c13a3e74fe5000f33858442,automotivo,58,674,3,1800,22,10,18
1dceebcc5f23c02ea23e16d5bedca000,cds_dvds_musicais,47,117,2,550,35,15,25
1dcff375b928a1807562ea4a895a8046,moveis_decoracao,50,754,3,1100,30,11,11
1dd284c37ca97cbb86c029c65fb9a494,pet_shop,40,969,1,30000,70,50,50
1dd3a0b856546758b41e8ef9935f1831,utilidades_domesticas,53,532,1,600,20,7,20
1dd85d42702d499bdccd33e6e3227a61,cama_mesa_banho,44,122,1,1200,45,10,15
1dd9019e9b721d5535c59d13551b2469,cama_mesa_banho,52,508,1,550,45,15,35
1ddab42b003ae1166c20d48725f780c0,beleza_saude,58,1725,1,2500,19,19,33
1dddcf66e6d46f1b94005221d92c6eca,utilidades_domesticas,28,227,1,5550,38,14,14
1ddff6edb745b60b1f4333ade8c45133,esporte_lazer,37,422,2,600,16,14,14
1de0af19bfefbea493eb82ef59bb2433,utilidades_domesticas,12,417,1,18800,65,35,38
1de1332e38dc2f575edfeae165edea4e,cama_mesa_banho,57,293,1,2150,40,10,30
1de1b0e6f3e585714e7ba60c0fa2551c,beleza_saude,24,2227,1,717,17,16,15
1de471fe5a17abca787683077343de4d,automotivo,46,53,1,4900,102,33,30
1de74e63d630007567726953a4eb2b36,fashion_underwear_e_moda_praia,25,396,2,150,35,10,25
1de85e3b5a43099a57d10a7d3dedf97e,construcao_ferramentas_construcao,48,520,1,680,20,12,15
1de98461015ec4932a0459c5772f7b1f,papelaria,53,197,3,650,23,7,15
1dec4c88c685d5a07bf01dcb0f8bf9f8,automotivo,44,982,3,17600,49,49,23
1deda1acffb44ed38494667d7e49a9f3,esporte_lazer,53,891,2,1150,27,12,17
1dee3524e3a91274c8255b3a31373ead,papelaria,57,2042,1,700,17,12,17
1defdb58e117d7cfc318d002c2783b6b,papelaria,43,48,1,100,16,5,16
1df0508de978ce519aa5533ae04154c7,agro_industria_e_comercio,59,707,5,1900,40,15,20
1df1a2df8ad2b9d3aa49fd851e3145ad,agro_industria_e_comercio,59,318,4,8650,39,45,23
1df2d3dd3744189ada2f2053d70039ae,utilidades_domesticas,52,754,1,800,20,35,25
1df4766d26ab7bcb152eaf8c600210a6,automotivo,47,1198,2,900,40,24,33
1df5ecdbd7a222e8e37cc6aec3fccbb7,beleza_saude,41,1023,1,550,19,12,13
1df69fad86c3fedbddd8b65fe13dc8db,informatica_acessorios,36,236,1,900,36,16,16
1df9ea4c24394047de1837c6f00673b3,informatica_acessorios,32,604,1,150,16,15,13
1dfa1d1603b10b073093775015d0fc74,fashion_roupa_masculina,36,622,2,900,45,10,35
1dfb36d969d347f56f43590ec42c7b8c,esporte_lazer,50,1212,5,900,26,6,13
1dfcfcbfaae79f18090fc9e3c336b62c,artigos_de_natal,44,227,3,300,16,6,17
1dff983bf86722fbc11a0c1d0ec13624,portateis_casa_forno_e_cafe,60,1179,1,400,28,11,11
1e05a019251a285cb2e56c69cfad766b,brinquedos,32,532,3,600,19,39,25
1e065b64f82eb1e3fd606ae9b4fef074,beleza_saude,46,388,1,1250,18,20,18
1e071ffaca5d72ab7d58901d01b38280,beleza_saude,53,735,1,300,21,8,27
1e0d051115919ea51ac96e8e01816b57,moveis_decoracao,63,625,6,8050,40,40,30
1e10b292e5af5e5af60b4e8bc7726e22,beleza_saude,56,656,1,400,19,7,12
1e114096c8024159923dcf2c857e4ca4,alimentos,57,606,3,150,22,4,17
1e1172a8b6ae12312c22ccf33625f7ca,fashion_bolsas_e_acessorios,52,1436,1,200,16,2,20
1e12f1836c1f08b25ef78fcdf76fbf08,ferramentas_jardim,60,884,1,900,37,3,23
1e1302fdbd3459fdb800a772186b81e1,informatica_acessorios,47,219,2,300,27,10,16
1e15e15a2cf0210505c942496b19c917,utilidades_domesticas,44,475,1,700,45,16,16
1e17a95099678da4cd4479d4c5b8f391,brinquedos,33,762,2,1200,20,25,58
1e1a186a03f0d98268516827690d4fd2,bebes,60,1078,4,575,16,18,17
1e1bd97639fea164c61d7f2260cb4033,moveis_escritorio,30,880,1,19783,49,54,52
1e1d5e507a02d77ca05f0fbd4783af9c,brinquedos,48,273,2,583,18,21,21
1e1e594f54aee5d344f0f58b399c7493,automotivo,56,3460,3,50,16,12,12
1e2841e311d4b0bb5cd837dca5ada1c7,pet_shop,49,246,2,200,20,8,16
1e28482c87af71997ffdfe62d8f5b993,relogios_presentes,38,422,1,275,21,13,14
1e291c0c369924c39765c90de669e4b4,malas_acessorios,56,948,2,9560,31,45,54
1e297be46cfe3e932c4faf1c0ae329a2,relogios_presentes,33,402,1,800,18,10,17
1e2c4845a09f960ea8b021fa72d98006,eletrodomesticos,58,130,1,300,18,8,13
1e2d91422457309faff377cfb67db149,utilidades_domesticas,49,2812,2,6250,48,30,32
1e2e095149b3e9ca487d9c2d8c20378b,relogios_presentes,30,506,1,600,17,13,14
1e303cde4e3a92980a46ccb221a22e11,utilidades_domesticas,38,191,1,2700,42,14,12
1e356d1f0d01ec859c4458956d2b577b,brinquedos,60,1235,3,1100,28,13,21
1e41618bcaf005d9f4cba13fb70915bf,relogios_presentes,39,1405,4,1017,23,16,18
1e48680e5b09c356f91b5c7ee948d013,utilidades_domesticas,55,1223,3,900,48,23,24
1e492320adb9484da91d2c8476fc0d5a,fashion_bolsas_e_acessorios,48,382,5,150,16,9,11
1e4aad71e70ec3236b054032c42d3494,telefonia,55,73,1,200,20,20,13
1e4ab43607e527a9a558faa24a9e6e81,informatica_acessorios,55,653,1,226,23,17,18
1e4afc1a37e11d1cfac59e0599d3ce1f,alimentos,40,422,1,1250,17,10,28
1e5428c428e0f783acd6e3d94ba4ee2a,pcs,55,1067,1,12000,27,50,53
1e56c680b07833e85fec6904b2c7e4b8,pet_shop,58,502,4,200,27,9,26
1e571e871a93944c5c48e6226f2cd94e,beleza_saude,63,2652,1,400,20,20,20
1e5748190b56004a34ec795670bffe4d,moveis_decoracao,63,862,5,600,19,13,12
1e587ac160dfda2548e3517c33e7faf0,ferramentas_jardim,56,1926,3,1800,33,23,11
1e595b3b56d00f9d6ad0c3215ae2f56d,cama_mesa_banho,48,1056,1,300,18,8,18
1e5b160bf180293380b0d3e68bcc7ead,artigos_de_natal,40,243,1,200,16,8,11
1e60a2f0e5358868942697d1494f0b72,automotivo,51,426,1,650,18,14,14
1e60f484bfeb1c1eadf273f6318738c0,relogios_presentes,36,463,2,475,23,20,20
1e618d311a1b7f88a9d96ec50aa85582,utilidades_domesticas,42,540,4,9950,31,61,31
1e61aac3bf6242ac8330c5e7a2d98d3e,utilidades_domesticas,22,670,4,400,20,11,11
1e662f768907b55013557beb5ccfbeaa,telefonia,38,2276,5,400,18,13,18
1e6742b4c9ab3675bfe578670f264ce2,utilidades_domesticas,43,595,1,950,30,30,30
1e6981e727154bcd941d51fda894b183,bebes,18,778,2,1450,18,44,34
1e7645125a016e28f2546c914d8e32bf,informatica_acessorios,35,1101,1,300,42,2,30
1e771d5cef909641314a6b1544656a8d,cool_stuff,46,677,1,1400,40,40,30
1e78f6e43c85b0bc80a2ccb4b78006ba,automotivo,42,840,1,5100,45,20,45
1e792313d6d23699b3ed772e7042b089,papelaria,57,192,1,1575,31,31,34
1e7d94ec384eb160b91eb277f13ba1ff,esporte_lazer,40,228,2,3650,60,15,15
1e7f9d795f9e15f1df670649367d27d8,papelaria,44,174,5,1700,25,55,37
1e859a053a2210cb74b1134e0419b1dd,beleza_saude,35,795,1,450,30,30,30
1e88eb1734651579b4928df098f4d86c,moveis_decoracao,60,702,2,600,26,8,17
1e89bd6bc4f739a8b303c92d58bf8014,eletrodomesticos,53,106,2,450,20,13,12
1e8aa599b7a43efac798dff87503a424,beleza_saude,41,1655,1,850,20,18,23
1e8c13efcd43c9fb018a870ba9dd73a5,beleza_saude,55,235,1,500,30,12,16
1e8c9a649b9c92a2acf771c3168e15b8,cama_mesa_banho,45,759,1,9550,33,44,33
1e8d46e0cdc62c1ffa69cc04a6f2660f,beleza_saude,34,617,2,250,24,11,11
1e8f7164e2c9b32dcd58e6a6b6b294cb,automotivo,39,77,1,2000,25,6,23
1e919b41a2e4b6055b2498c100e18c75,eletronicos,39,250,1,183,20,14,11
1e946cab712f702ca325f609894b7962,esporte_lazer,49,1973,1,500,24,20,20
1e96993bf0abebd3ee50f96a52bb51aa,moveis_escritorio,60,1167,1,10500,52,50,16
1e96e085361f3bf21a06c876982b64f2,consoles_games,49,2006,3,300,25,11,18
1e9718b1172540cd45abc1cfa8750da6,fashion_bolsas_e_acessorios,33,505,3,300,16,16,12
1e98bf6bff8100a01b0c1039aa05db9a,moveis_decoracao,36,1110,1,1200,80,20,20
1e9da397f7a02c90947b44bfa4a8d0b0,papelaria,54,632,1,400,28,10,18
1e9e02777a02de03c17eb432be7daf71,,,,,200,16,5,15
1e9e8ef04dbcff4541ed26657ea517e5,perfumaria,40,287,1,225,16,10,14
1e9f407b0d5f8f439956c66df050c107,eletroportateis,46,603,1,450,20,20,25
1ea0352ad33ece4164c6f98f2c25bc6f,climatizacao,57,735,2,800,40,5,20
1ea233affdd668b45c809f65711ccd37,sinalizacao_e_seguranca,55,226,4,200,26,4,19
1ea2fc5b9d57d4a38537bc42da63952f,relogios_presentes,55,854,4,500,19,8,12
1ea666016f92dbe83254279eda832f34,malas_acessorios,51,396,3,350,25,10,20
1ea8d02d9ad9f5e5987010de353fa800,ferramentas_jardim,48,1100,2,1700,21,17,17
1ea9a0015a93db6e4afd5205bc362e65,fashion_bolsas_e_acessorios,23,500,4,100,16,10,12
1eacd44485008a89ec96c524993d8207,telefonia,60,776,6,350,17,4,12
1eaf224c19e07b6e50bf0119eea1dd26,cama_mesa_banho,58,189,1,1350,48,9,38
1eb0f26a0aa59535c7bee3e2c02093d7,beleza_saude,40,1177,1,2400,19,16,16
1eb30ad5e28de3838ccc658fa4eec948,brinquedos,50,233,1,400,45,15,35
1eb44be9d824d20602d68a0f3346d8d7,cama_mesa_banho,55,148,1,6200,35,15,25
1eb4a9aee05c9cad041e09add2a26d68,malas_acessorios,51,244,1,800,38,8,28
1eb5b06a73df439c29be30c762965ce3,relogios_presentes,55,328,1,900,23,15,19
1eb85357e22bf0c8c2a6f10eafad8423,consoles_games,49,496,2,700,17,7,17
1eba879220bd0981a0e2fbab499ed4e1,moveis_escritorio,57,476,1,8950,52,51,17
1ebb6bef272babda147dfdc51b0201e7,fashion_bolsas_e_acessorios,48,382,5,300,16,9,11
1ebd1450a2b8d51ffda696956426024a,cama_mesa_banho,45,102,1,300,26,3,21
1ebde342c905182ffc07333fc569c590,cama_mesa_banho,23,416,2,738,38,8,24
1ec18a242e7ed004de8161b60f0262b1,esporte_lazer,59,628,1,250,19,6,16
1ec3e93251df2e23babb7daa30c52496,esporte_lazer,34,231,2,100,16,16,11
1ec486885049bbb9b79351d150ed18c4,fashion_bolsas_e_acessorios,36,412,5,100,16,5,20
1ec5253cf0b6d3a31b822770cfa139b5,utilidades_domesticas,28,337,1,9000,50,14,50
1ec5373950b7877c5de483a123223810,esporte_lazer,42,2819,1,3700,30,20,20
1ec597ef2aaee9e73f32a970247f3192,beleza_saude,60,2910,5,300,26,26,11
1ec5d3bb50a489c6ac8923101492c197,cool_stuff,55,509,2,1550,61,31,21
1ec8a5b7b30228bf933cb71d7be5ccb7,utilidades_domesticas,52,711,1,21400,90,30,60
1eca63a94a93dad2e0d65d2a29635d3e,esporte_lazer,57,576,1,1500,26,18,18
1ecaa47c3ade7f098ca5dd97e8dcb018,telefonia,54,653,1,150,19,3,11
1ecbc86db1d81121dcf8790e2fa31ddd,utilidades_domesticas,58,515,3,200,16,10,14
1ed390fc2e1df06251341c288d315eea,esporte_lazer,56,1236,1,4350,20,20,20
1ed4a7921293b8e5e028f0dd4cc166a6,moveis_decoracao,25,527,3,545,17,13,17
1ed581dc2a08b818ca4a5a45f563e06b,utilidades_domesticas,50,489,1,300,25,2,17
1ed5f2a2e075f5f245029c6b61420dae,esporte_lazer,57,1413,1,300,25,25,25
1ed65bd74fcdbc4b99bc838f1b8583e8,esporte_lazer,45,317,2,500,25,25,25
1ed724b5e4b638eeb4bd3487d88b8f28,cool_stuff,51,2676,1,265,24,9,17
1ede3c17889b7e18f4ac33d2fd0bef96,moveis_decoracao,33,1200,1,14033,101,8,57
1ee03eca6034b77b25d08c004bc79dd8,fashion_bolsas_e_acessorios,49,1485,2,200,16,2,11
1ee079ac734051dc6b17c085dc203b0c,eletroportateis,57,2259,1,550,20,13,21
1ee194d6fcec9e4cbaeef1a99a6911a2,cama_mesa_banho,56,279,1,500,34,23,43
1ee1a3e374020805c935a1a99975e414,telefonia,57,540,3,250,17,4,12
1ee3d206670e9b58fefad84442e2f265,relogios_presentes,50,551,1,400,22,14,27
1ee989a922dba7ff11c8c530b439ec2b,construcao_ferramentas_jardim,43,2031,1,825,17,16,13
1ef4d09abc3b209cfc14875996252306,beleza_saude,53,1287,1,625,16,14,15
1ef5ef43b311a978115840517ac78943,automotivo,60,204,2,150,25,20,25
1ef71d12e77a6bb27f555c45747807ab,brinquedos,36,478,1,625,31,10,22
1ef8a6296ad9dd22ff1a386b57709314,beleza_saude,36,280,1,1362,21,21,21
1efd84ba20d23186f576a37baf64ae9d,cool_stuff,32,133,1,200,18,12,16
1efe84b450fd2e07ceac3cd1ace28348,malas_acessorios,57,488,3,19100,40,78,41
1f05dcc70c1a19407641eccea8ef3bdc,fashion_roupa_feminina,60,341,1,1700,25,10,17
1f06d9b36ed20e13e3d95072487e4cb3,fashion_roupa_masculina,52,541,4,500,40,10,40
1f08ab38da3a77a8e0bd17e63df35827,cool_stuff,57,342,4,350,20,5,20
1f0c584db83694c3a4bf117c8829a87a,bebes,56,1317,3,950,42,25,15
1f0d72fdb89c51b0b2fb2dd7baa63a8a,eletrodomesticos,56,122,1,300,28,13,18
1f0f0d2254362b05c2248e033053825a,moveis_decoracao,43,862,1,600,20,10,20
1f0fa82e30437fd4a2596a4ad75d8ee0,utilidades_domesticas,53,462,1,530,17,17,19
1f0faca592be013ccc1cd6cc5517eef7,beleza_saude,55,1593,3,850,16,35,11
1f112631857414c63be3c00b6d8bf45f,relogios_presentes,58,593,1,467,19,13,20
1f11ca0065518d335b576597c5b7f072,esporte_lazer,50,664,1,180,18,10,14
1f1354b0aa934e7ad75546467a6d028b,moveis_decoracao,47,372,1,400,37,15,27
1f13ebbc80d3713a1abdd12696605956,consoles_games,57,799,1,775,29,21,25
1f14955ab3f179a666e101d5984b1319,fashion_bolsas_e_acessorios,30,227,2,300,16,8,11
1f15aad258a1559be6c62fe1a774daa7,pet_shop,43,259,3,700,20,20,20
1f180c96859564dd5857185f5914d2c7,cama_mesa_banho,60,189,1,1900,36,7,29
1f24b46fe73e9c77bfdf756f69f3ea8b,fashion_bolsas_e_acessorios,46,691,1,100,17,7,12
1f276c0b550d51ec77e9414aa6c45d74,automotivo,52,1628,3,550,16,21,18
1f2a1eb53046341d5e07150430b9f091,casa_construcao,59,918,7,750,16,29,16
1f2a3bd182a1004ffa295c0c54d1a653,automotivo,58,863,6,2000,20,20,20
1f2b3e5d739add9d4596ba6de24204d4,beleza_saude,59,926,1,10350,36,19,40
1f2b62e693c588aef7be1f457137b15e,moveis_decoracao,58,2276,2,3000,69,11,11
1f2bcc5a21172c008ccbcc28afb8bced,moveis_decoracao,63,635,10,1300,38,15,23
1f305b83cff66e6473d13aa6c64e5a20,esporte_lazer,48,554,1,2400,90,16,26
1f30aacc69904c0d0bf8d05cb2abef72,cama_mesa_banho,58,293,1,1850,40,10,30
1f32407ca906dd7917d2d3dc56b223ad,brinquedos,24,348,2,200,25,11,14
1f32fa4223c913c075458059fde383bb,informatica_acessorios,46,207,2,950,36,15,23
1f3365ddc6456d082f482309326f037c,esporte_lazer,60,1278,4,600,18,5,18
1f33f54aa8e680e3d3b654539abfdcca,relogios_presentes,37,637,1,700,19,9,15
1f343ac0c965c5088a9d3c0c65c30f67,utilidades_domesticas,54,244,1,750,55,8,23
1f347a9e26fb793f3730f30deecc682f,livros_importados,59,195,1,800,30,2,21
1f357ab8013614c1df271ebd662dd7a2,automotivo,59,651,5,4300,78,4,47
1f388485320e7817bedef000d1890c0a,audio,58,1138,3,200,16,3,14
1f39e56ddd4944595b9a7d9d7e4e16f3,papelaria,53,576,1,2400,30,5,21
1f3b8727459b932736f709be23eef109,cama_mesa_banho,60,870,1,19200,58,44,53
1f3c4e3bcb3d2d1c4da4692dbf20de5a,perfumaria,58,686,1,277,17,13,12
1f40cca568a44eb6405b017e2418f53c,eletronicos,47,306,1,200,21,7,14
1f41007b4fd761b2fe56b77b7e0e58be,moveis_decoracao,64,473,2,600,80,10,60
1f411e9a31196b71ed8438c8254b858e,pcs,54,1053,2,11850,50,50,25
1f413d93546f7ee41457fa988ddd82ed,beleza_saude,48,681,1,500,18,18,18
1f4183ec3278c69b1237f900c701b762,malas_acessorios,46,748,4,2800,36,34,27
1f42966deb959a8433468ac0078b60da,esporte_lazer,34,459,5,650,23,30,30
1f44a842567301d9eb5c36641e17480f,automotivo,59,1648,3,600,16,21,18
1f456c34d70ce7a6bcb86a6f5a3fb888,beleza_saude,51,2388,3,250,23,7,15
1f459c80ec206dc814560de10182cdaf,relogios_presentes,42,596,1,500,18,14,17
1f46e84d4c98952d675fbd9bf529a96c,automotivo,58,315,1,200,18,3,14
1f48020881e631a1f4077698cc78204a,ferramentas_jardim,60,1033,3,300,20,9,14
1f49bc80950157ddb33dfad044f20be7,automotivo,58,717,5,1100,23,7,38
1f4a5027e72750aea66afd594f9dc10b,eletroportateis,57,427,1,13800,50,37,37
1f50c7757334d6acef5e3c5fa64eb3c7,moveis_decoracao,40,406,3,700,24,19,22
1f532d60bbc8273d9dd553120f6e47d5,ferramentas_jardim,59,1609,2,6950,21,65,21
1f541a93f4fa4b8d15c7d5ed83836484,agro_industria_e_comercio,50,418,1,12850,41,42,47
1f5542855786adc0116f56cfd6f9f830,,,,,150,20,5,20
1f58e3c365e615b33b2b30b068d7578a,beleza_saude,58,813,1,600,20,10,15
1f58ebdc810e1d5c7cead7f763c27a94,cama_mesa_banho,51,421,1,550,30,5,25
1f5a00433bd192f9ecdbb987e7866c3e,cama_mesa_banho,54,836,1,1400,16,16,16
1f5b481884bcb937cc06892b7419eaf8,beleza_saude,53,1003,1,500,26,6,21
1f5f0f003ce8595ad88fb215ec1409e6,cine_foto,52,1015,5,1950,60,15,15
1f60570b3795d85b7b2a879f921e06bd,malas_acessorios,48,206,2,350,20,20,20
1f6152747a58175ea9be895d066a0429,relogios_presentes,55,218,1,400,18,12,12
1f624c9baa5906ea6b9ff4ccfbb4d6c0,relogios_presentes,44,1562,3,358,19,12,15
1f64ec386a6be322e71596931f5d2377,perfumaria,46,499,1,200,16,22,11
1f67ce45ef6e16a7f2f56674dabd5f40,utilidades_domesticas,25,580,3,700,16,12,12
1f689385c7b14e8d5c593a1045c82776,utilidades_domesticas,36,475,1,750,21,7,11
1f6cbd49dcb5d56eb874bf9889f9fd72,cama_mesa_banho,54,396,1,3550,45,15,35
1f7164d40ac0579d08c5b77af30f8dd0,cama_mesa_banho,57,414,1,7850,16,56,50
1f75be631e988bb0ad750e60e18d043b,beleza_saude,29,378,2,200,25,10,15
1f78ffcfb88226a0905e335084c1fa5d,cama_mesa_banho,56,186,1,10300,31,71,51
1f792af77962621fcc80d95c2897bb19,cama_mesa_banho,40,590,1,250,22,5,16
1f7aa19e7161eef1ffff0599cebcbdb7,informatica_acessorios,60,549,1,400,30,15,15
1f7d5ed869623b79db194aaed277d963,esporte_lazer,56,2274,1,2600,22,22,22
1f8281d23bd0d53a9d2cea4bad53ca58,moveis_decoracao,52,745,4,18200,40,60,40
1f833cc7a418205cf50f5e834c6a2134,construcao_ferramentas_construcao,60,296,2,300,20,5,20
1f839ba5b57051fac3461bc202ad9cce,telefonia,49,371,2,125,20,13,17
1f851a7f6257c8bfa62e1853e4b6bf63,bebes,55,1575,1,3117,37,31,43
1f85abca5a45544302089b5d442b4370,esporte_lazer,52,1450,1,1900,38,25,26
1f868693b3708b4337dee9bac46c837a,utilidades_domesticas,56,838,1,2100,30,30,30
1f88e86c9d7f76b2ab388a07cc8b535b,esporte_lazer,56,416,1,200,34,5,26
1f8aad0f80f6d061b4d09e538ad496d7,brinquedos,24,155,1,500,28,4,14
1f8e37053267b9ea6ef0fbb02cbdce80,utilidades_domesticas,55,832,1,6250,30,30,30
1f8e6a79faf4326701aa4b07c0b955e1,telefonia,53,1586,1,538,14,10,11
1f8fc2e117826028a2f1ad01a8638d62,utilidades_domesticas,45,347,1,4050,32,32,22
1f9210c9ed7b87ba42a048f297fbeb03,moveis_decoracao,60,1673,2,550,52,11,11
1f975d7b550d3ba8161a3c77a3d800a4,informatica_acessorios,58,1674,2,4150,30,20,20
1f9799a175f50c9fa725984775cac5c5,cama_mesa_banho,51,82,1,1000,40,5,25
1f9a992e9e20d544dead76bd2a0560f9,brinquedos,36,492,1,200,16,16,16
1f9c7cb810e038f7414d60d43bc97d18,esporte_lazer,31,211,1,850,51,16,20
1f9cf07059cdfc8fd3797cfe11ea589c,moveis_decoracao,58,1969,2,3000,69,11,11
1f9f5468776e35e451d4e2eabf10c523,utilidades_domesticas,60,547,2,400,40,10,25
1fa0405a3e10af836278d7667629623e,relogios_presentes,41,352,1,650,16,11,11
1fa0faff5eafb13003f9559ebe6becb3,relogios_presentes,59,159,1,200,16,2,20
1fa419f430caa58899132fe77917b7b6,moveis_decoracao,60,214,4,2500,25,23,25
1fa4a6c717a31a25a59f6c5ebdf975cc,bebes,39,259,1,20900,65,35,55
1fa4ef78e1b8f0afea31e4ae9578affd,cama_mesa_banho,55,739,1,1600,40,20,20
1fa52682d6938b129312ef4cffac1711,informatica_acessorios,30,351,1,550,34,14,14
1fa5685b6d15b1f431092eb5e391250c,moveis_decoracao,39,317,1,1550,37,10,29
1fa728d99803c8849b5c95cfeaf9b60c,pcs,63,451,6,3000,30,6,42
1fa784d8744e3ed625d8651ddb15e33b,perfumaria,47,534,7,1800,35,26,26
1fa968aa921dd9cdf625d5caf8f96654,esporte_lazer,50,830,1,700,16,15,15
1fac2e6b0fdfb2e529fc9960c5270aeb,instrumentos_musicais,60,222,1,700,20,20,20
1fad46b84ac1748ff47bf2d703565a7a,climatizacao,40,929,1,9300,38,36,35
1fafb4fdc8f7b3d202cb39f1218934e7,informatica_acessorios,34,277,2,100,20,3,15
1fb08bbca0db8e25edd1275caed54e19,relogios_presentes,56,696,1,425,25,12,23
1fb2c1a0d7f863e0644077cb5d8f80df,moveis_escritorio,41,2261,1,16500,58,28,58
1fb344134cd7164d32dea4d87ba3ec5a,ferramentas_jardim,57,1160,1,625,23,18,20
1fb368a1506cced21a07abb6d220c4e1,consoles_games,46,1469,4,98,17,7,12
1fb586196a6ef3b8ac6e33b0fd7ddc6c,esporte_lazer,59,605,5,450,32,5,16
1fb5b722c7edef5967d921c3ea7511b7,brinquedos,39,688,2,950,33,25,25
1fb5f3130b9f5c67e7dc57e0f5df6e6d,instrumentos_musicais,57,1096,5,1850,54,16,11
1fbb1fca915498c75efc551f5a32f08b,telefonia,56,1298,1,200,18,6,12
1fbeaaa01377d3f600de52f455ef578c,cama_mesa_banho,55,664,1,2800,44,10,34
1fbec17963585b6f1839b3a81fd73015,informatica_acessorios,36,498,1,1000,18,9,16
1fc06ef354abfb79af03e2ac29577b03,papelaria,58,183,2,3200,28,55,37
1fc3aadb8bb11f56f13ea8999066bd81,moveis_decoracao,57,1972,2,3000,69,11,11
1fc4d10c30db884f34f1b8388731b021,brinquedos,44,2178,7,900,35,8,35
1fc6e1729d564ec77eeeb9df95fca74f,fashion_bolsas_e_acessorios,38,827,1,100,16,5,16
1fcaf044ff67ca59df3f6cc560d9fbfc,esporte_lazer,31,958,3,2350,92,4,24
1fcb60b5848efd11d95695cbad320c14,cama_mesa_banho,49,544,1,4300,35,35,35
1fcbdcb14ed564faddf72bbcef855036,construcao_ferramentas_iluminacao,53,1146,3,300,16,10,16
1fccfee027ea87e93eaa5b05120e9c63,,,,,7000,50,50,50
1fce7b244f4a45431713165a869f5f32,perfumaria,56,1420,2,575,16,22,16
1fceb6597ec80646345b1d8517b48cb2,malas_acessorios,42,413,1,700,16,30,20
1fcf5e0632e4af48ee4956c82c8fff3b,bebidas,55,3400,3,250,25,17,17
1fd10191b0bcd5aa4020c0721372510c,bebes,56,2176,2,3200,55,10,40
1fd2441965108612e42f81661582a3e5,telefonia,54,415,3,100,19,3,11
1fd3bb291e0dba9d6081eb914303993b,utilidades_domesticas,33,247,2,350,30,30,30
1fd46d26e6d9800e915b195cb8b51f57,perfumaria,47,1035,1,200,20,20,20
1fd570765d10abc088a6e78a8a75a7d4,relogios_presentes,45,300,1,425,21,15,16
1fd5b8526b883f92d22dc09cda3031e3,cama_mesa_banho,54,123,2,350,70,8,45
1fd68fefef8ff576fc3fac7db97f67f1,cama_mesa_banho,53,558,1,2400,41,11,36
1fd78e3ef5fc49eddd84e82c035b682c,moveis_decoracao,42,461,3,2200,28,28,38
1fd95182c672cf5b10c82207ca5dab97,automotivo,58,797,5,1100,23,7,38
1fdac0720456c9b74b0a93aeb821d5a2,moveis_decoracao,56,546,2,200,16,11,16
1fde73e6b6d28627ff16e222b0044b10,,,,,500,22,11,11
1fde7ac241af066577f1b1602435beaf,moveis_decoracao,56,1941,4,2450,105,3,70
1fe1f9dca96414bdc282cddb276db70e,moveis_decoracao,50,924,1,600,17,17,17
1fe459940e7d5e442ac6c1ee4d137989,bebidas,60,634,2,1250,30,21,21
1fe7076c53248559454a7e1d6c1037f9,cama_mesa_banho,55,105,1,500,20,10,15
1fe7c14d5b10473294330ae485559ea1,informatica_acessorios,57,310,1,400,19,5,12
1fe8e6e01596885617fa1c90d29c2f81,beleza_saude,41,1049,1,750,30,10,17
1fea2a921fb07ca863ffdda55598bbdd,beleza_saude,58,225,1,400,16,22,11
1fea52abea2c885fbf9c625a6a3f140a,informatica_acessorios,44,453,1,175,16,7,12
1fee07af6000817a742999e65c190276,esporte_lazer,53,852,2,1033,46,32,14
1ff03883acc92ad1f4eb8ed40ad25bf9,agro_industria_e_comercio,43,1100,3,900,20,5,11
1ff07d822435ad0061151419f62e51aa,climatizacao,55,296,1,7333,51,46,31
1ff0bca5b9068c1855e89ec8a9bb6382,cool_stuff,52,165,1,3200,48,19,19
1ff1090afbb3b1a09f61f5e49f0a6cce,relogios_presentes,40,602,1,293,18,11,16
1ff18eb99f2be0ccb3fb4e39d662308f,moveis_decoracao,45,354,2,1050,35,20,35
1ff1ab7f1fb2e52ac45d89d1b63cbfbf,beleza_saude,50,1939,1,700,20,12,14
1ffbbf003b5a076002ac9deac36b1c4c,moveis_decoracao,41,352,1,5150,25,25,20
1ffe0f57d9bad302d252f7df6d6d29fc,automotivo,59,1391,3,1700,34,18,16
1ffe365aa7583189e63f2fa4f060b269,esporte_lazer,57,785,4,5200,20,60,35
2001ae82f374f0f76db97ad0b37231da,papelaria,55,926,3,1500,50,20,50
2002fc3ec2d8a30a7588628fe7aff958,eletronicos,57,432,1,200,16,6,14
2007f2b457d10773f0d40622a433a22c,perfumaria,45,951,2,100,16,11,14
20082386a501cbd8c41765656a115a2f,climatizacao,47,406,1,6100,42,42,35
20090bcd0d43eb49feb63d53d387780b,cool_stuff,63,2597,10,300,17,17,20
2009f9265306f26803dd5a243416707f,bebes,60,1212,4,1200,28,13,21
200b6dfc80a2ec5fee97a72da6589698,papelaria,53,227,1,400,16,29,23
200eaffedd57c444ee6cd8ee8644039d,relogios_presentes,49,389,1,525,23,6,21
200eed7d1d3482898094819dbec1cb52,utilidades_domesticas,48,1202,3,500,19,12,12
20126b44913d3e4d5102e915f2558a7d,relogios_presentes,40,580,1,500,33,5,33
2012a57204f00f8fd57f8196130bee26,cama_mesa_banho,54,660,1,1050,35,3,30
2015986e064ebba656b2c86e34a64f5c,informatica_acessorios,46,285,1,100,16,5,16
2016dc27f7cc30f18815b34170e0ce98,beleza_saude,46,1343,3,3267,31,25,23
201842e46ecc7b96047e78835d973548,consoles_games,44,482,3,500,20,30,20
201ec8e4fb8456dd06265be68eb419a7,moveis_decoracao,52,1743,2,800,68,8,13
201fc8c37f99b9911c8ccb421d34b0d0,brinquedos,55,990,3,700,16,50,30
20205e1ea024aec43a7a3fc0d8f7a287,moveis_decoracao,60,464,1,1500,105,5,30
2020db9c389956e879dd05e6250413d8,malas_acessorios,24,519,5,4000,38,52,22
2022aa748485ad1226fc9519906cfcf1,consoles_games,34,168,2,355,18,17,14
202461254670632afd89ac8034e87453,moveis_decoracao,58,646,1,300,16,30,20
2028bf1b01cafb2d2b1901fca4083222,perfumaria,54,1536,2,250,20,8,21
2029248294c186017ecfc48cecd47bbd,ferramentas_jardim,44,586,3,3250,32,14,22
202a77df8644deb5f8006aea1e013d5d,automotivo,60,719,6,6650,53,43,11
202bd859659a841de892b00c341300ff,relogios_presentes,57,573,8,200,16,2,11
202d6bc7af7609f371b94e032925d314,cama_mesa_banho,54,390,1,550,16,10,16
202d7062d09aa564dfd5aaa1aac775b6,moveis_decoracao,50,1538,2,1600,54,8,11
202e0b8be6faeeee14087bccc530befe,moveis_decoracao,31,276,1,350,17,26,17
203086d8efe5991e11ed8f673bd18d64,papelaria,55,873,5,650,25,25,25
20317fb1b6bc61c03c53d595462f4e96,cama_mesa_banho,59,140,1,2100,36,8,27
2031ee6574c322f4e3be624d8433052d,automotivo,60,179,2,150,25,5,20
203270865d37baf60cc079edfa4fb6c6,relogios_presentes,30,389,1,450,17,11,12
20332c1e41e427864b3561a657caaf0d,relogios_presentes,59,916,1,700,16,12,12
2033d09ad6c9ca9a5f3344e4846ca449,beleza_saude,28,686,1,1200,30,12,16
2033f8047e20d2a47e76d9fa1d05fca2,esporte_lazer,39,208,1,50,25,25,25
20340463234672489d7a3437445df770,moveis_decoracao,56,2051,3,600,68,8,13
2037fcc268b127d15234b91f823f734a,fashion_bolsas_e_acessorios,51,731,1,200,16,2,20
2039ecc2a76b653fb536a86a570e66d8,esporte_lazer,57,407,1,500,20,6,15
204066e9c9f66ce2f88cbf4dfcb4edce,bebes,53,623,2,21200,75,52,25
20415eb4f2c37838abe474b4d601da86,utilidades_domesticas,51,101,5,7000,45,19,45
20424e1f503b9ceeeee60b717b11ec36,utilidades_domesticas,57,1298,1,1725,100,35,16
2043cae78c8b731c405c7329a05154b2,eletroportateis,52,640,3,750,30,30,30
2044a12ee7346af1ca8f9357bea3fea2,perfumaria,34,169,1,422,23,10,15
20518c6950587eb5e8f02dad2fa0d685,market_place,63,1652,3,200,22,4,15
205204e979a44d5dca4251324f853a46,utilidades_domesticas,56,655,4,950,21,28,21
2052b3c5e08893e567c2fb7778476c75,informatica_acessorios,46,227,1,810,16,10,12
20531b0644a0719b8d506c4db3c56609,utilidades_domesticas,55,375,3,10050,31,61,31
205448428c05215b1d0bd5c9d2a1ee3c,cama_mesa_banho,60,766,1,733,28,2,23
20545c8a1fb497b7e692794159e7afdb,alimentos_bebidas,54,898,1,400,16,8,14
205604b962ebdae1c924e0d14e6e8ac1,moveis_cozinha_area_de_servico_jantar_e_jardim,42,121,1,3875,95,22,22
20566af10fda4783935b8cef249fa4c3,relogios_presentes,39,243,1,500,22,14,21
2056c9497992c9032fdd92346baab6c3,ferramentas_jardim,39,360,1,1800,35,13,31
205cf43d203186d5eb440a791a5b7404,bebes,50,216,2,300,16,5,16
205eda573c0d52a57b83bc9332947b8e,esporte_lazer,30,643,8,700,30,36,20
205f96ff730dd709636da2c7b9cb7ca9,construcao_ferramentas_construcao,59,1319,1,1100,54,10,11
205ff90a4060e651110a277efa4633fd,beleza_saude,52,703,1,150,20,10,20
2068e3435a38f6a3cc95ba89a96378ab,automotivo,58,894,1,3300,35,20,20
206ee9f28d05f04f891e3cef4b220dd1,portateis_casa_forno_e_cafe,51,688,1,1200,25,25,25
207053c7b5b4e03d5e96c0cc64e1aac2,construcao_ferramentas_construcao,60,198,4,700,21,6,24
2072d4792ab7893ddbfc178948e0eb86,casa_conforto_2,60,429,1,1800,35,8,30
20767ba46ff14007ce4ed2cb1c4d546a,cama_mesa_banho,53,309,1,850,16,10,16
2077f60cc760ebe4b478e0b0711c5218,brinquedos,49,1479,2,1100,30,7,23
2078312a2dcf1fcd8a38eabcf5dd033a,moveis_decoracao,54,1045,3,400,50,3,25
207bb2d8180c2c7654872f6fab96e40e,telefonia,30,305,1,100,19,3,11
207cdca64408b55cde28bfa9e62bced9,relogios_presentes,53,402,1,500,22,8,20
208026b3551ff84253421d9f26099f6f,informatica_acessorios,50,1626,1,97,65,3,13
2083a6feb4bbb31f6abc92fc24e468c0,telefonia,56,3135,2,150,19,15,15
2084a7e9b0fac4aca4265ccd0240bd0d,moveis_decoracao,58,446,1,450,29,12,26
2084c51a6e1430640e5acf4443da90f5,industria_comercio_e_negocios,58,527,1,200,16,11,16
20856303113ea417297aa919436cf183,ferramentas_jardim,50,591,3,1450,20,20,20
2085b8256faaa5fa29b2bc321eb053d9,telefonia,59,752,6,200,17,4,12
208c1210f363c82510f5609d5feb0341,pet_shop,59,530,2,450,27,9,26
208e1df130afb08c59c387b356bc149a,moveis_escritorio,58,1317,1,7000,52,52,17
208eaf2a4764834fb8da989159a30a20,cama_mesa_banho,57,289,1,925,36,6,39
209699610264262664b7357184f3b83f,beleza_saude,40,802,2,200,20,10,20
20987b1deed06bb23b0d711f72a1370d,beleza_saude,48,2410,1,1500,20,10,20
2098d8789ee89ca57f6c50977b4ab962,relogios_presentes,32,398,4,300,16,5,11
20992273fc264d0a559e37c346090fe6,informatica_acessorios,51,1246,1,600,16,16,16
209c968305b3c2ab858608fc0b21e7e0,telefonia,41,424,2,200,18,3,12
209d347513cb03998c962964dc046f93,brinquedos,36,517,6,1200,33,24,23
209f718c43a6b301bd760948b9342b7a,automotivo,56,823,4,450,35,5,35
209f9d016dbdb12e4fdbf57e5827fd9c,utilidades_domesticas,56,1080,1,13050,40,40,40
209fa5709fd95c3fac1edddca1d6c505,cama_mesa_banho,46,372,1,1450,34,12,40
20a0eed2151a01394b7656d7269b11db,beleza_saude,26,885,1,500,16,30,11
20a2613eb3b1c3819e733de3e91644de,moveis_decoracao,40,789,1,2850,20,35,20
20a2ade5928c55d0e72c2299091c66e4,esporte_lazer,59,729,5,150,17,15,16
20a3c5e7a7b340a10612559c2a03f68c,automotivo,58,695,6,6325,56,11,32
20a56bb6cee7a1b8e02e245e637e1b8b,fashion_bolsas_e_acessorios,42,139,1,100,16,10,15
20a5aefe5c61d9047acc46a0970e4908,utilidades_domesticas,41,218,1,775,19,26,17
20a64c9ab614812a2634ebbd69bb4a02,cool_stuff,50,1490,3,550,100,6,50
20a67c4242225878d0a014685ab3edaa,malas_acessorios,43,280,5,250,20,11,20
20a8603c265d777e25da064113d556f5,telefonia,59,474,3,475,17,14,14
20ab1de6964467372e314a0e84d6719b,papelaria,59,899,10,1900,40,10,30
20abd285d5491b50603aaea6b4c85e93,automotivo,44,890,1,250,20,15,15
20ae7c024ede613f47e0d2f23f461493,telefonia_fixa,25,455,1,330,17,11,9
20b0f2e1b898d6ab3155af3b923794ed,utilidades_domesticas,51,1118,5,400,18,8,14
20b4a894367b7b66ea1c5ae7efb5a7eb,informatica_acessorios,60,236,3,200,16,4,13
20b4ef73ecadd46e16830ece8483b656,cool_stuff,50,1605,5,1850,29,12,56
20b7215f127656c56776983719ba603a,moveis_decoracao,58,1056,2,650,65,11,11
20ba887d70d6841cc13bcd65338c220a,casa_construcao,53,1143,4,1250,45,30,15
20bc10f7f2776f8b2eb6b817d2df190a,livros_interesse_geral,47,891,1,400,35,4,30
20bcfbb4c385ac8feaab2bff523a5694,brinquedos,48,480,2,400,22,5,22
20c036a30ef670a7591c160758fe0b65,moveis_cozinha_area_de_servico_jantar_e_jardim,35,380,3,7600,66,10,46
20c26b058070cf8c6bbb8c8943eea98c,automotivo,55,703,6,5100,47,19,23
20c3404e9bea9621d876e152794ba2d1,pet_shop,26,414,1,150,40,15,40
20c69858ff6c402d1713747d81b5c23f,cama_mesa_banho,48,324,1,1550,37,9,30
20c74b29c2264ca5ddce774c34d98dc3,construcao_ferramentas_jardim,45,1439,1,10500,38,17,33
20c7734379b9740b6ac065132d5a353c,papelaria,49,373,1,550,16,10,15
20c958f2273adb5449e7c2f644d27805,bebes,34,501,1,900,40,25,30
20ce586ed16cb9fb534673dfd97c2bd3,eletroportateis,48,977,2,500,20,20,20
20cfa43a881c16cdedaaab83e139d302,informatica_acessorios,46,339,3,247,29,7,21
20d458d013a3988f71009298fecd8607,cama_mesa_banho,43,114,1,300,40,4,30
20d5583ac76a88720b002f353afec2d0,utilidades_domesticas,32,305,3,450,40,40,40
20d672f52195d2c20168f758a77303d6,automotivo,51,93,1,200,16,15,15
20d6d5469584eb71125803455ccf914a,telefonia,57,828,2,350,17,4,12
20d7a48524eae8d2694bd40031fe12b2,construcao_ferramentas_construcao,38,403,1,100,20,5,20
20d7e618ee9f33f59efe64ca4059d185,musica,56,406,3,200,16,9,11
20d99367bb5820e9d15aef657b83b5a2,automotivo,44,187,1,250,40,4,30
20da3eeeb6af0e217f80b316439a94be,informatica_acessorios,44,609,1,1300,16,16,40
20daef67faad9f39084ec8812b1dc6b4,beleza_saude,59,1868,3,100,25,2,15
20db47207304d368821e99cd7c56c635,papelaria,38,355,9,1300,40,10,50
20dba3cc0c6689b10b0a422ae43f45b7,cama_mesa_banho,53,197,1,7725,52,26,47
20dce72985857d1c8d09d506a8ec5187,automotivo,44,1400,1,15900,65,25,45
20dd7f59c8d37692cd7aabe00f3af998,beleza_saude,52,1709,1,625,29,20,24
20dfc860c4bf533f00053ad778d01a66,cama_mesa_banho,56,357,2,5175,54,31,46
20e04dcc7b37710b6fe52237cbe2a274,esporte_lazer,59,1271,2,3150,20,20,20
20e37962088a4061d3578def47a8648b,moveis_decoracao,60,208,1,800,40,10,34
20e4242f5101de646ac3a76508fc640d,moveis_decoracao,43,2186,2,250,60,11,11
20e5127b0dda6370dd7795b2952da13a,moveis_decoracao,58,2043,4,1450,69,11,11
20e52965ed6d9e498b87dd87d050afbd,informatica_acessorios,57,467,5,700,47,6,32
20e5b387f4e760842c0aeaaca8daf4fa,beleza_saude,58,1054,3,400,31,20,20
20e638b21cd236147992f02fbdcf0673,beleza_saude,38,1593,1,450,25,14,13
20e7fcf887b571d712eec11b3f74fe4c,informatica_acessorios,55,1730,3,425,18,10,18
20eab4e586b92282d6975f9236968340,utilidades_domesticas,45,474,2,630,18,25,18
20ec8e42e1022b8e6081e58608d0937d,esporte_lazer,37,248,1,1100,27,9,14
20ecd51a1e2c3e5cc72096b2ce0d29d5,cama_mesa_banho,52,222,1,1300,37,5,34
20ece3dbcbffb5f6589a6f0cebb485fc,cool_stuff,58,1795,4,150,16,16,16
20ed63974a9207895b4e56993e5a9a3c,moveis_decoracao,34,259,2,5700,40,30,40
20ee98f10c16f05a43db060ab1cbfd7e,fashion_calcados,48,375,6,100,29,7,16
20eec5e935bad5e35e6fd4a6af9b1a63,automotivo,64,111,1,300,16,6,12
20f0c3fea244885a018ecb6e263aa9d9,casa_construcao,48,890,5,550,17,26,17
20f160a9cf2e856ee5eba259e9ae33f9,perfumaria,56,1224,3,556,21,16,16
20f23f339bacbc1863017f4d0619cee4,papelaria,55,411,1,300,34,2,25
20f6c06bf31cde013ae7f2429468abc9,automotivo,58,233,1,480,18,8,14
20f9d67f27a7593da8c9e8981d4f81c8,cama_mesa_banho,59,95,1,500,20,10,15
20fb650ad1615624d7e202031400f695,livros_tecnicos,53,1417,1,750,29,3,21
20fbf8f8316bd76f105599ecc7e485f7,pet_shop,58,754,6,1450,40,20,30
20fcf54ae3433ede318a3587bfe559c4,papelaria,54,318,4,1350,38,30,28
20fd0be27c1aa68faa30d494b21a4a1a,esporte_lazer,54,636,3,750,45,15,15
20fe497c2f839ab186f043e9f5a78b2e,relogios_presentes,38,692,1,300,20,18,20
21025aea6e634ed0ab9709a4fa5fb69c,utilidades_domesticas,59,1871,5,450,20,15,15
210286fe46a9f587b63ead8d065ad3cd,perfumaria,56,305,1,495,20,15,18
210763646bb56ada2fd99ff322278973,moveis_decoracao,57,2059,4,2900,69,11,11
210927ec4e766c525d07a1c17d4bb578,papelaria,49,414,1,150,20,20,20
2109e8aeedbade2096a471740fb9e798,moveis_decoracao,45,640,1,10150,45,30,45
210a8305d79b2f5719cbafb2c026797f,esporte_lazer,60,521,1,650,24,10,20
210e7569afac412f6f444621ed323449,brinquedos,39,171,1,300,16,17,11
210f0fc19063f1cbddd677a13d6e489f,bebes,35,663,2,600,80,16,16
210feb9ae3b060d29ec884aac60e5f10,cool_stuff,50,629,1,1050,37,22,26
211231e0c3e424340de9917591f863b0,eletrodomesticos,45,238,2,2450,64,6,55
211293b50935ced8d4370f552c482d74,bebidas,55,1736,3,226,18,16,16
2113a6ce0fd2c2cbe118360bad4ac445,utilidades_domesticas,58,105,4,650,17,17,13
2115a2dcb35d50b3726fbd24ab04aaa1,papelaria,43,483,2,600,45,2,35
21191f1db2fabc46b8ae34857a3b130a,esporte_lazer,40,806,1,450,19,22,19
211c67e3e61d45efe54ed020191d042f,papelaria,58,238,1,1900,18,38,30
211d04c14dd756f5e4dec38c19187fdb,cama_mesa_banho,53,1017,1,1975,28,26,23
211d84789fe01a27d1e5e12a60a30c85,beleza_saude,60,1709,1,2400,17,32,11
211f62173e6bd1cf140c0b05ecf78cbe,livros_interesse_geral,43,551,1,1600,25,6,18
2122804f6d118ffec73266ebf35e85d4,beleza_saude,25,740,1,1450,25,29,15
212b9c1a73834eeae7694906e168edc6,,,,,450,26,7,12
212cc0fa7359ab242a697a03a574f719,,,,,200,16,2,11
2132979d9b6f64e99b8c9bb4da4e0323,informatica_acessorios,12,676,2,496,36,13,35
2135fcbb25adcdcbe1b910622300a508,automotivo,58,208,1,100,20,15,20
2136c70bbe723d338fab53da3c03e6dc,relogios_presentes,55,167,3,200,16,2,11
213875479a90df7b399cee17003be95c,telefonia_fixa,36,1340,2,800,23,6,23
213df31f080d32e31dff225207c354a3,automotivo,45,292,3,150,16,5,11
213e2ce140e9d3ed98d1a89b6cbca7c3,automotivo,27,496,1,1933,28,13,14
214182ef6dd2635420e172166e7ee047,utilidades_domesticas,43,965,1,650,16,17,11
21419fbb5e6e21591c1dc83cb75aec07,casa_construcao,59,1582,1,5850,60,25,25
2145a2868aaca837f92fd4bf1b6db163,cama_mesa_banho,54,269,1,1600,43,15,32
2146114f819e6e6b2bd299addcd4bae1,esporte_lazer,36,875,1,166,17,10,13
2149e9d51d629c16ce77c0f14c887e01,esporte_lazer,45,2768,3,200,18,16,11
214b2d4bc9a6b09243f5e27b9fa96d4a,papelaria,59,414,2,10650,46,10,12
214d074d545a9cedee55284805a1335f,moveis_decoracao,58,737,3,1500,43,9,43
214e5e86400971b7f46f64ce6c737d33,fashion_bolsas_e_acessorios,51,887,4,100,16,3,12
214f3ddd6bf0b37fcc394a822e319a30,beleza_saude,60,918,1,100,22,3,15
2150745318bfb3f51bb7b99fb9b38ca7,cama_mesa_banho,28,168,2,1695,36,9,35
2152380ff2e0afbc8c1c5b7c72732c40,moveis_decoracao,57,216,1,1300,40,6,32
215350c42aaf9bcdd3fab5301453d7a9,moveis_decoracao,50,1186,2,1600,53,8,11
21538f484ba135893f2b51c8b8750966,beleza_saude,50,3929,1,550,16,20,16
2155593e689475e40e4c8b93143c0287,brinquedos,55,418,3,712,47,13,32
215d6de5878361301ea712b9d36dee94,brinquedos,59,410,1,1164,17,22,28
215ec1620e0f8475dcf0a38866aed21e,cama_mesa_banho,49,1423,1,1000,35,20,20
216085c4602f1d5e004e8e204a1c9752,automotivo,58,644,3,3800,60,15,25
21634fadc73ca34ac36813b02f1f10c8,utilidades_domesticas,51,906,3,800,44,14,35
216414cd4aad908188257071249e0cc3,cama_mesa_banho,54,292,1,2325,43,10,33
2167c8f6252667c0eb9edd51520706a1,industria_comercio_e_negocios,48,1581,1,7750,36,51,18
216ac797639b7734f0b125861ea845ae,papelaria,57,303,1,250,16,6,11
216b222c2a8c6918d4203f3cbefb8568,utilidades_domesticas,41,897,1,450,20,10,20
216bb0e0cd43ffd832e0973d35e0377e,construcao_ferramentas_iluminacao,56,1082,6,200,16,16,16
216bfe821826c195bf9da55b12a6c296,eletronicos,36,599,1,190,22,11,17
216d7596db68f81bfea69726dd1e5545,pet_shop,52,1540,4,850,24,20,24
216fc7d2fe90eccd658f30cab5bafa83,brinquedos,50,1116,6,550,22,12,17
217069e9233500f56584e23e8fb5489f,pet_shop,47,835,1,167,25,8,13
2172cc642285306d7cc942de518173a2,beleza_saude,53,2120,1,10550,30,20,27
21733435c91b1a39455537eeacd3c467,ferramentas_jardim,63,525,3,300,16,4,20
2174a02a3c42e648e408c9b3505c54d3,esporte_lazer,60,1327,1,12250,24,24,24
21767347dfdabbe42b3ca5846a4cdb48,relogios_presentes,54,446,2,277,23,15,23
217967bea3b974779feb2aabef6c9592,eletronicos,37,204,1,100,22,6,16
217acb8d395f2dba1228410a1bf20d29,automotivo,35,517,3,200,31,4,21
217cb0f28c6def3c3be057a952d78189,pet_shop,54,1102,2,650,20,18,20
2180541a551b218f67e8bd22614688d1,utilidades_domesticas,40,144,1,300,22,10,11
2187a2f05e362364c24d44feaeb40243,brinquedos,39,740,3,1500,20,20,20
218bdd5d01fa000018c777fcc2bbfebd,eletroportateis,51,1384,2,14850,34,57,53
218c9d6d7c61785529b97cf822756207,moveis_decoracao,49,3183,1,700,41,23,25
218d038ff5f2acccebb3cc1d452a911b,beleza_saude,32,318,3,133,16,14,12
218de70a5a63ca13ad448aa4706d8ce1,fashion_calcados,46,182,1,500,33,19,16
218f1b2280dec0aeadd2878022fb1e0d,relogios_presentes,38,390,1,375,17,17,14
218f5d32f520df3b8517cdd86da09466,esporte_lazer,28,144,1,2456,53,14,16
2190082493d586e315bfbb93762ab3e3,consoles_games,53,855,1,140,19,10,16
21937020c7e5f15e9ec26ebb88d3c26d,utilidades_domesticas,41,439,6,600,19,16,16
2196663031bcde078cede855ac0b5739,esporte_lazer,43,1646,6,491,19,12,16
2196812e80b905c7071389c10ad035d3,moveis_decoracao,59,2010,2,1500,69,11,11
2197e985613d6f73425b6baf8401c728,esporte_lazer,46,905,2,1050,23,10,20
219afb1f0e44578d70b027c74e50ce74,relogios_presentes,57,457,1,625,16,11,11
21a13332dcf9044716216914708f5d11,esporte_lazer,42,211,1,200,16,16,20
21a23f7375628a983f0496f2511e62fa,moveis_decoracao,55,241,1,2000,36,4,30
21a2d8537730ec21c03750360cc15f68,cama_mesa_banho,48,352,2,400,50,11,11
21a3fd0dcc50f6c1dbd01c2faf1db393,cool_stuff,49,1621,7,6317,37,39,43
21a44a88917ec2c8db5908b4942e8d47,beleza_saude,35,3882,1,450,16,5,17
21a53da27d4b830f32f475a09f0bd54a,cama_mesa_banho,57,247,1,1500,45,15,35
21a60ea134ec6f7e1544c4c71b998235,cama_mesa_banho,52,431,1,200,16,10,16
21a6e49e01d1ee93aadbd8cdf776308f,relogios_presentes,45,510,1,338,18,11,13
21a6e75c9c60427dc2e76f267f7e09e7,brinquedos,40,1156,1,250,17,14,12
21a95b5525c6d658ff4e5e1b50f7c02d,brinquedos,24,318,2,650,18,25,19
21addb589dd9cf0c658177579dd2e99d,relogios_presentes,55,311,1,283,22,13,20
21af4f32f6f1cab0bb13d7563dc06e70,construcao_ferramentas_iluminacao,45,922,3,700,16,19,16
21b1c2f67a9aafb5af0eb06c13b9dbda,esporte_lazer,35,1132,8,9800,105,15,28
21b4d9c7183dd6f20f584f35c09bd361,alimentos,34,90,1,808,18,11,13
21b524c4c060169fa75ccf08c7da4627,construcao_ferramentas_construcao,60,338,1,3350,21,8,21
21b8d4953c15b92f2f965c89dc35f5ad,cool_stuff,53,615,1,2600,34,20,34
21b9b9a3c79c6ced9c182a18e95aa159,livros_interesse_geral,35,2023,1,850,18,22,22
21c00997a28e1efcdd07c8a67f26d4ce,cool_stuff,51,729,1,8150,45,24,39
21c080d8ac76a1d2b095d6353864a24f,moveis_decoracao,55,884,1,20550,65,25,25
21c0985594816cf11cf7cfc0631f6f1f,moveis_decoracao,34,569,1,800,30,30,30
21c7ae0df2196c656289e946024f9224,papelaria,55,959,4,6400,36,36,38
21caff3913095987c249438138d0ef23,telefonia,37,255,8,200,16,3,11
21cba128dedfe6bf04bfde715aef5355,fashion_bolsas_e_acessorios,59,497,6,200,16,9,11
21d2fdced5c69bfc6539b67908a4ad28,moveis_sala,31,363,1,6450,55,15,46
21d325f98c6505a72b1bcf363f3d3f88,brinquedos,57,1532,2,1250,29,19,22
21d512be0373dc6a55cf1c97977076d0,esporte_lazer,55,1123,8,4000,82,15,22
21d63115435202a00f15d5e4803ce982,utilidades_domesticas,45,631,1,1500,40,30,30
21d7610668a41f5ef8f24bfa0e13b315,eletronicos,31,1587,1,7738,58,28,40
21d8df2fdfe62af4f016be4e49e78f2b,moveis_decoracao,56,2043,5,3000,69,11,11
21db47f6493b06e8e7fc562ec9890e77,informatica_acessorios,50,281,4,300,35,5,25
21dd96fd31df21001d8e5b7a3fac9335,,,,,900,29,11,23
21dda9c8f188955446cf905038acd22a,ferramentas_jardim,56,452,1,5850,59,23,29
21e09cd30bfe8dd795517cf1fab6359a,cama_mesa_banho,44,338,1,8350,45,15,35
21e288a2a0d211749ff4b8f475b48557,bebes,44,1059,2,2600,56,11,41
21e4321fa558327afe025bfb800a8bff,,,,,1500,27,8,19
21e72a490cbe93ed7aa675d2b1ae105a,informatica_acessorios,53,240,1,650,34,15,15
21edbdf0b0622b2ed89051c88ae8d43c,moveis_sala,35,565,5,1500,74,13,18
21ee06f7fd37a6fe4841865339411674,informatica_acessorios,55,1119,4,200,25,8,20
21eec44e96af78db0af3e283c61b5200,cama_mesa_banho,47,1197,1,1475,50,10,30
21efeb0e47f3328f86002eda80b63321,fashion_roupa_masculina,28,696,2,100,16,2,11
21f1d2b20d4942a15894bd1232b05a5e,bebes,32,760,3,7034,55,66,33
21f3c02a56cb1c530fd3c87a858c562b,relogios_presentes,54,631,2,260,17,12,12
21f8d380f12105e9b35b919553d70380,papelaria,27,329,1,400,25,14,20
21fadcf38b21749b444f0619ccecd90c,cama_mesa_banho,52,188,1,1300,35,15,25
21fb5057dd6a737df6851a7ab7a130da,moveis_decoracao,52,709,2,7550,35,35,35
21fd3b391a97c2fedab9d0efdd183a93,utilidades_domesticas,57,983,2,2650,53,15,13
21fecd254a3103704126b28478ea7980,ferramentas_jardim,38,499,1,7400,43,14,33
21ff08c8ad08521e34ac18dcc59be52c,esporte_lazer,54,1548,2,350,16,8,12
2202fbe16d5626431835d6000350cea3,fashion_bolsas_e_acessorios,44,378,2,100,16,16,16
22036f187132350920aea5aa0bb01935,utilidades_domesticas,59,1047,4,500,25,12,25
22052cf3cf96687b8469406f71bafb62,instrumentos_musicais,51,573,3,4700,40,24,29
2207c945af0d585ac31121c9d87e4546,moveis_decoracao,43,1115,2,530,69,10,12
22092edc4bf1615d12bbc3ab17d3d600,papelaria,51,590,1,3270,23,25,16
220936209904d02af36d9aabe5343c8a,esporte_lazer,54,350,1,550,21,21,19
220a2b9dd1e9990876de0ac999e1a33c,utilidades_domesticas,53,475,3,895,10,15,14
220bc6afbb138c2e99fffc0f9838afd4,informatica_acessorios,22,716,2,150,39,2,30
22128ba7595e6783c7565d9e16230f58,moveis_decoracao,22,242,3,400,23,10,22
2215034e518b8ae4090da2aebf8f7df8,papelaria,60,1076,4,400,21,2,18
2216232cbfdfdc984d20cd53acb7aba8,utilidades_domesticas,56,263,2,6800,40,40,20
221682b067ae8e8460ae2517e7e25e11,beleza_saude,60,528,4,250,19,11,23
221734613a802d62bb706f54ae56f970,cama_mesa_banho,55,739,1,1500,20,40,20
2221e4ebc496addaa386a27a6a19e9b2,,,,,800,29,11,23
22234a1dd91ce8e88c7b108d198c40ad,beleza_saude,57,3110,1,125,19,15,17
222684e29ad17ce818d1b01753c0cfb8,perfumaria,45,163,1,461,20,16,17
2229873650d2f1ad2306b8230a59730f,papelaria,42,106,1,300,21,7,15
2229e1a49998dfdfb513683e0e378ae8,utilidades_domesticas,50,1190,3,1000,26,20,24
222efa72a47277d611b8b38d71149afd,utilidades_domesticas,56,148,1,300,16,12,20
22311cca452c2d005ff0da91d0dd3f83,fashion_bolsas_e_acessorios,35,160,5,50,20,5,13
22321b01eaba7d5cbf0978523f20fa06,consoles_games,55,650,2,317,30,23,15
2233b59e8cf2817f9659e52cce3093de,casa_construcao,58,1624,3,9350,20,20,20
2235d08138bfce7801a73463a3168ea5,esporte_lazer,63,923,3,1200,70,8,15
2236aad5e8fec12fe56de6b503b6f896,casa_construcao,60,784,2,1752,19,15,16
2239cf6b4421c4bd57f8a87127800929,moveis_escritorio,26,989,1,16125,81,7,83
223d34a3d9334039f5ff9511dc044bbb,telefonia,50,1246,1,900,23,7,16
223d59a37896c34a98384dcbaefc322c,casa_conforto,57,217,3,1900,40,20,30
223f6bc365de199df4fbd5db2ca6ec1d,moveis_sala,51,328,2,12800,63,13,63
224037b21bfa8621e39c265513ee6594,portateis_casa_forno_e_cafe,50,345,1,16550,40,60,40
2245f9825a544daf9adb59c50d0eae03,esporte_lazer,50,224,1,250,30,30,30
224703229a7c966a5b191651e1561be2,esporte_lazer,52,234,4,8150,20,20,20
224e8e64188b2731d83c3f5bfebd29d3,construcao_ferramentas_jardim,54,118,1,1450,16,16,12
224f4ce3262279a31db214df54befe1b,beleza_saude,56,608,1,350,19,12,13
22500b6336f180e88d85ec61888a1f1a,consoles_games,57,213,1,50,16,2,13
2251aec7efe1a143690c889ff64ceb8a,automotivo,60,651,5,4350,72,4,46
22544bc3cbb21d6fca8630805448ed93,moveis_decoracao,51,215,1,200,30,25,11
2255cd8a319ac848b0e25c6702f2a139,pet_shop,57,334,5,6150,30,30,30
22560e21f2b8afbeb6939cab114839f3,informatica_acessorios,47,618,2,250,16,15,15
22594ba8fd9a72ad95d352929c821560,moveis_escritorio,31,1076,1,8450,53,50,16
225d62bfb53c4e74ed7d30d1fed23fb5,automotivo,48,144,1,350,24,4,16
225f4fe326aa42f164181adc215bcd09,telefonia,58,348,3,150,22,7,14
22633013199a5fbb2c0094a6e2802386,brinquedos,53,31,1,600,25,30,20
22656f41604127818c5984157e52bda8,fashion_roupa_masculina,25,191,1,500,20,10,17
2265e8aa066cc6c4528d4be900eb5b64,moveis_decoracao,53,399,4,950,40,15,31
2267b228a5bcef6dcc0fd584a4512908,beleza_saude,29,870,1,185,23,24,22
2267f81f3634e3fdd5d27151ddad3c26,cool_stuff,53,419,3,9650,86,8,40
226b3973913b6154cb1102026822360d,beleza_saude,56,2710,7,350,19,11,23
226b714574d308927d79827c0c7f9972,beleza_saude,36,262,1,3025,21,10,21
226be9996759442f90f73b7d24c6baff,utilidades_domesticas,50,246,3,1950,16,105,14
226ed57b23d44cff0ee5aabd9f268fd8,automotivo,54,159,2,4800,50,8,20
226f3829f99a5f02578560da8708c8f7,perfumaria,49,1208,2,200,16,8,11
2271f1b02a9f6a019017bc05f7a8b8ef,informatica_acessorios,40,394,1,200,21,5,20
22731e85c06982660a09c2ceb576ede6,papelaria,47,181,1,200,21,14,18
2273be0f0b60b5d12c8853cae6ccf7ef,cama_mesa_banho,37,642,1,133,22,5,17
22776ebd2bfdf5f55499fd324862a673,automotivo,42,878,2,500,20,8,14
227ae51127a60b162b1696de1cc8a10b,bebes,47,1058,2,2797,35,35,16
227bdd697845ec3537a795cc900e715d,moveis_decoracao,55,207,11,1200,30,10,25
2280139813948df83ba872aecca72997,casa_conforto,60,249,3,3500,40,20,40
2284b28ca179d66957a67ef01a5b7d6c,utilidades_domesticas,54,408,1,1600,34,21,23
228f57b1acb5bdce9401c58653c8cc14,relogios_presentes,39,542,1,433,21,12,16
22914988306f1235a3e5fff32403d205,automotivo,41,1146,1,4000,65,25,25
2291d090b69f60fc0ffd95ae394daa77,cool_stuff,43,743,5,500,18,12,15
22937a73f92a33040ab4e2540355a5d8,fashion_bolsas_e_acessorios,50,554,3,100,16,5,11
2293f7375b46e963e55be5b56d3b77b0,pet_shop,63,1451,3,950,30,20,40
2295c573e69974c45434ba00300189f4,relogios_presentes,55,179,3,150,16,2,20
229c012e97328ba74fd0f4a1c29f8e51,brinquedos,39,725,1,2450,38,34,34
229e0aa8bfc8fc368eab501695dbcef3,beleza_saude,47,766,1,400,18,9,14
22a0a4cfaf39559db703230823bdc13a,telefonia_fixa,38,969,1,429,18,13,13
22a0c6b3f34506fc9a6d78ff201f3dbf,moveis_decoracao,52,638,1,1400,40,35,40
22a4657fae391d977b8dfe09b590ee6c,construcao_ferramentas_jardim,35,2228,1,2250,33,33,20
22a8168cf1f1c6347da8d29863b7f75e,consoles_games,53,2013,4,155,16,7,14
22a9261581e6b57ea62af3efbd6975a0,construcao_ferramentas_iluminacao,50,1668,1,450,22,22,11
22acbb4638c65fd0e689a35f11cda340,utilidades_domesticas,22,233,2,800,19,13,17
22ad84a8542945d56593a32b34abe336,brinquedos,48,332,3,1950,35,10,22
22b01577238399e86ecd3a882617f88d,construcao_ferramentas_construcao,52,510,7,7300,35,14,35
22b389f7d49493889ceda26c606ea0af,utilidades_domesticas,42,247,1,1250,16,16,25
22bb87b27484c91c055cca7fd6d0793a,moveis_decoracao,57,207,4,2200,32,5,22
22bd45d50bed841763d6f7f58cb7b6ac,perfumaria,54,956,1,50,16,5,11
22c051b01971f34702857840a0e03fab,instrumentos_musicais,55,684,1,950,22,9,57
22c28492de598515578d252acb18e21b,utilidades_domesticas,57,609,1,727,21,19,22
22c404f4f28ee0c4d62d5af7993ecffa,esporte_lazer,56,3446,1,2000,42,32,32
22c5ddc22ea8cae84fc9917def682dc6,perfumaria,24,435,3,350,25,15,15
22c5e15506cbdfe5acd1b6a89e607868,cama_mesa_banho,59,662,2,647,30,5,29
22c6a8a913119595b77ec3d747e9079a,beleza_saude,60,919,1,150,22,3,15
22c7191da97262f0f39de80e1951dce2,automotivo,56,149,1,100,16,15,16
22c73d4d1eccb8e2ef7a084b3e345b30,moveis_decoracao,53,1227,4,300,50,11,11
22ca1399dde9714934f8ec09b6aca2fe,beleza_saude,55,782,1,1650,31,26,29
22cae88a3d0dfb90553827c761728e55,beleza_saude,42,3518,1,250,19,18,18
22d180b9ee4f302fea5be73325dfea3b,cama_mesa_banho,59,2736,4,18900,41,15,51
22d371a03788bba3e56df85011a9e392,eletronicos,28,314,1,200,32,10,25
22d4437444eadc9f1c695f24d3f1aac5,cama_mesa_banho,52,852,2,5200,31,43,21
22d65c4f3ab25834df12163a3403da32,bebes,33,908,1,1000,42,25,15
22da4aff3a8e3f4eb7dbc2220d737651,cama_mesa_banho,52,175,1,707,36,4,27
22dcd61aae0f6d1acc992914bc67a0e5,relogios_presentes,47,364,2,300,40,10,25
22dd24a9dd84994cf260ad173576d1d5,cama_mesa_banho,49,184,1,8250,31,71,51
22dfa7d077d1088aba3095c67ee10a9a,informatica_acessorios,58,141,1,200,42,9,25
22e1d28f941306826ef9642bc41822a5,moveis_escritorio,58,1283,1,9000,52,51,17
22e5bd0a94fa88bf9fd09b2fca94afa4,relogios_presentes,47,384,1,800,28,9,28
22e8a1571e0f8e1aeac77c01ae28539c,,,,,1300,17,25,20
22e9d458875333a868ae17fc894781e5,automotivo,60,651,5,3300,78,4,47
22efa53845d9cebeb7e16978645797ad,utilidades_domesticas,59,470,7,441,16,16,12
22f49044bc3eaead7cadfb045391582f,cama_mesa_banho,56,255,1,1050,45,15,35
22f590c457402e4971c9c2090d34983d,esporte_lazer,60,156,1,975,19,20,15
22f5b63060a1185e5ec7721efd622321,cama_mesa_banho,32,606,2,400,90,6,12
22f799df8d5495f40f6ed3cc8b18b712,utilidades_domesticas,49,481,4,700,27,9,19
22f80c8069aff9c90b22803e6aec51f5,automotivo,43,584,2,200,20,5,13
22f8b1ebff0ccf1828c7179dbf84d983,,,,,150,20,4,25
22f9bcc7235913f6ae3011796a4f4bbe,esporte_lazer,53,868,1,1625,21,28,17
22fc8dc1de226d2a731f5fa50303c388,informatica_acessorios,54,278,1,300,18,8,16
230383f11d18c87d4fe706850bfbd3ab,brinquedos,58,612,3,2300,40,8,40
230518381a40a558cfbd1a9d0b73daa2,bebes,50,264,1,400,23,4,23
2307240c5347bb41a709a1ab8e38b5ff,automotivo,57,372,4,2150,28,28,38
230907d5dd938f510eefba95ef295da8,utilidades_domesticas,51,616,1,2400,25,25,30
230aa1590e1e7bc88252d8f1649109c2,cama_mesa_banho,59,842,1,1175,28,8,28
230ce9f6bbf76fd85d941adb9213b018,brinquedos,52,2984,10,2000,75,35,13
231081927a13592c84df280baf744393,moveis_decoracao,58,2186,2,200,60,11,11
2313473f41d436067b860c4b890924dd,moveis_decoracao,59,1441,6,750,35,2,25
23178b11e22e9265d208346b0607974b,telefonia,39,365,13,100,16,3,11
23182071dae29b744722e647c64e8fe2,construcao_ferramentas_construcao,30,169,1,100,20,4,20
23183e8f6ee8b057ef5dd6fe16525ab9,automotivo,59,293,1,100,21,2,15
2318cf75da074f0a955f60eda2f9e320,brinquedos,53,996,7,165,19,12,17
231a4c5f70ff00bbb2d76f80604af2ff,beleza_saude,35,998,1,1450,21,50,21
231b36f9858956ff85f4e71640188ca1,cool_stuff,52,908,1,1300,42,25,15
23206e13f48ea61c1ce141465951d74f,cama_mesa_banho,52,125,1,1700,45,25,35
23227b07fc69250d2fa4be6602011aea,cama_mesa_banho,46,171,2,1250,45,10,15
2328b70112728ace35ac8d11bf4d90f6,automotivo,52,683,3,1200,20,20,20
232906919fb046e3d050f8dd336b2634,livros_interesse_geral,34,318,1,250,29,8,23
232a5adb0fc1881bbfeb03560c639c31,casa_construcao,59,872,7,500,16,20,16
232ae93f6ac6e6a57c1b34b312eb3826,automotivo,59,1066,4,100,24,2,17
232b2effc9d2cc8f1e696e65e108797c,perfumaria,40,997,1,350,16,16,16
232e8b868fc5535b10702cb09d2d83a7,esporte_lazer,43,803,2,1000,23,23,23
232f608487cd2ed6669631eb468f2ed0,cool_stuff,47,409,2,900,20,20,20
2330fe9b304af24209631c7197203c61,utilidades_domesticas,48,943,1,3350,32,75,32
23318fc7dadffdde2b4ebf8dadefcf68,moveis_sala,58,487,5,3300,46,9,56
233284251960ee2c45f3bc9e68731630,utilidades_domesticas,54,681,1,1600,25,11,21
2332f34b4b3eb82c326126ed5eef6478,beleza_saude,49,647,1,1800,30,20,15
233316af7adf040484dbeccfecad6042,cama_mesa_banho,33,254,1,1250,33,9,38
23365beed316535b4105bd800c46670e,telefonia,56,351,1,350,19,4,11
23384f296aa1bf6461d22912093a9847,cama_mesa_banho,63,434,8,100,16,10,16
2338a290bd0581fde51b770baeddb0a6,artes,49,571,1,4800,40,10,30
233ad2cdae25fbf46f0d090b678d23f4,market_place,53,213,3,775,35,9,15
233b276631735c2cd04a89d01bdd8a58,automotivo,55,133,1,1475,28,18,15
23418e5faa9e642e928573220878a432,automotivo,57,299,3,100,24,2,17
23429572ca0a6901f36825829cec09b1,consoles_games,37,1143,3,600,33,28,41
2342acbbf4c5ba6896316d17a573f40f,automotivo,56,1600,3,700,16,21,18
2343570575e2990224008969445d7402,relogios_presentes,60,515,2,100,16,3,11
234495ab7809d4517bc1330c439da1bb,bebes,63,659,19,8900,32,49,34
2345a354a6f2033609bbf62bf5be9ef6,telefonia,43,1741,5,150,19,5,11
234af61e508645c6c1a470b8be9e28f2,livros_tecnicos,43,2786,1,995,27,6,20
234d0c9586a851ff11033aedd13c1837,perfumaria,57,512,1,744,19,14,13
234df98e1a567a28c8ff2079fd55198b,informatica_acessorios,61,775,8,750,20,7,50
234f933656e9d5c88f814a89d4f5bb9c,papelaria,49,371,1,1100,16,10,15
2350c74f45b4009cbdab3fa73396c222,eletrodomesticos,56,575,1,1650,50,2,37
235458528f907463ec55ebb1e16b69f0,papelaria,38,224,1,1200,16,49,32
2356ba945ec07ec8fab8223d9e98906b,cama_mesa_banho,45,864,1,600,20,10,20
23588f7d2da3b618063a218a390fdd0d,cama_mesa_banho,48,729,1,3400,20,30,30
235b4ddb049ab79478e058d0d3609bae,relogios_presentes,58,884,6,500,16,11,12
235bec397501f88e0593219e90c28b4d,brinquedos,40,503,3,800,32,19,30
235e0d56841710b62daf088840a96ba8,bebes,39,224,2,7050,75,15,50
23601216d4de33d54c6801f27dc59357,bebes,45,235,2,9400,75,15,50
2362291929f77eccf5f5cb26029dcf90,automotivo,54,591,1,2400,52,8,52
2362d3d1782889c8759aa6ace2c73aad,automotivo,56,370,1,6100,30,25,25
2365562e74dd46f5e99cdc696c504cea,la_cuisine,49,554,1,1750,95,9,37
23658e8d5d2c1d61b0d59b34ebbabb44,cama_mesa_banho,52,433,1,1050,22,16,18
236634fd768c822b130b6ccf325e4c13,beleza_saude,53,676,1,1200,19,14,15
2367943ffa6af39caabaf4f8f90e0d3a,moveis_decoracao,58,2128,2,350,69,11,11
2367a519f69c9163cb6261bd2ce42ad4,pet_shop,50,401,1,275,29,10,34
2368785994f057897f1ae269bb9743ef,brinquedos,34,382,4,1400,25,80,25
236a76559b9033d23ad0c58935317672,utilidades_domesticas,53,906,1,550,20,20,20
236b6ad1fbcdd18244aa773558d42b6d,automotivo,58,762,5,100,24,2,17
236bdebe067710d4d30698ac69555423,cama_mesa_banho,54,277,1,1200,45,15,35
236c8998f9a6e6150cdfb75fed83c15d,esporte_lazer,39,2055,1,300,20,10,15
236e1b991bd45b40f2f732a22d39f6cc,utilidades_domesticas,60,334,1,450,29,29,29
236f3599e6d57eeb5eb9535b2c88b231,brinquedos,29,657,3,300,19,15,17
236f65f769241706362f78a15083e369,construcao_ferramentas_seguranca,49,323,4,200,20,20,20
236fdb1c273caaa9a7dbff8111e6a4e1,moveis_decoracao,55,412,1,7450,52,18,35
23713b3af0ec6a3c9601da5c58b2ea95,musica,59,1957,3,550,16,16,16
2373f6870eb01db83a3609a731580320,informatica_acessorios,56,1026,1,300,16,10,12
237428d1c44f69d9f7eb073c1baf34e5,livros_tecnicos,46,1111,1,1300,27,2,19
237629a2fbb505d4db6ef67408dcf5bf,utilidades_domesticas,54,460,1,475,24,19,24
237711663569a9692ca68a102f51ab59,bebes,22,334,1,300,21,21,21
237d6339b1e2d4dbc411287b5178a27d,consoles_games,56,365,2,200,17,2,12
2381a3052dd37f97e616bf160467acae,relogios_presentes,39,615,1,530,18,9,13
238314b88e4b8ffa496db6b1a201d897,brinquedos,56,696,4,300,21,7,16
23834e58166d8ba5ccce5463b878683e,automotivo,57,878,1,450,20,15,15
23836079685669ea7e1edeb5ea8bfaf7,instrumentos_musicais,43,410,2,7050,66,17,36
23845f8d570efe1e44d1ed2f533ab4ee,telefonia,60,296,3,267,17,5,13
2388149ad18c9beacbf6d6ff59af3ba7,telefonia,55,828,2,200,17,4,12
238e45c597d95d9eb3b225aaabf1c7ae,informatica_acessorios,54,394,1,726,20,15,13
238eaac32ec7d0a2881b728d4c3758b1,moveis_decoracao,57,172,1,900,50,20,40
23905e2fed49239bf63e416ba24bd556,malas_acessorios,60,2032,6,1100,25,25,25
2391e872fbc176a9378c25b0e5ed4b2f,esporte_lazer,53,54,2,250,20,25,25
23930a256cb06e683cbceb246221290a,telefonia,57,412,1,100,16,6,11
2397e0e56f2c656e794348f4fbdfa3dc,brinquedos,47,1375,1,3000,33,37,22
239fc6f74c8f9263806917542ed7b358,bebes,57,121,1,800,39,16,40
23a0496bb472d6854617a7cc173ff21e,cool_stuff,51,934,1,1950,42,25,15
23a294bd54227d94b276523d3ebf9c6b,papelaria,58,237,2,3300,28,55,37
23a8c3849cf3f25b1962e056d459deb7,brinquedos,60,486,6,1150,30,22,22
23aaf24124ff41ebd81163d245aae6f3,artes,59,332,2,350,16,11,12
23ab7bb9eac81e85ec43ed71064cf7ce,cama_mesa_banho,55,613,1,550,16,10,16
23ad6baf08432fce9542b3f27407ec56,esporte_lazer,56,1327,2,450,20,35,20
23af6f1d463d55ba48b5b89085acb74b,automotivo,60,691,5,1525,68,9,36
23b156533f31f1e4493d605705f7e6db,papelaria,56,113,2,450,20,30,20
23b3e6e0aafa806f323de78534212b67,construcao_ferramentas_jardim,34,1007,5,5650,40,16,50
23b6402aba9febcc840e6798dc8d134e,cama_mesa_banho,57,453,4,3280,73,16,46
23b943460884877c44de1ed05d357d83,pet_shop,58,220,1,600,16,11,16
23bb156d1ade824158d1b0c799f9a641,cool_stuff,46,978,5,1000,50,20,20
23bc9eb1539ad6ea06090076ce1b93b4,utilidades_domesticas,40,287,2,5950,36,26,36
23bcd6822a33df5534f9b290216eec1f,brinquedos,56,708,6,7000,20,62,35
23bd5dc8d3c4cbe16e947b54fc22b3fb,relogios_presentes,43,525,1,400,20,11,15
23bf81fdd5f4015f1b924385a3eda89c,moveis_escritorio,53,2172,1,20500,58,28,58
23c6236434e58c6519c19e56c2dade45,esporte_lazer,59,1432,6,517,27,17,26
23c8673349e70f9408b2d15865532c53,beleza_saude,63,580,5,1200,40,11,18
23ca4b39422a8ce105ac4848d5d9cad0,construcao_ferramentas_construcao,46,604,1,750,16,27,35
23cb417be12fb9557a815962aedefff5,utilidades_domesticas,55,495,5,200,30,20,20
23d625ed972ea9221c3d375ae3f15bef,automotivo,58,655,2,50,20,10,16
23d8439935522540cfd5bbb8b1208a2d,beleza_saude,63,3915,1,1450,16,16,15
23db0ed96c4c3278cd56fc70e4798742,bebes,34,377,1,175,17,10,13
23df926bdc8477e1ec36c182136411a3,,,,,555,20,9,16
23e44bcf966914b366c7e28f13327dfe,ferramentas_jardim,46,1075,1,4600,16,25,11
23e74bef13b99119b1828789058a126f,livros_tecnicos,55,1302,1,900,23,3,16
23e7b9a386cb15c0b5063bf0d45982a5,informatica_acessorios,29,1431,3,200,18,4,14
23e8448e7eec38d57985dcd09a3d563d,bebes,57,408,3,200,16,6,11
23e8820ae7d5a7aee1299a1923876b78,bebes,56,645,1,500,99,3,65
23e89be06e10f4e1a1d0875bc36d939d,esporte_lazer,56,564,1,550,30,11,20
23ea3287091e8d1237bb93f92177a39b,informatica_acessorios,53,1951,4,550,21,4,14
23ec19b685ee9d7d8eea8877cb27cdf9,moveis_decoracao,60,479,1,200,16,88,16
23ed7a10a36c6f88a757a9c83df9ea20,perfumaria,31,329,1,471,18,12,15
23ee71d4afa97c8d30028d4956baaa62,moveis_decoracao,40,341,1,9200,30,30,35
23f11493a631ec3806f6a0b529e82820,cama_mesa_banho,55,147,1,1050,35,15,25
23f26aad5e170be72892a841fb2b0ab8,brinquedos,40,172,1,500,17,13,12
23f2ebdf4d6f7badc8bbd40af362f681,casa_construcao,50,894,1,866,21,18,21
23f52db82a2a0f55b0a1c1ae5b696013,beleza_saude,29,1114,1,1600,50,16,40
23f91e3d76be3938bfad0ff292392502,automotivo,56,3213,2,4500,24,19,18
23fa2f16287ce84f33d3b05190db8738,papelaria,59,251,5,5850,60,20,29
23fa83f2ca477677a4f444043bb525e0,casa_construcao,59,924,6,750,16,29,16
23fa975ce8503131504051933f2643af,cama_mesa_banho,53,448,3,3200,37,10,40
23fdd328796868ab2cf9e551c0d4673b,brinquedos,56,1113,9,260,22,4,22
23ffe3dcaaa187f5e18901aae3985062,papelaria,56,168,1,200,25,11,11
2400c93fe382bdcd64e277eb723adac4,moveis_decoracao,60,269,1,1150,35,35,35
240139d2f04292ee0789c908cf22d505,automotivo,59,703,6,5075,56,11,32
240160e0aa04afdf29718fc68f92a47b,instrumentos_musicais,48,822,8,7900,70,15,45
24016cd8f7a556eaaf043552e23df9f4,utilidades_domesticas,48,410,1,650,25,10,20
2402257ef60c01379113638864b21035,utilidades_domesticas,56,577,4,7300,45,15,34
2404548f978ba4db35f2a430dba36b1b,utilidades_domesticas,57,835,1,1650,16,30,12
2404d9b539ebddc4401a24da18215fc4,beleza_saude,45,1752,1,280,18,19,18
240735529a8d46a6878d8c99fc648867,esporte_lazer,32,1132,8,10200,105,15,28
240ab905c5d99c074894c0fb5a27979f,,,,,200,17,5,14
241241093bd6986615756b4d8a01de8f,consoles_games,41,1292,1,200,20,3,18
2413f6964f7f31846df61faa3e0518ca,utilidades_domesticas,51,552,1,250,20,8,25
2414abf17e03ee28b8c062a03ddedab5,automotivo,59,459,2,1650,17,7,12
24176f8ec4b087d7a48e356913fdd085,fashion_bolsas_e_acessorios,34,98,5,150,16,9,11
241a1ffc9cf969b27de6e72301020268,automotivo,48,260,2,400,16,4,11
241dbc3b6d7c4b0ccb98a81a33df4e3e,moveis_decoracao,32,599,1,5300,30,35,30
241e398aacc909372622952b2ec6f954,papelaria,59,521,7,700,22,7,15
2423252b2432f1803e4f29e0974c6cf7,brinquedos,60,919,5,1167,36,20,28
24270aa37ba68dcc6be98dfde14da3be,malas_acessorios,57,425,8,900,35,10,22
24297ae137968498e50c2f283a4f3d9c,cama_mesa_banho,50,324,2,1500,37,23,35
242a6abd32d7630b48ef5c0a1bf527eb,,,,,400,35,16,35
242ccc84e99027776a88792b2d344a57,esporte_lazer,30,1216,2,275,21,8,17
242e1933d9cb1c789d3c6a3f2d083ba0,brinquedos,51,606,1,8975,60,48,17
242e43e16717ea0a751d98a83b773d4e,construcao_ferramentas_construcao,52,547,2,283,17,10,15
242eb53ca3c0b52e275b6fd7ce8b0be7,fashion_bolsas_e_acessorios,44,1357,1,200,16,2,11
242ec3ff603c92ddc1e59d83b9e40a2d,bebes,49,2830,1,200,16,5,15
242edc6b84c00f0d48c664a020a92c52,malas_acessorios,39,131,1,500,23,45,32
2431772a8c7ddb73d24a2ed6d0913f73,pet_shop,49,346,1,1000,30,15,20
243332c5551ef72c46bb6885fcaaa848,beleza_saude,55,2221,1,2000,30,12,16
2433506ade95efcd559a351c7bc682a0,automotivo,60,72,1,200,24,5,16
24376321a0e7d0debc7a632cd4c9dda3,utilidades_domesticas,39,220,1,900,40,8,18
243bb58796ed2164b831fb75e1241888,automotivo,43,246,7,300,16,7,11
243c2fed5e34044dff827373bd65e9b9,moveis_decoracao,57,568,1,20600,58,42,50
2442a59b08910404b77c87210a0757b5,telefonia,49,559,1,75,19,5,11
2445809bff82fdb8780c5f4e5c0d7686,fashion_bolsas_e_acessorios,60,601,4,100,16,5,11
2446edad7ab4cfedebb8728497ac4575,informatica_acessorios,34,112,3,500,40,18,30
244811270c7c86b6cec6e934c059e086,moveis_decoracao,56,1271,3,5400,46,7,46
244e3bff7e186eaf8248819370c22daf,ferramentas_jardim,52,61,1,600,16,35,25
245269defe4105aea93d92bc62fb983d,automotivo,49,333,1,2900,33,25,60
24529977cad3ed882faa38fd86bb003f,informatica_acessorios,47,1119,4,570,21,9,18
24541f532451ecaa85eab5b200b2b686,moveis_decoracao,59,2130,2,450,69,11,11
2454302057bca58015b4674cc2a6d9a4,relogios_presentes,36,672,2,600,19,14,15
24543438ec09114a42a153f76ae693f2,utilidades_domesticas,39,343,1,963,21,21,22
24578e8bdef9b745176a1643e1f43614,cama_mesa_banho,16,389,2,4000,35,35,20
245883f1fe3a5b61da001c3cdb59b641,malas_acessorios,36,594,2,635,28,19,16
245934f7e4cec1769f1b1107fc8b1500,beleza_saude,56,3939,1,1500,16,16,15
245baefabc49c30568e720610780fa9b,utilidades_domesticas,46,817,1,6370,45,28,40
245d6fd93f56b9e997881f397fbca833,fashion_roupa_masculina,43,624,4,700,45,10,35
24606f4976af89b7b18b2299acb91ae3,brinquedos,47,607,6,1167,53,10,49
24619f43ab25b60db576926fd78edd39,pet_shop,39,585,5,18800,55,45,35
24648c567b1a06a750a8042a774ba5c9,relogios_presentes,48,460,1,400,16,12,12
246aa84ea966f137a2d87ef0041fa6ef,moveis_decoracao,37,734,4,1600,38,18,21
246bb3747799aedac65feef38ac9e734,consoles_games,54,1336,2,600,18,12,18
246d85d18978e56d249ebaf657bb44bc,cool_stuff,33,677,1,1650,42,25,15
246e1686bfd115c87718db59425dfa1d,esporte_lazer,50,1204,2,267,16,9,11
24733e805ef8654c136808e550e87626,bebes,51,545,1,172,19,7,13
2475f9f6b36857e1a35292cf761ffa48,cama_mesa_banho,60,222,1,650,45,15,35
24776376f3b02d27ac141a1bdc46d628,,,,,200,17,14,16
247b2f886148b431daa66061b43dd078,telefonia,53,679,3,150,17,8,11
247f3ca7ca5ff838249b623ae2871df3,esporte_lazer,59,100,4,400,19,2,14
247fa5b4e2f524a22b21ef256ffc23e4,informatica_acessorios,56,954,3,950,31,4,23
2480cf865df7d91234cf0ea77e8bd68c,brinquedos,57,715,2,613,19,25,29
2480fca3af4f5221cf3596c257be308b,construcao_ferramentas_seguranca,49,620,1,175,18,13,16
2481a472d98c582b46bc2dfeae6f539f,moveis_decoracao,59,205,1,950,31,11,26
24820a1196d38b337b214cbe699410ed,relogios_presentes,57,321,1,250,16,2,11
2483416c14aa8d93dad96745a9230bfa,beleza_saude,57,2104,1,500,40,20,30
2484041040e0c40b2a21ba32219d5537,informatica_acessorios,60,508,2,500,37,6,12
24860e2899527a4e30b81c693206e916,instrumentos_musicais,39,750,5,1350,38,7,29
24905035adec59d4ab5a46c13973ef17,automotivo,52,107,3,100,20,20,20
24908bd1bd10700a84f4fd551a3a52b4,cama_mesa_banho,45,530,6,950,30,20,26
249360ba4e41990fed4dd4398fd1893a,bebes,53,1286,4,200,16,6,11
249da1970e34871eedb6b6a70e89aec2,market_place,64,2112,2,1600,24,4,17
249da6972f14b13495be6a75239e9a91,cama_mesa_banho,56,186,1,750,30,5,26
249de764c23f381ef073c7520e0ab799,pet_shop,38,605,1,175,20,5,13
24a014458ccc6e989b4fcef5fa71da58,cama_mesa_banho,53,348,1,2000,45,15,35
24a046fcc8b971ab9962537f2694bc77,cama_mesa_banho,54,1047,2,2150,33,19,45
24a8def3ef6e6ee8fcaabfa6e0e9f6be,ferramentas_jardim,55,1654,2,500,20,15,15
24a961e01bbc88851232e60d5e2795a3,moveis_decoracao,58,1722,2,550,52,11,11
24aa84ad039acc24fc761324362f7622,automotivo,56,551,1,100,18,2,12
24aaea2bb541cc5d78141f2bc053cd37,relogios_presentes,56,712,1,500,21,14,14
24aba57735be13fd785bc04d1a8812e4,,,,,21600,45,42,45
24ad6518fbcba9b028f168019c6c2d67,brinquedos,41,1096,1,400,17,11,12
24afa01830cde8d96507ed5a376e0b84,esporte_lazer,56,627,4,600,16,10,15
24b0c9ac8f6d07d7192f24fd9ff189a0,fashion_bolsas_e_acessorios,63,627,4,150,16,5,11
24b0f3ae895b131e61a93132876bb191,fashion_bolsas_e_acessorios,34,428,3,300,16,12,16
24b1fcad996ffb1ead90e324f264b783,,,,,200,39,9,11
24b4132a43608c2949226ad2f774845f,brinquedos,27,708,2,250,17,7,18
24b73bfbbae23b718cea4e1efb2a76af,brinquedos,57,1283,3,800,32,5,24
24b861426de01a8adcf503251efe05f1,beleza_saude,43,196,1,235,16,14,15
24baefeed71136f90df0149ca1e85c49,automotivo,56,874,1,150,27,10,13
24bc22853c82023ea47f960c910aff6a,bebes,13,850,1,300,60,3,24
24bc2932a12c983f8e76d828b65cf39b,beleza_saude,12,2411,1,380,17,11,13
24bee9ba7cb361684671c74aedc9ae2d,eletronicos,60,893,3,1800,20,20,20
24bf010d82955430eeea5ed7643711c7,esporte_lazer,53,1232,2,28450,105,65,25
24c002cf6aa7f3c184a964064e2a2e5c,utilidades_domesticas,50,903,4,3000,22,51,22
24c03f6980d5f778bcf41785abe25533,eletrodomesticos,60,190,1,1200,65,7,38
24c0de23191c9450049b2b3d8749ad35,cama_mesa_banho,39,375,1,300,38,14,38
24c5c7be57099780f07ded545f898d8b,cama_mesa_banho,53,539,1,26550,58,50,49
24c5d76ef43ee1782af51114a121ca3d,moveis_decoracao,54,586,1,1700,33,8,23
24c66f106f642621e524291a895c9032,beleza_saude,37,325,1,792,19,14,16
24c738bedb5c15ea352ad1a278f95327,cama_mesa_banho,57,675,1,1350,19,17,23
24c855c83d506d85c7386ff94d6c8db1,esporte_lazer,48,3402,1,700,25,25,25
24c9d329963373e2fccaa3f3204db19e,consoles_games,58,601,2,100,21,24,23
24c9dc6efe88a1c3e794968ab1dd2a38,utilidades_domesticas,55,530,1,800,30,15,25
24ca97c9bbba92771baa2989300b2c50,pet_shop,50,529,4,200,16,26,11
24cdea192c5e345910d4fda8580576bd,informatica_acessorios,56,1284,1,300,16,13,14
24cedfce5dc5fe3e0695de06ee56d9c5,ferramentas_jardim,55,1581,1,2650,26,8,26
24d1e0447bc0f9b43af49837d0a4efd8,utilidades_domesticas,58,828,1,1150,16,30,12
24d746a5965b583493871d11f75b1068,instrumentos_musicais,30,435,1,1000,40,40,30
24d7b551f0ea7c3cea080d402b211132,cama_mesa_banho,45,113,1,400,40,4,30
24d8da2d499efba175b1092826b7e390,esporte_lazer,35,248,2,150,20,6,14
24d95adbf4d5909e2353d0256eb3ab4f,utilidades_domesticas,56,536,1,800,30,15,25
24daadd871657fb36dacde66b92cf0ff,construcao_ferramentas_seguranca,43,1243,1,680,18,15,17
24dbd57bf68a29e64c462b88087b93ed,musica,58,1351,3,7450,100,12,47
24dc9e724587e5bd160e891dc0e3699a,beleza_saude,59,2910,1,250,25,26,11
24dd446745b812ef3347d7ae00f5541f,eletroportateis,52,1076,1,1750,20,16,20
24ddf42338b6b04dd8de20c2cbb7f78e,relogios_presentes,33,347,1,550,18,14,15
24dea9b9a1d450d96702d46a0a835ff3,fashion_roupa_masculina,38,50,1,400,30,40,11
24decea9d84c24b8c6c53a2df90066e9,cama_mesa_banho,46,352,2,550,50,11,11
24e19cb0f9da4394876ff32b7a43b99d,climatizacao,57,171,2,200,21,8,17
24e3e6b37adf838150e7bd4dda394c31,cama_mesa_banho,51,352,2,600,50,10,60
24e648f338846ab5a977cbe3e0638b19,pet_shop,26,574,1,250,16,4,11
24e8c79f39c68fbdbd57a5813ae72b94,relogios_presentes,22,852,1,225,19,12,15
24ea331e89e0cc6fde885752b3eb2c23,fashion_bolsas_e_acessorios,29,242,1,400,16,16,11
24eae5a7a99621256603637358c6f10f,utilidades_domesticas,52,1142,1,18800,35,92,35
24ed44cfdb667b989166a0a60ca9f9bd,esporte_lazer,51,155,2,50,16,4,11
24ef70f010919148b022e66b05862778,automotivo,60,824,5,1100,18,15,15
24f5af2b789d02450459312d48fc840f,alimentos,56,863,1,575,17,7,14
24f9bc76d458867944921094745b5473,papelaria,58,322,3,600,25,7,24
24f9f99148480cd31288ed4e7d962e15,moveis_decoracao,58,1953,1,850,69,11,11
24fcd474105d95d2002f38f0cacf87ee,automotivo,48,62,1,700,16,7,11
24fee4a800146a47846fa0e345b6d6ed,agro_industria_e_comercio,22,353,1,800,20,20,20
24fffbd0188d2b7ceb351214c514b28c,perfumaria,29,616,1,426,18,14,14
2500fb88ba75d71bd264e88b4da5b44b,telefonia,55,370,1,250,16,8,11
2501eb540473502ef149a3a848b2f8f0,informatica_acessorios,57,749,1,570,16,22,17
250448da216b8ed83a1afa9b092fd938,construcao_ferramentas_iluminacao,56,297,1,3900,53,13,53
2504bf725d7aa06820b73b85c5ca6653,utilidades_domesticas,44,250,2,1500,32,5,28
25055c4ea763803958c5c79b99a00439,informatica_acessorios,60,493,1,700,32,12,12
250a5d56eaa9f1bb1a998ddb0a10a2f9,cool_stuff,26,887,2,1000,16,19,15
250ac1c9c91aa7b446a4fa9ff67190f8,esporte_lazer,50,462,2,600,30,30,30
250d000589d1bb22d6ec81449f05cf20,telefonia,60,770,2,55,25,10,15
250d3bbd3f39ce52def101057e586b0f,brinquedos,47,271,2,600,30,27,18
25115416bba55bd33ecccbc480ec7a81,relogios_presentes,57,349,3,300,16,8,11
2511e504fd7794c668a8521aabe3713d,cama_mesa_banho,60,298,1,2650,33,7,39
2514ff519f69595934371404ff50911d,utilidades_domesticas,44,752,4,445,19,12,12
2515eea3c60c67ecbb38b2f6b72733a3,bebes,14,268,2,1100,30,5,45
251631a18e7cb6e44ab14a1c4668e587,brinquedos,54,2292,6,9350,18,22,34
2516615ef3ab70913809f9d5fc363740,relogios_presentes,59,476,2,375,18,8,13
25179680ecacb54a036e9cdd27459da3,instrumentos_musicais,42,442,4,8450,78,19,49
25184d12546e74ab8843112abca3f1d6,malas_acessorios,59,1616,5,950,27,10,28
251876e7ba013b87b7262fb2524e2d60,bebes,37,506,2,1720,33,36,27
251c15f2037e7977ac4b9df235e9b591,bebes,54,1317,4,1050,42,25,15
251ef1633e102f2a29ed2fc7eb5ca683,bebes,47,963,2,20050,38,93,34
25253e832959ada92f27f703995719d2,cool_stuff,57,831,2,700,16,16,16
252641aa4855aef622089db60c4ad90a,cool_stuff,58,3217,2,100,16,16,16
2527d5ced6628c0e47d84293794bc208,beleza_saude,46,2169,4,200,16,6,11
25287671dbfca39d8aecdd754c28b269,beleza_saude,58,1402,2,1600,16,10,14
25292482a61cb3298df8dbe15ea69daf,beleza_saude,53,1865,1,500,24,6,12
252dc1fbd22786a5305623453f8eaf8b,beleza_saude,59,3323,8,100,28,13,12
252dc23ff7e1241d046a1c2c5041ffb5,cama_mesa_banho,56,2079,2,1000,43,8,33
252dc7b8f5d41ea6efcab73213ea1417,informatica_acessorios,44,914,1,193,16,16,13
25300f04b80a57680ca191c7d4ea64e1,beleza_saude,35,1125,1,100,16,5,17
2531bf4f54beb9037615a37b8a9754c7,cool_stuff,39,3210,3,575,23,16,18
2532ba0aec0ced81cdc2dd0dbeeb0f72,esporte_lazer,44,1098,1,400,21,16,16
253412fae9b77af02cb40b30a829bcfe,cama_mesa_banho,53,214,1,1500,40,5,29
2535db191954746776aa1f51dc1a9651,beleza_saude,43,341,1,350,18,14,15
253630f686917e7d27f9e81f81b2f94a,moveis_decoracao,49,1405,3,200,35,2,25
253aede415ef331d1262ffc3a411224d,instrumentos_musicais,59,358,3,700,18,6,13
253bc127c38a02e388c4e8ce854867b9,moveis_decoracao,48,896,1,2750,30,30,30
253d579d3a543d50016d25936dc1be2e,brinquedos,53,286,2,300,16,20,20
253e743996e4439451bbb1137c3e7b6c,beleza_saude,50,915,1,850,23,15,21
253ef56cd52d920f8066748da224c5eb,beleza_saude,47,1936,1,450,26,11,11
2540f260f9e39c68fa76e87c41220c28,esporte_lazer,52,2102,1,391,21,19,17
254104e9110b124bab38acfa269fb764,casa_construcao,39,892,1,288,17,15,15
25437c6ccd9cdc28db375f821881224f,esporte_lazer,56,1381,4,1050,40,20,20
254689a977285f8dd17c32b30870e933,bebes,57,2883,4,16500,43,83,43
2546d567ebfae0f9bc59addbaa2a16c7,utilidades_domesticas,40,786,4,11250,60,20,50
2548af3e6e77a690cf3eb6368e9ab61e,moveis_decoracao,56,184,2,900,40,8,40
254908dbd8bb2d7279d5dc897f81b593,construcao_ferramentas_seguranca,55,1204,1,6867,41,18,41
254e83d8714765408ae71c07e6a972e0,telefonia,60,438,2,651,20,15,22
2555fdb6a9df9fa378f024937c86d07a,cama_mesa_banho,48,462,1,995,48,8,39
255ccdfcc84f0e16699f0916b72758e3,livros_interesse_geral,39,1099,1,450,25,3,18
255f3797304030e3962e9a17ba75b2b1,esporte_lazer,22,415,3,2000,22,20,22
256086616d085d9fdedf74f8595f589a,moveis_decoracao,44,864,2,2450,40,7,60
2563ea200bfce603cc25aebc666fcbf2,moveis_decoracao,53,280,1,450,16,6,11
25640ad1216178967884d69ebe5140cc,bebes,22,273,1,1600,60,35,35
256711bf66dcd14111581476d6cca1aa,pet_shop,60,501,3,1150,33,4,28
256a9c364b75753b97bee410c9491ad8,utilidades_domesticas,59,649,1,25250,68,66,66
256c61261c818dab727fa2a60d8964ca,moveis_escritorio,53,1092,1,8638,51,62,26
25707e90c7f4f672f8d1058a32d78982,esporte_lazer,39,799,3,725,23,23,23
257452f5af0c5b1bda43fecc770f335c,relogios_presentes,29,324,1,675,17,11,16
257575a3818a480916c5c2efa5cf981c,esporte_lazer,38,1767,1,400,20,20,20
2576da05088cd972479bd9072e0e84a2,cool_stuff,33,893,1,950,40,40,30
257726ef77c81150339893567c4de6cd,moveis_decoracao,60,1969,2,400,69,11,11
257b784332308b51af0d6c72ef30fda8,pet_shop,55,1337,2,6700,40,20,50
257f376a5d729dd35b042d4ce6088b1e,bebes,46,519,5,9300,82,53,43
258063ebd89572a6ccd9c599b3193398,fashion_bolsas_e_acessorios,56,365,3,700,43,27,16
2582fbe637afdcd03817b1b16b78fd60,automotivo,60,651,5,4150,78,4,47
25830cd3f917e51e463f79c181a670ae,audio,59,477,1,300,17,17,17
2584470c4e2f1fe771b2313ccfb36cdf,construcao_ferramentas_iluminacao,59,2359,1,650,36,18,25
2584d5fa1ac792c8c26168eca51bb4d0,casa_construcao,56,797,5,9950,52,22,52
258a6d1b2a8645981cf1f93803e5ae6a,artigos_de_festas,25,354,1,350,16,11,11
258ee266f0b142b30248b7c57b56d579,beleza_saude,17,48,1,150,19,14,16
259037a6a41845e455183f89c5035f18,pcs,55,1710,2,2900,35,10,40
259119fc5bca4237dc823bd8a92dc25b,esporte_lazer,59,1617,1,700,16,16,16
25915ab9e0331a7c8afffe0a27b3fe79,cama_mesa_banho,54,262,1,2000,45,15,35
259191163460b98721e75931dda0299f,informatica_acessorios,59,979,2,850,32,13,11
259318f8df188cf39e275a77f0f6f02d,beleza_saude,50,1133,3,2350,21,13,30
2597fa111c97e1e8a782d555e3a4d83e,moveis_decoracao,53,1749,3,950,65,3,45
259a24ea2a742082c43dd2f5ce116b52,bebes,28,381,1,1454,24,22,20
259bd66612b61aa4e82ce3cde9272bbc,utilidades_domesticas,57,970,5,250,16,4,11
259df46ee92a13043ed24ebabb9534fe,moveis_decoracao,34,733,1,550,16,13,11
25a048d00b596eeac27424b4e897f07e,musica,50,364,2,100,24,11,16
25a1ad831f1181c48d8e3014510026b6,climatizacao,42,313,1,200,20,8,13
25a1c5b2e0ccbf703cb7b69ffebfaf38,ferramentas_jardim,39,1507,2,1100,20,20,20
25a1d9b4eeca995f38b898c7ab6288ef,utilidades_domesticas,57,321,3,617,17,14,15
25a1dc8e424d78921fdd4d787f355a23,beleza_saude,46,1527,1,1317,20,19,16
25a29533b41c5ea0f9f2b6848f7eb060,moveis_decoracao,40,1383,1,4800,40,25,40
25a2985f8f3f93ddf1c1d26847658dad,informatica_acessorios,57,334,1,300,16,10,11
25a600be07bdb3ee433243ba392924ea,moveis_decoracao,51,900,2,350,68,8,13
25a675783383c8e0aa707b7e9063c925,relogios_presentes,39,700,2,253,18,11,13
25a69adae1b354beb056d4b740e841cd,cama_mesa_banho,50,762,2,900,30,4,20
25a8dd7a35cec015294b2a0bc7ebdffd,bebes,60,362,3,200,25,10,25
25ad74f6f8a136a7b4672dd71fc068cb,bebes,41,815,1,1100,28,17,25
25b569d22d25020f8a5d52f8ad129b14,papelaria,41,308,2,300,25,10,19
25b5e375efa4812d72aa608b5379bc45,ferramentas_jardim,45,443,1,450,16,19,19
25b61c2d1c21066a588f702a6d2873c8,moveis_decoracao,57,456,5,800,35,8,25
25b6dee1ad3c218c030f73d5acac19cc,brinquedos,58,1222,9,1050,40,13,29
25bd33730dc67d9bcd87dc05dedfd2da,beleza_saude,43,1182,2,1350,42,11,12
25bd6053b3b5425cc4277b3c51641504,esporte_lazer,48,653,1,300,18,18,18
25bf7c5e5f9d008845212122805014e5,cama_mesa_banho,51,121,1,300,40,4,30
25c0a95a596a4dc18b5dbfe4529ec550,automotivo,42,872,1,954,22,20,22
25c38557cf793876c5abdd5931f922db,bebes,58,1447,5,15800,38,62,57
25c3eb54945e82e7c1dc8191a1ebb5f1,malas_acessorios,56,1538,4,19900,77,33,50
25c609f360a2c4de3b112e3fd9a16a24,automotivo,42,1660,3,3225,39,14,26
25c774ad0d618117638d514f121dc66f,fashion_bolsas_e_acessorios,29,101,1,200,16,3,15
